type,t_us,idx,ax,ay,az,gx,gy,gz,roll,pitch,yaw,temp,state,shank_deg,shank_rate_dps,acc_g,knee_rad,knee_vel,tau_g,tau_imp,tau_cmd,tau_fb,k,b,theta_eq,landing,flex_peak,shank_cross
IMU,4856777.0,1,0.2456,0.1157,0.9688,0.0,0.06,0.0,6.81,-14.22,32.15,26.9,,,,,,,,,,,,,,,,
IMU,4853704.0,2,0.1567,0.147,0.9785,0.0,0.06,0.0,8.59,-8.83,32.03,27.5,,,,,,,,,,,,,,,,
IMU,4856777.0,1,0.2456,0.1157,0.9688,0.0,0.06,0.0,6.81,-14.22,32.15,26.9,,,,,,,,,,,,,,,,
IMU,4853704.0,2,0.1567,0.147,0.9785,0.0,0.06,0.0,8.59,-8.83,32.03,27.5,,,,,,,,,,,,,,,,
IMU,4956971.0,1,0.248,0.1167,0.9658,0.0,-0.18,0.0,6.81,-14.22,32.15,26.8,,,,,,,,,,,,,,,,
IMU,4953617.0,2,0.1553,0.147,0.98,0.18,-0.12,0.0,8.59,-8.83,32.03,27.6,,,,,,,,,,,,,,,,
IMU,4956971.0,1,0.248,0.1167,0.9658,0.0,-0.18,0.0,6.81,-14.22,32.15,26.8,,,,,,,,,,,,,,,,
IMU,4953617.0,2,0.1553,0.147,0.98,0.18,-0.12,0.0,8.59,-8.83,32.03,27.6,,,,,,,,,,,,,,,,
IMU,4956971.0,1,0.248,0.1167,0.9658,0.0,-0.18,0.0,6.81,-14.22,32.15,26.8,,,,,,,,,,,,,,,,
IMU,5053456.0,2,0.1558,0.1455,0.9766,0.06,0.0,0.0,8.59,-8.83,32.03,27.6,,,,,,,,,,,,,,,,
IMU,5057184.0,1,0.248,0.1138,0.9688,0.0,-0.18,0.0,6.81,-14.21,32.15,26.7,,,,,,,,,,,,,,,,
IMU,5053456.0,2,0.1558,0.1455,0.9766,0.06,0.0,0.0,8.59,-8.83,32.03,27.6,,,,,,,,,,,,,,,,
IMU,5057184.0,1,0.248,0.1138,0.9688,0.0,-0.18,0.0,6.81,-14.21,32.15,26.7,,,,,,,,,,,,,,,,
IMU,5053456.0,2,0.1558,0.1455,0.9766,0.06,0.0,0.0,8.59,-8.83,32.03,27.6,,,,,,,,,,,,,,,,
IMU,5157288.0,1,0.2495,0.1172,0.9644,0.0,0.0,0.0,6.81,-14.22,32.15,26.8,,,,,,,,,,,,,,,,
IMU,5153430.0,2,0.1484,0.1465,0.9785,0.06,0.12,0.0,8.59,-8.83,32.03,27.7,,,,,,,,,,,,,,,,
IMU,5157288.0,1,0.2495,0.1172,0.9644,0.0,0.0,0.0,6.81,-14.22,32.15,26.8,,,,,,,,,,,,,,,,
IMU,5153430.0,2,0.1484,0.1465,0.9785,0.06,0.12,0.0,8.59,-8.83,32.03,27.7,,,,,,,,,,,,,,,,
IMU,5157288.0,1,0.2495,0.1172,0.9644,0.0,0.0,0.0,6.81,-14.22,32.15,26.8,,,,,,,,,,,,,,,,
IMU,5253326.0,2,0.1553,0.145,0.9785,0.12,0.0,0.0,8.59,-8.83,32.03,27.5,,,,,,,,,,,,,,,,
IMU,5257538.0,1,0.251,0.1147,0.9653,0.0,-0.18,0.0,6.81,-14.21,32.15,26.8,,,,,,,,,,,,,,,,
IMU,5253326.0,2,0.1553,0.145,0.9785,0.12,0.0,0.0,8.59,-8.83,32.03,27.5,,,,,,,,,,,,,,,,
IMU,5257538.0,1,0.251,0.1147,0.9653,0.0,-0.18,0.0,6.81,-14.21,32.15,26.8,,,,,,,,,,,,,,,,
IMU,5253326.0,2,0.1553,0.145,0.9785,0.12,0.0,0.0,8.59,-8.83,32.03,27.5,,,,,,,,,,,,,,,,
IMU,5357716.0,1,0.248,0.1172,0.9634,-0.12,0.0,0.0,6.81,-14.21,32.15,26.8,,,,,,,,,,,,,,,,
IMU,5353256.0,2,0.1538,0.145,0.979,0.06,0.31,0.0,8.59,-8.82,32.03,27.4,,,,,,,,,,,,,,,,
IMU,5357716.0,1,0.248,0.1172,0.9634,-0.12,0.0,0.0,6.81,-14.21,32.15,26.8,,,,,,,,,,,,,,,,
IMU,5353256.0,2,0.1538,0.145,0.979,0.06,0.31,0.0,8.59,-8.82,32.03,27.4,,,,,,,,,,,,,,,,
IMU,5357716.0,1,0.248,0.1172,0.9634,-0.12,0.0,0.0,6.81,-14.21,32.15,26.8,,,,,,,,,,,,,,,,
IMU,5453159.0,2,0.1572,0.1455,0.9756,0.12,-0.18,0.0,8.59,-8.83,32.03,27.6,,,,,,,,,,,,,,,,
IMU,5457926.0,1,0.2446,0.1157,0.9658,-0.06,-0.06,0.0,6.81,-14.22,32.15,26.8,,,,,,,,,,,,,,,,
IMU,5453159.0,2,0.1572,0.1455,0.9756,0.12,-0.18,0.0,8.59,-8.83,32.03,27.6,,,,,,,,,,,,,,,,
IMU,5457926.0,1,0.2446,0.1157,0.9658,-0.06,-0.06,0.0,6.81,-14.22,32.15,26.8,,,,,,,,,,,,,,,,
IMU,5453159.0,2,0.1572,0.1455,0.9756,0.12,-0.18,0.0,8.59,-8.83,32.03,27.6,,,,,,,,,,,,,,,,
IMU,5558107.0,1,0.2461,0.1152,0.9648,0.06,-0.06,0.0,6.81,-14.21,32.15,26.8,,,,,,,,,,,,,,,,
IMU,5553100.0,2,0.1543,0.1445,0.9775,0.06,-0.06,0.0,8.59,-8.82,32.03,27.7,,,,,,,,,,,,,,,,
IMU,5558107.0,1,0.2461,0.1152,0.9648,0.06,-0.06,0.0,6.81,-14.21,32.15,26.8,,,,,,,,,,,,,,,,
IMU,5553100.0,2,0.1543,0.1445,0.9775,0.06,-0.06,0.0,8.59,-8.82,32.03,27.7,,,,,,,,,,,,,,,,
IMU,5558107.0,1,0.2461,0.1152,0.9648,0.06,-0.06,0.0,6.81,-14.21,32.15,26.8,,,,,,,,,,,,,,,,
IMU,5653020.0,2,0.1523,0.1455,0.9805,0.06,0.12,0.0,8.59,-8.82,32.03,27.5,,,,,,,,,,,,,,,,
IMU,5658290.0,1,0.2446,0.1147,0.9673,0.0,0.12,0.0,6.81,-14.21,32.15,26.8,,,,,,,,,,,,,,,,
IMU,5653020.0,2,0.1523,0.1455,0.9805,0.06,0.12,0.0,8.59,-8.82,32.03,27.5,,,,,,,,,,,,,,,,
IMU,5658290.0,1,0.2446,0.1147,0.9673,0.0,0.12,0.0,6.81,-14.21,32.15,26.8,,,,,,,,,,,,,,,,
IMU,5653020.0,2,0.1523,0.1455,0.9805,0.06,0.12,0.0,8.59,-8.82,32.03,27.5,,,,,,,,,,,,,,,,
IMU,5758460.0,1,0.2446,0.1152,0.9678,-0.06,0.0,0.0,6.81,-14.22,32.15,26.9,,,,,,,,,,,,,,,,
IMU,5752922.0,2,0.1602,0.147,0.978,0.18,0.0,0.0,8.59,-8.83,32.03,27.4,,,,,,,,,,,,,,,,
IMU,5758460.0,1,0.2446,0.1152,0.9678,-0.06,0.0,0.0,6.81,-14.22,32.15,26.9,,,,,,,,,,,,,,,,
IMU,5752922.0,2,0.1602,0.147,0.978,0.18,0.0,0.0,8.59,-8.83,32.03,27.4,,,,,,,,,,,,,,,,
IMU,5758460.0,1,0.2446,0.1152,0.9678,-0.06,0.0,0.0,6.81,-14.22,32.15,26.9,,,,,,,,,,,,,,,,
IMU,5852858.0,2,0.1519,0.1465,0.9785,0.0,0.12,0.0,8.59,-8.83,32.03,27.6,,,,,,,,,,,,,,,,
IMU,5858610.0,1,0.248,0.1152,0.9663,0.0,0.0,0.0,6.81,-14.21,32.15,26.9,,,,,,,,,,,,,,,,
IMU,5852858.0,2,0.1519,0.1465,0.9785,0.0,0.12,0.0,8.59,-8.83,32.03,27.6,,,,,,,,,,,,,,,,
IMU,5858610.0,1,0.248,0.1152,0.9663,0.0,0.0,0.0,6.81,-14.21,32.15,26.9,,,,,,,,,,,,,,,,
IMU,5852858.0,2,0.1519,0.1465,0.9785,0.0,0.12,0.0,8.59,-8.83,32.03,27.6,,,,,,,,,,,,,,,,
IMU,5958859.0,1,0.2432,0.1157,0.9688,0.0,0.06,0.0,6.81,-14.22,32.15,26.9,,,,,,,,,,,,,,,,
IMU,5952758.0,2,0.1562,0.147,0.9814,0.18,0.0,0.0,8.59,-8.83,32.03,27.6,,,,,,,,,,,,,,,,
IMU,5958859.0,1,0.2432,0.1157,0.9688,0.0,0.06,0.0,6.81,-14.22,32.15,26.9,,,,,,,,,,,,,,,,
IMU,5952758.0,2,0.1562,0.147,0.9814,0.18,0.0,0.0,8.59,-8.83,32.03,27.6,,,,,,,,,,,,,,,,
IMU,5958859.0,1,0.2432,0.1157,0.9688,0.0,0.06,0.0,6.81,-14.22,32.15,26.9,,,,,,,,,,,,,,,,
IMU,6052716.0,2,0.1572,0.1436,0.9697,0.06,0.12,0.0,8.59,-8.83,32.03,27.6,,,,,,,,,,,,,,,,
IMU,6059060.0,1,0.25,0.1182,0.9609,0.0,0.06,0.0,6.81,-14.21,32.15,26.7,,,,,,,,,,,,,,,,
IMU,6052716.0,2,0.1572,0.1436,0.9697,0.06,0.12,0.0,8.59,-8.83,32.03,27.6,,,,,,,,,,,,,,,,
IMU,6059060.0,1,0.25,0.1182,0.9609,0.0,0.06,0.0,6.81,-14.21,32.15,26.7,,,,,,,,,,,,,,,,
IMU,6052716.0,2,0.1572,0.1436,0.9697,0.06,0.12,0.0,8.59,-8.83,32.03,27.6,,,,,,,,,,,,,,,,
IMU,6159234.0,1,0.248,0.1162,0.9639,0.0,0.06,0.0,6.81,-14.21,32.15,26.7,,,,,,,,,,,,,,,,
IMU,6152612.0,2,0.1523,0.145,0.978,0.0,0.31,0.0,8.59,-8.82,32.03,27.5,,,,,,,,,,,,,,,,
IMU,6159234.0,1,0.248,0.1162,0.9639,0.0,0.06,0.0,6.81,-14.21,32.15,26.7,,,,,,,,,,,,,,,,
IMU,6152612.0,2,0.1523,0.145,0.978,0.0,0.31,0.0,8.59,-8.82,32.03,27.5,,,,,,,,,,,,,,,,
IMU,6159234.0,1,0.248,0.1162,0.9639,0.0,0.06,0.0,6.81,-14.21,32.15,26.7,,,,,,,,,,,,,,,,
IMU,6252519.0,2,0.1528,0.1455,0.9785,0.12,0.06,0.0,8.59,-8.83,32.03,27.6,,,,,,,,,,,,,,,,
IMU,6259440.0,1,0.2485,0.1143,0.9668,-0.06,-0.06,0.0,6.81,-14.21,32.15,26.9,,,,,,,,,,,,,,,,
IMU,6252519.0,2,0.1528,0.1455,0.9785,0.12,0.06,0.0,8.59,-8.83,32.03,27.6,,,,,,,,,,,,,,,,
IMU,6259440.0,1,0.2485,0.1143,0.9668,-0.06,-0.06,0.0,6.81,-14.21,32.15,26.9,,,,,,,,,,,,,,,,
IMU,6252519.0,2,0.1528,0.1455,0.9785,0.12,0.06,0.0,8.59,-8.83,32.03,27.6,,,,,,,,,,,,,,,,
IMU,6359665.0,1,0.249,0.1157,0.9619,-0.06,-0.12,0.0,6.81,-14.21,32.15,26.9,,,,,,,,,,,,,,,,
IMU,6352458.0,2,0.1582,0.1445,0.9712,0.06,0.0,0.0,8.59,-8.83,32.03,27.6,,,,,,,,,,,,,,,,
IMU,6359665.0,1,0.249,0.1157,0.9619,-0.06,-0.12,0.0,6.81,-14.21,32.15,26.9,,,,,,,,,,,,,,,,
IMU,6352458.0,2,0.1582,0.1445,0.9712,0.06,0.0,0.0,8.59,-8.83,32.03,27.6,,,,,,,,,,,,,,,,
IMU,6359665.0,1,0.249,0.1157,0.9619,-0.06,-0.12,0.0,6.81,-14.21,32.15,26.9,,,,,,,,,,,,,,,,
IMU,6452395.0,2,0.1567,0.146,0.9756,0.06,0.12,0.0,8.59,-8.83,32.03,27.6,,,,,,,,,,,,,,,,
IMU,6459763.0,1,0.2515,0.1172,0.9619,0.0,0.0,0.0,6.81,-14.21,32.15,26.8,,,,,,,,,,,,,,,,
IMU,6452395.0,2,0.1567,0.146,0.9756,0.06,0.12,0.0,8.59,-8.83,32.03,27.6,,,,,,,,,,,,,,,,
IMU,6459763.0,1,0.2515,0.1172,0.9619,0.0,0.0,0.0,6.81,-14.21,32.15,26.8,,,,,,,,,,,,,,,,
IMU,6452395.0,2,0.1567,0.146,0.9756,0.06,0.12,0.0,8.59,-8.83,32.03,27.6,,,,,,,,,,,,,,,,
IMU,6560018.0,1,0.2451,0.1143,0.9653,0.06,0.06,0.0,6.81,-14.21,32.15,26.7,,,,,,,,,,,,,,,,
IMU,6552245.0,2,0.1504,0.144,0.9785,0.0,0.0,0.0,8.59,-8.83,32.03,27.5,,,,,,,,,,,,,,,,
IMU,6560018.0,1,0.2451,0.1143,0.9653,0.06,0.06,0.0,6.81,-14.21,32.15,26.7,,,,,,,,,,,,,,,,
IMU,6552245.0,2,0.1504,0.144,0.9785,0.0,0.0,0.0,8.59,-8.83,32.03,27.5,,,,,,,,,,,,,,,,
IMU,6560018.0,1,0.2451,0.1143,0.9653,0.06,0.06,0.0,6.81,-14.21,32.15,26.7,,,,,,,,,,,,,,,,
IMU,6652205.0,2,0.1567,0.1436,0.9761,0.06,0.0,0.0,8.59,-8.83,32.03,27.8,,,,,,,,,,,,,,,,
IMU,6660239.0,1,0.248,0.1172,0.9639,0.0,-0.06,0.0,6.81,-14.21,32.15,26.8,,,,,,,,,,,,,,,,
IMU,6652205.0,2,0.1567,0.1436,0.9761,0.06,0.0,0.0,8.59,-8.83,32.03,27.8,,,,,,,,,,,,,,,,
IMU,6660239.0,1,0.248,0.1172,0.9639,0.0,-0.06,0.0,6.81,-14.21,32.15,26.8,,,,,,,,,,,,,,,,
IMU,6652205.0,2,0.1567,0.1436,0.9761,0.06,0.0,0.0,8.59,-8.83,32.03,27.8,,,,,,,,,,,,,,,,
IMU,6760424.0,1,0.2461,0.1138,0.9707,0.0,-0.06,0.0,6.81,-14.21,32.15,26.8,,,,,,,,,,,,,,,,
IMU,6752146.0,2,0.1538,0.145,0.9839,0.12,0.12,0.0,8.58,-8.82,32.03,27.7,,,,,,,,,,,,,,,,
IMU,6760424.0,1,0.2461,0.1138,0.9707,0.0,-0.06,0.0,6.81,-14.21,32.15,26.8,,,,,,,,,,,,,,,,
IMU,6752146.0,2,0.1538,0.145,0.9839,0.12,0.12,0.0,8.58,-8.82,32.03,27.7,,,,,,,,,,,,,,,,
IMU,6760424.0,1,0.2461,0.1138,0.9707,0.0,-0.06,0.0,6.81,-14.21,32.15,26.8,,,,,,,,,,,,,,,,
IMU,6852091.0,2,0.1528,0.1455,0.9766,0.12,0.18,0.0,8.59,-8.82,32.03,27.6,,,,,,,,,,,,,,,,
IMU,6860642.0,1,0.2441,0.1133,0.9668,-0.06,-0.12,0.0,6.81,-14.21,32.15,26.7,,,,,,,,,,,,,,,,
IMU,6852091.0,2,0.1528,0.1455,0.9766,0.12,0.18,0.0,8.59,-8.82,32.03,27.6,,,,,,,,,,,,,,,,
IMU,6860642.0,1,0.2441,0.1133,0.9668,-0.06,-0.12,0.0,6.81,-14.21,32.15,26.7,,,,,,,,,,,,,,,,
IMU,6852091.0,2,0.1528,0.1455,0.9766,0.12,0.18,0.0,8.59,-8.82,32.03,27.6,,,,,,,,,,,,,,,,
IMU,6960796.0,1,0.249,0.1143,0.9604,-0.06,0.0,0.0,6.82,-14.22,32.15,26.6,,,,,,,,,,,,,,,,
IMU,6952006.0,2,0.1572,0.1411,0.9702,0.24,-0.12,0.0,8.6,-8.84,32.03,27.5,,,,,,,,,,,,,,,,
IMU,6960796.0,1,0.249,0.1143,0.9604,-0.06,0.0,0.0,6.82,-14.22,32.15,26.6,,,,,,,,,,,,,,,,
IMU,6952006.0,2,0.1572,0.1411,0.9702,0.24,-0.12,0.0,8.6,-8.84,32.03,27.5,,,,,,,,,,,,,,,,
IMU,6960796.0,1,0.249,0.1143,0.9604,-0.06,0.0,0.0,6.82,-14.22,32.15,26.6,,,,,,,,,,,,,,,,
IMU,7051918.0,2,0.1543,0.147,0.9858,0.43,-0.24,0.0,8.61,-8.83,32.03,27.6,,,,,,,,,,,,,,,,
IMU,7060979.0,1,0.252,0.1157,0.9751,0.49,0.55,0.0,6.83,-14.23,32.15,26.8,,,,,,,,,,,,,,,,
IMU,7051918.0,2,0.1543,0.147,0.9858,0.43,-0.24,0.0,8.61,-8.83,32.03,27.6,,,,,,,,,,,,,,,,
IMU,7060979.0,1,0.252,0.1157,0.9751,0.49,0.55,0.0,6.83,-14.23,32.15,26.8,,,,,,,,,,,,,,,,
IMU,7051918.0,2,0.1543,0.147,0.9858,0.43,-0.24,0.0,8.61,-8.83,32.03,27.6,,,,,,,,,,,,,,,,
IMU,7161162.0,1,0.2466,0.1113,0.9692,0.0,0.24,0.0,6.83,-14.22,32.15,26.9,,,,,,,,,,,,,,,,
IMU,7151866.0,2,0.1572,0.1479,0.9805,0.06,-0.18,0.0,8.61,-8.83,32.03,27.5,,,,,,,,,,,,,,,,
IMU,7161162.0,1,0.2466,0.1113,0.9692,0.0,0.24,0.0,6.83,-14.22,32.15,26.9,,,,,,,,,,,,,,,,
IMU,7151866.0,2,0.1572,0.1479,0.9805,0.06,-0.18,0.0,8.61,-8.83,32.03,27.5,,,,,,,,,,,,,,,,
IMU,7161162.0,1,0.2466,0.1113,0.9692,0.0,0.24,0.0,6.83,-14.22,32.15,26.9,,,,,,,,,,,,,,,,
IMU,7251774.0,2,0.1597,0.1465,0.978,0.49,0.0,0.0,8.62,-8.83,32.03,27.7,,,,,,,,,,,,,,,,
IMU,7261365.0,1,0.251,0.1162,0.9727,-0.18,-0.31,0.0,6.83,-14.23,32.15,26.7,,,,,,,,,,,,,,,,
IMU,7251774.0,2,0.1597,0.1465,0.978,0.49,0.0,0.0,8.62,-8.83,32.03,27.7,,,,,,,,,,,,,,,,
IMU,7261365.0,1,0.251,0.1162,0.9727,-0.18,-0.31,0.0,6.83,-14.23,32.15,26.7,,,,,,,,,,,,,,,,
IMU,7251774.0,2,0.1597,0.1465,0.978,0.49,0.0,0.0,8.62,-8.83,32.03,27.7,,,,,,,,,,,,,,,,
IMU,7361530.0,1,0.2432,0.1167,0.9644,0.0,-0.49,0.0,6.83,-14.22,32.15,26.8,,,,,,,,,,,,,,,,
IMU,7351695.0,2,0.1514,0.147,0.9731,0.18,-0.37,0.0,8.61,-8.83,32.03,27.6,,,,,,,,,,,,,,,,
IMU,7361530.0,1,0.2432,0.1167,0.9644,0.0,-0.49,0.0,6.83,-14.22,32.15,26.8,,,,,,,,,,,,,,,,
IMU,7351695.0,2,0.1514,0.147,0.9731,0.18,-0.37,0.0,8.61,-8.83,32.03,27.6,,,,,,,,,,,,,,,,
IMU,7361530.0,1,0.2432,0.1167,0.9644,0.0,-0.49,0.0,6.83,-14.22,32.15,26.8,,,,,,,,,,,,,,,,
IMU,7451673.0,2,0.1558,0.144,0.9712,0.0,0.06,0.0,8.62,-8.83,32.03,27.5,,,,,,,,,,,,,,,,
IMU,7461755.0,1,0.248,0.1152,0.9609,-0.12,-0.18,0.0,6.83,-14.22,32.15,26.7,,,,,,,,,,,,,,,,
IMU,7451673.0,2,0.1558,0.144,0.9712,0.0,0.06,0.0,8.62,-8.83,32.03,27.5,,,,,,,,,,,,,,,,
IMU,7461755.0,1,0.248,0.1152,0.9609,-0.12,-0.18,0.0,6.83,-14.22,32.15,26.7,,,,,,,,,,,,,,,,
IMU,7451673.0,2,0.1558,0.144,0.9712,0.0,0.06,0.0,8.62,-8.83,32.03,27.5,,,,,,,,,,,,,,,,
IMU,7561905.0,1,0.2466,0.1177,0.9619,0.06,0.0,0.0,6.83,-14.22,32.15,26.6,,,,,,,,,,,,,,,,
IMU,7551554.0,2,0.1548,0.146,0.9736,0.0,-0.18,0.0,8.62,-8.83,32.03,27.6,,,,,,,,,,,,,,,,
IMU,7561905.0,1,0.2466,0.1177,0.9619,0.06,0.0,0.0,6.83,-14.22,32.15,26.6,,,,,,,,,,,,,,,,
IMU,7551554.0,2,0.1548,0.146,0.9736,0.0,-0.18,0.0,8.62,-8.83,32.03,27.6,,,,,,,,,,,,,,,,
IMU,7561905.0,1,0.2466,0.1177,0.9619,0.06,0.0,0.0,6.83,-14.22,32.15,26.6,,,,,,,,,,,,,,,,
IMU,7651493.0,2,0.1523,0.1431,0.9771,0.06,0.18,0.0,8.62,-8.83,32.03,27.5,,,,,,,,,,,,,,,,
IMU,7662032.0,1,0.2495,0.1162,0.9653,0.0,0.0,0.0,6.83,-14.22,32.15,26.7,,,,,,,,,,,,,,,,
IMU,7651493.0,2,0.1523,0.1431,0.9771,0.06,0.18,0.0,8.62,-8.83,32.03,27.5,,,,,,,,,,,,,,,,
IMU,7662032.0,1,0.2495,0.1162,0.9653,0.0,0.0,0.0,6.83,-14.22,32.15,26.7,,,,,,,,,,,,,,,,
IMU,7651493.0,2,0.1523,0.1431,0.9771,0.06,0.18,0.0,8.62,-8.83,32.03,27.5,,,,,,,,,,,,,,,,
IMU,7762286.0,1,0.2417,0.1221,0.9443,-0.31,-0.85,0.06,6.84,-14.27,32.15,26.7,,,,,,,,,,,,,,,,
IMU,7751413.0,2,0.1636,0.1411,0.9648,0.0,-0.98,-0.18,8.63,-8.88,32.03,27.6,,,,,,,,,,,,,,,,
IMU,7762286.0,1,0.2417,0.1221,0.9443,-0.31,-0.85,0.06,6.84,-14.27,32.15,26.7,,,,,,,,,,,,,,,,
IMU,7751413.0,2,0.1636,0.1411,0.9648,0.0,-0.98,-0.18,8.63,-8.88,32.03,27.6,,,,,,,,,,,,,,,,
IMU,7762286.0,1,0.2417,0.1221,0.9443,-0.31,-0.85,0.06,6.84,-14.27,32.15,26.7,,,,,,,,,,,,,,,,
IMU,7851342.0,2,0.166,0.1685,0.9785,-0.61,6.04,0.49,8.55,-8.68,32.0,27.6,,,,,,,,,,,,,,,,
IMU,7862478.0,1,0.2275,0.0884,1.0176,-2.99,11.17,-0.73,6.77,-14.08,32.16,26.7,,,,,,,,,,,,,,,,
IMU,7851342.0,2,0.166,0.1685,0.9785,-0.61,6.04,0.49,8.55,-8.68,32.0,27.6,,,,,,,,,,,,,,,,
IMU,7862478.0,1,0.2275,0.0884,1.0176,-2.99,11.17,-0.73,6.77,-14.08,32.16,26.7,,,,,,,,,,,,,,,,
IMU,7851342.0,2,0.166,0.1685,0.9785,-0.61,6.04,0.49,8.55,-8.68,32.0,27.6,,,,,,,,,,,,,,,,
IMU,7962650.0,1,0.1919,0.1201,0.9902,2.56,-0.12,3.11,6.4,-12.46,32.45,26.8,,,,,,,,,,,,,,,,
IMU,7951263.0,2,0.1328,0.1772,0.9854,-5.43,5.98,3.6,7.9,-7.17,32.29,27.5,,,,,,,,,,,,,,,,
IMU,7962650.0,1,0.1919,0.1201,0.9902,2.56,-0.12,3.11,6.4,-12.46,32.45,26.8,,,,,,,,,,,,,,,,
IMU,7951263.0,2,0.1328,0.1772,0.9854,-5.43,5.98,3.6,7.9,-7.17,32.29,27.5,,,,,,,,,,,,,,,,
IMU,7962650.0,1,0.1919,0.1201,0.9902,2.56,-0.12,3.11,6.4,-12.46,32.45,26.8,,,,,,,,,,,,,,,,
IMU,8051185.0,2,0.1504,0.126,0.9658,4.58,-17.21,0.49,8.28,-8.2,32.57,27.6,,,,,,,,,,,,,,,,
IMU,8062836.0,1,0.2378,0.1431,0.9746,4.7,-13.61,-0.85,6.73,-13.86,32.67,26.9,,,,,,,,,,,,,,,,
IMU,8051185.0,2,0.1504,0.126,0.9658,4.58,-17.21,0.49,8.28,-8.2,32.57,27.6,,,,,,,,,,,,,,,,
IMU,8062836.0,1,0.2378,0.1431,0.9746,4.7,-13.61,-0.85,6.73,-13.86,32.67,26.9,,,,,,,,,,,,,,,,
IMU,8051185.0,2,0.1504,0.126,0.9658,4.58,-17.21,0.49,8.28,-8.2,32.57,27.6,,,,,,,,,,,,,,,,
IMU,8163032.0,1,0.21,0.0874,0.9849,-7.69,28.87,-2.69,6.25,-11.99,32.73,26.9,,,,,,,,,,,,,,,,
IMU,8151112.0,2,0.1372,0.1157,1.002,-8.54,28.02,-2.2,7.67,-6.88,32.57,27.6,,,,,,,,,,,,,,,,
IMU,8163032.0,1,0.21,0.0874,0.9849,-7.69,28.87,-2.69,6.25,-11.99,32.73,26.9,,,,,,,,,,,,,,,,
IMU,8151112.0,2,0.1372,0.1157,1.002,-8.54,28.02,-2.2,7.67,-6.88,32.57,27.6,,,,,,,,,,,,,,,,
IMU,8163032.0,1,0.21,0.0874,0.9849,-7.69,28.87,-2.69,6.25,-11.99,32.73,26.9,,,,,,,,,,,,,,,,
IMU,8251030.0,2,0.0674,0.1011,1.0166,0.79,-10.44,-1.59,7.49,-6.1,32.27,27.6,,,,,,,,,,,,,,,,
IMU,8263186.0,1,0.186,0.1235,0.9775,4.15,-12.45,0.0,6.13,-11.55,32.38,26.8,,,,,,,,,,,,,,,,
IMU,8251030.0,2,0.0674,0.1011,1.0166,0.79,-10.44,-1.59,7.49,-6.1,32.27,27.6,,,,,,,,,,,,,,,,
IMU,8263186.0,1,0.186,0.1235,0.9775,4.15,-12.45,0.0,6.13,-11.55,32.38,26.8,,,,,,,,,,,,,,,,
IMU,8251030.0,2,0.0674,0.1011,1.0166,0.79,-10.44,-1.59,7.49,-6.1,32.27,27.6,,,,,,,,,,,,,,,,
IMU,8363395.0,1,0.2227,0.1572,0.9736,2.14,-1.77,-0.92,6.54,-12.41,32.24,26.8,,,,,,,,,,,,,,,,
IMU,8350914.0,2,0.1353,0.1499,0.9795,-0.43,-5.43,0.0,7.39,-7.12,32.1,27.5,,,,,,,,,,,,,,,,
IMU,8363395.0,1,0.2227,0.1572,0.9736,2.14,-1.77,-0.92,6.54,-12.41,32.24,26.8,,,,,,,,,,,,,,,,
IMU,8350914.0,2,0.1353,0.1499,0.9795,-0.43,-5.43,0.0,7.39,-7.12,32.1,27.5,,,,,,,,,,,,,,,,
IMU,8363395.0,1,0.2227,0.1572,0.9736,2.14,-1.77,-0.92,6.54,-12.41,32.24,26.8,,,,,,,,,,,,,,,,
IMU,8450874.0,2,0.1279,0.1055,0.9941,-10.13,3.78,-4.03,6.68,-7.06,31.83,27.7,,,,,,,,,,,,,,,,
IMU,8463616.0,1,0.23,0.1289,0.959,-0.18,12.27,-3.91,6.69,-11.84,31.97,26.9,,,,,,,,,,,,,,,,
IMU,8450874.0,2,0.1279,0.1055,0.9941,-10.13,3.78,-4.03,6.68,-7.06,31.83,27.7,,,,,,,,,,,,,,,,
IMU,8463616.0,1,0.23,0.1289,0.959,-0.18,12.27,-3.91,6.69,-11.84,31.97,26.9,,,,,,,,,,,,,,,,
IMU,8450874.0,2,0.1279,0.1055,0.9941,-10.13,3.78,-4.03,6.68,-7.06,31.83,27.7,,,,,,,,,,,,,,,,
IMU,8563791.0,1,0.292,0.1694,1.0908,-9.52,24.66,1.77,6.34,-10.18,31.86,26.8,,,,,,,,,,,,,,,,
IMU,8550777.0,2,0.1343,0.1362,1.0054,-14.34,14.71,2.14,5.53,-5.98,31.7,27.5,,,,,,,,,,,,,,,,
IMU,8563791.0,1,0.292,0.1694,1.0908,-9.52,24.66,1.77,6.34,-10.18,31.86,26.8,,,,,,,,,,,,,,,,
IMU,8550777.0,2,0.1343,0.1362,1.0054,-14.34,14.71,2.14,5.53,-5.98,31.7,27.5,,,,,,,,,,,,,,,,
IMU,8563791.0,1,0.292,0.1694,1.0908,-9.52,24.66,1.77,6.34,-10.18,31.86,26.8,,,,,,,,,,,,,,,,
IMU,8650685.0,2,0.0679,0.0698,1.0303,-37.23,12.33,11.17,2.89,-3.87,32.81,27.5,,,,,,,,,,,,,,,,
IMU,8663989.0,1,0.2246,0.0889,1.1636,-44.49,9.22,16.17,3.69,-7.63,32.92,26.9,,,,,,,,,,,,,,,,
IMU,8650685.0,2,0.0679,0.0698,1.0303,-37.23,12.33,11.17,2.89,-3.87,32.81,27.5,,,,,,,,,,,,,,,,
IMU,8663989.0,1,0.2246,0.0889,1.1636,-44.49,9.22,16.17,3.69,-7.63,32.92,26.9,,,,,,,,,,,,,,,,
IMU,8650685.0,2,0.0679,0.0698,1.0303,-37.23,12.33,11.17,2.89,-3.87,32.81,27.5,,,,,,,,,,,,,,,,
IMU,8764171.0,1,0.2383,-0.0034,1.1602,-80.69,-31.49,34.97,-2.61,-9.14,35.71,26.8,,,,,,,,,,,,,,,,
IMU,8750594.0,2,0.1045,-0.0454,1.106,-68.6,-39.98,23.07,-2.38,-5.71,34.87,27.6,,,,,,,,,,,,,,,,
IMU,8764171.0,1,0.2383,-0.0034,1.1602,-80.69,-31.49,34.97,-2.61,-9.14,35.71,26.8,,,,,,,,,,,,,,,,
IMU,8750594.0,2,0.1045,-0.0454,1.106,-68.6,-39.98,23.07,-2.38,-5.71,34.87,27.6,,,,,,,,,,,,,,,,
IMU,8764171.0,1,0.2383,-0.0034,1.1602,-80.69,-31.49,34.97,-2.61,-9.14,35.71,26.8,,,,,,,,,,,,,,,,
IMU,8850515.0,2,0.1875,-0.1763,1.0181,-75.26,-44.25,33.75,-9.99,-10.44,38.55,27.5,,,,,,,,,,,,,,,,
IMU,8864363.0,1,0.2256,-0.1782,0.9746,-79.41,-31.37,39.55,-11.01,-12.48,40.19,26.8,,,,,,,,,,,,,,,,
IMU,8850515.0,2,0.1875,-0.1763,1.0181,-75.26,-44.25,33.75,-9.99,-10.44,38.55,27.5,,,,,,,,,,,,,,,,
IMU,8864363.0,1,0.2256,-0.1782,0.9746,-79.41,-31.37,39.55,-11.01,-12.48,40.19,26.8,,,,,,,,,,,,,,,,
IMU,8850515.0,2,0.1875,-0.1763,1.0181,-75.26,-44.25,33.75,-9.99,-10.44,38.55,27.5,,,,,,,,,,,,,,,,
IMU,8964588.0,1,0.2041,-0.2373,0.6992,-58.96,-44.25,51.57,-19.37,-15.56,46.83,26.8,,,,,,,,,,,,,,,,
IMU,8950458.0,2,0.3027,-0.2764,0.7759,-67.2,-73.12,50.72,-18.28,-14.8,44.51,27.7,,,,,,,,,,,,,,,,
IMU,8964588.0,1,0.2041,-0.2373,0.6992,-58.96,-44.25,51.57,-19.37,-15.56,46.83,26.8,,,,,,,,,,,,,,,,
IMU,8950458.0,2,0.3027,-0.2764,0.7759,-67.2,-73.12,50.72,-18.28,-14.8,44.51,27.7,,,,,,,,,,,,,,,,
IMU,8964588.0,1,0.2041,-0.2373,0.6992,-58.96,-44.25,51.57,-19.37,-15.56,46.83,26.8,,,,,,,,,,,,,,,,
IMU,9050381.0,2,0.2588,-0.3398,0.7383,-57.31,-29.42,39.31,-25.31,-16.28,49.63,27.4,,,,,,,,,,,,,,,,
IMU,9064799.0,1,0.1953,-0.3716,0.6738,-45.41,-28.26,55.18,-25.54,-15.26,51.56,27.0,,,,,,,,,,,,,,,,
IMU,9050381.0,2,0.2588,-0.3398,0.7383,-57.31,-29.42,39.31,-25.31,-16.28,49.63,27.4,,,,,,,,,,,,,,,,
IMU,9064799.0,1,0.1953,-0.3716,0.6738,-45.41,-28.26,55.18,-25.54,-15.26,51.56,27.0,,,,,,,,,,,,,,,,
IMU,9050381.0,2,0.2588,-0.3398,0.7383,-57.31,-29.42,39.31,-25.31,-16.28,49.63,27.4,,,,,,,,,,,,,,,,
IMU,9164985.0,1,0.2656,-0.5059,0.7666,-29.72,10.13,42.97,-30.18,-14.02,55.77,26.8,,,,,,,,,,,,,,,,
IMU,9150310.0,2,0.2573,-0.4946,0.7637,-36.32,4.33,39.73,-30.58,-16.47,54.39,27.5,,,,,,,,,,,,,,,,
IMU,9164985.0,1,0.2656,-0.5059,0.7666,-29.72,10.13,42.97,-30.18,-14.02,55.77,26.8,,,,,,,,,,,,,,,,
IMU,9150310.0,2,0.2573,-0.4946,0.7637,-36.32,4.33,39.73,-30.58,-16.47,54.39,27.5,,,,,,,,,,,,,,,,
IMU,9164985.0,1,0.2656,-0.5059,0.7666,-29.72,10.13,42.97,-30.18,-14.02,55.77,26.8,,,,,,,,,,,,,,,,
IMU,9250232.0,2,0.1909,-0.623,0.8491,-33.08,10.68,32.9,-34.48,-14.58,58.21,27.6,,,,,,,,,,,,,,,,
IMU,9265178.0,1,0.0981,-0.5923,0.8931,-40.34,9.58,27.28,-34.12,-11.5,58.91,26.7,,,,,,,,,,,,,,,,
IMU,9250232.0,2,0.1909,-0.623,0.8491,-33.08,10.68,32.9,-34.48,-14.58,58.21,27.6,,,,,,,,,,,,,,,,
IMU,9265178.0,1,0.0981,-0.5923,0.8931,-40.34,9.58,27.28,-34.12,-11.5,58.91,26.7,,,,,,,,,,,,,,,,
IMU,9250232.0,2,0.1909,-0.623,0.8491,-33.08,10.68,32.9,-34.48,-14.58,58.21,27.6,,,,,,,,,,,,,,,,
IMU,9365372.0,1,0.0962,-0.5977,0.791,-63.35,-29.24,33.57,-39.92,-12.62,64.22,26.9,,,,,,,,,,,,,,,,
IMU,9350155.0,2,0.168,-0.6558,0.6743,-45.84,-48.58,26.49,-39.6,-16.13,63.15,27.6,,,,,,,,,,,,,,,,
IMU,9365372.0,1,0.0962,-0.5977,0.791,-63.35,-29.24,33.57,-39.92,-12.62,64.22,26.9,,,,,,,,,,,,,,,,
IMU,9350155.0,2,0.168,-0.6558,0.6743,-45.84,-48.58,26.49,-39.6,-16.13,63.15,27.6,,,,,,,,,,,,,,,,
IMU,9365372.0,1,0.0962,-0.5977,0.791,-63.35,-29.24,33.57,-39.92,-12.62,64.22,26.9,,,,,,,,,,,,,,,,
IMU,9450085.0,2,0.2158,-0.7324,0.6816,-52.06,-29.42,27.34,-45.8,-16.7,67.93,27.6,,,,,,,,,,,,,,,,
IMU,9465590.0,1,0.1509,-0.731,0.6875,-59.27,-10.25,29.05,-46.26,-11.96,68.3,26.8,,,,,,,,,,,,,,,,
IMU,9450085.0,2,0.2158,-0.7324,0.6816,-52.06,-29.42,27.34,-45.8,-16.7,67.93,27.6,,,,,,,,,,,,,,,,
IMU,9465590.0,1,0.1509,-0.731,0.6875,-59.27,-10.25,29.05,-46.26,-11.96,68.3,26.8,,,,,,,,,,,,,,,,
IMU,9450085.0,2,0.2158,-0.7324,0.6816,-52.06,-29.42,27.34,-45.8,-16.7,67.93,27.6,,,,,,,,,,,,,,,,
IMU,9565750.0,1,0.144,-0.7847,0.5151,-52.06,-33.63,22.71,-51.95,-11.33,71.72,26.9,,,,,,,,,,,,,,,,
IMU,9550029.0,2,0.2573,-0.7798,0.5078,-44.13,-41.69,19.41,-51.87,-16.7,71.74,27.6,,,,,,,,,,,,,,,,
IMU,9565750.0,1,0.144,-0.7847,0.5151,-52.06,-33.63,22.71,-51.95,-11.33,71.72,26.9,,,,,,,,,,,,,,,,
IMU,9550029.0,2,0.2573,-0.7798,0.5078,-44.13,-41.69,19.41,-51.87,-16.7,71.74,27.6,,,,,,,,,,,,,,,,
IMU,9565750.0,1,0.144,-0.7847,0.5151,-52.06,-33.63,22.71,-51.95,-11.33,71.72,26.9,,,,,,,,,,,,,,,,
IMU,9649932.0,2,0.2202,-0.8223,0.4219,-16.91,-13.67,13.98,-56.22,-17.23,75.94,27.8,,,,,,,,,,,,,,,,
IMU,9665941.0,1,0.0991,-0.8296,0.3735,-16.78,0.0,13.12,-55.85,-11.09,75.04,27.0,,,,,,,,,,,,,,,,
IMU,9649932.0,2,0.2202,-0.8223,0.4219,-16.91,-13.67,13.98,-56.22,-17.23,75.94,27.8,,,,,,,,,,,,,,,,
IMU,9665941.0,1,0.0991,-0.8296,0.3735,-16.78,0.0,13.12,-55.85,-11.09,75.04,27.0,,,,,,,,,,,,,,,,
IMU,9649932.0,2,0.2202,-0.8223,0.4219,-16.91,-13.67,13.98,-56.22,-17.23,75.94,27.8,,,,,,,,,,,,,,,,
IMU,9766137.0,1,0.1162,-0.8823,0.542,-16.78,-18.74,-5.74,-57.17,-10.73,75.61,26.9,,,,,,,,,,,,,,,,
IMU,9749864.0,2,0.2129,-0.895,0.46,-8.91,-17.76,-1.22,-57.3,-16.72,76.72,27.6,,,,,,,,,,,,,,,,
IMU,9766137.0,1,0.1162,-0.8823,0.542,-16.78,-18.74,-5.74,-57.17,-10.73,75.61,26.9,,,,,,,,,,,,,,,,
IMU,9749864.0,2,0.2129,-0.895,0.46,-8.91,-17.76,-1.22,-57.3,-16.72,76.72,27.6,,,,,,,,,,,,,,,,
IMU,9766137.0,1,0.1162,-0.8823,0.542,-16.78,-18.74,-5.74,-57.17,-10.73,75.61,26.9,,,,,,,,,,,,,,,,
IMU,9849803.0,2,0.3179,-0.8506,0.4106,-11.96,-21.73,1.04,-59.02,-17.95,78.71,27.6,,,,,,,,,,,,,,,,
IMU,9866331.0,1,0.1689,-0.873,0.4336,-15.01,-14.89,-0.37,-59.27,-11.56,77.62,26.8,,,,,,,,,,,,,,,,
IMU,9849803.0,2,0.3179,-0.8506,0.4106,-11.96,-21.73,1.04,-59.02,-17.95,78.71,27.6,,,,,,,,,,,,,,,,
IMU,9866331.0,1,0.1689,-0.873,0.4336,-15.01,-14.89,-0.37,-59.27,-11.56,77.62,26.8,,,,,,,,,,,,,,,,
IMU,9849803.0,2,0.3179,-0.8506,0.4106,-11.96,-21.73,1.04,-59.02,-17.95,78.71,27.6,,,,,,,,,,,,,,,,
IMU,9966532.0,1,0.2515,-0.876,0.4409,-18.13,-10.8,9.58,-61.17,-12.08,79.29,26.8,,,,,,,,,,,,,,,,
IMU,9949726.0,2,0.3271,-0.8545,0.3628,-10.01,-20.75,7.08,-60.96,-18.75,80.44,27.7,,,,,,,,,,,,,,,,
IMU,9966532.0,1,0.2515,-0.876,0.4409,-18.13,-10.8,9.58,-61.17,-12.08,79.29,26.8,,,,,,,,,,,,,,,,
IMU,9949726.0,2,0.3271,-0.8545,0.3628,-10.01,-20.75,7.08,-60.96,-18.75,80.44,27.7,,,,,,,,,,,,,,,,
IMU,9966532.0,1,0.2515,-0.876,0.4409,-18.13,-10.8,9.58,-61.17,-12.08,79.29,26.8,,,,,,,,,,,,,,,,
IMU,10049664.0,2,0.272,-0.8955,0.4351,-16.72,8.0,9.28,-62.83,-18.19,81.28,27.6,,,,,,,,,,,,,,,,
IMU,10066732.0,1,0.186,-0.9253,0.4707,-27.47,10.13,10.25,-63.26,-11.16,79.38,26.7,,,,,,,,,,,,,,,,
IMU,10049664.0,2,0.272,-0.8955,0.4351,-16.72,8.0,9.28,-62.83,-18.19,81.28,27.6,,,,,,,,,,,,,,,,
IMU,10066732.0,1,0.186,-0.9253,0.4707,-27.47,10.13,10.25,-63.26,-11.16,79.38,26.7,,,,,,,,,,,,,,,,
IMU,10049664.0,2,0.272,-0.8955,0.4351,-16.72,8.0,9.28,-62.83,-18.19,81.28,27.6,,,,,,,,,,,,,,,,
IMU,10166914.0,1,0.186,-0.9004,0.3594,-19.35,8.91,7.63,-65.59,-10.32,80.04,26.8,,,,,,,,,,,,,,,,
IMU,10149593.0,2,0.2378,-0.915,0.3931,-24.66,-3.36,7.08,-65.49,-17.28,82.26,27.7,,,,,,,,,,,,,,,,
IMU,10166914.0,1,0.186,-0.9004,0.3594,-19.35,8.91,7.63,-65.59,-10.32,80.04,26.8,,,,,,,,,,,,,,,,
IMU,10149593.0,2,0.2378,-0.915,0.3931,-24.66,-3.36,7.08,-65.49,-17.28,82.26,27.7,,,,,,,,,,,,,,,,
IMU,10166914.0,1,0.186,-0.9004,0.3594,-19.35,8.91,7.63,-65.59,-10.32,80.04,26.8,,,,,,,,,,,,,,,,
IMU,10249515.0,2,0.2915,-0.9468,0.356,-8.06,24.29,14.83,-66.81,-15.29,81.47,27.6,,,,,,,,,,,,,,,,
IMU,10267116.0,1,0.0654,-0.9619,0.4453,-13.06,30.88,7.75,-66.64,-7.87,78.74,27.0,,,,,,,,,,,,,,,,
IMU,10249515.0,2,0.2915,-0.9468,0.356,-8.06,24.29,14.83,-66.81,-15.29,81.47,27.6,,,,,,,,,,,,,,,,
IMU,10267116.0,1,0.0654,-0.9619,0.4453,-13.06,30.88,7.75,-66.64,-7.87,78.74,27.0,,,,,,,,,,,,,,,,
IMU,10249515.0,2,0.2915,-0.9468,0.356,-8.06,24.29,14.83,-66.81,-15.29,81.47,27.6,,,,,,,,,,,,,,,,
IMU,10367290.0,1,0.1328,-0.894,0.397,-25.88,-36.38,19.47,-68.18,-7.19,79.48,26.8,,,,,,,,,,,,,,,,
IMU,10349440.0,2,0.228,-0.8999,0.2373,-4.58,-36.38,14.59,-68.18,-14.44,81.25,27.7,,,,,,,,,,,,,,,,
IMU,10367290.0,1,0.1328,-0.894,0.397,-25.88,-36.38,19.47,-68.18,-7.19,79.48,26.8,,,,,,,,,,,,,,,,
IMU,10349440.0,2,0.228,-0.8999,0.2373,-4.58,-36.38,14.59,-68.18,-14.44,81.25,27.7,,,,,,,,,,,,,,,,
IMU,10367290.0,1,0.1328,-0.894,0.397,-25.88,-36.38,19.47,-68.18,-7.19,79.48,26.8,,,,,,,,,,,,,,,,
IMU,10449373.0,2,0.2109,-0.9141,0.2905,-8.91,2.87,12.21,-70.09,-14.09,84.11,27.5,,,,,,,,,,,,,,,,
IMU,10467496.0,1,0.0571,-0.9478,0.311,-19.65,21.91,11.54,-70.29,-6.38,81.12,26.8,,,,,,,,,,,,,,,,
IMU,10449373.0,2,0.2109,-0.9141,0.2905,-8.91,2.87,12.21,-70.09,-14.09,84.11,27.5,,,,,,,,,,,,,,,,
IMU,10467496.0,1,0.0571,-0.9478,0.311,-19.65,21.91,11.54,-70.29,-6.38,81.12,26.8,,,,,,,,,,,,,,,,
IMU,10449373.0,2,0.2109,-0.9141,0.2905,-8.91,2.87,12.21,-70.09,-14.09,84.11,27.5,,,,,,,,,,,,,,,,
IMU,10567680.0,1,0.0737,-0.9326,0.2505,-5.25,15.2,4.94,-70.47,-4.91,78.55,26.7,,,,,,,,,,,,,,,,
IMU,10549258.0,2,0.1553,-0.9233,0.1992,-7.45,22.03,3.05,-70.63,-12.6,81.81,27.6,,,,,,,,,,,,,,,,
IMU,10567680.0,1,0.0737,-0.9326,0.2505,-5.25,15.2,4.94,-70.47,-4.91,78.55,26.7,,,,,,,,,,,,,,,,
IMU,10549258.0,2,0.1553,-0.9233,0.1992,-7.45,22.03,3.05,-70.63,-12.6,81.81,27.6,,,,,,,,,,,,,,,,
IMU,10567680.0,1,0.0737,-0.9326,0.2505,-5.25,15.2,4.94,-70.47,-4.91,78.55,26.7,,,,,,,,,,,,,,,,
IMU,10649186.0,2,0.1958,-0.9531,0.2412,-15.2,-3.17,6.16,-71.59,-11.72,81.36,27.5,,,,,,,,,,,,,,,,
IMU,10667882.0,1,0.0605,-0.9746,0.3086,-21.61,-2.93,5.49,-71.69,-4.07,78.38,26.9,,,,,,,,,,,,,,,,
IMU,10649186.0,2,0.1958,-0.9531,0.2412,-15.2,-3.17,6.16,-71.59,-11.72,81.36,27.5,,,,,,,,,,,,,,,,
IMU,10667882.0,1,0.0605,-0.9746,0.3086,-21.61,-2.93,5.49,-71.69,-4.07,78.38,26.9,,,,,,,,,,,,,,,,
IMU,10649186.0,2,0.1958,-0.9531,0.2412,-15.2,-3.17,6.16,-71.59,-11.72,81.36,27.5,,,,,,,,,,,,,,,,
IMU,10768060.0,1,0.0586,-0.9956,0.2588,-21.73,8.91,2.81,-73.78,-3.82,78.65,26.8,,,,,,,,,,,,,,,,
IMU,10749104.0,2,0.1992,-0.9775,0.2363,-22.03,-1.16,2.5,-73.8,-11.66,82.07,27.7,,,,,,,,,,,,,,,,
IMU,10768060.0,1,0.0586,-0.9956,0.2588,-21.73,8.91,2.81,-73.78,-3.82,78.65,26.8,,,,,,,,,,,,,,,,
IMU,10749104.0,2,0.1992,-0.9775,0.2363,-22.03,-1.16,2.5,-73.8,-11.66,82.07,27.7,,,,,,,,,,,,,,,,
IMU,10768060.0,1,0.0586,-0.9956,0.2588,-21.73,8.91,2.81,-73.78,-3.82,78.65,26.8,,,,,,,,,,,,,,,,
IMU,10849037.0,2,0.1426,-0.9893,0.2373,-19.35,8.91,6.53,-75.92,-11.02,81.73,27.7,,,,,,,,,,,,,,,,
IMU,10868258.0,1,0.0317,-1.002,0.2119,-14.28,12.76,8.24,-75.67,-2.92,77.95,26.7,,,,,,,,,,,,,,,,
IMU,10849037.0,2,0.1426,-0.9893,0.2373,-19.35,8.91,6.53,-75.92,-11.02,81.73,27.7,,,,,,,,,,,,,,,,
IMU,10868258.0,1,0.0317,-1.002,0.2119,-14.28,12.76,8.24,-75.67,-2.92,77.95,26.7,,,,,,,,,,,,,,,,
IMU,10849037.0,2,0.1426,-0.9893,0.2373,-19.35,8.91,6.53,-75.92,-11.02,81.73,27.7,,,,,,,,,,,,,,,,
IMU,10968450.0,1,0.0527,-0.9712,0.1895,-6.59,-8.79,-4.7,-76.48,-3.07,78.33,26.9,,,,,,,,,,,,,,,,
IMU,10948969.0,2,0.1875,-0.9863,0.1406,-5.0,-15.44,-6.41,-76.73,-11.01,81.86,27.6,,,,,,,,,,,,,,,,
IMU,10968450.0,1,0.0527,-0.9712,0.1895,-6.59,-8.79,-4.7,-76.48,-3.07,78.33,26.9,,,,,,,,,,,,,,,,
IMU,10948969.0,2,0.1875,-0.9863,0.1406,-5.0,-15.44,-6.41,-76.73,-11.01,81.86,27.6,,,,,,,,,,,,,,,,
IMU,10968450.0,1,0.0527,-0.9712,0.1895,-6.59,-8.79,-4.7,-76.48,-3.07,78.33,26.9,,,,,,,,,,,,,,,,
IMU,11048898.0,2,0.1753,-0.9399,0.1924,-12.94,-8.06,-7.69,-77.98,-11.57,82.45,27.8,,,,,,,,,,,,,,,,
IMU,11068656.0,1,0.0181,-0.957,0.1919,-13.73,-1.77,-8.91,-77.84,-3.47,78.55,26.8,,,,,,,,,,,,,,,,
IMU,11048898.0,2,0.1753,-0.9399,0.1924,-12.94,-8.06,-7.69,-77.98,-11.57,82.45,27.8,,,,,,,,,,,,,,,,
IMU,11068656.0,1,0.0181,-0.957,0.1919,-13.73,-1.77,-8.91,-77.84,-3.47,78.55,26.8,,,,,,,,,,,,,,,,
IMU,11048898.0,2,0.1753,-0.9399,0.1924,-12.94,-8.06,-7.69,-77.98,-11.57,82.45,27.8,,,,,,,,,,,,,,,,
IMU,11168836.0,1,0.1279,-1.0078,0.2017,-0.12,20.81,4.52,-78.2,-4.26,77.58,26.8,,,,,,,,,,,,,,,,
IMU,11148820.0,2,0.2319,-1.0044,0.1431,-4.64,9.7,-24.84,-78.78,-13.0,81.93,27.6,,,,,,,,,,,,,,,,
IMU,11168836.0,1,0.1279,-1.0078,0.2017,-0.12,20.81,4.52,-78.2,-4.26,77.58,26.8,,,,,,,,,,,,,,,,
IMU,11148820.0,2,0.2319,-1.0044,0.1431,-4.64,9.7,-24.84,-78.78,-13.0,81.93,27.6,,,,,,,,,,,,,,,,
IMU,11168836.0,1,0.1279,-1.0078,0.2017,-0.12,20.81,4.52,-78.2,-4.26,77.58,26.8,,,,,,,,,,,,,,,,
IMU,11248762.0,2,0.1987,-0.9766,0.1191,-4.58,-2.2,-42.6,-78.89,-16.0,80.19,27.6,,,,,,,,,,,,,,,,
IMU,11269024.0,1,-0.0293,-0.981,0.1606,-8.12,0.73,38.39,-78.71,-1.02,77.27,27.0,,,,,,,,,,,,,,,,
IMU,11248762.0,2,0.1987,-0.9766,0.1191,-4.58,-2.2,-42.6,-78.89,-16.0,80.19,27.6,,,,,,,,,,,,,,,,
IMU,11269024.0,1,-0.0293,-0.981,0.1606,-8.12,0.73,38.39,-78.71,-1.02,77.27,27.0,,,,,,,,,,,,,,,,
IMU,11248762.0,2,0.1987,-0.9766,0.1191,-4.58,-2.2,-42.6,-78.89,-16.0,80.19,27.6,,,,,,,,,,,,,,,,
IMU,11369210.0,1,-0.0518,-0.9438,0.124,-16.42,-27.95,21.55,-80.12,1.57,79.4,26.7,,,,,,,,,,,,,,,,
IMU,11348703.0,2,0.3877,-0.8921,0.1104,0.43,-29.72,-64.51,-79.73,-21.26,80.86,27.7,,,,,,,,,,,,,,,,
IMU,11369210.0,1,-0.0518,-0.9438,0.124,-16.42,-27.95,21.55,-80.12,1.57,79.4,26.7,,,,,,,,,,,,,,,,
IMU,11348703.0,2,0.3877,-0.8921,0.1104,0.43,-29.72,-64.51,-79.73,-21.26,80.86,27.7,,,,,,,,,,,,,,,,
IMU,11369210.0,1,-0.0518,-0.9438,0.124,-16.42,-27.95,21.55,-80.12,1.57,79.4,26.7,,,,,,,,,,,,,,,,
IMU,11448649.0,2,0.4561,-0.8423,0.1348,8.61,-57.37,-68.73,-80.79,-28.59,84.24,27.6,,,,,,,,,,,,,,,,
IMU,11469406.0,1,-0.0459,-0.9897,0.1562,-32.04,-46.45,17.15,-82.36,2.65,83.72,26.8,,,,,,,,,,,,,,,,
IMU,11448649.0,2,0.4561,-0.8423,0.1348,8.61,-57.37,-68.73,-80.79,-28.59,84.24,27.6,,,,,,,,,,,,,,,,
IMU,11469406.0,1,-0.0459,-0.9897,0.1562,-32.04,-46.45,17.15,-82.36,2.65,83.72,26.8,,,,,,,,,,,,,,,,
IMU,11448649.0,2,0.4561,-0.8423,0.1348,8.61,-57.37,-68.73,-80.79,-28.59,84.24,27.6,,,,,,,,,,,,,,,,
IMU,11569599.0,1,-0.1001,-1.0024,0.0679,-16.17,-7.02,19.17,-84.73,4.19,86.39,26.8,,,,,,,,,,,,,,,,
IMU,11548595.0,2,0.5215,-0.8032,0.0879,-3.66,-24.78,-44.31,-82.86,-34.45,88.43,27.7,,,,,,,,,,,,,,,,
IMU,11569599.0,1,-0.1001,-1.0024,0.0679,-16.17,-7.02,19.17,-84.73,4.19,86.39,26.8,,,,,,,,,,,,,,,,
IMU,11548595.0,2,0.5215,-0.8032,0.0879,-3.66,-24.78,-44.31,-82.86,-34.45,88.43,27.7,,,,,,,,,,,,,,,,
IMU,11569599.0,1,-0.1001,-1.0024,0.0679,-16.17,-7.02,19.17,-84.73,4.19,86.39,26.8,,,,,,,,,,,,,,,,
IMU,11648501.0,2,0.6655,-0.7676,0.0801,-3.78,-0.06,-15.26,-83.6,-37.39,89.23,27.5,,,,,,,,,,,,,,,,
IMU,11669787.0,1,-0.085,-1.0098,0.0586,-5.43,-4.76,-0.37,-85.37,4.88,86.62,26.8,,,,,,,,,,,,,,,,
IMU,11648501.0,2,0.6655,-0.7676,0.0801,-3.78,-0.06,-15.26,-83.6,-37.39,89.23,27.5,,,,,,,,,,,,,,,,
IMU,11669787.0,1,-0.085,-1.0098,0.0586,-5.43,-4.76,-0.37,-85.37,4.88,86.62,26.8,,,,,,,,,,,,,,,,
IMU,11648501.0,2,0.6655,-0.7676,0.0801,-3.78,-0.06,-15.26,-83.6,-37.39,89.23,27.5,,,,,,,,,,,,,,,,
IMU,11769974.0,1,-0.1626,-0.998,0.0117,-27.34,-8.42,18.37,-87.21,6.41,86.42,26.9,,,,,,,,,,,,,,,,
IMU,11748436.0,2,0.6465,-0.8154,0.0669,-24.96,-15.26,24.41,-85.64,-36.24,90.25,27.7,,,,,,,,,,,,,,,,
IMU,11769974.0,1,-0.1626,-0.998,0.0117,-27.34,-8.42,18.37,-87.21,6.41,86.42,26.9,,,,,,,,,,,,,,,,
IMU,11748436.0,2,0.6465,-0.8154,0.0669,-24.96,-15.26,24.41,-85.64,-36.24,90.25,27.7,,,,,,,,,,,,,,,,
IMU,11769974.0,1,-0.1626,-0.998,0.0117,-27.34,-8.42,18.37,-87.21,6.41,86.42,26.9,,,,,,,,,,,,,,,,
IMU,11848365.0,2,0.5903,-0.8101,-0.0381,11.29,-14.22,-6.77,-87.19,-35.67,93.57,27.8,,,,,,,,,,,,,,,,
IMU,11870170.0,1,-0.103,-1.001,-0.0688,-0.67,-11.66,-7.75,-88.04,6.38,88.82,26.7,,,,,,,,,,,,,,,,
IMU,11848365.0,2,0.5903,-0.8101,-0.0381,11.29,-14.22,-6.77,-87.19,-35.67,93.57,27.8,,,,,,,,,,,,,,,,
IMU,11870170.0,1,-0.103,-1.001,-0.0688,-0.67,-11.66,-7.75,-88.04,6.38,88.82,26.7,,,,,,,,,,,,,,,,
IMU,11848365.0,2,0.5903,-0.8101,-0.0381,11.29,-14.22,-6.77,-87.19,-35.67,93.57,27.8,,,,,,,,,,,,,,,,
IMU,11970357.0,1,-0.0581,-1.0488,0.0459,-4.15,17.27,4.21,-88.03,5.47,90.25,26.8,,,,,,,,,,,,,,,,
IMU,11948296.0,2,0.5596,-0.8701,-0.0938,-5.13,-2.38,-2.93,-86.87,-36.95,95.46,27.6,,,,,,,,,,,,,,,,
IMU,11970357.0,1,-0.0581,-1.0488,0.0459,-4.15,17.27,4.21,-88.03,5.47,90.25,26.8,,,,,,,,,,,,,,,,
IMU,11948296.0,2,0.5596,-0.8701,-0.0938,-5.13,-2.38,-2.93,-86.87,-36.95,95.46,27.6,,,,,,,,,,,,,,,,
IMU,11970357.0,1,-0.0581,-1.0488,0.0459,-4.15,17.27,4.21,-88.03,5.47,90.25,26.8,,,,,,,,,,,,,,,,
IMU,12048223.0,2,0.5278,-0.8228,0.0083,-8.48,13.31,39.55,-87.4,-34.45,95.58,27.5,,,,,,,,,,,,,,,,
IMU,12070542.0,1,-0.1992,-0.9756,-0.0327,3.85,16.91,23.13,-88.18,7.7,89.85,26.7,,,,,,,,,,,,,,,,
IMU,12048223.0,2,0.5278,-0.8228,0.0083,-8.48,13.31,39.55,-87.4,-34.45,95.58,27.5,,,,,,,,,,,,,,,,
IMU,12070542.0,1,-0.1992,-0.9756,-0.0327,3.85,16.91,23.13,-88.18,7.7,89.85,26.7,,,,,,,,,,,,,,,,
IMU,12048223.0,2,0.5278,-0.8228,0.0083,-8.48,13.31,39.55,-87.4,-34.45,95.58,27.5,,,,,,,,,,,,,,,,
IMU,12170728.0,1,-0.1128,-1.0073,-0.0171,27.53,39.73,-20.94,-86.63,8.38,85.81,26.8,,,,,,,,,,,,,,,,
IMU,12148146.0,2,0.5254,-0.7974,0.0244,-18.43,57.74,35.58,-86.84,-30.88,91.66,27.6,,,,,,,,,,,,,,,,
IMU,12170728.0,1,-0.1128,-1.0073,-0.0171,27.53,39.73,-20.94,-86.63,8.38,85.81,26.8,,,,,,,,,,,,,,,,
IMU,12148146.0,2,0.5254,-0.7974,0.0244,-18.43,57.74,35.58,-86.84,-30.88,91.66,27.6,,,,,,,,,,,,,,,,
IMU,12170728.0,1,-0.1128,-1.0073,-0.0171,27.53,39.73,-20.94,-86.63,8.38,85.81,26.8,,,,,,,,,,,,,,,,
IMU,12248088.0,2,0.4727,-0.8779,0.0391,-4.58,1.95,57.74,-86.52,-25.69,88.59,27.6,,,,,,,,,,,,,,,,
IMU,12270927.0,1,-0.1421,-0.9561,0.0332,-0.24,-1.04,-40.1,-86.34,5.8,84.01,26.9,,,,,,,,,,,,,,,,
IMU,12248088.0,2,0.4727,-0.8779,0.0391,-4.58,1.95,57.74,-86.52,-25.69,88.59,27.6,,,,,,,,,,,,,,,,
IMU,12270927.0,1,-0.1421,-0.9561,0.0332,-0.24,-1.04,-40.1,-86.34,5.8,84.01,26.9,,,,,,,,,,,,,,,,
IMU,12248088.0,2,0.4727,-0.8779,0.0391,-4.58,1.95,57.74,-86.52,-25.69,88.59,27.6,,,,,,,,,,,,,,,,
IMU,12371121.0,1,-0.0171,-0.9907,0.0376,7.26,8.3,-38.21,-86.22,1.82,83.02,26.8,,,,,,,,,,,,,,,,
IMU,12348017.0,2,0.3047,-0.9336,0.0688,-3.97,16.78,51.09,-86.87,-20.66,88.04,27.7,,,,,,,,,,,,,,,,
IMU,12371121.0,1,-0.0171,-0.9907,0.0376,7.26,8.3,-38.21,-86.22,1.82,83.02,26.8,,,,,,,,,,,,,,,,
IMU,12348017.0,2,0.3047,-0.9336,0.0688,-3.97,16.78,51.09,-86.87,-20.66,88.04,27.7,,,,,,,,,,,,,,,,
IMU,12371121.0,1,-0.0171,-0.9907,0.0376,7.26,8.3,-38.21,-86.22,1.82,83.02,26.8,,,,,,,,,,,,,,,,
IMU,12447950.0,2,0.25,-0.9854,0.0762,-1.59,26.92,57.56,-86.67,-15.38,86.45,27.6,,,,,,,,,,,,,,,,
IMU,12471317.0,1,-0.0127,-1.0103,0.1006,8.73,18.01,-10.13,-85.62,-0.19,81.24,26.7,,,,,,,,,,,,,,,,
IMU,12447950.0,2,0.25,-0.9854,0.0762,-1.59,26.92,57.56,-86.67,-15.38,86.45,27.6,,,,,,,,,,,,,,,,
IMU,12471317.0,1,-0.0127,-1.0103,0.1006,8.73,18.01,-10.13,-85.62,-0.19,81.24,26.7,,,,,,,,,,,,,,,,
IMU,12447950.0,2,0.25,-0.9854,0.0762,-1.59,26.92,57.56,-86.67,-15.38,86.45,27.6,,,,,,,,,,,,,,,,
IMU,12571513.0,1,0.0112,-1.0278,0.0518,6.29,20.14,7.69,-85.2,-0.14,79.62,26.8,,,,,,,,,,,,,,,,
IMU,12547850.0,2,0.1909,-1.0215,0.0386,-0.73,16.97,43.76,-86.56,-10.15,84.7,27.6,,,,,,,,,,,,,,,,
IMU,12571513.0,1,0.0112,-1.0278,0.0518,6.29,20.14,7.69,-85.2,-0.14,79.62,26.8,,,,,,,,,,,,,,,,
IMU,12547850.0,2,0.1909,-1.0215,0.0386,-0.73,16.97,43.76,-86.56,-10.15,84.7,27.6,,,,,,,,,,,,,,,,
IMU,12571513.0,1,0.0112,-1.0278,0.0518,6.29,20.14,7.69,-85.2,-0.14,79.62,26.8,,,,,,,,,,,,,,,,
IMU,12647775.0,2,0.2095,-1.0137,-0.0029,-8.79,-17.82,1.53,-86.99,-8.71,83.55,27.6,,,,,,,,,,,,,,,,
IMU,12671702.0,1,0.0039,-0.9976,0.1147,-14.04,-19.23,9.16,-85.18,1.43,79.46,26.8,,,,,,,,,,,,,,,,
IMU,12647775.0,2,0.2095,-1.0137,-0.0029,-8.79,-17.82,1.53,-86.99,-8.71,83.55,27.6,,,,,,,,,,,,,,,,
IMU,12671702.0,1,0.0039,-0.9976,0.1147,-14.04,-19.23,9.16,-85.18,1.43,79.46,26.8,,,,,,,,,,,,,,,,
IMU,12647775.0,2,0.2095,-1.0137,-0.0029,-8.79,-17.82,1.53,-86.99,-8.71,83.55,27.6,,,,,,,,,,,,,,,,
IMU,12771886.0,1,-0.0498,-0.939,-0.0005,-20.57,-2.26,-5.92,-86.86,1.46,79.45,26.9,,,,,,,,,,,,,,,,
IMU,12747702.0,2,0.1294,-0.9561,0.0312,-27.89,-1.34,-15.69,-88.77,-9.63,84.33,27.5,,,,,,,,,,,,,,,,
IMU,12771886.0,1,-0.0498,-0.939,-0.0005,-20.57,-2.26,-5.92,-86.86,1.46,79.45,26.9,,,,,,,,,,,,,,,,
IMU,12747702.0,2,0.1294,-0.9561,0.0312,-27.89,-1.34,-15.69,-88.77,-9.63,84.33,27.5,,,,,,,,,,,,,,,,
IMU,12771886.0,1,-0.0498,-0.939,-0.0005,-20.57,-2.26,-5.92,-86.86,1.46,79.45,26.9,,,,,,,,,,,,,,,,
IMU,12847642.0,2,0.1528,-0.9897,0.0,5.19,13.73,-4.09,-89.93,-10.2,84.55,27.4,,,,,,,,,,,,,,,,
IMU,12872092.0,1,-0.0518,-1.0454,-0.043,13.06,14.65,-8.36,-87.5,1.11,79.27,26.8,,,,,,,,,,,,,,,,
IMU,12847642.0,2,0.1528,-0.9897,0.0,5.19,13.73,-4.09,-89.93,-10.2,84.55,27.4,,,,,,,,,,,,,,,,
IMU,12872092.0,1,-0.0518,-1.0454,-0.043,13.06,14.65,-8.36,-87.5,1.11,79.27,26.8,,,,,,,,,,,,,,,,
IMU,12847642.0,2,0.1528,-0.9897,0.0,5.19,13.73,-4.09,-89.93,-10.2,84.55,27.4,,,,,,,,,,,,,,,,
IMU,12972270.0,1,-0.0054,-1.0244,0.0747,11.72,-3.23,-20.75,-86.09,-0.1,79.52,26.8,,,,,,,,,,,,,,,,
IMU,12947571.0,2,0.2217,-1.0137,-0.0405,20.26,-2.69,-15.87,-88.32,-11.08,83.74,27.7,,,,,,,,,,,,,,,,
IMU,12972270.0,1,-0.0054,-1.0244,0.0747,11.72,-3.23,-20.75,-86.09,-0.1,79.52,26.8,,,,,,,,,,,,,,,,
IMU,12947571.0,2,0.2217,-1.0137,-0.0405,20.26,-2.69,-15.87,-88.32,-11.08,83.74,27.7,,,,,,,,,,,,,,,,
IMU,12972270.0,1,-0.0054,-1.0244,0.0747,11.72,-3.23,-20.75,-86.09,-0.1,79.52,26.8,,,,,,,,,,,,,,,,
IMU,13047482.0,2,0.1841,-0.9585,0.0044,14.95,-2.01,-13.79,-86.93,-12.86,83.63,27.7,,,,,,,,,,,,,,,,
IMU,13072462.0,1,0.0435,-0.9912,0.0645,10.5,-1.53,-12.33,-85.1,-1.83,79.83,26.8,,,,,,,,,,,,,,,,
IMU,13047482.0,2,0.1841,-0.9585,0.0044,14.95,-2.01,-13.79,-86.93,-12.86,83.63,27.7,,,,,,,,,,,,,,,,
IMU,13072462.0,1,0.0435,-0.9912,0.0645,10.5,-1.53,-12.33,-85.1,-1.83,79.83,26.8,,,,,,,,,,,,,,,,
IMU,13047482.0,2,0.1841,-0.9585,0.0044,14.95,-2.01,-13.79,-86.93,-12.86,83.63,27.7,,,,,,,,,,,,,,,,
IMU,13172661.0,1,0.0537,-1.0186,0.1196,13.24,-3.42,2.75,-84.01,-2.11,78.98,26.7,,,,,,,,,,,,,,,,
IMU,13147400.0,2,0.2319,-0.9932,0.0747,13.24,10.68,0.98,-85.31,-13.42,82.42,27.6,,,,,,,,,,,,,,,,
IMU,13172661.0,1,0.0537,-1.0186,0.1196,13.24,-3.42,2.75,-84.01,-2.11,78.98,26.7,,,,,,,,,,,,,,,,
IMU,13147400.0,2,0.2319,-0.9932,0.0747,13.24,10.68,0.98,-85.31,-13.42,82.42,27.6,,,,,,,,,,,,,,,,
IMU,13172661.0,1,0.0537,-1.0186,0.1196,13.24,-3.42,2.75,-84.01,-2.11,78.98,26.7,,,,,,,,,,,,,,,,
IMU,13247332.0,2,0.2002,-0.9155,0.1016,11.84,1.4,-0.37,-84.16,-13.06,82.02,27.6,,,,,,,,,,,,,,,,
IMU,13272835.0,1,0.0049,-0.9565,0.1562,6.04,-19.17,0.43,-83.19,-1.88,79.13,26.8,,,,,,,,,,,,,,,,
IMU,13247332.0,2,0.2002,-0.9155,0.1016,11.84,1.4,-0.37,-84.16,-13.06,82.02,27.6,,,,,,,,,,,,,,,,
IMU,13272835.0,1,0.0049,-0.9565,0.1562,6.04,-19.17,0.43,-83.19,-1.88,79.13,26.8,,,,,,,,,,,,,,,,
IMU,13247332.0,2,0.2002,-0.9155,0.1016,11.84,1.4,-0.37,-84.16,-13.06,82.02,27.6,,,,,,,,,,,,,,,,
IMU,13373021.0,1,0.0767,-0.9053,0.0752,-9.58,-43.21,8.91,-83.82,-2.63,82.07,26.8,,,,,,,,,,,,,,,,
IMU,13347293.0,2,0.2544,-0.9131,0.0806,-5.43,-33.63,-32.9,-84.53,-14.71,84.12,27.6,,,,,,,,,,,,,,,,
IMU,13373021.0,1,0.0767,-0.9053,0.0752,-9.58,-43.21,8.91,-83.82,-2.63,82.07,26.8,,,,,,,,,,,,,,,,
IMU,13347293.0,2,0.2544,-0.9131,0.0806,-5.43,-33.63,-32.9,-84.53,-14.71,84.12,27.6,,,,,,,,,,,,,,,,
IMU,13373021.0,1,0.0767,-0.9053,0.0752,-9.58,-43.21,8.91,-83.82,-2.63,82.07,26.8,,,,,,,,,,,,,,,,
IMU,13447218.0,2,0.3267,-0.9346,0.1279,-7.87,-44.98,-56.03,-86.2,-19.62,88.06,27.6,,,,,,,,,,,,,,,,
IMU,13473215.0,1,-0.0391,-0.9692,0.0625,-19.59,-30.4,55.48,-85.81,0.83,86.03,26.8,,,,,,,,,,,,,,,,
IMU,13447218.0,2,0.3267,-0.9346,0.1279,-7.87,-44.98,-56.03,-86.2,-19.62,88.06,27.6,,,,,,,,,,,,,,,,
IMU,13473215.0,1,-0.0391,-0.9692,0.0625,-19.59,-30.4,55.48,-85.81,0.83,86.03,26.8,,,,,,,,,,,,,,,,
IMU,13447218.0,2,0.3267,-0.9346,0.1279,-7.87,-44.98,-56.03,-86.2,-19.62,88.06,27.6,,,,,,,,,,,,,,,,
IMU,13573403.0,1,-0.1499,-0.9893,0.0918,-9.22,9.77,65.55,-87.23,6.89,86.8,26.7,,,,,,,,,,,,,,,,
IMU,13547170.0,2,0.4585,-0.9106,0.022,-3.91,-7.26,-83.5,-87.89,-26.61,90.43,27.5,,,,,,,,,,,,,,,,
IMU,13573403.0,1,-0.1499,-0.9893,0.0918,-9.22,9.77,65.55,-87.23,6.89,86.8,26.7,,,,,,,,,,,,,,,,
IMU,13547170.0,2,0.4585,-0.9106,0.022,-3.91,-7.26,-83.5,-87.89,-26.61,90.43,27.5,,,,,,,,,,,,,,,,
IMU,13573403.0,1,-0.1499,-0.9893,0.0918,-9.22,9.77,65.55,-87.23,6.89,86.8,26.7,,,,,,,,,,,,,,,,
IMU,13647111.0,2,0.5981,-0.8359,-0.0063,-1.95,-30.76,-89.48,-88.94,-35.16,91.68,27.7,,,,,,,,,,,,,,,,
IMU,13673612.0,1,-0.2275,-0.9966,0.0435,-30.52,-8.97,69.09,-89.1,13.29,87.51,27.0,,,,,,,,,,,,,,,,
IMU,13647111.0,2,0.5981,-0.8359,-0.0063,-1.95,-30.76,-89.48,-88.94,-35.16,91.68,27.7,,,,,,,,,,,,,,,,
IMU,13673612.0,1,-0.2275,-0.9966,0.0435,-30.52,-8.97,69.09,-89.1,13.29,87.51,27.0,,,,,,,,,,,,,,,,
IMU,13647111.0,2,0.5981,-0.8359,-0.0063,-1.95,-30.76,-89.48,-88.94,-35.16,91.68,27.7,,,,,,,,,,,,,,,,
IMU,13773807.0,1,-0.3101,-1.0049,-0.04,-20.75,3.05,44.62,-91.8,18.67,88.28,26.9,,,,,,,,,,,,,,,,
IMU,13747048.0,2,0.7383,-0.7329,-0.0244,-2.99,-28.5,-57.19,-91.81,-42.19,96.03,27.7,,,,,,,,,,,,,,,,
IMU,13773807.0,1,-0.3101,-1.0049,-0.04,-20.75,3.05,44.62,-91.8,18.67,88.28,26.9,,,,,,,,,,,,,,,,
IMU,13747048.0,2,0.7383,-0.7329,-0.0244,-2.99,-28.5,-57.19,-91.81,-42.19,96.03,27.7,,,,,,,,,,,,,,,,
IMU,13773807.0,1,-0.3101,-1.0049,-0.04,-20.75,3.05,44.62,-91.8,18.67,88.28,26.9,,,,,,,,,,,,,,,,
IMU,13846987.0,2,0.7437,-0.6035,-0.0269,-2.32,-4.27,9.95,-93.51,-44.67,98.06,27.4,,,,,,,,,,,,,,,,
IMU,13874023.0,1,-0.3862,-0.9741,-0.0918,9.64,8.06,-8.3,-92.55,20.32,87.97,26.8,,,,,,,,,,,,,,,,
IMU,13846987.0,2,0.7437,-0.6035,-0.0269,-2.32,-4.27,9.95,-93.51,-44.67,98.06,27.4,,,,,,,,,,,,,,,,
IMU,13874023.0,1,-0.3862,-0.9741,-0.0918,9.64,8.06,-8.3,-92.55,20.32,87.97,26.8,,,,,,,,,,,,,,,,
IMU,13846987.0,2,0.7437,-0.6035,-0.0269,-2.32,-4.27,9.95,-93.51,-44.67,98.06,27.4,,,,,,,,,,,,,,,,
IMU,13974205.0,1,-0.4277,-0.9624,-0.0308,2.62,-8.3,-9.22,-92.1,19.24,88.22,26.9,,,,,,,,,,,,,,,,
IMU,13946911.0,2,0.7236,-0.7461,-0.0186,5.55,-1.16,11.17,-92.8,-43.3,97.05,27.4,,,,,,,,,,,,,,,,
IMU,13974205.0,1,-0.4277,-0.9624,-0.0308,2.62,-8.3,-9.22,-92.1,19.24,88.22,26.9,,,,,,,,,,,,,,,,
IMU,13946911.0,2,0.7236,-0.7461,-0.0186,5.55,-1.16,11.17,-92.8,-43.3,97.05,27.4,,,,,,,,,,,,,,,,
IMU,13974205.0,1,-0.4277,-0.9624,-0.0308,2.62,-8.3,-9.22,-92.1,19.24,88.22,26.9,,,,,,,,,,,,,,,,
IMU,14046843.0,2,0.667,-0.7026,-0.0112,1.46,19.53,15.56,-91.63,-42.0,95.71,27.5,,,,,,,,,,,,,,,,
IMU,14074412.0,1,-0.2915,-0.9448,-0.0586,19.41,2.62,-24.6,-90.85,17.22,88.26,26.9,,,,,,,,,,,,,,,,
IMU,14046843.0,2,0.667,-0.7026,-0.0112,1.46,19.53,15.56,-91.63,-42.0,95.71,27.5,,,,,,,,,,,,,,,,
IMU,14074412.0,1,-0.2915,-0.9448,-0.0586,19.41,2.62,-24.6,-90.85,17.22,88.26,26.9,,,,,,,,,,,,,,,,
IMU,14046843.0,2,0.667,-0.7026,-0.0112,1.46,19.53,15.56,-91.63,-42.0,95.71,27.5,,,,,,,,,,,,,,,,
IMU,14174608.0,1,-0.2729,-0.9634,0.0571,11.17,-7.32,-26.43,-89.48,14.67,88.88,26.8,,,,,,,,,,,,,,,,
IMU,14146777.0,2,0.6445,-0.7549,0.0229,11.84,3.97,47.49,-89.79,-39.17,93.6,27.7,,,,,,,,,,,,,,,,
IMU,14174608.0,1,-0.2729,-0.9634,0.0571,11.17,-7.32,-26.43,-89.48,14.67,88.88,26.8,,,,,,,,,,,,,,,,
IMU,14146777.0,2,0.6445,-0.7549,0.0229,11.84,3.97,47.49,-89.79,-39.17,93.6,27.7,,,,,,,,,,,,,,,,
IMU,14174608.0,1,-0.2729,-0.9634,0.0571,11.17,-7.32,-26.43,-89.48,14.67,88.88,26.8,,,,,,,,,,,,,,,,
IMU,14246703.0,2,0.5957,-0.7925,0.0249,1.59,19.1,48.58,-88.54,-34.47,92.16,27.5,,,,,,,,,,,,,,,,
IMU,14274775.0,1,-0.2139,-0.9492,0.0171,18.13,7.26,-49.68,-88.13,10.8,88.58,26.8,,,,,,,,,,,,,,,,
IMU,14246703.0,2,0.5957,-0.7925,0.0249,1.59,19.1,48.58,-88.54,-34.47,92.16,27.5,,,,,,,,,,,,,,,,
IMU,14274775.0,1,-0.2139,-0.9492,0.0171,18.13,7.26,-49.68,-88.13,10.8,88.58,26.8,,,,,,,,,,,,,,,,
IMU,14246703.0,2,0.5957,-0.7925,0.0249,1.59,19.1,48.58,-88.54,-34.47,92.16,27.5,,,,,,,,,,,,,,,,
IMU,14274775.0,1,-0.2139,-0.9492,0.0171,18.13,7.26,-49.68,-88.13,10.8,88.58,26.8,,,,,,,,,,,,,,,,
IMU,14346649.0,2,0.5244,-0.8384,-0.0073,4.39,-0.85,49.38,-87.62,-29.99,90.64,27.6,,,,,,,,,,,,,,,,
IMU,14374940.0,1,-0.0591,-0.9761,0.0854,-5.19,-17.46,-42.97,-87.35,6.04,88.71,26.8,,,,,,,,,,,,,,,,
IMU,14346649.0,2,0.5244,-0.8384,-0.0073,4.39,-0.85,49.38,-87.62,-29.99,90.64,27.6,,,,,,,,,,,,,,,,
IMU,14374940.0,1,-0.0591,-0.9761,0.0854,-5.19,-17.46,-42.97,-87.35,6.04,88.71,26.8,,,,,,,,,,,,,,,,
IMU,14446577.0,2,0.397,-0.9248,0.0688,-5.37,-1.59,59.2,-88.15,-24.59,91.91,27.6,,,,,,,,,,,,,,,,
IMU,14475133.0,1,-0.0684,-0.9956,0.002,4.94,7.69,-34.12,-87.75,2.59,89.34,26.8,,,,,,,,,,,,,,,,
IMU,14446577.0,2,0.397,-0.9248,0.0688,-5.37,-1.59,59.2,-88.15,-24.59,91.91,27.6,,,,,,,,,,,,,,,,
IMU,14475133.0,1,-0.0684,-0.9956,0.002,4.94,7.69,-34.12,-87.75,2.59,89.34,26.8,,,,,,,,,,,,,,,,
IMU,14446577.0,2,0.397,-0.9248,0.0688,-5.37,-1.59,59.2,-88.15,-24.59,91.91,27.6,,,,,,,,,,,,,,,,
IMU,14475133.0,1,-0.0684,-0.9956,0.002,4.94,7.69,-34.12,-87.75,2.59,89.34,26.8,,,,,,,,,,,,,,,,
IMU,14546504.0,2,0.3252,-0.9624,0.0503,4.7,17.52,57.37,-87.92,-18.98,90.66,27.7,,,,,,,,,,,,,,,,
IMU,14575304.0,1,0.0088,-1.0176,0.0415,15.2,10.44,-18.74,-86.69,0.27,88.31,26.7,,,,,,,,,,,,,,,,
IMU,14546504.0,2,0.3252,-0.9624,0.0503,4.7,17.52,57.37,-87.92,-18.98,90.66,27.7,,,,,,,,,,,,,,,,
IMU,14575304.0,1,0.0088,-1.0176,0.0415,15.2,10.44,-18.74,-86.69,0.27,88.31,26.7,,,,,,,,,,,,,,,,
IMU,14646419.0,2,0.2393,-1.001,0.0142,4.27,15.81,44.56,-87.06,-14.0,89.17,27.8,,,,,,,,,,,,,,,,
IMU,14675487.0,1,0.0171,-1.0107,0.062,6.35,16.78,-5.31,-85.68,-0.73,87.01,27.0,,,,,,,,,,,,,,,,
IMU,14646419.0,2,0.2393,-1.001,0.0142,4.27,15.81,44.56,-87.06,-14.0,89.17,27.8,,,,,,,,,,,,,,,,
IMU,14675487.0,1,0.0171,-1.0107,0.062,6.35,16.78,-5.31,-85.68,-0.73,87.01,27.0,,,,,,,,,,,,,,,,
IMU,14646419.0,2,0.2393,-1.001,0.0142,4.27,15.81,44.56,-87.06,-14.0,89.17,27.8,,,,,,,,,,,,,,,,
IMU,14675487.0,1,0.0171,-1.0107,0.062,6.35,16.78,-5.31,-85.68,-0.73,87.01,27.0,,,,,,,,,,,,,,,,
IMU,14746356.0,2,0.1831,-1.0088,0.0303,-2.01,-2.81,2.08,-86.78,-11.85,88.32,27.7,,,,,,,,,,,,,,,,
IMU,14775675.0,1,0.0039,-0.981,0.0591,-0.24,-12.02,2.5,-85.46,-0.37,87.03,26.9,,,,,,,,,,,,,,,,
IMU,14746356.0,2,0.1831,-1.0088,0.0303,-2.01,-2.81,2.08,-86.78,-11.85,88.32,27.7,,,,,,,,,,,,,,,,
IMU,14775675.0,1,0.0039,-0.981,0.0591,-0.24,-12.02,2.5,-85.46,-0.37,87.03,26.9,,,,,,,,,,,,,,,,
IMU,14846286.0,2,0.2051,-0.9712,0.0488,1.28,-2.14,-1.77,-86.88,-12.04,88.84,27.7,,,,,,,,,,,,,,,,
IMU,14875855.0,1,0.0059,-0.9922,0.0825,-0.55,-3.85,-2.01,-85.52,-0.46,87.57,26.7,,,,,,,,,,,,,,,,
IMU,14846286.0,2,0.2051,-0.9712,0.0488,1.28,-2.14,-1.77,-86.88,-12.04,88.84,27.7,,,,,,,,,,,,,,,,
IMU,14875855.0,1,0.0059,-0.9922,0.0825,-0.55,-3.85,-2.01,-85.52,-0.46,87.57,26.7,,,,,,,,,,,,,,,,
IMU,14846286.0,2,0.2051,-0.9712,0.0488,1.28,-2.14,-1.77,-86.88,-12.04,88.84,27.7,,,,,,,,,,,,,,,,
IMU,14875855.0,1,0.0059,-0.9922,0.0825,-0.55,-3.85,-2.01,-85.52,-0.46,87.57,26.7,,,,,,,,,,,,,,,,
IMU,14946217.0,2,0.1929,-0.9653,0.0581,0.12,-1.59,-6.77,-86.82,-12.45,89.01,27.6,,,,,,,,,,,,,,,,
IMU,14976045.0,1,0.0122,-0.9741,0.0898,-1.04,-1.89,-7.87,-85.52,-0.93,87.88,26.8,,,,,,,,,,,,,,,,
IMU,14946217.0,2,0.1929,-0.9653,0.0581,0.12,-1.59,-6.77,-86.82,-12.45,89.01,27.6,,,,,,,,,,,,,,,,
IMU,14976045.0,1,0.0122,-0.9741,0.0898,-1.04,-1.89,-7.87,-85.52,-0.93,87.88,26.8,,,,,,,,,,,,,,,,
IMU,15046155.0,2,0.2119,-0.9775,0.0562,0.06,-10.31,-2.69,-86.97,-13.06,89.34,27.6,,,,,,,,,,,,,,,,
IMU,15076240.0,1,0.0405,-1.0083,0.0864,-4.27,-12.57,0.37,-85.85,-1.33,88.68,26.8,,,,,,,,,,,,,,,,
IMU,15046155.0,2,0.2119,-0.9775,0.0562,0.06,-10.31,-2.69,-86.97,-13.06,89.34,27.6,,,,,,,,,,,,,,,,
IMU,15076240.0,1,0.0405,-1.0083,0.0864,-4.27,-12.57,0.37,-85.85,-1.33,88.68,26.8,,,,,,,,,,,,,,,,
IMU,15046155.0,2,0.2119,-0.9775,0.0562,0.06,-10.31,-2.69,-86.97,-13.06,89.34,27.6,,,,,,,,,,,,,,,,
IMU,15076240.0,1,0.0405,-1.0083,0.0864,-4.27,-12.57,0.37,-85.85,-1.33,88.68,26.8,,,,,,,,,,,,,,,,
IMU,15146091.0,2,0.1943,-0.9858,0.0635,-0.37,-5.92,5.0,-87.26,-12.89,90.37,27.6,,,,,,,,,,,,,,,,
IMU,15176432.0,1,0.0083,-0.9761,0.0771,-0.37,2.56,6.41,-86.25,-1.02,89.57,27.0,,,,,,,,,,,,,,,,
IMU,15146091.0,2,0.1943,-0.9858,0.0635,-0.37,-5.92,5.0,-87.26,-12.89,90.37,27.6,,,,,,,,,,,,,,,,
IMU,15176432.0,1,0.0083,-0.9761,0.0771,-0.37,2.56,6.41,-86.25,-1.02,89.57,27.0,,,,,,,,,,,,,,,,
IMU,15246017.0,2,0.2148,-0.9766,0.0542,-3.11,11.9,3.36,-87.25,-12.35,89.48,27.6,,,,,,,,,,,,,,,,
IMU,15276648.0,1,0.0024,-1.0195,0.0542,-0.92,3.54,2.26,-86.33,-0.58,88.48,26.7,,,,,,,,,,,,,,,,
IMU,15246017.0,2,0.2148,-0.9766,0.0542,-3.11,11.9,3.36,-87.25,-12.35,89.48,27.6,,,,,,,,,,,,,,,,
IMU,15276648.0,1,0.0024,-1.0195,0.0542,-0.92,3.54,2.26,-86.33,-0.58,88.48,26.7,,,,,,,,,,,,,,,,
IMU,15246017.0,2,0.2148,-0.9766,0.0542,-3.11,11.9,3.36,-87.25,-12.35,89.48,27.6,,,,,,,,,,,,,,,,
IMU,15276648.0,1,0.0024,-1.0195,0.0542,-0.92,3.54,2.26,-86.33,-0.58,88.48,26.7,,,,,,,,,,,,,,,,
IMU,15345944.0,2,0.2051,-0.9839,0.0293,1.53,-10.38,1.89,-87.53,-12.16,89.68,27.6,,,,,,,,,,,,,,,,
IMU,15376811.0,1,-0.0249,-1.0186,0.0645,-0.98,-2.08,-0.31,-86.53,-0.47,89.15,26.7,,,,,,,,,,,,,,,,
IMU,15345944.0,2,0.2051,-0.9839,0.0293,1.53,-10.38,1.89,-87.53,-12.16,89.68,27.6,,,,,,,,,,,,,,,,
IMU,15376811.0,1,-0.0249,-1.0186,0.0645,-0.98,-2.08,-0.31,-86.53,-0.47,89.15,26.7,,,,,,,,,,,,,,,,
IMU,15445870.0,2,0.1904,-0.9731,0.019,0.12,-1.46,-2.93,-87.58,-12.26,89.71,27.6,,,,,,,,,,,,,,,,
IMU,15477005.0,1,-0.0093,-0.9888,0.0527,-0.37,-6.59,-3.11,-86.5,-0.7,89.21,26.8,,,,,,,,,,,,,,,,
IMU,15445870.0,2,0.1904,-0.9731,0.019,0.12,-1.46,-2.93,-87.58,-12.26,89.71,27.6,,,,,,,,,,,,,,,,
IMU,15477005.0,1,-0.0093,-0.9888,0.0527,-0.37,-6.59,-3.11,-86.5,-0.7,89.21,26.8,,,,,,,,,,,,,,,,
IMU,15445870.0,2,0.1904,-0.9731,0.019,0.12,-1.46,-2.93,-87.58,-12.26,89.71,27.6,,,,,,,,,,,,,,,,
IMU,15477005.0,1,-0.0093,-0.9888,0.0527,-0.37,-6.59,-3.11,-86.5,-0.7,89.21,26.8,,,,,,,,,,,,,,,,
IMU,15545820.0,2,0.2061,-0.9731,0.0391,2.01,-7.26,-1.16,-87.64,-12.51,90.33,27.6,,,,,,,,,,,,,,,,
IMU,15577190.0,1,0.0273,-1.0063,0.0723,-0.61,0.24,-0.37,-86.53,-0.91,89.9,26.9,,,,,,,,,,,,,,,,
IMU,15545820.0,2,0.2061,-0.9731,0.0391,2.01,-7.26,-1.16,-87.64,-12.51,90.33,27.6,,,,,,,,,,,,,,,,
IMU,15577190.0,1,0.0273,-1.0063,0.0723,-0.61,0.24,-0.37,-86.53,-0.91,89.9,26.9,,,,,,,,,,,,,,,,
IMU,15645748.0,2,0.1963,-0.9761,0.0342,0.98,5.43,-0.37,-87.46,-12.45,90.17,27.6,,,,,,,,,,,,,,,,
IMU,15677367.0,1,0.019,-0.9834,0.0474,4.03,5.43,-0.79,-86.3,-0.9,89.57,26.7,,,,,,,,,,,,,,,,
IMU,15645748.0,2,0.1963,-0.9761,0.0342,0.98,5.43,-0.37,-87.46,-12.45,90.17,27.6,,,,,,,,,,,,,,,,
IMU,15677367.0,1,0.019,-0.9834,0.0474,4.03,5.43,-0.79,-86.3,-0.9,89.57,26.7,,,,,,,,,,,,,,,,
IMU,15645748.0,2,0.1963,-0.9761,0.0342,0.98,5.43,-0.37,-87.46,-12.45,90.17,27.6,,,,,,,,,,,,,,,,
IMU,15677367.0,1,0.019,-0.9834,0.0474,4.03,5.43,-0.79,-86.3,-0.9,89.57,26.7,,,,,,,,,,,,,,,,
IMU,15745676.0,2,0.2065,-0.9756,0.0571,1.71,4.52,-1.28,-87.19,-12.45,89.54,27.6,,,,,,,,,,,,,,,,
IMU,15777549.0,1,0.0317,-1.0068,0.082,1.89,-1.53,-0.79,-86.13,-0.99,89.17,26.7,,,,,,,,,,,,,,,,
IMU,15745676.0,2,0.2065,-0.9756,0.0571,1.71,4.52,-1.28,-87.19,-12.45,89.54,27.6,,,,,,,,,,,,,,,,
IMU,15777549.0,1,0.0317,-1.0068,0.082,1.89,-1.53,-0.79,-86.13,-0.99,89.17,26.7,,,,,,,,,,,,,,,,
IMU,15845607.0,2,0.2119,-0.9814,0.0479,1.77,2.26,2.87,-87.12,-12.32,89.58,27.6,,,,,,,,,,,,,,,,
IMU,15877741.0,1,0.0054,-0.9956,0.0625,3.42,8.18,1.1,-86.02,-0.83,89.16,26.9,,,,,,,,,,,,,,,,
IMU,15845607.0,2,0.2119,-0.9814,0.0479,1.77,2.26,2.87,-87.12,-12.32,89.58,27.6,,,,,,,,,,,,,,,,
IMU,15877741.0,1,0.0054,-0.9956,0.0625,3.42,8.18,1.1,-86.02,-0.83,89.16,26.9,,,,,,,,,,,,,,,,
IMU,15845607.0,2,0.2119,-0.9814,0.0479,1.77,2.26,2.87,-87.12,-12.32,89.58,27.6,,,,,,,,,,,,,,,,
IMU,15877741.0,1,0.0054,-0.9956,0.0625,3.42,8.18,1.1,-86.02,-0.83,89.16,26.9,,,,,,,,,,,,,,,,
IMU,15945530.0,2,0.2144,-0.9658,0.0342,1.83,-0.79,0.43,-86.94,-12.16,89.02,27.7,,,,,,,,,,,,,,,,
IMU,15977938.0,1,0.019,-0.9951,0.0713,0.24,-2.26,0.06,-85.83,-0.79,89.01,26.8,,,,,,,,,,,,,,,,
IMU,15945530.0,2,0.2144,-0.9658,0.0342,1.83,-0.79,0.43,-86.94,-12.16,89.02,27.7,,,,,,,,,,,,,,,,
IMU,15977938.0,1,0.019,-0.9951,0.0713,0.24,-2.26,0.06,-85.83,-0.79,89.01,26.8,,,,,,,,,,,,,,,,
IMU,16045457.0,2,0.1919,-0.9785,0.0601,0.06,3.91,1.16,-86.87,-12.1,88.98,27.5,,,,,,,,,,,,,,,,
IMU,16078136.0,1,0.0054,-0.9946,0.0732,0.31,3.42,0.73,-85.83,-0.74,88.83,26.8,,,,,,,,,,,,,,,,
IMU,16045457.0,2,0.1919,-0.9785,0.0601,0.06,3.91,1.16,-86.87,-12.1,88.98,27.5,,,,,,,,,,,,,,,,
IMU,16078136.0,1,0.0054,-0.9946,0.0732,0.31,3.42,0.73,-85.83,-0.74,88.83,26.8,,,,,,,,,,,,,,,,
IMU,16045457.0,2,0.1919,-0.9785,0.0601,0.06,3.91,1.16,-86.87,-12.1,88.98,27.5,,,,,,,,,,,,,,,,
IMU,16078136.0,1,0.0054,-0.9946,0.0732,0.31,3.42,0.73,-85.83,-0.74,88.83,26.8,,,,,,,,,,,,,,,,
IMU,16145398.0,2,0.2002,-0.9653,0.0469,0.67,1.4,-0.31,-86.89,-12.01,88.72,27.6,,,,,,,,,,,,,,,,
IMU,16178329.0,1,0.0205,-0.9771,0.0713,0.61,1.53,-0.73,-85.8,-0.74,88.73,26.8,,,,,,,,,,,,,,,,
IMU,16145398.0,2,0.2002,-0.9653,0.0469,0.67,1.4,-0.31,-86.89,-12.01,88.72,27.6,,,,,,,,,,,,,,,,
IMU,16178329.0,1,0.0205,-0.9771,0.0713,0.61,1.53,-0.73,-85.8,-0.74,88.73,26.8,,,,,,,,,,,,,,,,
IMU,16245322.0,2,0.208,-0.9775,0.0503,-0.37,-2.08,-0.98,-86.87,-12.04,88.68,27.6,,,,,,,,,,,,,,,,
IMU,16278514.0,1,0.0127,-1.0034,0.0703,-2.26,-6.1,-0.73,-85.95,-0.81,88.9,26.9,,,,,,,,,,,,,,,,
IMU,16245322.0,2,0.208,-0.9775,0.0503,-0.37,-2.08,-0.98,-86.87,-12.04,88.68,27.6,,,,,,,,,,,,,,,,
IMU,16278514.0,1,0.0127,-1.0034,0.0703,-2.26,-6.1,-0.73,-85.95,-0.81,88.9,26.9,,,,,,,,,,,,,,,,
IMU,16245322.0,2,0.208,-0.9775,0.0503,-0.37,-2.08,-0.98,-86.87,-12.04,88.68,27.6,,,,,,,,,,,,,,,,
IMU,16278514.0,1,0.0127,-1.0034,0.0703,-2.26,-6.1,-0.73,-85.95,-0.81,88.9,26.9,,,,,,,,,,,,,,,,
IMU,16345241.0,2,0.2051,-0.9902,0.0376,-0.73,0.12,-2.14,-87.05,-12.16,89.05,27.7,,,,,,,,,,,,,,,,
IMU,16378716.0,1,0.0215,-1.0049,0.0605,0.18,4.52,-2.75,-86.09,-0.98,89.07,26.8,,,,,,,,,,,,,,,,
IMU,16345241.0,2,0.2051,-0.9902,0.0376,-0.73,0.12,-2.14,-87.05,-12.16,89.05,27.7,,,,,,,,,,,,,,,,
IMU,16378716.0,1,0.0215,-1.0049,0.0605,0.18,4.52,-2.75,-86.09,-0.98,89.07,26.8,,,,,,,,,,,,,,,,
IMU,16445179.0,2,0.2051,-0.9883,0.0479,0.61,3.54,-0.18,-86.98,-12.27,88.62,27.6,,,,,,,,,,,,,,,,
IMU,16478923.0,1,0.021,-1.0078,0.0732,0.67,0.49,1.1,-86.0,-1.03,88.77,26.8,,,,,,,,,,,,,,,,
IMU,16445179.0,2,0.2051,-0.9883,0.0479,0.61,3.54,-0.18,-86.98,-12.27,88.62,27.6,,,,,,,,,,,,,,,,
IMU,16478923.0,1,0.021,-1.0078,0.0732,0.67,0.49,1.1,-86.0,-1.03,88.77,26.8,,,,,,,,,,,,,,,,
IMU,16445179.0,2,0.2051,-0.9883,0.0479,0.61,3.54,-0.18,-86.98,-12.27,88.62,27.6,,,,,,,,,,,,,,,,
IMU,16478923.0,1,0.021,-1.0078,0.0732,0.67,0.49,1.1,-86.0,-1.03,88.77,26.8,,,,,,,,,,,,,,,,
IMU,16545107.0,2,0.2168,-0.9756,0.0508,0.43,4.76,0.79,-86.88,-12.13,88.36,27.7,,,,,,,,,,,,,,,,
IMU,16579093.0,1,0.0171,-0.9912,0.0693,1.53,4.76,0.06,-85.86,-0.95,88.48,26.9,,,,,,,,,,,,,,,,
IMU,16545107.0,2,0.2168,-0.9756,0.0508,0.43,4.76,0.79,-86.88,-12.13,88.36,27.7,,,,,,,,,,,,,,,,
IMU,16579093.0,1,0.0171,-0.9912,0.0693,1.53,4.76,0.06,-85.86,-0.95,88.48,26.9,,,,,,,,,,,,,,,,
IMU,16645031.0,2,0.1987,-0.9663,0.0498,-1.16,2.38,-0.67,-86.82,-12.11,87.87,27.6,,,,,,,,,,,,,,,,
IMU,16679289.0,1,0.0146,-0.9902,0.0771,-1.71,-0.98,-1.34,-85.89,-1.01,88.17,26.7,,,,,,,,,,,,,,,,
IMU,16645031.0,2,0.1987,-0.9663,0.0498,-1.16,2.38,-0.67,-86.82,-12.11,87.87,27.6,,,,,,,,,,,,,,,,
IMU,16679289.0,1,0.0146,-0.9902,0.0771,-1.71,-0.98,-1.34,-85.89,-1.01,88.17,26.7,,,,,,,,,,,,,,,,
IMU,16645031.0,2,0.1987,-0.9663,0.0498,-1.16,2.38,-0.67,-86.82,-12.11,87.87,27.6,,,,,,,,,,,,,,,,
IMU,16679289.0,1,0.0146,-0.9902,0.0771,-1.71,-0.98,-1.34,-85.89,-1.01,88.17,26.7,,,,,,,,,,,,,,,,
IMU,16744962.0,2,0.207,-0.9795,0.0454,-1.59,-4.94,-2.38,-87.02,-12.3,88.06,27.6,,,,,,,,,,,,,,,,
IMU,16779498.0,1,0.0146,-1.0024,0.0635,-2.81,-1.95,-1.95,-86.17,-1.23,88.49,26.8,,,,,,,,,,,,,,,,
IMU,16744962.0,2,0.207,-0.9795,0.0454,-1.59,-4.94,-2.38,-87.02,-12.3,88.06,27.6,,,,,,,,,,,,,,,,
IMU,16779498.0,1,0.0146,-1.0024,0.0635,-2.81,-1.95,-1.95,-86.17,-1.23,88.49,26.8,,,,,,,,,,,,,,,,
IMU,16844899.0,2,0.209,-0.9819,0.0532,0.43,0.49,-0.92,-87.12,-12.45,88.19,27.6,,,,,,,,,,,,,,,,
IMU,16879691.0,1,0.0352,-0.9985,0.0664,1.89,1.1,0.61,-86.11,-1.31,88.52,26.8,,,,,,,,,,,,,,,,
IMU,16844899.0,2,0.209,-0.9819,0.0532,0.43,0.49,-0.92,-87.12,-12.45,88.19,27.6,,,,,,,,,,,,,,,,
IMU,16879691.0,1,0.0352,-0.9985,0.0664,1.89,1.1,0.61,-86.11,-1.31,88.52,26.8,,,,,,,,,,,,,,,,
IMU,16844899.0,2,0.209,-0.9819,0.0532,0.43,0.49,-0.92,-87.12,-12.45,88.19,27.6,,,,,,,,,,,,,,,,
IMU,16879691.0,1,0.0352,-0.9985,0.0664,1.89,1.1,0.61,-86.11,-1.31,88.52,26.8,,,,,,,,,,,,,,,,
IMU,16944822.0,2,0.2153,-0.9771,0.0527,0.12,2.75,0.79,-86.98,-12.33,87.98,27.7,,,,,,,,,,,,,,,,
IMU,16979890.0,1,0.0181,-1.0034,0.0757,1.16,2.99,-0.73,-85.99,-1.24,88.31,26.8,,,,,,,,,,,,,,,,
IMU,16944822.0,2,0.2153,-0.9771,0.0527,0.12,2.75,0.79,-86.98,-12.33,87.98,27.7,,,,,,,,,,,,,,,,
IMU,16979890.0,1,0.0181,-1.0034,0.0757,1.16,2.99,-0.73,-85.99,-1.24,88.31,26.8,,,,,,,,,,,,,,,,
IMU,17044760.0,2,0.2124,-0.9844,0.0474,-0.67,-0.67,-2.56,-87.03,-12.41,87.79,27.6,,,,,,,,,,,,,,,,
IMU,17080104.0,1,0.0273,-0.9917,0.0654,0.43,-1.4,-2.87,-86.09,-1.42,88.28,26.7,,,,,,,,,,,,,,,,
IMU,17044760.0,2,0.2124,-0.9844,0.0474,-0.67,-0.67,-2.56,-87.03,-12.41,87.79,27.6,,,,,,,,,,,,,,,,
IMU,17080104.0,1,0.0273,-0.9917,0.0654,0.43,-1.4,-2.87,-86.09,-1.42,88.28,26.7,,,,,,,,,,,,,,,,
IMU,17044760.0,2,0.2124,-0.9844,0.0474,-0.67,-0.67,-2.56,-87.03,-12.41,87.79,27.6,,,,,,,,,,,,,,,,
IMU,17080104.0,1,0.0273,-0.9917,0.0654,0.43,-1.4,-2.87,-86.09,-1.42,88.28,26.7,,,,,,,,,,,,,,,,
IMU,17144691.0,2,0.2002,-0.9731,0.0542,1.34,0.43,-1.53,-87.07,-12.66,87.8,27.6,,,,,,,,,,,,,,,,
IMU,17180285.0,1,0.0181,-0.9956,0.0703,1.89,-1.89,-1.83,-86.06,-1.62,88.3,26.7,,,,,,,,,,,,,,,,
IMU,17144691.0,2,0.2002,-0.9731,0.0542,1.34,0.43,-1.53,-87.07,-12.66,87.8,27.6,,,,,,,,,,,,,,,,
IMU,17180285.0,1,0.0181,-0.9956,0.0703,1.89,-1.89,-1.83,-86.06,-1.62,88.3,26.7,,,,,,,,,,,,,,,,
IMU,17244619.0,2,0.2134,-0.9648,0.0439,2.08,3.48,-2.87,-86.91,-12.86,87.72,27.8,,,,,,,,,,,,,,,,
IMU,17280482.0,1,0.0337,-0.9976,0.0791,1.22,-0.73,-2.62,-85.89,-1.87,88.23,26.8,,,,,,,,,,,,,,,,
IMU,17244619.0,2,0.2134,-0.9648,0.0439,2.08,3.48,-2.87,-86.91,-12.86,87.72,27.8,,,,,,,,,,,,,,,,
IMU,17280482.0,1,0.0337,-0.9976,0.0791,1.22,-0.73,-2.62,-85.89,-1.87,88.23,26.8,,,,,,,,,,,,,,,,
IMU,17244619.0,2,0.2134,-0.9648,0.0439,2.08,3.48,-2.87,-86.91,-12.86,87.72,27.8,,,,,,,,,,,,,,,,
IMU,17280482.0,1,0.0337,-0.9976,0.0791,1.22,-0.73,-2.62,-85.89,-1.87,88.23,26.8,,,,,,,,,,,,,,,,
IMU,17344540.0,2,0.2236,-0.9775,0.0454,0.67,-2.93,-2.81,-86.83,-13.12,87.91,27.6,,,,,,,,,,,,,,,,
IMU,17380679.0,1,0.0537,-1.0049,0.0762,-0.43,0.61,-1.28,-85.89,-2.13,88.52,26.9,,,,,,,,,,,,,,,,
IMU,17344540.0,2,0.2236,-0.9775,0.0454,0.67,-2.93,-2.81,-86.83,-13.12,87.91,27.6,,,,,,,,,,,,,,,,
IMU,17380679.0,1,0.0537,-1.0049,0.0762,-0.43,0.61,-1.28,-85.89,-2.13,88.52,26.9,,,,,,,,,,,,,,,,
IMU,17444464.0,2,0.2397,-0.9834,0.0361,-0.55,-7.87,-1.77,-86.93,-13.3,88.11,27.6,,,,,,,,,,,,,,,,
IMU,17480864.0,1,0.0317,-1.0068,0.0674,-3.72,-11.9,-4.33,-86.05,-2.32,89.04,26.7,,,,,,,,,,,,,,,,
IMU,17444464.0,2,0.2397,-0.9834,0.0361,-0.55,-7.87,-1.77,-86.93,-13.3,88.11,27.6,,,,,,,,,,,,,,,,
IMU,17480864.0,1,0.0317,-1.0068,0.0674,-3.72,-11.9,-4.33,-86.05,-2.32,89.04,26.7,,,,,,,,,,,,,,,,
IMU,17444464.0,2,0.2397,-0.9834,0.0361,-0.55,-7.87,-1.77,-86.93,-13.3,88.11,27.6,,,,,,,,,,,,,,,,
IMU,17480864.0,1,0.0317,-1.0068,0.0674,-3.72,-11.9,-4.33,-86.05,-2.32,89.04,26.7,,,,,,,,,,,,,,,,
IMU,17544419.0,2,0.2783,-0.98,0.0039,-1.83,-34.67,-13.55,-87.5,-14.19,90.02,27.6,,,,,,,,,,,,,,,,
IMU,17581063.0,1,0.0649,-0.9858,0.0635,-15.62,-34.42,3.54,-87.06,-2.87,91.74,26.7,,,,,,,,,,,,,,,,
IMU,17544419.0,2,0.2783,-0.98,0.0039,-1.83,-34.67,-13.55,-87.5,-14.19,90.02,27.6,,,,,,,,,,,,,,,,
IMU,17581063.0,1,0.0649,-0.9858,0.0635,-15.62,-34.42,3.54,-87.06,-2.87,91.74,26.7,,,,,,,,,,,,,,,,
IMU,17644344.0,2,0.2378,-0.958,0.0396,-9.34,-24.23,-47.91,-89.0,-17.52,93.04,27.6,,,,,,,,,,,,,,,,
IMU,17681262.0,1,-0.0337,-0.9678,0.0103,-17.09,-20.39,44.98,-88.87,0.08,93.92,26.9,,,,,,,,,,,,,,,,
IMU,17644344.0,2,0.2378,-0.958,0.0396,-9.34,-24.23,-47.91,-89.0,-17.52,93.04,27.6,,,,,,,,,,,,,,,,
IMU,17681262.0,1,-0.0337,-0.9678,0.0103,-17.09,-20.39,44.98,-88.87,0.08,93.92,26.9,,,,,,,,,,,,,,,,
IMU,17644344.0,2,0.2378,-0.958,0.0396,-9.34,-24.23,-47.91,-89.0,-17.52,93.04,27.6,,,,,,,,,,,,,,,,
IMU,17681262.0,1,-0.0337,-0.9678,0.0103,-17.09,-20.39,44.98,-88.87,0.08,93.92,26.9,,,,,,,,,,,,,,,,
IMU,17744269.0,2,0.3901,-0.9346,0.0171,2.26,-19.84,-70.07,-90.19,-23.16,95.51,27.6,,,,,,,,,,,,,,,,
IMU,17781446.0,1,-0.082,-0.9634,-0.0166,-8.97,-25.57,55.97,-89.7,5.09,95.73,26.8,,,,,,,,,,,,,,,,
IMU,17744269.0,2,0.3901,-0.9346,0.0171,2.26,-19.84,-70.07,-90.19,-23.16,95.51,27.6,,,,,,,,,,,,,,,,
IMU,17781446.0,1,-0.082,-0.9634,-0.0166,-8.97,-25.57,55.97,-89.7,5.09,95.73,26.8,,,,,,,,,,,,,,,,
IMU,17844181.0,2,0.5723,-0.8486,-0.0049,13.24,-34.42,-90.33,-90.56,-30.84,98.7,27.6,,,,,,,,,,,,,,,,
IMU,17881663.0,1,-0.2036,-0.9907,-0.0234,-19.1,-35.03,45.41,-90.65,10.23,98.68,26.9,,,,,,,,,,,,,,,,
IMU,17844181.0,2,0.5723,-0.8486,-0.0049,13.24,-34.42,-90.33,-90.56,-30.84,98.7,27.6,,,,,,,,,,,,,,,,
IMU,17881663.0,1,-0.2036,-0.9907,-0.0234,-19.1,-35.03,45.41,-90.65,10.23,98.68,26.9,,,,,,,,,,,,,,,,
IMU,17844181.0,2,0.5723,-0.8486,-0.0049,13.24,-34.42,-90.33,-90.56,-30.84,98.7,27.6,,,,,,,,,,,,,,,,
IMU,17881663.0,1,-0.2036,-0.9907,-0.0234,-19.1,-35.03,45.41,-90.65,10.23,98.68,26.9,,,,,,,,,,,,,,,,
IMU,17944111.0,2,0.6357,-0.7349,-0.0225,13.18,-40.1,-99.06,-92.05,-40.71,103.69,27.5,,,,,,,,,,,,,,,,
IMU,17981838.0,1,-0.2368,-0.9761,-0.0361,-30.46,-23.01,33.02,-92.8,13.85,101.26,26.8,,,,,,,,,,,,,,,,
IMU,17944111.0,2,0.6357,-0.7349,-0.0225,13.18,-40.1,-99.06,-92.05,-40.71,103.69,27.5,,,,,,,,,,,,,,,,
IMU,17981838.0,1,-0.2368,-0.9761,-0.0361,-30.46,-23.01,33.02,-92.8,13.85,101.26,26.8,,,,,,,,,,,,,,,,
IMU,18044047.0,2,0.71,-0.6572,-0.0151,-3.36,-14.71,-44.92,-94.58,-47.31,108.45,27.7,,,,,,,,,,,,,,,,
IMU,18082039.0,1,-0.3159,-0.9995,-0.0957,0.67,11.84,16.42,-94.15,16.36,101.45,26.9,,,,,,,,,,,,,,,,
IMU,18044047.0,2,0.71,-0.6572,-0.0151,-3.36,-14.71,-44.92,-94.58,-47.31,108.45,27.7,,,,,,,,,,,,,,,,
IMU,18082039.0,1,-0.3159,-0.9995,-0.0957,0.67,11.84,16.42,-94.15,16.36,101.45,26.9,,,,,,,,,,,,,,,,
IMU,18044047.0,2,0.71,-0.6572,-0.0151,-3.36,-14.71,-44.92,-94.58,-47.31,108.45,27.7,,,,,,,,,,,,,,,,
IMU,18082039.0,1,-0.3159,-0.9995,-0.0957,0.67,11.84,16.42,-94.15,16.36,101.45,26.9,,,,,,,,,,,,,,,,
IMU,18143981.0,2,0.772,-0.6528,-0.0645,-4.88,22.52,15.56,-94.32,-48.19,107.36,27.6,,,,,,,,,,,,,,,,
IMU,18182239.0,1,-0.2759,-0.9424,-0.0796,12.45,10.5,1.89,-93.26,16.09,100.39,26.8,,,,,,,,,,,,,,,,
IMU,18143981.0,2,0.772,-0.6528,-0.0645,-4.88,22.52,15.56,-94.32,-48.19,107.36,27.6,,,,,,,,,,,,,,,,
IMU,18182239.0,1,-0.2759,-0.9424,-0.0796,12.45,10.5,1.89,-93.26,16.09,100.39,26.8,,,,,,,,,,,,,,,,
IMU,18243921.0,2,0.7422,-0.6611,-0.0806,-0.37,8.97,4.03,-93.21,-47.46,105.21,27.6,,,,,,,,,,,,,,,,
IMU,18282437.0,1,-0.3037,-0.9399,-0.0361,1.89,-2.2,4.64,-92.76,16.48,99.85,26.8,,,,,,,,,,,,,,,,
IMU,18243921.0,2,0.7422,-0.6611,-0.0806,-0.37,8.97,4.03,-93.21,-47.46,105.21,27.6,,,,,,,,,,,,,,,,
IMU,18282437.0,1,-0.3037,-0.9399,-0.0361,1.89,-2.2,4.64,-92.76,16.48,99.85,26.8,,,,,,,,,,,,,,,,
IMU,18243921.0,2,0.7422,-0.6611,-0.0806,-0.37,8.97,4.03,-93.21,-47.46,105.21,27.6,,,,,,,,,,,,,,,,
IMU,18282437.0,1,-0.3037,-0.9399,-0.0361,1.89,-2.2,4.64,-92.76,16.48,99.85,26.8,,,,,,,,,,,,,,,,
IMU,18343842.0,2,0.749,-0.6406,-0.0361,3.3,-0.55,3.78,-92.96,-47.09,104.88,27.5,,,,,,,,,,,,,,,,
IMU,18382629.0,1,-0.3145,-0.938,-0.0371,1.1,-0.06,0.73,-92.72,16.88,100.2,26.7,,,,,,,,,,,,,,,,
IMU,18343842.0,2,0.749,-0.6406,-0.0361,3.3,-0.55,3.78,-92.96,-47.09,104.88,27.5,,,,,,,,,,,,,,,,
IMU,18382629.0,1,-0.3145,-0.938,-0.0371,1.1,-0.06,0.73,-92.72,16.88,100.2,26.7,,,,,,,,,,,,,,,,
IMU,18443773.0,2,0.7383,-0.6509,-0.0371,-0.49,3.11,-1.28,-92.9,-47.18,104.65,27.6,,,,,,,,,,,,,,,,
IMU,18482812.0,1,-0.2939,-0.9512,-0.0347,0.98,-1.65,2.32,-92.61,16.82,100.07,26.8,,,,,,,,,,,,,,,,
IMU,18443773.0,2,0.7383,-0.6509,-0.0371,-0.49,3.11,-1.28,-92.9,-47.18,104.65,27.6,,,,,,,,,,,,,,,,
IMU,18482812.0,1,-0.2939,-0.9512,-0.0347,0.98,-1.65,2.32,-92.61,16.82,100.07,26.8,,,,,,,,,,,,,,,,
IMU,18443773.0,2,0.7383,-0.6509,-0.0371,-0.49,3.11,-1.28,-92.9,-47.18,104.65,27.6,,,,,,,,,,,,,,,,
IMU,18482812.0,1,-0.2939,-0.9512,-0.0347,0.98,-1.65,2.32,-92.61,16.82,100.07,26.8,,,,,,,,,,,,,,,,
IMU,18543702.0,2,0.7466,-0.6626,-0.0239,0.55,3.42,4.03,-92.64,-47.05,104.34,27.6,,,,,,,,,,,,,,,,
IMU,18583003.0,1,-0.3042,-0.9521,-0.0225,6.77,3.54,4.88,-92.3,17.19,100.1,26.8,,,,,,,,,,,,,,,,
IMU,18543702.0,2,0.7466,-0.6626,-0.0239,0.55,3.42,4.03,-92.64,-47.05,104.34,27.6,,,,,,,,,,,,,,,,
IMU,18583003.0,1,-0.3042,-0.9521,-0.0225,6.77,3.54,4.88,-92.3,17.19,100.1,26.8,,,,,,,,,,,,,,,,
IMU,18643626.0,2,0.7393,-0.6685,-0.0366,-1.89,7.32,2.5,-92.04,-46.75,103.26,27.7,,,,,,,,,,,,,,,,
IMU,18683189.0,1,-0.3179,-0.9429,-0.019,3.42,4.52,1.65,-91.9,17.48,99.64,26.9,,,,,,,,,,,,,,,,
IMU,18643626.0,2,0.7393,-0.6685,-0.0366,-1.89,7.32,2.5,-92.04,-46.75,103.26,27.7,,,,,,,,,,,,,,,,
IMU,18683189.0,1,-0.3179,-0.9429,-0.019,3.42,4.52,1.65,-91.9,17.48,99.64,26.9,,,,,,,,,,,,,,,,
IMU,18643626.0,2,0.7393,-0.6685,-0.0366,-1.89,7.32,2.5,-92.04,-46.75,103.26,27.7,,,,,,,,,,,,,,,,
IMU,18683189.0,1,-0.3179,-0.9429,-0.019,3.42,4.52,1.65,-91.9,17.48,99.64,26.9,,,,,,,,,,,,,,,,
IMU,18743548.0,2,0.748,-0.6675,-0.0366,-3.11,4.64,-1.16,-91.83,-46.76,102.45,27.7,,,,,,,,,,,,,,,,
IMU,18783391.0,1,-0.3081,-0.9556,-0.0386,3.05,4.52,-1.28,-91.78,17.46,99.21,26.7,,,,,,,,,,,,,,,,
IMU,18743548.0,2,0.748,-0.6675,-0.0366,-3.11,4.64,-1.16,-91.83,-46.76,102.45,27.7,,,,,,,,,,,,,,,,
IMU,18783391.0,1,-0.3081,-0.9556,-0.0386,3.05,4.52,-1.28,-91.78,17.46,99.21,26.7,,,,,,,,,,,,,,,,
IMU,18843458.0,2,0.731,-0.667,-0.0308,0.67,3.11,4.94,-91.57,-46.78,101.79,27.6,,,,,,,,,,,,,,,,
IMU,18883589.0,1,-0.3018,-0.9302,-0.0786,3.23,-1.28,-7.08,-91.55,17.41,99.16,26.9,,,,,,,,,,,,,,,,
IMU,18843458.0,2,0.731,-0.667,-0.0308,0.67,3.11,4.94,-91.57,-46.78,101.79,27.6,,,,,,,,,,,,,,,,
IMU,18883589.0,1,-0.3018,-0.9302,-0.0786,3.23,-1.28,-7.08,-91.55,17.41,99.16,26.9,,,,,,,,,,,,,,,,
IMU,18843458.0,2,0.731,-0.667,-0.0308,0.67,3.11,4.94,-91.57,-46.78,101.79,27.6,,,,,,,,,,,,,,,,
IMU,18883589.0,1,-0.3018,-0.9302,-0.0786,3.23,-1.28,-7.08,-91.55,17.41,99.16,26.9,,,,,,,,,,,,,,,,
IMU,18943382.0,2,0.7319,-0.6851,-0.0342,-1.65,8.06,3.97,-91.2,-46.11,101.06,27.6,,,,,,,,,,,,,,,,
IMU,18983773.0,1,-0.2871,-0.9341,-0.0684,0.49,-1.71,-8.18,-91.31,16.94,98.98,26.9,,,,,,,,,,,,,,,,
IMU,18943382.0,2,0.7319,-0.6851,-0.0342,-1.65,8.06,3.97,-91.2,-46.11,101.06,27.6,,,,,,,,,,,,,,,,
IMU,18983773.0,1,-0.2871,-0.9341,-0.0684,0.49,-1.71,-8.18,-91.31,16.94,98.98,26.9,,,,,,,,,,,,,,,,
IMU,19043307.0,2,0.7275,-0.6992,-0.0269,2.62,4.33,15.81,-91.1,-45.34,100.81,27.5,,,,,,,,,,,,,,,,
IMU,19083967.0,1,-0.2651,-0.9595,-0.0156,2.56,-4.15,-12.63,-91.17,15.63,99.1,26.8,,,,,,,,,,,,,,,,
IMU,19043307.0,2,0.7275,-0.6992,-0.0269,2.62,4.33,15.81,-91.1,-45.34,100.81,27.5,,,,,,,,,,,,,,,,
IMU,19083967.0,1,-0.2651,-0.9595,-0.0156,2.56,-4.15,-12.63,-91.17,15.63,99.1,26.8,,,,,,,,,,,,,,,,
IMU,19043307.0,2,0.7275,-0.6992,-0.0269,2.62,4.33,15.81,-91.1,-45.34,100.81,27.5,,,,,,,,,,,,,,,,
IMU,19083967.0,1,-0.2651,-0.9595,-0.0156,2.56,-4.15,-12.63,-91.17,15.63,99.1,26.8,,,,,,,,,,,,,,,,
IMU,19143239.0,2,0.6968,-0.7275,0.0005,-0.37,4.82,4.52,-90.69,-44.45,100.31,27.6,,,,,,,,,,,,,,,,
IMU,19184166.0,1,-0.2788,-0.9468,-0.0151,0.37,0.18,7.93,-91.04,15.74,99.06,26.8,,,,,,,,,,,,,,,,
IMU,19143239.0,2,0.6968,-0.7275,0.0005,-0.37,4.82,4.52,-90.69,-44.45,100.31,27.6,,,,,,,,,,,,,,,,
IMU,19184166.0,1,-0.2788,-0.9468,-0.0151,0.37,0.18,7.93,-91.04,15.74,99.06,26.8,,,,,,,,,,,,,,,,
IMU,19243161.0,2,0.6802,-0.7056,0.0034,0.49,2.08,12.27,-90.57,-43.62,100.04,27.7,,,,,,,,,,,,,,,,
IMU,19284354.0,1,-0.3193,-0.9629,-0.0962,4.82,-6.41,-10.62,-90.83,16.36,99.09,26.8,,,,,,,,,,,,,,,,
IMU,19243161.0,2,0.6802,-0.7056,0.0034,0.49,2.08,12.27,-90.57,-43.62,100.04,27.7,,,,,,,,,,,,,,,,
IMU,19284354.0,1,-0.3193,-0.9629,-0.0962,4.82,-6.41,-10.62,-90.83,16.36,99.09,26.8,,,,,,,,,,,,,,,,
IMU,19243161.0,2,0.6802,-0.7056,0.0034,0.49,2.08,12.27,-90.57,-43.62,100.04,27.7,,,,,,,,,,,,,,,,
IMU,19284354.0,1,-0.3193,-0.9629,-0.0962,4.82,-6.41,-10.62,-90.83,16.36,99.09,26.8,,,,,,,,,,,,,,,,
IMU,19343081.0,2,0.7124,-0.7378,0.0166,0.73,18.19,23.8,-89.44,-41.58,98.55,27.6,,,,,,,,,,,,,,,,
IMU,19384551.0,1,-0.2358,-0.9741,-0.0044,16.17,9.46,-26.67,-89.56,14.19,98.55,26.8,,,,,,,,,,,,,,,,
IMU,19343081.0,2,0.7124,-0.7378,0.0166,0.73,18.19,23.8,-89.44,-41.58,98.55,27.6,,,,,,,,,,,,,,,,
IMU,19384551.0,1,-0.2358,-0.9741,-0.0044,16.17,9.46,-26.67,-89.56,14.19,98.55,26.8,,,,,,,,,,,,,,,,
IMU,19443008.0,2,0.5708,-0.7969,0.0015,0.55,13.49,32.1,-88.05,-39.13,96.3,27.5,,,,,,,,,,,,,,,,
IMU,19484717.0,1,-0.2407,-0.9907,0.0962,4.33,6.04,-5.98,-88.7,12.46,97.79,27.0,,,,,,,,,,,,,,,,
IMU,19443008.0,2,0.5708,-0.7969,0.0015,0.55,13.49,32.1,-88.05,-39.13,96.3,27.5,,,,,,,,,,,,,,,,
IMU,19484717.0,1,-0.2407,-0.9907,0.0962,4.33,6.04,-5.98,-88.7,12.46,97.79,27.0,,,,,,,,,,,,,,,,
IMU,19443008.0,2,0.5708,-0.7969,0.0015,0.55,13.49,32.1,-88.05,-39.13,96.3,27.5,,,,,,,,,,,,,,,,
IMU,19484717.0,1,-0.2407,-0.9907,0.0962,4.33,6.04,-5.98,-88.7,12.46,97.79,27.0,,,,,,,,,,,,,,,,
IMU,19542938.0,2,0.5562,-0.8257,0.0537,-2.56,11.6,52.12,-87.63,-34.79,95.27,27.6,,,,,,,,,,,,,,,,
IMU,19584901.0,1,-0.2192,-0.9731,0.0132,13.24,15.87,-5.07,-88.16,12.06,97.13,26.9,,,,,,,,,,,,,,,,
IMU,19542938.0,2,0.5562,-0.8257,0.0537,-2.56,11.6,52.12,-87.63,-34.79,95.27,27.6,,,,,,,,,,,,,,,,
IMU,19584901.0,1,-0.2192,-0.9731,0.0132,13.24,15.87,-5.07,-88.16,12.06,97.13,26.9,,,,,,,,,,,,,,,,
IMU,19642861.0,2,0.5215,-0.8823,0.0244,-8.3,32.35,55.73,-86.91,-29.48,92.82,27.7,,,,,,,,,,,,,,,,
IMU,19685101.0,1,-0.1973,-0.998,0.0552,16.78,29.85,-7.63,-87.0,11.63,94.75,26.9,,,,,,,,,,,,,,,,
IMU,19642861.0,2,0.5215,-0.8823,0.0244,-8.3,32.35,55.73,-86.91,-29.48,92.82,27.7,,,,,,,,,,,,,,,,
IMU,19685101.0,1,-0.1973,-0.998,0.0552,16.78,29.85,-7.63,-87.0,11.63,94.75,26.9,,,,,,,,,,,,,,,,
IMU,19642861.0,2,0.5215,-0.8823,0.0244,-8.3,32.35,55.73,-86.91,-29.48,92.82,27.7,,,,,,,,,,,,,,,,
IMU,19685101.0,1,-0.1973,-0.998,0.0552,16.78,29.85,-7.63,-87.0,11.63,94.75,26.9,,,,,,,,,,,,,,,,
IMU,19742780.0,2,0.3901,-0.897,0.0171,-11.29,13.0,62.19,-86.75,-23.92,89.88,27.6,,,,,,,,,,,,,,,,
IMU,19785299.0,1,-0.2026,-0.9683,0.0283,-4.82,12.57,-11.17,-87.27,10.91,92.83,26.7,,,,,,,,,,,,,,,,
IMU,19742780.0,2,0.3901,-0.897,0.0171,-11.29,13.0,62.19,-86.75,-23.92,89.88,27.6,,,,,,,,,,,,,,,,
IMU,19785299.0,1,-0.2026,-0.9683,0.0283,-4.82,12.57,-11.17,-87.27,10.91,92.83,26.7,,,,,,,,,,,,,,,,
IMU,19842699.0,2,0.2954,-0.9761,0.0059,-18.86,13.98,51.09,-88.04,-18.37,88.8,27.6,,,,,,,,,,,,,,,,
IMU,19885494.0,1,-0.1768,-0.9897,0.0103,-8.0,22.77,-16.48,-88.09,9.46,90.83,26.8,,,,,,,,,,,,,,,,
IMU,19842699.0,2,0.2954,-0.9761,0.0059,-18.86,13.98,51.09,-88.04,-18.37,88.8,27.6,,,,,,,,,,,,,,,,
IMU,19885494.0,1,-0.1768,-0.9897,0.0103,-8.0,22.77,-16.48,-88.09,9.46,90.83,26.8,,,,,,,,,,,,,,,,
IMU,19842699.0,2,0.2954,-0.9761,0.0059,-18.86,13.98,51.09,-88.04,-18.37,88.8,27.6,,,,,,,,,,,,,,,,
IMU,19885494.0,1,-0.1768,-0.9897,0.0103,-8.0,22.77,-16.48,-88.09,9.46,90.83,26.8,,,,,,,,,,,,,,,,
IMU,19942622.0,2,0.1787,-1.0215,-0.0254,-32.53,28.99,46.94,-90.19,-13.84,86.57,27.7,,,,,,,,,,,,,,,,
IMU,19985686.0,1,-0.1577,-0.9849,0.0107,-24.54,13.79,-10.99,-90.16,8.35,87.93,26.8,,,,,,,,,,,,,,,,
IMU,19942622.0,2,0.1787,-1.0215,-0.0254,-32.53,28.99,46.94,-90.19,-13.84,86.57,27.7,,,,,,,,,,,,,,,,
IMU,19985686.0,1,-0.1577,-0.9849,0.0107,-24.54,13.79,-10.99,-90.16,8.35,87.93,26.8,,,,,,,,,,,,,,,,
IMU,20042515.0,2,0.1147,-1.041,0.0625,-1.16,-5.86,43.33,-92.08,-9.88,85.97,27.5,,,,,,,,,,,,,,,,
IMU,20085876.0,1,-0.1694,-1.0029,0.0264,11.66,12.39,6.35,-90.52,8.06,87.7,26.8,,,,,,,,,,,,,,,,
IMU,20042515.0,2,0.1147,-1.041,0.0625,-1.16,-5.86,43.33,-92.08,-9.88,85.97,27.5,,,,,,,,,,,,,,,,
IMU,20085876.0,1,-0.1694,-1.0029,0.0264,11.66,12.39,6.35,-90.52,8.06,87.7,26.8,,,,,,,,,,,,,,,,
IMU,20042515.0,2,0.1147,-1.041,0.0625,-1.16,-5.86,43.33,-92.08,-9.88,85.97,27.5,,,,,,,,,,,,,,,,
IMU,20085876.0,1,-0.1694,-1.0029,0.0264,11.66,12.39,6.35,-90.52,8.06,87.7,26.8,,,,,,,,,,,,,,,,
IMU,20142436.0,2,0.085,-1.0049,-0.0337,9.22,13.0,40.59,-91.13,-6.35,84.79,27.4,,,,,,,,,,,,,,,,
IMU,20186069.0,1,-0.1367,-0.9922,0.0317,14.1,20.63,9.46,-89.39,8.56,86.45,26.9,,,,,,,,,,,,,,,,
IMU,20142436.0,2,0.085,-1.0049,-0.0337,9.22,13.0,40.59,-91.13,-6.35,84.79,27.4,,,,,,,,,,,,,,,,
IMU,20186069.0,1,-0.1367,-0.9922,0.0317,14.1,20.63,9.46,-89.39,8.56,86.45,26.9,,,,,,,,,,,,,,,,
IMU,20242353.0,2,0.1108,-0.9673,0.0,3.6,13.73,43.09,-90.37,-2.8,82.74,27.6,,,,,,,,,,,,,,,,
IMU,20286259.0,1,-0.1338,-1.0059,0.0273,9.83,36.68,-2.87,-88.82,8.62,84.5,27.0,,,,,,,,,,,,,,,,
IMU,20242353.0,2,0.1108,-0.9673,0.0,3.6,13.73,43.09,-90.37,-2.8,82.74,27.6,,,,,,,,,,,,,,,,
IMU,20286259.0,1,-0.1338,-1.0059,0.0273,9.83,36.68,-2.87,-88.82,8.62,84.5,27.0,,,,,,,,,,,,,,,,
IMU,20242353.0,2,0.1108,-0.9673,0.0,3.6,13.73,43.09,-90.37,-2.8,82.74,27.6,,,,,,,,,,,,,,,,
IMU,20286259.0,1,-0.1338,-1.0059,0.0273,9.83,36.68,-2.87,-88.82,8.62,84.5,27.0,,,,,,,,,,,,,,,,
IMU,20342280.0,2,-0.043,-1.0063,-0.0239,-3.97,36.8,31.07,-90.4,0.51,79.38,27.6,,,,,,,,,,,,,,,,
IMU,20386445.0,1,-0.1528,-0.9731,-0.0049,2.44,30.46,-15.99,-88.91,7.48,80.87,26.7,,,,,,,,,,,,,,,,
IMU,20342280.0,2,-0.043,-1.0063,-0.0239,-3.97,36.8,31.07,-90.4,0.51,79.38,27.6,,,,,,,,,,,,,,,,
IMU,20386445.0,1,-0.1528,-0.9731,-0.0049,2.44,30.46,-15.99,-88.91,7.48,80.87,26.7,,,,,,,,,,,,,,,,
IMU,20442204.0,2,-0.1113,-0.9951,-0.0181,3.05,25.94,16.66,-90.65,2.74,76.15,27.7,,,,,,,,,,,,,,,,
IMU,20486654.0,1,-0.1362,-0.9917,0.001,6.1,5.25,0.61,-88.57,6.64,78.73,26.7,,,,,,,,,,,,,,,,
IMU,20442204.0,2,-0.1113,-0.9951,-0.0181,3.05,25.94,16.66,-90.65,2.74,76.15,27.7,,,,,,,,,,,,,,,,
IMU,20486654.0,1,-0.1362,-0.9917,0.001,6.1,5.25,0.61,-88.57,6.64,78.73,26.7,,,,,,,,,,,,,,,,
IMU,20442204.0,2,-0.1113,-0.9951,-0.0181,3.05,25.94,16.66,-90.65,2.74,76.15,27.7,,,,,,,,,,,,,,,,
IMU,20486654.0,1,-0.1362,-0.9917,0.001,6.1,5.25,0.61,-88.57,6.64,78.73,26.7,,,,,,,,,,,,,,,,
IMU,20542124.0,2,-0.0874,-0.9976,0.0122,7.63,3.85,-5.07,-90.25,2.72,75.45,27.6,,,,,,,,,,,,,,,,
IMU,20586838.0,1,-0.0737,-0.9951,0.0425,7.08,8.79,-1.4,-87.97,6.34,78.31,26.8,,,,,,,,,,,,,,,,
IMU,20542124.0,2,-0.0874,-0.9976,0.0122,7.63,3.85,-5.07,-90.25,2.72,75.45,27.6,,,,,,,,,,,,,,,,
IMU,20586838.0,1,-0.0737,-0.9951,0.0425,7.08,8.79,-1.4,-87.97,6.34,78.31,26.8,,,,,,,,,,,,,,,,
IMU,20642031.0,2,-0.0649,-1.0146,0.0278,3.66,-2.2,-5.62,-89.79,2.3,74.83,27.6,,,,,,,,,,,,,,,,
IMU,20687039.0,1,-0.0957,-0.9922,0.0449,6.53,9.89,-2.99,-87.63,6.11,77.98,27.0,,,,,,,,,,,,,,,,
IMU,20642031.0,2,-0.0649,-1.0146,0.0278,3.66,-2.2,-5.62,-89.79,2.3,74.83,27.6,,,,,,,,,,,,,,,,
IMU,20687039.0,1,-0.0957,-0.9922,0.0449,6.53,9.89,-2.99,-87.63,6.11,77.98,27.0,,,,,,,,,,,,,,,,
IMU,20642031.0,2,-0.0649,-1.0146,0.0278,3.66,-2.2,-5.62,-89.79,2.3,74.83,27.6,,,,,,,,,,,,,,,,
IMU,20687039.0,1,-0.0957,-0.9922,0.0449,6.53,9.89,-2.99,-87.63,6.11,77.98,27.0,,,,,,,,,,,,,,,,
IMU,20741951.0,2,-0.0518,-0.9946,-0.0166,0.31,4.27,-2.32,-89.56,1.91,74.13,27.6,,,,,,,,,,,,,,,,
IMU,20787237.0,1,-0.0933,-0.9873,0.0361,-0.24,3.05,-3.54,-87.54,5.81,77.4,27.0,,,,,,,,,,,,,,,,
IMU,20741951.0,2,-0.0518,-0.9946,-0.0166,0.31,4.27,-2.32,-89.56,1.91,74.13,27.6,,,,,,,,,,,,,,,,
IMU,20787237.0,1,-0.0933,-0.9873,0.0361,-0.24,3.05,-3.54,-87.54,5.81,77.4,27.0,,,,,,,,,,,,,,,,
IMU,20841868.0,2,-0.0522,-0.9941,0.0015,0.43,7.57,-2.75,-89.64,1.68,73.65,27.6,,,,,,,,,,,,,,,,
IMU,20887423.0,1,-0.0879,-0.9956,0.0586,0.0,-2.44,-2.75,-87.53,5.52,76.98,26.8,,,,,,,,,,,,,,,,
IMU,20841868.0,2,-0.0522,-0.9941,0.0015,0.43,7.57,-2.75,-89.64,1.68,73.65,27.6,,,,,,,,,,,,,,,,
IMU,20887423.0,1,-0.0879,-0.9956,0.0586,0.0,-2.44,-2.75,-87.53,5.52,76.98,26.8,,,,,,,,,,,,,,,,
IMU,20841868.0,2,-0.0522,-0.9941,0.0015,0.43,7.57,-2.75,-89.64,1.68,73.65,27.6,,,,,,,,,,,,,,,,
IMU,20887423.0,1,-0.0879,-0.9956,0.0586,0.0,-2.44,-2.75,-87.53,5.52,76.98,26.8,,,,,,,,,,,,,,,,
IMU,20941801.0,2,-0.0532,-0.9922,0.0034,-0.37,4.58,-1.89,-89.57,1.54,73.55,27.7,,,,,,,,,,,,,,,,
IMU,20987636.0,1,-0.0923,-0.9985,0.0337,1.89,6.71,-0.85,-87.47,5.35,76.68,26.8,,,,,,,,,,,,,,,,
IMU,20941801.0,2,-0.0532,-0.9922,0.0034,-0.37,4.58,-1.89,-89.57,1.54,73.55,27.7,,,,,,,,,,,,,,,,
IMU,20987636.0,1,-0.0923,-0.9985,0.0337,1.89,6.71,-0.85,-87.47,5.35,76.68,26.8,,,,,,,,,,,,,,,,
IMU,21041717.0,2,-0.0381,-1.0015,0.021,7.69,-1.71,-2.08,-89.24,1.53,73.08,27.7,,,,,,,,,,,,,,,,
IMU,21087823.0,1,-0.0732,-1.0093,0.0508,10.56,3.05,-5.0,-86.8,5.16,76.6,26.8,,,,,,,,,,,,,,,,
IMU,21041717.0,2,-0.0381,-1.0015,0.021,7.69,-1.71,-2.08,-89.24,1.53,73.08,27.7,,,,,,,,,,,,,,,,
IMU,21087823.0,1,-0.0732,-1.0093,0.0508,10.56,3.05,-5.0,-86.8,5.16,76.6,26.8,,,,,,,,,,,,,,,,
IMU,21041717.0,2,-0.0381,-1.0015,0.021,7.69,-1.71,-2.08,-89.24,1.53,73.08,27.7,,,,,,,,,,,,,,,,
IMU,21087823.0,1,-0.0732,-1.0093,0.0508,10.56,3.05,-5.0,-86.8,5.16,76.6,26.8,,,,,,,,,,,,,,,,
IMU,21141665.0,2,-0.0054,-1.0186,0.0601,15.99,14.16,-6.29,-87.96,1.13,72.44,27.6,,,,,,,,,,,,,,,,
IMU,21188029.0,1,-0.0503,-0.9907,0.1016,12.88,12.76,-7.45,-85.32,4.5,75.47,26.8,,,,,,,,,,,,,,,,
IMU,21141665.0,2,-0.0054,-1.0186,0.0601,15.99,14.16,-6.29,-87.96,1.13,72.44,27.6,,,,,,,,,,,,,,,,
IMU,21188029.0,1,-0.0503,-0.9907,0.1016,12.88,12.76,-7.45,-85.32,4.5,75.47,26.8,,,,,,,,,,,,,,,,
IMU,21241575.0,2,-0.0396,-0.9795,0.0308,3.78,8.91,-6.1,-86.97,0.61,71.14,27.6,,,,,,,,,,,,,,,,
IMU,21288213.0,1,-0.0947,-0.978,0.0693,4.27,11.9,-10.86,-84.9,3.82,74.42,26.8,,,,,,,,,,,,,,,,
IMU,21241575.0,2,-0.0396,-0.9795,0.0308,3.78,8.91,-6.1,-86.97,0.61,71.14,27.6,,,,,,,,,,,,,,,,
IMU,21288213.0,1,-0.0947,-0.978,0.0693,4.27,11.9,-10.86,-84.9,3.82,74.42,26.8,,,,,,,,,,,,,,,,
IMU,21241575.0,2,-0.0396,-0.9795,0.0308,3.78,8.91,-6.1,-86.97,0.61,71.14,27.6,,,,,,,,,,,,,,,,
IMU,21288213.0,1,-0.0947,-0.978,0.0693,4.27,11.9,-10.86,-84.9,3.82,74.42,26.8,,,,,,,,,,,,,,,,
IMU,21341488.0,2,-0.02,-0.9907,0.0479,4.52,12.94,-11.11,-86.72,-0.23,69.92,27.5,,,,,,,,,,,,,,,,
IMU,21388398.0,1,-0.0464,-0.9951,0.082,8.97,6.84,-14.04,-84.53,2.78,73.22,26.8,,,,,,,,,,,,,,,,
IMU,21341488.0,2,-0.02,-0.9907,0.0479,4.52,12.94,-11.11,-86.72,-0.23,69.92,27.5,,,,,,,,,,,,,,,,
IMU,21388398.0,1,-0.0464,-0.9951,0.082,8.97,6.84,-14.04,-84.53,2.78,73.22,26.8,,,,,,,,,,,,,,,,
IMU,21441421.0,2,0.0293,-0.9937,0.0601,13.18,13.61,-17.15,-85.74,-1.48,68.75,27.7,,,,,,,,,,,,,,,,
IMU,21488595.0,1,-0.0073,-0.9648,0.1226,11.84,26.31,-17.46,-83.53,1.3,71.76,26.8,,,,,,,,,,,,,,,,
IMU,21441421.0,2,0.0293,-0.9937,0.0601,13.18,13.61,-17.15,-85.74,-1.48,68.75,27.7,,,,,,,,,,,,,,,,
IMU,21488595.0,1,-0.0073,-0.9648,0.1226,11.84,26.31,-17.46,-83.53,1.3,71.76,26.8,,,,,,,,,,,,,,,,
IMU,21441421.0,2,0.0293,-0.9937,0.0601,13.18,13.61,-17.15,-85.74,-1.48,68.75,27.7,,,,,,,,,,,,,,,,
IMU,21488595.0,1,-0.0073,-0.9648,0.1226,11.84,26.31,-17.46,-83.53,1.3,71.76,26.8,,,,,,,,,,,,,,,,
IMU,21541350.0,2,-0.02,-0.9976,0.1055,13.61,11.78,-10.56,-84.29,-2.67,66.25,27.5,,,,,,,,,,,,,,,,
IMU,21588765.0,1,-0.0195,-0.9956,0.1475,7.57,-10.31,-6.71,-82.39,0.24,70.58,26.7,,,,,,,,,,,,,,,,
IMU,21541350.0,2,-0.02,-0.9976,0.1055,13.61,11.78,-10.56,-84.29,-2.67,66.25,27.5,,,,,,,,,,,,,,,,
IMU,21588765.0,1,-0.0195,-0.9956,0.1475,7.57,-10.31,-6.71,-82.39,0.24,70.58,26.7,,,,,,,,,,,,,,,,
IMU,21641270.0,2,0.0483,-1.0005,0.0938,7.51,-4.52,-5.19,-83.33,-3.22,66.69,27.6,,,,,,,,,,,,,,,,
IMU,21688950.0,1,0.0273,-1.0229,0.1582,8.3,-4.7,-5.8,-81.74,-0.35,71.09,26.8,,,,,,,,,,,,,,,,
IMU,21641270.0,2,0.0483,-1.0005,0.0938,7.51,-4.52,-5.19,-83.33,-3.22,66.69,27.6,,,,,,,,,,,,,,,,
IMU,21688950.0,1,0.0273,-1.0229,0.1582,8.3,-4.7,-5.8,-81.74,-0.35,71.09,26.8,,,,,,,,,,,,,,,,
IMU,21641270.0,2,0.0483,-1.0005,0.0938,7.51,-4.52,-5.19,-83.33,-3.22,66.69,27.6,,,,,,,,,,,,,,,,
IMU,21688950.0,1,0.0273,-1.0229,0.1582,8.3,-4.7,-5.8,-81.74,-0.35,71.09,26.8,,,,,,,,,,,,,,,,
IMU,21741200.0,2,0.064,-0.9976,0.123,7.75,-4.94,-2.75,-82.52,-3.6,67.06,27.6,,,,,,,,,,,,,,,,
IMU,21789143.0,1,0.0332,-0.9941,0.1646,5.25,-0.37,-3.6,-81.09,-0.77,71.47,26.8,,,,,,,,,,,,,,,,
IMU,21741200.0,2,0.064,-0.9976,0.123,7.75,-4.94,-2.75,-82.52,-3.6,67.06,27.6,,,,,,,,,,,,,,,,
IMU,21789143.0,1,0.0332,-0.9941,0.1646,5.25,-0.37,-3.6,-81.09,-0.77,71.47,26.8,,,,,,,,,,,,,,,,
IMU,21841124.0,2,0.0703,-0.9854,0.1484,5.86,1.04,-3.48,-81.96,-3.86,67.06,27.5,,,,,,,,,,,,,,,,
IMU,21889316.0,1,0.0366,-0.9863,0.1597,6.59,0.85,-6.84,-80.56,-1.2,71.33,26.8,,,,,,,,,,,,,,,,
IMU,21841124.0,2,0.0703,-0.9854,0.1484,5.86,1.04,-3.48,-81.96,-3.86,67.06,27.5,,,,,,,,,,,,,,,,
IMU,21889316.0,1,0.0366,-0.9863,0.1597,6.59,0.85,-6.84,-80.56,-1.2,71.33,26.8,,,,,,,,,,,,,,,,
IMU,21841124.0,2,0.0703,-0.9854,0.1484,5.86,1.04,-3.48,-81.96,-3.86,67.06,27.5,,,,,,,,,,,,,,,,
IMU,21889316.0,1,0.0366,-0.9863,0.1597,6.59,0.85,-6.84,-80.56,-1.2,71.33,26.8,,,,,,,,,,,,,,,,
IMU,21941042.0,2,0.1006,-0.9751,0.1694,7.69,2.81,-10.07,-81.27,-4.48,66.75,27.6,,,,,,,,,,,,,,,,
IMU,21989512.0,1,0.0508,-0.9912,0.1768,7.87,8.42,-9.03,-79.9,-2.04,70.82,26.9,,,,,,,,,,,,,,,,
IMU,21941042.0,2,0.1006,-0.9751,0.1694,7.69,2.81,-10.07,-81.27,-4.48,66.75,27.6,,,,,,,,,,,,,,,,
IMU,21989512.0,1,0.0508,-0.9912,0.1768,7.87,8.42,-9.03,-79.9,-2.04,70.82,26.9,,,,,,,,,,,,,,,,
IMU,22040961.0,2,0.0674,-0.9858,0.1611,6.53,1.22,-5.62,-80.55,-5.19,66.07,27.7,,,,,,,,,,,,,,,,
IMU,22089699.0,1,0.0479,-0.9839,0.1846,7.81,2.44,-2.56,-79.35,-2.55,70.47,26.7,,,,,,,,,,,,,,,,
IMU,22040961.0,2,0.0674,-0.9858,0.1611,6.53,1.22,-5.62,-80.55,-5.19,66.07,27.7,,,,,,,,,,,,,,,,
IMU,22089699.0,1,0.0479,-0.9839,0.1846,7.81,2.44,-2.56,-79.35,-2.55,70.47,26.7,,,,,,,,,,,,,,,,
IMU,22040961.0,2,0.0674,-0.9858,0.1611,6.53,1.22,-5.62,-80.55,-5.19,66.07,27.7,,,,,,,,,,,,,,,,
IMU,22089699.0,1,0.0479,-0.9839,0.1846,7.81,2.44,-2.56,-79.35,-2.55,70.47,26.7,,,,,,,,,,,,,,,,
IMU,22140875.0,2,0.0732,-0.9785,0.144,3.54,-6.53,-1.95,-80.0,-5.41,66.07,27.5,,,,,,,,,,,,,,,,
IMU,22189899.0,1,0.0474,-0.9712,0.1973,1.22,-1.34,-2.01,-78.98,-2.81,70.83,26.8,,,,,,,,,,,,,,,,
IMU,22140875.0,2,0.0732,-0.9785,0.144,3.54,-6.53,-1.95,-80.0,-5.41,66.07,27.5,,,,,,,,,,,,,,,,
IMU,22189899.0,1,0.0474,-0.9712,0.1973,1.22,-1.34,-2.01,-78.98,-2.81,70.83,26.8,,,,,,,,,,,,,,,,
IMU,22240818.0,2,0.0942,-0.9771,0.1826,1.95,2.81,-2.44,-79.82,-5.55,66.15,27.7,,,,,,,,,,,,,,,,
IMU,22290106.0,1,0.0591,-0.9785,0.2104,2.93,-6.9,-2.99,-78.83,-3.07,70.83,27.0,,,,,,,,,,,,,,,,
IMU,22240818.0,2,0.0942,-0.9771,0.1826,1.95,2.81,-2.44,-79.82,-5.55,66.15,27.7,,,,,,,,,,,,,,,,
IMU,22290106.0,1,0.0591,-0.9785,0.2104,2.93,-6.9,-2.99,-78.83,-3.07,70.83,27.0,,,,,,,,,,,,,,,,
IMU,22240818.0,2,0.0942,-0.9771,0.1826,1.95,2.81,-2.44,-79.82,-5.55,66.15,27.7,,,,,,,,,,,,,,,,
IMU,22290106.0,1,0.0591,-0.9785,0.2104,2.93,-6.9,-2.99,-78.83,-3.07,70.83,27.0,,,,,,,,,,,,,,,,
IMU,22340719.0,2,0.0869,-0.9746,0.1802,3.3,-9.34,-0.98,-79.52,-5.86,66.63,27.4,,,,,,,,,,,,,,,,
IMU,22390287.0,1,0.0498,-0.9849,0.2124,1.53,-13.12,-0.92,-78.58,-3.41,71.86,26.9,,,,,,,,,,,,,,,,
IMU,22340719.0,2,0.0869,-0.9746,0.1802,3.3,-9.34,-0.98,-79.52,-5.86,66.63,27.4,,,,,,,,,,,,,,,,
IMU,22390287.0,1,0.0498,-0.9849,0.2124,1.53,-13.12,-0.92,-78.58,-3.41,71.86,26.9,,,,,,,,,,,,,,,,
IMU,22440659.0,2,0.1104,-0.9839,0.1797,2.81,-5.31,-1.83,-79.34,-6.13,67.61,27.4,,,,,,,,,,,,,,,,
IMU,22490469.0,1,0.0781,-0.978,0.1992,4.7,1.83,-0.73,-78.23,-3.63,72.36,26.9,,,,,,,,,,,,,,,,
IMU,22440659.0,2,0.1104,-0.9839,0.1797,2.81,-5.31,-1.83,-79.34,-6.13,67.61,27.4,,,,,,,,,,,,,,,,
IMU,22490469.0,1,0.0781,-0.978,0.1992,4.7,1.83,-0.73,-78.23,-3.63,72.36,26.9,,,,,,,,,,,,,,,,
IMU,22440659.0,2,0.1104,-0.9839,0.1797,2.81,-5.31,-1.83,-79.34,-6.13,67.61,27.4,,,,,,,,,,,,,,,,
IMU,22490469.0,1,0.0781,-0.978,0.1992,4.7,1.83,-0.73,-78.23,-3.63,72.36,26.9,,,,,,,,,,,,,,,,
IMU,22540585.0,2,0.1099,-0.9839,0.1807,2.75,7.14,-9.89,-78.95,-6.6,67.22,27.6,,,,,,,,,,,,,,,,
IMU,22590670.0,1,0.0386,-0.9844,0.2119,1.71,-16.3,5.68,-77.9,-2.67,72.37,26.8,,,,,,,,,,,,,,,,
IMU,22540585.0,2,0.1099,-0.9839,0.1807,2.75,7.14,-9.89,-78.95,-6.6,67.22,27.6,,,,,,,,,,,,,,,,
IMU,22590670.0,1,0.0386,-0.9844,0.2119,1.71,-16.3,5.68,-77.9,-2.67,72.37,26.8,,,,,,,,,,,,,,,,
IMU,22640507.0,2,0.1318,-0.9653,0.1724,2.14,-1.59,-3.54,-78.77,-7.59,67.7,27.6,,,,,,,,,,,,,,,,
IMU,22690854.0,1,0.0786,-0.9888,0.2285,3.91,6.04,-2.81,-77.66,-2.95,72.53,27.0,,,,,,,,,,,,,,,,
IMU,22640507.0,2,0.1318,-0.9653,0.1724,2.14,-1.59,-3.54,-78.77,-7.59,67.7,27.6,,,,,,,,,,,,,,,,
IMU,22690854.0,1,0.0786,-0.9888,0.2285,3.91,6.04,-2.81,-77.66,-2.95,72.53,27.0,,,,,,,,,,,,,,,,
IMU,22640507.0,2,0.1318,-0.9653,0.1724,2.14,-1.59,-3.54,-78.77,-7.59,67.7,27.6,,,,,,,,,,,,,,,,
IMU,22690854.0,1,0.0786,-0.9888,0.2285,3.91,6.04,-2.81,-77.66,-2.95,72.53,27.0,,,,,,,,,,,,,,,,
IMU,22740438.0,2,0.144,-0.9634,0.2017,2.69,-2.2,-2.75,-78.39,-7.76,67.25,27.5,,,,,,,,,,,,,,,,
IMU,22791052.0,1,0.0513,-0.9634,0.2378,0.06,0.92,-3.23,-77.32,-3.26,72.5,26.8,,,,,,,,,,,,,,,,
IMU,22740438.0,2,0.144,-0.9634,0.2017,2.69,-2.2,-2.75,-78.39,-7.76,67.25,27.5,,,,,,,,,,,,,,,,
IMU,22791052.0,1,0.0513,-0.9634,0.2378,0.06,0.92,-3.23,-77.32,-3.26,72.5,26.8,,,,,,,,,,,,,,,,
IMU,22840358.0,2,0.1431,-0.9536,0.2217,0.37,-2.5,-5.43,-78.21,-8.1,67.25,27.6,,,,,,,,,,,,,,,,
IMU,22891244.0,1,0.0562,-0.9531,0.2534,-2.62,11.6,-6.65,-77.37,-3.76,72.21,26.9,,,,,,,,,,,,,,,,
IMU,22840358.0,2,0.1431,-0.9536,0.2217,0.37,-2.5,-5.43,-78.21,-8.1,67.25,27.6,,,,,,,,,,,,,,,,
IMU,22891244.0,1,0.0562,-0.9531,0.2534,-2.62,11.6,-6.65,-77.37,-3.76,72.21,26.9,,,,,,,,,,,,,,,,
IMU,22840358.0,2,0.1431,-0.9536,0.2217,0.37,-2.5,-5.43,-78.21,-8.1,67.25,27.6,,,,,,,,,,,,,,,,
IMU,22891244.0,1,0.0562,-0.9531,0.2534,-2.62,11.6,-6.65,-77.37,-3.76,72.21,26.9,,,,,,,,,,,,,,,,
IMU,22940281.0,2,0.1655,-0.9536,0.2217,-3.66,-6.77,-10.68,-78.32,-8.78,66.8,27.6,,,,,,,,,,,,,,,,
IMU,22991437.0,1,0.0903,-0.9766,0.2124,-6.16,-11.6,-10.93,-78.12,-4.77,72.59,26.9,,,,,,,,,,,,,,,,
IMU,22940281.0,2,0.1655,-0.9536,0.2217,-3.66,-6.77,-10.68,-78.32,-8.78,66.8,27.6,,,,,,,,,,,,,,,,
IMU,22991437.0,1,0.0903,-0.9766,0.2124,-6.16,-11.6,-10.93,-78.12,-4.77,72.59,26.9,,,,,,,,,,,,,,,,
IMU,23040211.0,2,0.1724,-0.9951,0.2148,-1.71,-2.75,-7.14,-78.82,-9.99,67.53,27.6,,,,,,,,,,,,,,,,
IMU,23091621.0,1,0.1172,-1.0044,0.208,1.16,0.0,-2.62,-78.38,-5.47,72.76,26.9,,,,,,,,,,,,,,,,
IMU,23040211.0,2,0.1724,-0.9951,0.2148,-1.71,-2.75,-7.14,-78.82,-9.99,67.53,27.6,,,,,,,,,,,,,,,,
IMU,23091621.0,1,0.1172,-1.0044,0.208,1.16,0.0,-2.62,-78.38,-5.47,72.76,26.9,,,,,,,,,,,,,,,,
IMU,23040211.0,2,0.1724,-0.9951,0.2148,-1.71,-2.75,-7.14,-78.82,-9.99,67.53,27.6,,,,,,,,,,,,,,,,
IMU,23091621.0,1,0.1172,-1.0044,0.208,1.16,0.0,-2.62,-78.38,-5.47,72.76,26.9,,,,,,,,,,,,,,,,
IMU,23140146.0,2,0.1855,-0.9819,0.1953,0.98,-0.98,0.12,-78.77,-10.2,67.52,27.6,,,,,,,,,,,,,,,,
IMU,23191808.0,1,0.104,-0.9785,0.2061,0.61,2.75,-1.1,-78.34,-5.55,72.77,26.8,,,,,,,,,,,,,,,,
IMU,23140146.0,2,0.1855,-0.9819,0.1953,0.98,-0.98,0.12,-78.77,-10.2,67.52,27.6,,,,,,,,,,,,,,,,
IMU,23191808.0,1,0.104,-0.9785,0.2061,0.61,2.75,-1.1,-78.34,-5.55,72.77,26.8,,,,,,,,,,,,,,,,
IMU,23240074.0,2,0.1748,-0.959,0.1851,-0.43,-0.06,-0.31,-78.74,-10.21,67.42,27.6,,,,,,,,,,,,,,,,
IMU,23292003.0,1,0.1035,-0.9648,0.2007,0.37,-0.24,0.43,-78.28,-5.58,72.71,26.8,,,,,,,,,,,,,,,,
IMU,23240074.0,2,0.1748,-0.959,0.1851,-0.43,-0.06,-0.31,-78.74,-10.21,67.42,27.6,,,,,,,,,,,,,,,,
IMU,23292003.0,1,0.1035,-0.9648,0.2007,0.37,-0.24,0.43,-78.28,-5.58,72.71,26.8,,,,,,,,,,,,,,,,
IMU,23240074.0,2,0.1748,-0.959,0.1851,-0.43,-0.06,-0.31,-78.74,-10.21,67.42,27.6,,,,,,,,,,,,,,,,
IMU,23292003.0,1,0.1035,-0.9648,0.2007,0.37,-0.24,0.43,-78.28,-5.58,72.71,26.8,,,,,,,,,,,,,,,,
IMU,23339982.0,2,0.1694,-0.9551,0.1953,0.73,2.87,1.46,-78.7,-10.14,67.38,27.6,,,,,,,,,,,,,,,,
IMU,23392192.0,1,0.105,-0.9688,0.2119,2.75,5.49,2.14,-78.0,-5.43,72.47,26.8,,,,,,,,,,,,,,,,
IMU,23339982.0,2,0.1694,-0.9551,0.1953,0.73,2.87,1.46,-78.7,-10.14,67.38,27.6,,,,,,,,,,,,,,,,
IMU,23392192.0,1,0.105,-0.9688,0.2119,2.75,5.49,2.14,-78.0,-5.43,72.47,26.8,,,,,,,,,,,,,,,,
IMU,23439927.0,2,0.1831,-0.9663,0.186,0.55,4.46,2.56,-78.5,-9.8,66.9,27.6,,,,,,,,,,,,,,,,
IMU,23492398.0,1,0.0928,-0.9873,0.2104,1.4,-2.99,0.79,-77.79,-5.22,72.24,27.0,,,,,,,,,,,,,,,,
IMU,23439927.0,2,0.1831,-0.9663,0.186,0.55,4.46,2.56,-78.5,-9.8,66.9,27.6,,,,,,,,,,,,,,,,
IMU,23492398.0,1,0.0928,-0.9873,0.2104,1.4,-2.99,0.79,-77.79,-5.22,72.24,27.0,,,,,,,,,,,,,,,,
IMU,23439927.0,2,0.1831,-0.9663,0.186,0.55,4.46,2.56,-78.5,-9.8,66.9,27.6,,,,,,,,,,,,,,,,
IMU,23492398.0,1,0.0928,-0.9873,0.2104,1.4,-2.99,0.79,-77.79,-5.22,72.24,27.0,,,,,,,,,,,,,,,,
IMU,23539842.0,2,0.1782,-0.9756,0.1924,-0.31,-3.05,-0.73,-78.42,-9.77,67.02,27.6,,,,,,,,,,,,,,,,
IMU,23592570.0,1,0.103,-0.9678,0.2354,-0.85,0.31,1.16,-77.64,-5.34,72.54,26.7,,,,,,,,,,,,,,,,
IMU,23539842.0,2,0.1782,-0.9756,0.1924,-0.31,-3.05,-0.73,-78.42,-9.77,67.02,27.6,,,,,,,,,,,,,,,,
IMU,23592570.0,1,0.103,-0.9678,0.2354,-0.85,0.31,1.16,-77.64,-5.34,72.54,26.7,,,,,,,,,,,,,,,,
IMU,23639771.0,2,0.1543,-0.9692,0.1929,-1.4,2.87,2.81,-78.48,-9.66,67.03,27.7,,,,,,,,,,,,,,,,
IMU,23692755.0,1,0.0942,-0.9653,0.2144,3.54,4.15,4.76,-77.48,-5.02,72.24,27.0,,,,,,,,,,,,,,,,
IMU,23639771.0,2,0.1543,-0.9692,0.1929,-1.4,2.87,2.81,-78.48,-9.66,67.03,27.7,,,,,,,,,,,,,,,,
IMU,23692755.0,1,0.0942,-0.9653,0.2144,3.54,4.15,4.76,-77.48,-5.02,72.24,27.0,,,,,,,,,,,,,,,,
IMU,23639771.0,2,0.1543,-0.9692,0.1929,-1.4,2.87,2.81,-78.48,-9.66,67.03,27.7,,,,,,,,,,,,,,,,
IMU,23692755.0,1,0.0942,-0.9653,0.2144,3.54,4.15,4.76,-77.48,-5.02,72.24,27.0,,,,,,,,,,,,,,,,
IMU,23739701.0,2,0.146,-0.9419,0.1812,-0.73,4.09,5.62,-78.54,-9.12,66.73,27.8,,,,,,,,,,,,,,,,
IMU,23792942.0,1,0.0737,-0.9722,0.2026,2.81,-1.89,6.23,-77.34,-4.44,72.22,26.8,,,,,,,,,,,,,,,,
IMU,23739701.0,2,0.146,-0.9419,0.1812,-0.73,4.09,5.62,-78.54,-9.12,66.73,27.8,,,,,,,,,,,,,,,,
IMU,23792942.0,1,0.0737,-0.9722,0.2026,2.81,-1.89,6.23,-77.34,-4.44,72.22,26.8,,,,,,,,,,,,,,,,
IMU,23839638.0,2,0.1558,-0.9644,0.1841,0.79,0.43,1.77,-78.49,-8.64,66.8,27.6,,,,,,,,,,,,,,,,
IMU,23893147.0,1,0.0493,-0.9644,0.2437,-0.37,-1.95,-2.93,-77.23,-4.31,72.26,26.8,,,,,,,,,,,,,,,,
IMU,23839638.0,2,0.1558,-0.9644,0.1841,0.79,0.43,1.77,-78.49,-8.64,66.8,27.6,,,,,,,,,,,,,,,,
IMU,23893147.0,1,0.0493,-0.9644,0.2437,-0.37,-1.95,-2.93,-77.23,-4.31,72.26,26.8,,,,,,,,,,,,,,,,
IMU,23839638.0,2,0.1558,-0.9644,0.1841,0.79,0.43,1.77,-78.49,-8.64,66.8,27.6,,,,,,,,,,,,,,,,
IMU,23893147.0,1,0.0493,-0.9644,0.2437,-0.37,-1.95,-2.93,-77.23,-4.31,72.26,26.8,,,,,,,,,,,,,,,,
IMU,23939554.0,2,0.1475,-0.9712,0.1821,-3.17,-9.89,-3.85,-78.72,-8.96,67.08,27.5,,,,,,,,,,,,,,,,
IMU,23993312.0,1,0.0928,-1.0,0.2222,-0.49,0.0,6.77,-77.45,-4.55,72.95,26.8,,,,,,,,,,,,,,,,
IMU,23939554.0,2,0.1475,-0.9712,0.1821,-3.17,-9.89,-3.85,-78.72,-8.96,67.08,27.5,,,,,,,,,,,,,,,,
IMU,23993312.0,1,0.0928,-1.0,0.2222,-0.49,0.0,6.77,-77.45,-4.55,72.95,26.8,,,,,,,,,,,,,,,,
IMU,24039472.0,2,0.1392,-1.0015,0.2075,3.6,7.81,8.91,-78.7,-8.48,67.28,27.6,,,,,,,,,,,,,,,,
IMU,24093499.0,1,0.0264,-0.9771,0.2261,9.89,16.42,6.77,-76.73,-3.66,72.29,26.8,,,,,,,,,,,,,,,,
IMU,24039472.0,2,0.1392,-1.0015,0.2075,3.6,7.81,8.91,-78.7,-8.48,67.28,27.6,,,,,,,,,,,,,,,,
IMU,24093499.0,1,0.0264,-0.9771,0.2261,9.89,16.42,6.77,-76.73,-3.66,72.29,26.8,,,,,,,,,,,,,,,,
IMU,24039472.0,2,0.1392,-1.0015,0.2075,3.6,7.81,8.91,-78.7,-8.48,67.28,27.6,,,,,,,,,,,,,,,,
IMU,24093499.0,1,0.0264,-0.9771,0.2261,9.89,16.42,6.77,-76.73,-3.66,72.29,26.8,,,,,,,,,,,,,,,,
IMU,24139397.0,2,0.1226,-0.9702,0.2021,5.43,10.13,1.46,-77.99,-7.56,66.21,27.5,,,,,,,,,,,,,,,,
IMU,24193699.0,1,0.0269,-0.9473,0.2549,5.68,2.2,-2.62,-75.95,-3.35,71.44,26.8,,,,,,,,,,,,,,,,
IMU,24139397.0,2,0.1226,-0.9702,0.2021,5.43,10.13,1.46,-77.99,-7.56,66.21,27.5,,,,,,,,,,,,,,,,
IMU,24193699.0,1,0.0269,-0.9473,0.2549,5.68,2.2,-2.62,-75.95,-3.35,71.44,26.8,,,,,,,,,,,,,,,,
IMU,24239324.0,2,0.1104,-0.9482,0.2061,2.01,1.65,-5.19,-77.56,-7.7,65.79,27.8,,,,,,,,,,,,,,,,
IMU,24293895.0,1,0.0776,-0.9546,0.2554,0.98,4.21,-2.2,-75.62,-3.63,71.08,26.9,,,,,,,,,,,,,,,,
IMU,24239324.0,2,0.1104,-0.9482,0.2061,2.01,1.65,-5.19,-77.56,-7.7,65.79,27.8,,,,,,,,,,,,,,,,
IMU,24293895.0,1,0.0776,-0.9546,0.2554,0.98,4.21,-2.2,-75.62,-3.63,71.08,26.9,,,,,,,,,,,,,,,,
IMU,24239324.0,2,0.1104,-0.9482,0.2061,2.01,1.65,-5.19,-77.56,-7.7,65.79,27.8,,,,,,,,,,,,,,,,
IMU,24293895.0,1,0.0776,-0.9546,0.2554,0.98,4.21,-2.2,-75.62,-3.63,71.08,26.9,,,,,,,,,,,,,,,,
IMU,24339251.0,2,0.1318,-0.9683,0.2168,0.85,-2.32,1.16,-77.33,-7.8,65.53,27.6,,,,,,,,,,,,,,,,
IMU,24394094.0,1,0.0781,-0.9854,0.2139,2.38,12.76,4.7,-75.5,-3.46,70.84,26.8,,,,,,,,,,,,,,,,
IMU,24339251.0,2,0.1318,-0.9683,0.2168,0.85,-2.32,1.16,-77.33,-7.8,65.53,27.6,,,,,,,,,,,,,,,,
IMU,24394094.0,1,0.0781,-0.9854,0.2139,2.38,12.76,4.7,-75.5,-3.46,70.84,26.8,,,,,,,,,,,,,,,,
IMU,24439174.0,2,0.1509,-0.9912,0.1978,5.0,4.88,3.72,-76.99,-7.26,64.87,27.6,,,,,,,,,,,,,,,,
IMU,24494273.0,1,0.0605,-0.9634,0.2261,8.48,10.56,1.28,-74.88,-3.05,70.21,26.9,,,,,,,,,,,,,,,,
IMU,24439174.0,2,0.1509,-0.9912,0.1978,5.0,4.88,3.72,-76.99,-7.26,64.87,27.6,,,,,,,,,,,,,,,,
IMU,24494273.0,1,0.0605,-0.9634,0.2261,8.48,10.56,1.28,-74.88,-3.05,70.21,26.9,,,,,,,,,,,,,,,,
IMU,24439174.0,2,0.1509,-0.9912,0.1978,5.0,4.88,3.72,-76.99,-7.26,64.87,27.6,,,,,,,,,,,,,,,,
IMU,24494273.0,1,0.0605,-0.9634,0.2261,8.48,10.56,1.28,-74.88,-3.05,70.21,26.9,,,,,,,,,,,,,,,,
IMU,24539091.0,2,0.1235,-0.9604,0.2012,8.61,7.08,2.08,-76.31,-6.9,64.14,27.7,,,,,,,,,,,,,,,,
IMU,24594456.0,1,0.0176,-0.9556,0.2085,13.85,14.59,0.73,-73.95,-2.75,69.38,26.8,,,,,,,,,,,,,,,,
IMU,24539091.0,2,0.1235,-0.9604,0.2012,8.61,7.08,2.08,-76.31,-6.9,64.14,27.7,,,,,,,,,,,,,,,,
IMU,24594456.0,1,0.0176,-0.9556,0.2085,13.85,14.59,0.73,-73.95,-2.75,69.38,26.8,,,,,,,,,,,,,,,,
IMU,24639019.0,2,0.1631,-1.0859,0.0386,23.86,27.1,1.22,-74.81,-6.44,62.76,27.5,,,,,,,,,,,,,,,,
IMU,24694659.0,1,0.0376,-0.9429,0.3628,10.93,19.59,-2.62,-72.46,-2.36,67.51,26.8,,,,,,,,,,,,,,,,
IMU,24639019.0,2,0.1631,-1.0859,0.0386,23.86,27.1,1.22,-74.81,-6.44,62.76,27.5,,,,,,,,,,,,,,,,
IMU,24694659.0,1,0.0376,-0.9429,0.3628,10.93,19.59,-2.62,-72.46,-2.36,67.51,26.8,,,,,,,,,,,,,,,,
IMU,24639019.0,2,0.1631,-1.0859,0.0386,23.86,27.1,1.22,-74.81,-6.44,62.76,27.5,,,,,,,,,,,,,,,,
IMU,24694659.0,1,0.0376,-0.9429,0.3628,10.93,19.59,-2.62,-72.46,-2.36,67.51,26.8,,,,,,,,,,,,,,,,
IMU,24738965.0,2,0.0981,-0.9614,0.3096,8.42,-1.34,-0.06,-73.69,-6.04,61.23,27.6,,,,,,,,,,,,,,,,
IMU,24794835.0,1,0.0571,-0.9771,0.3062,8.12,-9.64,1.04,-72.04,-2.42,67.75,26.6,,,,,,,,,,,,,,,,
IMU,24738965.0,2,0.0981,-0.9614,0.3096,8.42,-1.34,-0.06,-73.69,-6.04,61.23,27.6,,,,,,,,,,,,,,,,
IMU,24794835.0,1,0.0571,-0.9771,0.3062,8.12,-9.64,1.04,-72.04,-2.42,67.75,26.6,,,,,,,,,,,,,,,,
IMU,24838895.0,2,0.1201,-0.98,0.2983,8.3,-5.68,5.49,-73.14,-6.12,62.01,27.6,,,,,,,,,,,,,,,,
IMU,24794835.0,1,0.0571,-0.9771,0.3062,8.12,-9.64,1.04,-72.04,-2.42,67.75,26.6,,,,,,,,,,,,,,,,
IMU,24838895.0,2,0.1201,-0.98,0.2983,8.3,-5.68,5.49,-73.14,-6.12,62.01,27.6,,,,,,,,,,,,,,,,
IMU,24895011.0,1,-0.04,-0.937,0.2524,28.38,12.39,1.34,-70.96,-2.14,68.01,26.8,,,,,,,,,,,,,,,,
IMU,24838895.0,2,0.1201,-0.98,0.2983,8.3,-5.68,5.49,-73.14,-6.12,62.01,27.6,,,,,,,,,,,,,,,,
IMU,24895011.0,1,-0.04,-0.937,0.2524,28.38,12.39,1.34,-70.96,-2.14,68.01,26.8,,,,,,,,,,,,,,,,
IMU,24938829.0,2,0.1025,-0.9316,0.355,14.59,12.39,0.67,-71.77,-5.43,61.06,27.6,,,,,,,,,,,,,,,,
IMU,24995187.0,1,0.0137,-0.9507,0.3877,0.79,-29.54,-4.82,-70.28,-2.32,68.19,26.8,,,,,,,,,,,,,,,,
IMU,24938829.0,2,0.1025,-0.9316,0.355,14.59,12.39,0.67,-71.77,-5.43,61.06,27.6,,,,,,,,,,,,,,,,
IMU,24995187.0,1,0.0137,-0.9507,0.3877,0.79,-29.54,-4.82,-70.28,-2.32,68.19,26.8,,,,,,,,,,,,,,,,
IMU,25038757.0,2,0.0972,-0.959,0.332,-2.08,-2.01,-7.14,-71.59,-6.31,62.34,27.7,,,,,,,,,,,,,,,,
IMU,24995187.0,1,0.0137,-0.9507,0.3877,0.79,-29.54,-4.82,-70.28,-2.32,68.19,26.8,,,,,,,,,,,,,,,,
IMU,25038757.0,2,0.0972,-0.959,0.332,-2.08,-2.01,-7.14,-71.59,-6.31,62.34,27.7,,,,,,,,,,,,,,,,
IMU,25095385.0,1,0.0293,-0.916,0.3379,-2.32,9.46,-5.8,-70.46,-2.82,67.94,26.8,,,,,,,,,,,,,,,,
IMU,25038757.0,2,0.0972,-0.959,0.332,-2.08,-2.01,-7.14,-71.59,-6.31,62.34,27.7,,,,,,,,,,,,,,,,
IMU,25095385.0,1,0.0293,-0.916,0.3379,-2.32,9.46,-5.8,-70.46,-2.82,67.94,26.8,,,,,,,,,,,,,,,,
IMU,25138685.0,2,0.105,-0.9614,0.3223,3.48,-1.34,-6.47,-71.49,-6.67,61.51,27.7,,,,,,,,,,,,,,,,
IMU,25195583.0,1,0.0776,-0.9575,0.3223,3.23,-2.5,-2.2,-70.34,-3.3,67.94,26.8,,,,,,,,,,,,,,,,
IMU,25138685.0,2,0.105,-0.9614,0.3223,3.48,-1.34,-6.47,-71.49,-6.67,61.51,27.7,,,,,,,,,,,,,,,,
IMU,25195583.0,1,0.0776,-0.9575,0.3223,3.23,-2.5,-2.2,-70.34,-3.3,67.94,26.8,,,,,,,,,,,,,,,,
IMU,25238615.0,2,0.1289,-0.9463,0.3296,3.36,4.94,-3.3,-71.11,-7.03,61.51,27.7,,,,,,,,,,,,,,,,
IMU,25195583.0,1,0.0776,-0.9575,0.3223,3.23,-2.5,-2.2,-70.34,-3.3,67.94,26.8,,,,,,,,,,,,,,,,
IMU,25238615.0,2,0.1289,-0.9463,0.3296,3.36,4.94,-3.3,-71.11,-7.03,61.51,27.7,,,,,,,,,,,,,,,,
IMU,25295765.0,1,0.085,-0.9282,0.3682,-1.59,3.23,-0.06,-69.91,-3.45,67.52,26.9,,,,,,,,,,,,,,,,
IMU,25238615.0,2,0.1289,-0.9463,0.3296,3.36,4.94,-3.3,-71.11,-7.03,61.51,27.7,,,,,,,,,,,,,,,,
IMU,25295765.0,1,0.085,-0.9282,0.3682,-1.59,3.23,-0.06,-69.91,-3.45,67.52,26.9,,,,,,,,,,,,,,,,
IMU,25338535.0,2,0.1172,-0.9365,0.3384,-2.99,3.36,-0.06,-70.98,-7.01,61.08,27.6,,,,,,,,,,,,,,,,
IMU,25395953.0,1,0.0737,-0.9028,0.3735,-8.36,-5.31,4.09,-70.18,-3.42,67.41,26.9,,,,,,,,,,,,,,,,
IMU,25338535.0,2,0.1172,-0.9365,0.3384,-2.99,3.36,-0.06,-70.98,-7.01,61.08,27.6,,,,,,,,,,,,,,,,
IMU,25395953.0,1,0.0737,-0.9028,0.3735,-8.36,-5.31,4.09,-70.18,-3.42,67.41,26.9,,,,,,,,,,,,,,,,
IMU,25438458.0,2,0.0884,-0.9263,0.2852,-13.79,-6.59,9.89,-71.8,-6.68,61.58,27.6,,,,,,,,,,,,,,,,
IMU,25395953.0,1,0.0737,-0.9028,0.3735,-8.36,-5.31,4.09,-70.18,-3.42,67.41,26.9,,,,,,,,,,,,,,,,
IMU,25438458.0,2,0.0884,-0.9263,0.2852,-13.79,-6.59,9.89,-71.8,-6.68,61.58,27.6,,,,,,,,,,,,,,,,
IMU,25496147.0,1,0.0425,-0.9697,0.313,-20.2,-14.71,9.95,-71.82,-2.92,68.42,26.9,,,,,,,,,,,,,,,,
IMU,25438458.0,2,0.0884,-0.9263,0.2852,-13.79,-6.59,9.89,-71.8,-6.68,61.58,27.6,,,,,,,,,,,,,,,,
IMU,25496147.0,1,0.0425,-0.9697,0.313,-20.2,-14.71,9.95,-71.82,-2.92,68.42,26.9,,,,,,,,,,,,,,,,
IMU,25538378.0,2,0.1191,-0.9868,0.313,-13.43,-30.88,8.79,-73.61,-6.12,63.68,27.6,,,,,,,,,,,,,,,,
IMU,25596328.0,1,0.0498,-0.9756,0.3037,-10.38,-38.33,7.93,-73.3,-2.92,71.58,26.9,,,,,,,,,,,,,,,,
IMU,25538378.0,2,0.1191,-0.9868,0.313,-13.43,-30.88,8.79,-73.61,-6.12,63.68,27.6,,,,,,,,,,,,,,,,
IMU,25596328.0,1,0.0498,-0.9756,0.3037,-10.38,-38.33,7.93,-73.3,-2.92,71.58,26.9,,,,,,,,,,,,,,,,
IMU,25638304.0,2,0.1147,-0.9482,0.2988,-6.96,-33.02,16.24,-74.76,-6.08,67.46,27.7,,,,,,,,,,,,,,,,
IMU,25596328.0,1,0.0498,-0.9756,0.3037,-10.38,-38.33,7.93,-73.3,-2.92,71.58,26.9,,,,,,,,,,,,,,,,
IMU,25638304.0,2,0.1147,-0.9482,0.2988,-6.96,-33.02,16.24,-74.76,-6.08,67.46,27.7,,,,,,,,,,,,,,,,
IMU,25696511.0,1,0.0239,-0.9614,0.2744,-6.41,-19.04,11.41,-74.13,-2.94,74.41,26.9,,,,,,,,,,,,,,,,
IMU,25638304.0,2,0.1147,-0.9482,0.2988,-6.96,-33.02,16.24,-74.76,-6.08,67.46,27.7,,,,,,,,,,,,,,,,
IMU,25696511.0,1,0.0239,-0.9614,0.2744,-6.41,-19.04,11.41,-74.13,-2.94,74.41,26.9,,,,,,,,,,,,,,,,
IMU,25738245.0,2,0.0957,-0.9297,0.2437,-5.92,-33.39,2.44,-75.57,-5.68,70.2,27.6,,,,,,,,,,,,,,,,
IMU,25796697.0,1,0.0708,-0.9331,0.2568,-8.48,-6.53,4.09,-74.75,-3.13,77.21,26.8,,,,,,,,,,,,,,,,
IMU,25738245.0,2,0.0957,-0.9297,0.2437,-5.92,-33.39,2.44,-75.57,-5.68,70.2,27.6,,,,,,,,,,,,,,,,
IMU,25796697.0,1,0.0708,-0.9331,0.2568,-8.48,-6.53,4.09,-74.75,-3.13,77.21,26.8,,,,,,,,,,,,,,,,
IMU,25838171.0,2,0.1318,-0.96,0.2529,-6.1,0.79,0.18,-76.0,-5.83,71.63,27.6,,,,,,,,,,,,,,,,
IMU,25796697.0,1,0.0708,-0.9331,0.2568,-8.48,-6.53,4.09,-74.75,-3.13,77.21,26.8,,,,,,,,,,,,,,,,
IMU,25838171.0,2,0.1318,-0.96,0.2529,-6.1,0.79,0.18,-76.0,-5.83,71.63,27.6,,,,,,,,,,,,,,,,
IMU,25896877.0,1,0.0908,-0.9634,0.2344,-8.97,-5.31,2.2,-75.41,-3.1,77.54,26.8,,,,,,,,,,,,,,,,
IMU,25838171.0,2,0.1318,-0.96,0.2529,-6.1,0.79,0.18,-76.0,-5.83,71.63,27.6,,,,,,,,,,,,,,,,
IMU,25896877.0,1,0.0908,-0.9634,0.2344,-8.97,-5.31,2.2,-75.41,-3.1,77.54,26.8,,,,,,,,,,,,,,,,
IMU,25938108.0,2,0.1099,-0.9771,0.2017,-8.06,-6.53,1.95,-76.85,-5.98,72.28,27.6,,,,,,,,,,,,,,,,
IMU,25997053.0,1,0.0215,-0.9756,0.2144,-9.58,-19.41,-1.04,-76.49,-3.18,78.51,27.0,,,,,,,,,,,,,,,,
IMU,25938108.0,2,0.1099,-0.9771,0.2017,-8.06,-6.53,1.95,-76.85,-5.98,72.28,27.6,,,,,,,,,,,,,,,,
IMU,25997053.0,1,0.0215,-0.9756,0.2144,-9.58,-19.41,-1.04,-76.49,-3.18,78.51,27.0,,,,,,,,,,,,,,,,
IMU,26038030.0,2,0.0947,-0.9478,0.1968,-5.49,-26.12,-7.51,-77.78,-6.67,74.08,27.7,,,,,,,,,,,,,,,,
IMU,25997053.0,1,0.0215,-0.9756,0.2144,-9.58,-19.41,-1.04,-76.49,-3.18,78.51,27.0,,,,,,,,,,,,,,,,
IMU,26038030.0,2,0.0947,-0.9478,0.1968,-5.49,-26.12,-7.51,-77.78,-6.67,74.08,27.7,,,,,,,,,,,,,,,,
IMU,26097240.0,1,0.064,-0.9473,0.2388,-13.73,-39.98,-4.15,-77.86,-4.04,81.28,26.8,,,,,,,,,,,,,,,,
IMU,26038030.0,2,0.0947,-0.9478,0.1968,-5.49,-26.12,-7.51,-77.78,-6.67,74.08,27.7,,,,,,,,,,,,,,,,
IMU,26097240.0,1,0.064,-0.9473,0.2388,-13.73,-39.98,-4.15,-77.86,-4.04,81.28,26.8,,,,,,,,,,,,,,,,
IMU,26137946.0,2,0.1064,-0.959,0.2329,-7.45,-38.27,-2.26,-78.96,-7.94,77.59,27.7,,,,,,,,,,,,,,,,
IMU,26197433.0,1,0.0942,-0.9893,0.2144,-6.77,-23.19,1.77,-79.23,-4.68,84.71,26.8,,,,,,,,,,,,,,,,
IMU,26137946.0,2,0.1064,-0.959,0.2329,-7.45,-38.27,-2.26,-78.96,-7.94,77.59,27.7,,,,,,,,,,,,,,,,
IMU,26197433.0,1,0.0942,-0.9893,0.2144,-6.77,-23.19,1.77,-79.23,-4.68,84.71,26.8,,,,,,,,,,,,,,,,
IMU,26237876.0,2,0.1294,-0.9976,0.1943,-4.64,-18.13,1.1,-79.82,-8.44,80.36,27.6,,,,,,,,,,,,,,,,
IMU,26197433.0,1,0.0942,-0.9893,0.2144,-6.77,-23.19,1.77,-79.23,-4.68,84.71,26.8,,,,,,,,,,,,,,,,
IMU,26237876.0,2,0.1294,-0.9976,0.1943,-4.64,-18.13,1.1,-79.82,-8.44,80.36,27.6,,,,,,,,,,,,,,,,
IMU,26297628.0,1,0.0776,-0.999,0.2065,-5.07,-25.27,-0.12,-79.83,-4.89,86.85,26.9,,,,,,,,,,,,,,,,
IMU,26237876.0,2,0.1294,-0.9976,0.1943,-4.64,-18.13,1.1,-79.82,-8.44,80.36,27.6,,,,,,,,,,,,,,,,
IMU,26297628.0,1,0.0776,-0.999,0.2065,-5.07,-25.27,-0.12,-79.83,-4.89,86.85,26.9,,,,,,,,,,,,,,,,
IMU,26337796.0,2,0.1514,-0.9941,0.1562,-4.46,-13.43,-2.32,-80.43,-8.82,82.55,27.8,,,,,,,,,,,,,,,,
IMU,26397812.0,1,0.0894,-0.9829,0.1543,-5.43,-19.35,-5.25,-80.49,-5.38,88.34,26.8,,,,,,,,,,,,,,,,
IMU,26337796.0,2,0.1514,-0.9941,0.1562,-4.46,-13.43,-2.32,-80.43,-8.82,82.55,27.8,,,,,,,,,,,,,,,,
IMU,26397812.0,1,0.0894,-0.9829,0.1543,-5.43,-19.35,-5.25,-80.49,-5.38,88.34,26.8,,,,,,,,,,,,,,,,
IMU,26437740.0,2,0.1182,-0.9785,0.0977,-6.47,-17.76,-0.67,-81.27,-9.44,84.19,27.6,,,,,,,,,,,,,,,,
IMU,26397812.0,1,0.0894,-0.9829,0.1543,-5.43,-19.35,-5.25,-80.49,-5.38,88.34,26.8,,,,,,,,,,,,,,,,
IMU,26437740.0,2,0.1182,-0.9785,0.0977,-6.47,-17.76,-0.67,-81.27,-9.44,84.19,27.6,,,,,,,,,,,,,,,,
IMU,26498003.0,1,0.0981,-0.9893,0.1265,-5.74,-15.69,6.71,-81.31,-5.45,89.96,26.9,,,,,,,,,,,,,,,,
IMU,26437740.0,2,0.1182,-0.9785,0.0977,-6.47,-17.76,-0.67,-81.27,-9.44,84.19,27.6,,,,,,,,,,,,,,,,
IMU,26498003.0,1,0.0981,-0.9893,0.1265,-5.74,-15.69,6.71,-81.31,-5.45,89.96,26.9,,,,,,,,,,,,,,,,
IMU,26537656.0,2,0.166,-0.9751,0.0942,-6.71,-10.31,6.47,-82.23,-9.13,85.72,27.6,,,,,,,,,,,,,,,,
IMU,26598204.0,1,0.1055,-0.9585,0.103,-4.7,-0.55,6.59,-81.93,-4.84,90.81,26.8,,,,,,,,,,,,,,,,
IMU,26537656.0,2,0.166,-0.9751,0.0942,-6.71,-10.31,6.47,-82.23,-9.13,85.72,27.6,,,,,,,,,,,,,,,,
IMU,26598204.0,1,0.1055,-0.9585,0.103,-4.7,-0.55,6.59,-81.93,-4.84,90.81,26.8,,,,,,,,,,,,,,,,
IMU,26637593.0,2,0.1724,-0.9419,0.1089,-5.31,4.64,5.92,-82.92,-8.51,85.96,27.6,,,,,,,,,,,,,,,,
IMU,26598204.0,1,0.1055,-0.9585,0.103,-4.7,-0.55,6.59,-81.93,-4.84,90.81,26.8,,,,,,,,,,,,,,,,
IMU,26637593.0,2,0.1724,-0.9419,0.1089,-5.31,4.64,5.92,-82.92,-8.51,85.96,27.6,,,,,,,,,,,,,,,,
IMU,26698384.0,1,0.1006,-0.9609,0.1147,0.12,-8.85,3.36,-82.27,-4.42,90.93,26.8,,,,,,,,,,,,,,,,
IMU,26637593.0,2,0.1724,-0.9419,0.1089,-5.31,4.64,5.92,-82.92,-8.51,85.96,27.6,,,,,,,,,,,,,,,,
IMU,26698384.0,1,0.1006,-0.9609,0.1147,0.12,-8.85,3.36,-82.27,-4.42,90.93,26.8,,,,,,,,,,,,,,,,
IMU,26737506.0,2,0.1821,-0.9717,0.0781,1.34,-6.47,1.71,-83.0,-8.29,86.55,27.8,,,,,,,,,,,,,,,,
IMU,26798586.0,1,0.0806,-1.0171,0.1206,0.18,-7.57,-3.11,-82.4,-4.53,91.67,26.8,,,,,,,,,,,,,,,,
IMU,26737506.0,2,0.1821,-0.9717,0.0781,1.34,-6.47,1.71,-83.0,-8.29,86.55,27.8,,,,,,,,,,,,,,,,
IMU,26798586.0,1,0.0806,-1.0171,0.1206,0.18,-7.57,-3.11,-82.4,-4.53,91.67,26.8,,,,,,,,,,,,,,,,
IMU,26837429.0,2,0.1479,-1.0015,0.0815,-0.85,-6.16,-4.46,-83.01,-8.68,87.16,27.5,,,,,,,,,,,,,,,,
IMU,26798586.0,1,0.0806,-1.0171,0.1206,0.18,-7.57,-3.11,-82.4,-4.53,91.67,26.8,,,,,,,,,,,,,,,,
IMU,26837429.0,2,0.1479,-1.0015,0.0815,-0.85,-6.16,-4.46,-83.01,-8.68,87.16,27.5,,,,,,,,,,,,,,,,
IMU,26898770.0,1,0.0698,-1.0298,0.1147,-3.91,-13.98,-1.77,-82.66,-5.0,92.34,26.9,,,,,,,,,,,,,,,,
IMU,26837429.0,2,0.1479,-1.0015,0.0815,-0.85,-6.16,-4.46,-83.01,-8.68,87.16,27.5,,,,,,,,,,,,,,,,
IMU,26898770.0,1,0.0698,-1.0298,0.1147,-3.91,-13.98,-1.77,-82.66,-5.0,92.34,26.9,,,,,,,,,,,,,,,,
IMU,26937349.0,2,0.1138,-1.0073,0.0542,-3.36,-22.83,-1.22,-83.45,-9.09,88.43,27.8,,,,,,,,,,,,,,,,
IMU,26998958.0,1,0.0894,-1.0186,0.082,-2.26,-25.33,1.22,-83.26,-5.21,94.58,26.8,,,,,,,,,,,,,,,,
IMU,26937349.0,2,0.1138,-1.0073,0.0542,-3.36,-22.83,-1.22,-83.45,-9.09,88.43,27.8,,,,,,,,,,,,,,,,
IMU,26998958.0,1,0.0894,-1.0186,0.082,-2.26,-25.33,1.22,-83.26,-5.21,94.58,26.8,,,,,,,,,,,,,,,,
IMU,27037278.0,2,0.1768,-0.9771,0.0742,0.37,-19.71,-2.75,-84.07,-9.34,90.74,27.7,,,,,,,,,,,,,,,,
IMU,26998958.0,1,0.0894,-1.0186,0.082,-2.26,-25.33,1.22,-83.26,-5.21,94.58,26.8,,,,,,,,,,,,,,,,
IMU,27037278.0,2,0.1768,-0.9771,0.0742,0.37,-19.71,-2.75,-84.07,-9.34,90.74,27.7,,,,,,,,,,,,,,,,
IMU,27099146.0,1,0.083,-0.9609,0.1152,-0.37,-6.53,-2.93,-83.44,-5.58,96.23,26.9,,,,,,,,,,,,,,,,
IMU,27037278.0,2,0.1768,-0.9771,0.0742,0.37,-19.71,-2.75,-84.07,-9.34,90.74,27.7,,,,,,,,,,,,,,,,
IMU,27099146.0,1,0.083,-0.9609,0.1152,-0.37,-6.53,-2.93,-83.44,-5.58,96.23,26.9,,,,,,,,,,,,,,,,
IMU,27137202.0,2,0.1567,-0.9663,0.0981,0.31,-3.85,-2.38,-84.31,-9.72,91.6,27.6,,,,,,,,,,,,,,,,
IMU,27199331.0,1,0.083,-0.981,0.1084,1.1,-13.85,-1.22,-83.48,-5.81,96.95,26.9,,,,,,,,,,,,,,,,
IMU,27137202.0,2,0.1567,-0.9663,0.0981,0.31,-3.85,-2.38,-84.31,-9.72,91.6,27.6,,,,,,,,,,,,,,,,
IMU,27199331.0,1,0.083,-0.981,0.1084,1.1,-13.85,-1.22,-83.48,-5.81,96.95,26.9,,,,,,,,,,,,,,,,
IMU,27237137.0,2,0.1157,-0.9888,0.082,1.95,-10.31,0.98,-84.45,-9.89,92.64,27.5,,,,,,,,,,,,,,,,
IMU,27199331.0,1,0.083,-0.981,0.1084,1.1,-13.85,-1.22,-83.48,-5.81,96.95,26.9,,,,,,,,,,,,,,,,
IMU,27237137.0,2,0.1157,-0.9888,0.082,1.95,-10.31,0.98,-84.45,-9.89,92.64,27.5,,,,,,,,,,,,,,,,
IMU,27299521.0,1,0.0825,-1.0039,0.1025,0.55,-2.56,2.69,-83.46,-5.66,97.67,27.0,,,,,,,,,,,,,,,,
IMU,27237137.0,2,0.1157,-0.9888,0.082,1.95,-10.31,0.98,-84.45,-9.89,92.64,27.5,,,,,,,,,,,,,,,,
IMU,27299521.0,1,0.0825,-1.0039,0.1025,0.55,-2.56,2.69,-83.46,-5.66,97.67,27.0,,,,,,,,,,,,,,,,
IMU,27337064.0,2,0.1494,-0.9922,0.0674,0.55,-3.23,1.89,-84.5,-9.59,93.0,27.6,,,,,,,,,,,,,,,,
IMU,27399711.0,1,0.1045,-0.9941,0.1138,2.08,-7.02,5.13,-83.4,-5.37,98.12,26.7,,,,,,,,,,,,,,,,
IMU,27337064.0,2,0.1494,-0.9922,0.0674,0.55,-3.23,1.89,-84.5,-9.59,93.0,27.6,,,,,,,,,,,,,,,,
IMU,27399711.0,1,0.1045,-0.9941,0.1138,2.08,-7.02,5.13,-83.4,-5.37,98.12,26.7,,,,,,,,,,,,,,,,
IMU,27436993.0,2,0.1528,-0.9985,0.0962,2.01,-6.71,7.45,-84.43,-9.14,93.58,27.6,,,,,,,,,,,,,,,,
IMU,27399711.0,1,0.1045,-0.9941,0.1138,2.08,-7.02,5.13,-83.4,-5.37,98.12,26.7,,,,,,,,,,,,,,,,
IMU,27436993.0,2,0.1528,-0.9985,0.0962,2.01,-6.71,7.45,-84.43,-9.14,93.58,27.6,,,,,,,,,,,,,,,,
IMU,27499902.0,1,0.0747,-1.0049,0.104,2.14,-3.42,4.03,-83.23,-4.8,98.78,26.8,,,,,,,,,,,,,,,,
IMU,27436993.0,2,0.1528,-0.9985,0.0962,2.01,-6.71,7.45,-84.43,-9.14,93.58,27.6,,,,,,,,,,,,,,,,
IMU,27499902.0,1,0.0747,-1.0049,0.104,2.14,-3.42,4.03,-83.23,-4.8,98.78,26.8,,,,,,,,,,,,,,,,
IMU,27536916.0,2,0.1509,-1.0005,0.0664,0.31,4.27,2.2,-84.38,-8.67,93.96,27.7,,,,,,,,,,,,,,,,
IMU,27600088.0,1,0.0859,-0.999,0.1064,-2.32,-0.43,2.5,-83.19,-4.56,98.51,26.9,,,,,,,,,,,,,,,,
IMU,27536916.0,2,0.1509,-1.0005,0.0664,0.31,4.27,2.2,-84.38,-8.67,93.96,27.7,,,,,,,,,,,,,,,,
IMU,27600088.0,1,0.0859,-0.999,0.1064,-2.32,-0.43,2.5,-83.19,-4.56,98.51,26.9,,,,,,,,,,,,,,,,
IMU,27636843.0,2,0.1226,-0.9922,0.1118,-1.46,-5.31,1.77,-84.66,-8.48,93.89,27.6,,,,,,,,,,,,,,,,
IMU,27600088.0,1,0.0859,-0.999,0.1064,-2.32,-0.43,2.5,-83.19,-4.56,98.51,26.9,,,,,,,,,,,,,,,,
IMU,27636843.0,2,0.1226,-0.9922,0.1118,-1.46,-5.31,1.77,-84.66,-8.48,93.89,27.6,,,,,,,,,,,,,,,,
IMU,27700261.0,1,0.0723,-1.0146,0.124,-0.31,0.55,2.69,-83.38,-4.34,98.68,26.9,,,,,,,,,,,,,,,,
IMU,27636843.0,2,0.1226,-0.9922,0.1118,-1.46,-5.31,1.77,-84.66,-8.48,93.89,27.6,,,,,,,,,,,,,,,,
IMU,27700261.0,1,0.0723,-1.0146,0.124,-0.31,0.55,2.69,-83.38,-4.34,98.68,26.9,,,,,,,,,,,,,,,,
IMU,27736759.0,2,0.1353,-1.0078,0.1025,1.46,1.04,3.23,-84.77,-8.21,93.93,27.6,,,,,,,,,,,,,,,,
IMU,27800444.0,1,0.0566,-0.9648,0.1167,6.96,11.47,3.48,-83.09,-3.97,98.25,26.7,,,,,,,,,,,,,,,,
IMU,27736759.0,2,0.1353,-1.0078,0.1025,1.46,1.04,3.23,-84.77,-8.21,93.93,27.6,,,,,,,,,,,,,,,,
IMU,27800444.0,1,0.0566,-0.9648,0.1167,6.96,11.47,3.48,-83.09,-3.97,98.25,26.7,,,,,,,,,,,,,,,,
IMU,27836685.0,2,0.1104,-0.9658,0.1138,6.1,17.82,5.74,-84.13,-7.64,92.86,27.7,,,,,,,,,,,,,,,,
IMU,27800444.0,1,0.0566,-0.9648,0.1167,6.96,11.47,3.48,-83.09,-3.97,98.25,26.7,,,,,,,,,,,,,,,,
IMU,27836685.0,2,0.1104,-0.9658,0.1138,6.1,17.82,5.74,-84.13,-7.64,92.86,27.7,,,,,,,,,,,,,,,,
IMU,27900631.0,1,0.0674,-0.9609,0.1333,11.54,3.36,5.98,-81.99,-3.4,97.22,26.7,,,,,,,,,,,,,,,,
IMU,27836685.0,2,0.1104,-0.9658,0.1138,6.1,17.82,5.74,-84.13,-7.64,92.86,27.7,,,,,,,,,,,,,,,,
IMU,27900631.0,1,0.0674,-0.9609,0.1333,11.54,3.36,5.98,-81.99,-3.4,97.22,26.7,,,,,,,,,,,,,,,,
IMU,27936618.0,2,0.1948,-0.9429,0.0859,9.64,0.31,1.95,-83.28,-7.1,92.36,27.8,,,,,,,,,,,,,,,,
IMU,28000808.0,1,0.0391,-0.9902,0.1445,8.42,21.3,-2.08,-81.28,-3.19,96.26,27.0,,,,,,,,,,,,,,,,
IMU,27936618.0,2,0.1948,-0.9429,0.0859,9.64,0.31,1.95,-83.28,-7.1,92.36,27.8,,,,,,,,,,,,,,,,
IMU,28000808.0,1,0.0391,-0.9902,0.1445,8.42,21.3,-2.08,-81.28,-3.19,96.26,27.0,,,,,,,,,,,,,,,,
IMU,28036545.0,2,0.0957,-0.9839,0.1436,9.16,13.06,0.85,-82.58,-6.94,90.7,27.5,,,,,,,,,,,,,,,,
IMU,28000808.0,1,0.0391,-0.9902,0.1445,8.42,21.3,-2.08,-81.28,-3.19,96.26,27.0,,,,,,,,,,,,,,,,
IMU,28036545.0,2,0.0957,-0.9839,0.1436,9.16,13.06,0.85,-82.58,-6.94,90.7,27.5,,,,,,,,,,,,,,,,
IMU,28100998.0,1,0.0586,-0.9702,0.168,8.3,11.29,3.48,-80.29,-2.87,95.04,26.7,,,,,,,,,,,,,,,,
IMU,28036545.0,2,0.0957,-0.9839,0.1436,9.16,13.06,0.85,-82.58,-6.94,90.7,27.5,,,,,,,,,,,,,,,,
IMU,28100998.0,1,0.0586,-0.9702,0.168,8.3,11.29,3.48,-80.29,-2.87,95.04,26.7,,,,,,,,,,,,,,,,
IMU,28136452.0,2,0.1353,-0.9663,0.0879,1.59,15.32,1.89,-81.73,-6.42,89.51,27.4,,,,,,,,,,,,,,,,
IMU,28201170.0,1,0.0654,-0.978,0.1768,-6.35,1.71,-3.54,-80.22,-2.74,93.9,26.9,,,,,,,,,,,,,,,,
IMU,28136452.0,2,0.1353,-0.9663,0.0879,1.59,15.32,1.89,-81.73,-6.42,89.51,27.4,,,,,,,,,,,,,,,,
IMU,28201170.0,1,0.0654,-0.978,0.1768,-6.35,1.71,-3.54,-80.22,-2.74,93.9,26.9,,,,,,,,,,,,,,,,
IMU,28236388.0,2,0.1143,-0.9746,0.1367,-8.48,-6.71,-4.52,-82.26,-6.67,88.94,27.7,,,,,,,,,,,,,,,,
IMU,28201170.0,1,0.0654,-0.978,0.1768,-6.35,1.71,-3.54,-80.22,-2.74,93.9,26.9,,,,,,,,,,,,,,,,
IMU,28236388.0,2,0.1143,-0.9746,0.1367,-8.48,-6.71,-4.52,-82.26,-6.67,88.94,27.7,,,,,,,,,,,,,,,,
IMU,28301348.0,1,0.0352,-0.9746,0.1797,-8.54,-3.42,-2.69,-81.06,-3.14,94.3,26.8,,,,,,,,,,,,,,,,
IMU,28236388.0,2,0.1143,-0.9746,0.1367,-8.48,-6.71,-4.52,-82.26,-6.67,88.94,27.7,,,,,,,,,,,,,,,,
IMU,28301348.0,1,0.0352,-0.9746,0.1797,-8.54,-3.42,-2.69,-81.06,-3.14,94.3,26.8,,,,,,,,,,,,,,,,
IMU,28336307.0,2,0.0908,-0.981,0.168,-5.86,-4.09,-2.44,-83.12,-7.07,89.43,27.6,,,,,,,,,,,,,,,,
IMU,28401530.0,1,0.0591,-0.9922,0.1587,2.81,-8.67,1.4,-81.34,-3.32,94.86,26.8,,,,,,,,,,,,,,,,
IMU,28336307.0,2,0.0908,-0.981,0.168,-5.86,-4.09,-2.44,-83.12,-7.07,89.43,27.6,,,,,,,,,,,,,,,,
IMU,28401530.0,1,0.0591,-0.9922,0.1587,2.81,-8.67,1.4,-81.34,-3.32,94.86,26.8,,,,,,,,,,,,,,,,
IMU,28436248.0,2,0.1172,-1.002,0.1489,8.97,-6.84,3.05,-82.88,-7.08,90.19,27.7,,,,,,,,,,,,,,,,
IMU,28401530.0,1,0.0591,-0.9922,0.1587,2.81,-8.67,1.4,-81.34,-3.32,94.86,26.8,,,,,,,,,,,,,,,,
IMU,28436248.0,2,0.1172,-1.002,0.1489,8.97,-6.84,3.05,-82.88,-7.08,90.19,27.7,,,,,,,,,,,,,,,,
IMU,28501718.0,1,0.0815,-1.0063,0.1636,7.63,-4.82,4.76,-80.63,-3.1,95.61,26.8,,,,,,,,,,,,,,,,
IMU,28436248.0,2,0.1172,-1.002,0.1489,8.97,-6.84,3.05,-82.88,-7.08,90.19,27.7,,,,,,,,,,,,,,,,
IMU,28501718.0,1,0.0815,-1.0063,0.1636,7.63,-4.82,4.76,-80.63,-3.1,95.61,26.8,,,,,,,,,,,,,,,,
IMU,28536180.0,2,0.1514,-0.9912,0.1001,5.86,1.04,3.05,-82.07,-6.7,90.64,27.7,,,,,,,,,,,,,,,,
IMU,28601908.0,1,0.0459,-0.9888,0.1831,-2.56,1.77,-3.91,-80.31,-3.09,95.59,26.7,,,,,,,,,,,,,,,,
IMU,28536180.0,2,0.1514,-0.9912,0.1001,5.86,1.04,3.05,-82.07,-6.7,90.64,27.7,,,,,,,,,,,,,,,,
IMU,28601908.0,1,0.0459,-0.9888,0.1831,-2.56,1.77,-3.91,-80.31,-3.09,95.59,26.7,,,,,,,,,,,,,,,,
IMU,28636124.0,2,0.1001,-0.9834,0.1304,-5.49,3.66,-4.33,-82.17,-6.95,90.41,27.6,,,,,,,,,,,,,,,,
IMU,28601908.0,1,0.0459,-0.9888,0.1831,-2.56,1.77,-3.91,-80.31,-3.09,95.59,26.7,,,,,,,,,,,,,,,,
IMU,28636124.0,2,0.1001,-0.9834,0.1304,-5.49,3.66,-4.33,-82.17,-6.95,90.41,27.6,,,,,,,,,,,,,,,,
IMU,28702104.0,1,0.0542,-0.9902,0.165,-4.15,0.0,0.49,-80.76,-3.32,95.32,26.8,,,,,,,,,,,,,,,,
IMU,28636124.0,2,0.1001,-0.9834,0.1304,-5.49,3.66,-4.33,-82.17,-6.95,90.41,27.6,,,,,,,,,,,,,,,,
IMU,28702104.0,1,0.0542,-0.9902,0.165,-4.15,0.0,0.49,-80.76,-3.32,95.32,26.8,,,,,,,,,,,,,,,,
IMU,28736054.0,2,0.0996,-0.9922,0.1587,0.0,-0.73,2.99,-82.59,-7.0,90.32,27.7,,,,,,,,,,,,,,,,
IMU,28802299.0,1,0.0439,-0.9878,0.1445,8.18,1.22,3.23,-80.49,-3.01,95.36,26.9,,,,,,,,,,,,,,,,
IMU,28736054.0,2,0.0996,-0.9922,0.1587,0.0,-0.73,2.99,-82.59,-7.0,90.32,27.7,,,,,,,,,,,,,,,,
IMU,28802299.0,1,0.0439,-0.9878,0.1445,8.18,1.22,3.23,-80.49,-3.01,95.36,26.9,,,,,,,,,,,,,,,,
IMU,28835992.0,2,0.1348,-0.9805,0.1055,8.85,0.73,1.83,-81.96,-6.61,90.29,27.7,,,,,,,,,,,,,,,,
IMU,28802299.0,1,0.0439,-0.9878,0.1445,8.18,1.22,3.23,-80.49,-3.01,95.36,26.9,,,,,,,,,,,,,,,,
IMU,28835992.0,2,0.1348,-0.9805,0.1055,8.85,0.73,1.83,-81.96,-6.61,90.29,27.7,,,,,,,,,,,,,,,,
IMU,28902490.0,1,0.0483,-0.9888,0.167,1.1,2.87,-1.77,-79.93,-2.96,95.33,26.9,,,,,,,,,,,,,,,,
IMU,28835992.0,2,0.1348,-0.9805,0.1055,8.85,0.73,1.83,-81.96,-6.61,90.29,27.7,,,,,,,,,,,,,,,,
IMU,28902490.0,1,0.0483,-0.9888,0.167,1.1,2.87,-1.77,-79.93,-2.96,95.33,26.9,,,,,,,,,,,,,,,,
IMU,28935919.0,2,0.1133,-0.9746,0.0947,-4.21,6.77,-2.69,-81.73,-6.69,90.04,27.6,,,,,,,,,,,,,,,,
IMU,29002682.0,1,0.042,-0.9839,0.1763,-10.07,0.67,-3.78,-80.5,-3.2,94.9,26.8,,,,,,,,,,,,,,,,
IMU,28935919.0,2,0.1133,-0.9746,0.0947,-4.21,6.77,-2.69,-81.73,-6.69,90.04,27.6,,,,,,,,,,,,,,,,
IMU,29002682.0,1,0.042,-0.9839,0.1763,-10.07,0.67,-3.78,-80.5,-3.2,94.9,26.8,,,,,,,,,,,,,,,,
IMU,29035836.0,2,0.0889,-0.9795,0.146,-8.85,2.26,-2.93,-82.64,-7.05,89.79,27.8,,,,,,,,,,,,,,,,
IMU,29002682.0,1,0.042,-0.9839,0.1763,-10.07,0.67,-3.78,-80.5,-3.2,94.9,26.8,,,,,,,,,,,,,,,,
IMU,29035836.0,2,0.0889,-0.9795,0.146,-8.85,2.26,-2.93,-82.64,-7.05,89.79,27.8,,,,,,,,,,,,,,,,
IMU,29102854.0,1,0.0396,-0.981,0.1611,-3.48,-1.28,0.12,-81.18,-3.28,94.75,26.8,,,,,,,,,,,,,,,,
IMU,29035836.0,2,0.0889,-0.9795,0.146,-8.85,2.26,-2.93,-82.64,-7.05,89.79,27.8,,,,,,,,,,,,,,,,
IMU,29102854.0,1,0.0396,-0.981,0.1611,-3.48,-1.28,0.12,-81.18,-3.28,94.75,26.8,,,,,,,,,,,,,,,,
IMU,29135764.0,2,0.1084,-0.9849,0.1333,-0.85,-0.92,-0.24,-83.07,-7.04,89.8,27.8,,,,,,,,,,,,,,,,
IMU,29203048.0,1,0.0566,-0.9834,0.1724,-1.65,-1.65,1.53,-81.29,-3.22,94.87,27.0,,,,,,,,,,,,,,,,
IMU,29135764.0,2,0.1084,-0.9849,0.1333,-0.85,-0.92,-0.24,-83.07,-7.04,89.8,27.8,,,,,,,,,,,,,,,,
IMU,29203048.0,1,0.0566,-0.9834,0.1724,-1.65,-1.65,1.53,-81.29,-3.22,94.87,27.0,,,,,,,,,,,,,,,,
IMU,29235700.0,2,0.126,-0.9834,0.1289,-2.08,-3.36,1.04,-83.16,-6.95,89.99,27.6,,,,,,,,,,,,,,,,
IMU,29203048.0,1,0.0566,-0.9834,0.1724,-1.65,-1.65,1.53,-81.29,-3.22,94.87,27.0,,,,,,,,,,,,,,,,
IMU,29235700.0,2,0.126,-0.9834,0.1289,-2.08,-3.36,1.04,-83.16,-6.95,89.99,27.6,,,,,,,,,,,,,,,,
IMU,29303229.0,1,0.0601,-0.9849,0.1587,0.12,-2.75,0.43,-81.39,-3.15,95.19,26.8,,,,,,,,,,,,,,,,
IMU,29235700.0,2,0.126,-0.9834,0.1289,-2.08,-3.36,1.04,-83.16,-6.95,89.99,27.6,,,,,,,,,,,,,,,,
IMU,29303229.0,1,0.0601,-0.9849,0.1587,0.12,-2.75,0.43,-81.39,-3.15,95.19,26.8,,,,,,,,,,,,,,,,
IMU,29335602.0,2,0.1279,-0.9927,0.1196,0.61,-1.4,0.0,-83.18,-6.93,90.31,27.6,,,,,,,,,,,,,,,,
IMU,29403417.0,1,0.0674,-1.002,0.1382,2.38,5.0,-0.06,-81.24,-3.14,95.09,26.8,,,,,,,,,,,,,,,,
IMU,29335602.0,2,0.1279,-0.9927,0.1196,0.61,-1.4,0.0,-83.18,-6.93,90.31,27.6,,,,,,,,,,,,,,,,
IMU,29403417.0,1,0.0674,-1.002,0.1382,2.38,5.0,-0.06,-81.24,-3.14,95.09,26.8,,,,,,,,,,,,,,,,
IMU,29435546.0,2,0.1367,-0.9995,0.0977,1.53,3.6,-0.43,-82.99,-6.89,89.99,27.8,,,,,,,,,,,,,,,,
IMU,29403417.0,1,0.0674,-1.002,0.1382,2.38,5.0,-0.06,-81.24,-3.14,95.09,26.8,,,,,,,,,,,,,,,,
IMU,29435546.0,2,0.1367,-0.9995,0.0977,1.53,3.6,-0.43,-82.99,-6.89,89.99,27.8,,,,,,,,,,,,,,,,
IMU,29503611.0,1,0.0552,-0.9897,0.1357,0.37,4.46,0.18,-81.12,-3.14,94.71,26.8,,,,,,,,,,,,,,,,
IMU,29435546.0,2,0.1367,-0.9995,0.0977,1.53,3.6,-0.43,-82.99,-6.89,89.99,27.8,,,,,,,,,,,,,,,,
IMU,29503611.0,1,0.0552,-0.9897,0.1357,0.37,4.46,0.18,-81.12,-3.14,94.71,26.8,,,,,,,,,,,,,,,,
IMU,29535465.0,2,0.1196,-0.9834,0.1055,0.73,4.21,0.98,-82.94,-6.84,89.59,27.7,,,,,,,,,,,,,,,,
IMU,29603796.0,1,0.0483,-0.979,0.1406,0.18,-2.08,0.49,-81.08,-3.08,94.58,27.0,,,,,,,,,,,,,,,,
IMU,29535465.0,2,0.1196,-0.9834,0.1055,0.73,4.21,0.98,-82.94,-6.84,89.59,27.7,,,,,,,,,,,,,,,,
IMU,29603796.0,1,0.0483,-0.979,0.1406,0.18,-2.08,0.49,-81.08,-3.08,94.58,27.0,,,,,,,,,,,,,,,,
IMU,29635390.0,2,0.1113,-0.9775,0.0942,0.0,-0.92,0.61,-82.94,-6.8,89.65,27.7,,,,,,,,,,,,,,,,
IMU,29603796.0,1,0.0483,-0.979,0.1406,0.18,-2.08,0.49,-81.08,-3.08,94.58,27.0,,,,,,,,,,,,,,,,
IMU,29635390.0,2,0.1113,-0.9775,0.0942,0.0,-0.92,0.61,-82.94,-6.8,89.65,27.7,,,,,,,,,,,,,,,,
IMU,29703983.0,1,0.041,-0.9824,0.1567,-4.58,-0.85,-1.28,-81.32,-3.08,94.64,27.0,,,,,,,,,,,,,,,,
IMU,29635390.0,2,0.1113,-0.9775,0.0942,0.0,-0.92,0.61,-82.94,-6.8,89.65,27.7,,,,,,,,,,,,,,,,
IMU,29703983.0,1,0.041,-0.9824,0.1567,-4.58,-0.85,-1.28,-81.32,-3.08,94.64,27.0,,,,,,,,,,,,,,,,
IMU,29735313.0,2,0.103,-0.9873,0.1221,-4.64,-2.38,-1.71,-83.33,-6.9,89.73,27.6,,,,,,,,,,,,,,,,
IMU,29804171.0,1,0.0503,-0.9951,0.1465,-2.44,-1.59,0.43,-81.72,-3.14,94.85,26.9,,,,,,,,,,,,,,,,
IMU,29735313.0,2,0.103,-0.9873,0.1221,-4.64,-2.38,-1.71,-83.33,-6.9,89.73,27.6,,,,,,,,,,,,,,,,
IMU,29804171.0,1,0.0503,-0.9951,0.1465,-2.44,-1.59,0.43,-81.72,-3.14,94.85,26.9,,,,,,,,,,,,,,,,
IMU,29835218.0,2,0.1133,-0.9922,0.127,0.0,-0.67,0.67,-83.62,-6.91,89.96,27.8,,,,,,,,,,,,,,,,
IMU,29804171.0,1,0.0503,-0.9951,0.1465,-2.44,-1.59,0.43,-81.72,-3.14,94.85,26.9,,,,,,,,,,,,,,,,
IMU,29835218.0,2,0.1133,-0.9922,0.127,0.0,-0.67,0.67,-83.62,-6.91,89.96,27.8,,,,,,,,,,,,,,,,
IMU,29904353.0,1,0.0571,-0.9834,0.1406,3.97,1.71,1.53,-81.56,-3.0,94.77,26.9,,,,,,,,,,,,,,,,
IMU,29835218.0,2,0.1133,-0.9922,0.127,0.0,-0.67,0.67,-83.62,-6.91,89.96,27.8,,,,,,,,,,,,,,,,
IMU,29904353.0,1,0.0571,-0.9834,0.1406,3.97,1.71,1.53,-81.56,-3.0,94.77,26.9,,,,,,,,,,,,,,,,
IMU,29935147.0,2,0.124,-0.9819,0.0938,2.99,0.92,0.92,-83.3,-6.72,89.81,27.6,,,,,,,,,,,,,,,,
IMU,30004535.0,1,0.0503,-0.9863,0.1445,0.24,3.36,-0.31,-81.34,-2.92,94.56,26.8,,,,,,,,,,,,,,,,
IMU,29935147.0,2,0.124,-0.9819,0.0938,2.99,0.92,0.92,-83.3,-6.72,89.81,27.6,,,,,,,,,,,,,,,,
IMU,30004535.0,1,0.0503,-0.9863,0.1445,0.24,3.36,-0.31,-81.34,-2.92,94.56,26.8,,,,,,,,,,,,,,,,
IMU,30035065.0,2,0.1162,-0.9829,0.1045,-1.28,3.36,-0.61,-83.23,-6.68,89.51,27.6,,,,,,,,,,,,,,,,
IMU,30004535.0,1,0.0503,-0.9863,0.1445,0.24,3.36,-0.31,-81.34,-2.92,94.56,26.8,,,,,,,,,,,,,,,,
IMU,30035065.0,2,0.1162,-0.9829,0.1045,-1.28,3.36,-0.61,-83.23,-6.68,89.51,27.6,,,,,,,,,,,,,,,,
IMU,30104718.0,1,0.0405,-0.9888,0.1436,-0.49,0.06,-0.73,-81.41,-2.95,94.36,26.9,,,,,,,,,,,,,,,,
IMU,30134976.0,2,0.1089,-0.9858,0.1123,0.31,0.98,-0.31,-83.32,-6.72,89.38,27.7,,,,,,,,,,,,,,,,
IMU,30104718.0,1,0.0405,-0.9888,0.1436,-0.49,0.06,-0.73,-81.41,-2.95,94.36,26.9,,,,,,,,,,,,,,,,
IMU,30134976.0,2,0.1089,-0.9858,0.1123,0.31,0.98,-0.31,-83.32,-6.72,89.38,27.7,,,,,,,,,,,,,,,,
IMU,30204905.0,1,0.0508,-0.9902,0.1514,1.28,-0.79,0.06,-81.35,-2.96,94.39,26.9,,,,,,,,,,,,,,,,
IMU,30134976.0,2,0.1089,-0.9858,0.1123,0.31,0.98,-0.31,-83.32,-6.72,89.38,27.7,,,,,,,,,,,,,,,,
IMU,30204905.0,1,0.0508,-0.9902,0.1514,1.28,-0.79,0.06,-81.35,-2.96,94.39,26.9,,,,,,,,,,,,,,,,
IMU,30234874.0,2,0.1221,-0.9917,0.1021,0.92,-1.22,0.0,-83.21,-6.72,89.45,27.7,,,,,,,,,,,,,,,,
IMU,30204905.0,1,0.0508,-0.9902,0.1514,1.28,-0.79,0.06,-81.35,-2.96,94.39,26.9,,,,,,,,,,,,,,,,
IMU,30234874.0,2,0.1221,-0.9917,0.1021,0.92,-1.22,0.0,-83.21,-6.72,89.45,27.7,,,,,,,,,,,,,,,,
IMU,30305093.0,1,0.0527,-0.9956,0.1562,-0.92,0.06,-0.12,-81.35,-2.98,94.45,26.9,,,,,,,,,,,,,,,,
IMU,30334826.0,2,0.1177,-0.9897,0.1147,-0.79,1.53,0.18,-83.27,-6.73,89.45,27.6,,,,,,,,,,,,,,,,
IMU,30305093.0,1,0.0527,-0.9956,0.1562,-0.92,0.06,-0.12,-81.35,-2.98,94.45,26.9,,,,,,,,,,,,,,,,
IMU,30334826.0,2,0.1177,-0.9897,0.1147,-0.79,1.53,0.18,-83.27,-6.73,89.45,27.6,,,,,,,,,,,,,,,,
IMU,30405294.0,1,0.0518,-0.9893,0.1499,0.43,1.1,0.55,-81.4,-2.94,94.35,27.0,,,,,,,,,,,,,,,,
IMU,30334826.0,2,0.1177,-0.9897,0.1147,-0.79,1.53,0.18,-83.27,-6.73,89.45,27.6,,,,,,,,,,,,,,,,
IMU,30405294.0,1,0.0518,-0.9893,0.1499,0.43,1.1,0.55,-81.4,-2.94,94.35,27.0,,,,,,,,,,,,,,,,
IMU,30434754.0,2,0.1104,-0.9868,0.123,1.1,2.08,0.92,-83.27,-6.67,89.32,27.8,,,,,,,,,,,,,,,,
IMU,30405294.0,1,0.0518,-0.9893,0.1499,0.43,1.1,0.55,-81.4,-2.94,94.35,27.0,,,,,,,,,,,,,,,,
IMU,30434754.0,2,0.1104,-0.9868,0.123,1.1,2.08,0.92,-83.27,-6.67,89.32,27.8,,,,,,,,,,,,,,,,
IMU,30505482.0,1,0.0479,-0.9834,0.1479,1.83,1.77,1.22,-81.24,-2.84,94.21,26.8,,,,,,,,,,,,,,,,
IMU,30534681.0,2,0.1108,-0.9805,0.1084,1.4,1.77,1.53,-83.1,-6.53,89.19,27.6,,,,,,,,,,,,,,,,
IMU,30505482.0,1,0.0479,-0.9834,0.1479,1.83,1.77,1.22,-81.24,-2.84,94.21,26.8,,,,,,,,,,,,,,,,
IMU,30534681.0,2,0.1108,-0.9805,0.1084,1.4,1.77,1.53,-83.1,-6.53,89.19,27.6,,,,,,,,,,,,,,,,
IMU,30605654.0,1,0.0405,-0.981,0.1528,0.24,0.49,0.0,-81.12,-2.71,94.09,26.8,,,,,,,,,,,,,,,,
IMU,30534681.0,2,0.1108,-0.9805,0.1084,1.4,1.77,1.53,-83.1,-6.53,89.19,27.6,,,,,,,,,,,,,,,,
IMU,30605654.0,1,0.0405,-0.981,0.1528,0.24,0.49,0.0,-81.12,-2.71,94.09,26.8,,,,,,,,,,,,,,,,
IMU,30634609.0,2,0.1035,-0.9761,0.1113,-0.31,-0.67,-0.24,-83.05,-6.45,89.1,27.8,,,,,,,,,,,,,,,,
IMU,30605654.0,1,0.0405,-0.981,0.1528,0.24,0.49,0.0,-81.12,-2.71,94.09,26.8,,,,,,,,,,,,,,,,
IMU,30634609.0,2,0.1035,-0.9761,0.1113,-0.31,-0.67,-0.24,-83.05,-6.45,89.1,27.8,,,,,,,,,,,,,,,,
IMU,30705864.0,1,0.0498,-0.9849,0.1597,-1.34,-1.53,0.43,-81.18,-2.73,94.2,26.7,,,,,,,,,,,,,,,,
IMU,30734522.0,2,0.1108,-0.9858,0.1211,-1.16,-1.28,0.43,-83.16,-6.45,89.25,27.8,,,,,,,,,,,,,,,,
IMU,30705864.0,1,0.0498,-0.9849,0.1597,-1.34,-1.53,0.43,-81.18,-2.73,94.2,26.7,,,,,,,,,,,,,,,,
IMU,30734522.0,2,0.1108,-0.9858,0.1211,-1.16,-1.28,0.43,-83.16,-6.45,89.25,27.8,,,,,,,,,,,,,,,,
IMU,30806058.0,1,0.0518,-0.9897,0.1538,1.04,-1.28,0.73,-81.22,-2.68,94.36,27.0,,,,,,,,,,,,,,,,
IMU,30734522.0,2,0.1108,-0.9858,0.1211,-1.16,-1.28,0.43,-83.16,-6.45,89.25,27.8,,,,,,,,,,,,,,,,
IMU,30806058.0,1,0.0518,-0.9897,0.1538,1.04,-1.28,0.73,-81.22,-2.68,94.36,27.0,,,,,,,,,,,,,,,,
IMU,30834452.0,2,0.1143,-0.9907,0.1182,1.4,-1.4,0.79,-83.12,-6.4,89.4,27.6,,,,,,,,,,,,,,,,
IMU,30806058.0,1,0.0518,-0.9897,0.1538,1.04,-1.28,0.73,-81.22,-2.68,94.36,27.0,,,,,,,,,,,,,,,,
IMU,30834452.0,2,0.1143,-0.9907,0.1182,1.4,-1.4,0.79,-83.12,-6.4,89.4,27.6,,,,,,,,,,,,,,,,
IMU,30906254.0,1,0.0425,-0.9863,0.1572,0.98,0.31,0.37,-81.1,-2.63,94.45,26.8,,,,,,,,,,,,,,,,
IMU,30934370.0,2,0.105,-0.9863,0.1128,0.92,1.22,0.67,-83.02,-6.34,89.42,27.6,,,,,,,,,,,,,,,,
IMU,30906254.0,1,0.0425,-0.9863,0.1572,0.98,0.31,0.37,-81.1,-2.63,94.45,26.8,,,,,,,,,,,,,,,,
IMU,30934370.0,2,0.105,-0.9863,0.1128,0.92,1.22,0.67,-83.02,-6.34,89.42,27.6,,,,,,,,,,,,,,,,
IMU,31006452.0,1,0.04,-0.9883,0.1577,-0.67,-1.59,-0.49,-81.08,-2.63,94.44,26.9,,,,,,,,,,,,,,,,
IMU,30934370.0,2,0.105,-0.9863,0.1128,0.92,1.22,0.67,-83.02,-6.34,89.42,27.6,,,,,,,,,,,,,,,,
IMU,31006452.0,1,0.04,-0.9883,0.1577,-0.67,-1.59,-0.49,-81.08,-2.63,94.44,26.9,,,,,,,,,,,,,,,,
IMU,31034300.0,2,0.1064,-0.9907,0.1099,-0.37,-1.16,-0.24,-83.06,-6.37,89.47,27.6,,,,,,,,,,,,,,,,
IMU,31006452.0,1,0.04,-0.9883,0.1577,-0.67,-1.59,-0.49,-81.08,-2.63,94.44,26.9,,,,,,,,,,,,,,,,
IMU,31034300.0,2,0.1064,-0.9907,0.1099,-0.37,-1.16,-0.24,-83.06,-6.37,89.47,27.6,,,,,,,,,,,,,,,,
IMU,31106650.0,1,0.0386,-0.9878,0.1538,-0.55,0.0,0.12,-81.2,-2.61,94.48,26.9,,,,,,,,,,,,,,,,
IMU,31134227.0,2,0.106,-0.9902,0.1226,0.37,-0.24,-0.37,-83.17,-6.36,89.48,27.6,,,,,,,,,,,,,,,,
IMU,31106650.0,1,0.0386,-0.9878,0.1538,-0.55,0.0,0.12,-81.2,-2.61,94.48,26.9,,,,,,,,,,,,,,,,
IMU,31134227.0,2,0.106,-0.9902,0.1226,0.37,-0.24,-0.37,-83.17,-6.36,89.48,27.6,,,,,,,,,,,,,,,,
IMU,31206842.0,1,0.041,-0.9888,0.1602,0.49,-0.79,0.49,-81.17,-2.61,94.53,26.8,,,,,,,,,,,,,,,,
IMU,31134227.0,2,0.106,-0.9902,0.1226,0.37,-0.24,-0.37,-83.17,-6.36,89.48,27.6,,,,,,,,,,,,,,,,
IMU,31206842.0,1,0.041,-0.9888,0.1602,0.49,-0.79,0.49,-81.17,-2.61,94.53,26.8,,,,,,,,,,,,,,,,
IMU,31234162.0,2,0.1074,-0.9829,0.1172,0.43,-0.43,0.43,-83.11,-6.33,89.54,27.6,,,,,,,,,,,,,,,,
IMU,31206842.0,1,0.041,-0.9888,0.1602,0.49,-0.79,0.49,-81.17,-2.61,94.53,26.8,,,,,,,,,,,,,,,,
IMU,31234162.0,2,0.1074,-0.9829,0.1172,0.43,-0.43,0.43,-83.11,-6.33,89.54,27.6,,,,,,,,,,,,,,,,
IMU,31307044.0,1,0.0479,-0.9844,0.1533,0.31,1.22,0.12,-81.12,-2.59,94.58,26.9,,,,,,,,,,,,,,,,
IMU,31334088.0,2,0.1143,-0.9878,0.1128,-0.24,0.98,-0.31,-83.08,-6.32,89.53,27.6,,,,,,,,,,,,,,,,
IMU,31307044.0,1,0.0479,-0.9844,0.1533,0.31,1.22,0.12,-81.12,-2.59,94.58,26.9,,,,,,,,,,,,,,,,
IMU,31334088.0,2,0.1143,-0.9878,0.1128,-0.24,0.98,-0.31,-83.08,-6.32,89.53,27.6,,,,,,,,,,,,,,,,
IMU,31407241.0,1,0.0474,-0.9951,0.1553,-0.85,0.92,-0.24,-81.13,-2.61,94.52,27.0,,,,,,,,,,,,,,,,
IMU,31334088.0,2,0.1143,-0.9878,0.1128,-0.24,0.98,-0.31,-83.08,-6.32,89.53,27.6,,,,,,,,,,,,,,,,
IMU,31407241.0,1,0.0474,-0.9951,0.1553,-0.85,0.92,-0.24,-81.13,-2.61,94.52,27.0,,,,,,,,,,,,,,,,
IMU,31434035.0,2,0.105,-0.9868,0.1187,-0.85,0.79,-0.43,-83.15,-6.36,89.49,27.7,,,,,,,,,,,,,,,,
IMU,31407241.0,1,0.0474,-0.9951,0.1553,-0.85,0.92,-0.24,-81.13,-2.61,94.52,27.0,,,,,,,,,,,,,,,,
IMU,31434035.0,2,0.105,-0.9868,0.1187,-0.85,0.79,-0.43,-83.15,-6.36,89.49,27.7,,,,,,,,,,,,,,,,
IMU,31507434.0,1,0.0386,-0.9854,0.1572,-0.61,-1.65,0.43,-81.18,-2.62,94.54,26.7,,,,,,,,,,,,,,,,
IMU,31533972.0,2,0.1079,-0.9854,0.1113,-0.67,-0.61,-0.06,-83.18,-6.36,89.57,27.8,,,,,,,,,,,,,,,,
IMU,31507434.0,1,0.0386,-0.9854,0.1572,-0.61,-1.65,0.43,-81.18,-2.62,94.54,26.7,,,,,,,,,,,,,,,,
IMU,31533972.0,2,0.1079,-0.9854,0.1113,-0.67,-0.61,-0.06,-83.18,-6.36,89.57,27.8,,,,,,,,,,,,,,,,
IMU,31607632.0,1,0.0444,-0.9907,0.1519,-0.18,0.0,-0.49,-81.23,-2.6,94.55,26.9,,,,,,,,,,,,,,,,
IMU,31533972.0,2,0.1079,-0.9854,0.1113,-0.67,-0.61,-0.06,-83.18,-6.36,89.57,27.8,,,,,,,,,,,,,,,,
IMU,31607632.0,1,0.0444,-0.9907,0.1519,-0.18,0.0,-0.49,-81.23,-2.6,94.55,26.9,,,,,,,,,,,,,,,,
IMU,31633888.0,2,0.1045,-0.9897,0.1157,-0.06,0.0,-0.18,-83.23,-6.35,89.55,27.7,,,,,,,,,,,,,,,,
IMU,31607632.0,1,0.0444,-0.9907,0.1519,-0.18,0.0,-0.49,-81.23,-2.6,94.55,26.9,,,,,,,,,,,,,,,,
IMU,31633888.0,2,0.1045,-0.9897,0.1157,-0.06,0.0,-0.18,-83.23,-6.35,89.55,27.7,,,,,,,,,,,,,,,,
IMU,31707813.0,1,0.0454,-0.9883,0.1528,0.67,-0.06,0.61,-81.2,-2.58,94.54,27.0,,,,,,,,,,,,,,,,
IMU,31733819.0,2,0.1079,-0.9844,0.1138,0.61,0.24,0.67,-83.19,-6.3,89.54,27.7,,,,,,,,,,,,,,,,
IMU,31707813.0,1,0.0454,-0.9883,0.1528,0.67,-0.06,0.61,-81.2,-2.58,94.54,27.0,,,,,,,,,,,,,,,,
IMU,31733819.0,2,0.1079,-0.9844,0.1138,0.61,0.24,0.67,-83.19,-6.3,89.54,27.7,,,,,,,,,,,,,,,,
IMU,31808001.0,1,0.0415,-0.9858,0.1504,0.12,0.55,-0.18,-81.16,-2.52,94.5,26.9,,,,,,,,,,,,,,,,
IMU,31733819.0,2,0.1079,-0.9844,0.1138,0.61,0.24,0.67,-83.19,-6.3,89.54,27.7,,,,,,,,,,,,,,,,
IMU,31808001.0,1,0.0415,-0.9858,0.1504,0.12,0.55,-0.18,-81.16,-2.52,94.5,26.9,,,,,,,,,,,,,,,,
IMU,31833749.0,2,0.1069,-0.9863,0.1089,0.31,0.18,-0.24,-83.18,-6.26,89.48,27.7,,,,,,,,,,,,,,,,
IMU,31808001.0,1,0.0415,-0.9858,0.1504,0.12,0.55,-0.18,-81.16,-2.52,94.5,26.9,,,,,,,,,,,,,,,,
IMU,31833749.0,2,0.1069,-0.9863,0.1089,0.31,0.18,-0.24,-83.18,-6.26,89.48,27.7,,,,,,,,,,,,,,,,
IMU,31908192.0,1,0.0459,-0.9897,0.1519,-0.06,-0.73,0.12,-81.16,-2.52,94.52,26.8,,,,,,,,,,,,,,,,
IMU,31933651.0,2,0.105,-0.9873,0.1118,-0.06,-0.61,0.0,-83.19,-6.26,89.53,27.6,,,,,,,,,,,,,,,,
IMU,31908192.0,1,0.0459,-0.9897,0.1519,-0.06,-0.73,0.12,-81.16,-2.52,94.52,26.8,,,,,,,,,,,,,,,,
IMU,31933651.0,2,0.105,-0.9873,0.1118,-0.06,-0.61,0.0,-83.19,-6.26,89.53,27.6,,,,,,,,,,,,,,,,
IMU,32008389.0,1,0.0405,-0.9888,0.1567,-1.04,-0.37,0.18,-81.23,-2.5,94.54,26.8,,,,,,,,,,,,,,,,
IMU,31933651.0,2,0.105,-0.9873,0.1118,-0.06,-0.61,0.0,-83.19,-6.26,89.53,27.6,,,,,,,,,,,,,,,,
IMU,32008389.0,1,0.0405,-0.9888,0.1567,-1.04,-0.37,0.18,-81.23,-2.5,94.54,26.8,,,,,,,,,,,,,,,,
IMU,32033601.0,2,0.0991,-0.9883,0.1221,-1.1,-0.24,0.06,-83.28,-6.24,89.54,27.6,,,,,,,,,,,,,,,,
IMU,32008389.0,1,0.0405,-0.9888,0.1567,-1.04,-0.37,0.18,-81.23,-2.5,94.54,26.8,,,,,,,,,,,,,,,,
IMU,32033601.0,2,0.0991,-0.9883,0.1221,-1.1,-0.24,0.06,-83.28,-6.24,89.54,27.6,,,,,,,,,,,,,,,,
IMU,32108590.0,1,0.0439,-0.9883,0.1592,-0.85,0.67,0.67,-81.29,-2.44,94.53,26.8,,,,,,,,,,,,,,,,
IMU,32133518.0,2,0.1021,-0.9839,0.1182,-1.34,1.22,1.1,-83.34,-6.17,89.52,27.6,,,,,,,,,,,,,,,,
IMU,32108590.0,1,0.0439,-0.9883,0.1592,-0.85,0.67,0.67,-81.29,-2.44,94.53,26.8,,,,,,,,,,,,,,,,
IMU,32133518.0,2,0.1021,-0.9839,0.1182,-1.34,1.22,1.1,-83.34,-6.17,89.52,27.6,,,,,,,,,,,,,,,,
IMU,32208766.0,1,0.0405,-0.9888,0.1479,1.65,1.28,0.55,-81.24,-2.33,94.42,26.8,,,,,,,,,,,,,,,,
IMU,32133518.0,2,0.1021,-0.9839,0.1182,-1.34,1.22,1.1,-83.34,-6.17,89.52,27.6,,,,,,,,,,,,,,,,
IMU,32208766.0,1,0.0405,-0.9888,0.1479,1.65,1.28,0.55,-81.24,-2.33,94.42,26.8,,,,,,,,,,,,,,,,
IMU,32233445.0,2,0.1094,-0.9868,0.1064,2.08,1.34,0.24,-83.25,-6.06,89.39,27.8,,,,,,,,,,,,,,,,
IMU,32208766.0,1,0.0405,-0.9888,0.1479,1.65,1.28,0.55,-81.24,-2.33,94.42,26.8,,,,,,,,,,,,,,,,
IMU,32233445.0,2,0.1094,-0.9868,0.1064,2.08,1.34,0.24,-83.25,-6.06,89.39,27.8,,,,,,,,,,,,,,,,
IMU,32308957.0,1,0.0376,-0.9878,0.1504,0.49,0.85,0.24,-81.1,-2.31,94.31,26.8,,,,,,,,,,,,,,,,
IMU,32333361.0,2,0.104,-0.9907,0.0991,0.0,-0.73,0.06,-83.17,-6.04,89.3,27.7,,,,,,,,,,,,,,,,
IMU,32308957.0,1,0.0376,-0.9878,0.1504,0.49,0.85,0.24,-81.1,-2.31,94.31,26.8,,,,,,,,,,,,,,,,
IMU,32333361.0,2,0.104,-0.9907,0.0991,0.0,-0.73,0.06,-83.17,-6.04,89.3,27.7,,,,,,,,,,,,,,,,
IMU,32409156.0,1,0.0298,-0.9937,0.1465,-1.16,0.85,0.92,-81.21,-2.27,94.31,26.8,,,,,,,,,,,,,,,,
IMU,32333361.0,2,0.104,-0.9907,0.0991,0.0,-0.73,0.06,-83.17,-6.04,89.3,27.7,,,,,,,,,,,,,,,,
IMU,32409156.0,1,0.0298,-0.9937,0.1465,-1.16,0.85,0.92,-81.21,-2.27,94.31,26.8,,,,,,,,,,,,,,,,
IMU,32433284.0,2,0.104,-0.999,0.1113,-0.49,0.0,0.37,-83.3,-6.0,89.29,27.7,,,,,,,,,,,,,,,,
IMU,32409156.0,1,0.0298,-0.9937,0.1465,-1.16,0.85,0.92,-81.21,-2.27,94.31,26.8,,,,,,,,,,,,,,,,
IMU,32433284.0,2,0.104,-0.999,0.1113,-0.49,0.0,0.37,-83.3,-6.0,89.29,27.7,,,,,,,,,,,,,,,,
IMU,32509339.0,1,0.0317,-0.9849,0.1538,-0.61,1.22,0.49,-81.29,-2.21,94.35,26.8,,,,,,,,,,,,,,,,
IMU,32533212.0,2,0.0908,-0.9805,0.1138,-1.59,0.43,0.49,-83.39,-5.94,89.32,27.7,,,,,,,,,,,,,,,,
IMU,32509339.0,1,0.0317,-0.9849,0.1538,-0.61,1.22,0.49,-81.29,-2.21,94.35,26.8,,,,,,,,,,,,,,,,
IMU,32533212.0,2,0.0908,-0.9805,0.1138,-1.59,0.43,0.49,-83.39,-5.94,89.32,27.7,,,,,,,,,,,,,,,,
IMU,32609547.0,1,0.0332,-0.9839,0.1509,-1.04,-0.92,-0.43,-81.44,-2.18,94.33,26.8,,,,,,,,,,,,,,,,
IMU,32533212.0,2,0.0908,-0.9805,0.1138,-1.59,0.43,0.49,-83.39,-5.94,89.32,27.7,,,,,,,,,,,,,,,,
IMU,32609547.0,1,0.0332,-0.9839,0.1509,-1.04,-0.92,-0.43,-81.44,-2.18,94.33,26.8,,,,,,,,,,,,,,,,
IMU,32633137.0,2,0.0928,-0.9805,0.1182,-0.06,-0.61,-0.18,-83.53,-5.95,89.37,27.7,,,,,,,,,,,,,,,,
IMU,32609547.0,1,0.0332,-0.9839,0.1509,-1.04,-0.92,-0.43,-81.44,-2.18,94.33,26.8,,,,,,,,,,,,,,,,
IMU,32633137.0,2,0.0928,-0.9805,0.1182,-0.06,-0.61,-0.18,-83.53,-5.95,89.37,27.7,,,,,,,,,,,,,,,,
IMU,32709726.0,1,0.0347,-0.9883,0.1553,0.18,0.85,-0.31,-81.43,-2.19,94.31,27.0,,,,,,,,,,,,,,,,
IMU,32733044.0,2,0.1011,-0.9893,0.1104,0.31,1.4,-0.24,-83.5,-5.95,89.3,27.7,,,,,,,,,,,,,,,,
IMU,32709726.0,1,0.0347,-0.9883,0.1553,0.18,0.85,-0.31,-81.43,-2.19,94.31,27.0,,,,,,,,,,,,,,,,
IMU,32733044.0,2,0.1011,-0.9893,0.1104,0.31,1.4,-0.24,-83.5,-5.95,89.3,27.7,,,,,,,,,,,,,,,,
IMU,32809923.0,1,0.041,-0.999,0.1406,0.61,3.48,0.49,-81.39,-2.13,94.16,26.7,,,,,,,,,,,,,,,,
IMU,32733044.0,2,0.1011,-0.9893,0.1104,0.31,1.4,-0.24,-83.5,-5.95,89.3,27.7,,,,,,,,,,,,,,,,
IMU,32809923.0,1,0.041,-0.999,0.1406,0.61,3.48,0.49,-81.39,-2.13,94.16,26.7,,,,,,,,,,,,,,,,
IMU,32832970.0,2,0.1089,-0.9971,0.1055,0.67,5.62,0.18,-83.46,-5.87,89.07,27.7,,,,,,,,,,,,,,,,
IMU,32809923.0,1,0.041,-0.999,0.1406,0.61,3.48,0.49,-81.39,-2.13,94.16,26.7,,,,,,,,,,,,,,,,
IMU,32832970.0,2,0.1089,-0.9971,0.1055,0.67,5.62,0.18,-83.46,-5.87,89.07,27.7,,,,,,,,,,,,,,,,
IMU,32910124.0,1,0.0356,-0.9985,0.1392,3.78,4.88,0.12,-81.18,-2.07,93.63,26.8,,,,,,,,,,,,,,,,
IMU,32932894.0,2,0.0918,-0.9961,0.1104,4.03,4.21,0.98,-83.22,-5.8,88.52,27.6,,,,,,,,,,,,,,,,
IMU,32910124.0,1,0.0356,-0.9985,0.1392,3.78,4.88,0.12,-81.18,-2.07,93.63,26.8,,,,,,,,,,,,,,,,
IMU,32932894.0,2,0.0918,-0.9961,0.1104,4.03,4.21,0.98,-83.22,-5.8,88.52,27.6,,,,,,,,,,,,,,,,
IMU,33010323.0,1,0.0293,-0.9873,0.1763,0.73,0.61,1.46,-80.85,-1.95,93.41,26.7,,,,,,,,,,,,,,,,
IMU,32932894.0,2,0.0918,-0.9961,0.1104,4.03,4.21,0.98,-83.22,-5.8,88.52,27.6,,,,,,,,,,,,,,,,
IMU,33010323.0,1,0.0293,-0.9873,0.1763,0.73,0.61,1.46,-80.85,-1.95,93.41,26.7,,,,,,,,,,,,,,,,
IMU,33032811.0,2,0.0957,-0.9951,0.1021,-1.77,0.0,1.71,-82.98,-5.63,88.37,27.6,,,,,,,,,,,,,,,,
IMU,33010323.0,1,0.0293,-0.9873,0.1763,0.73,0.61,1.46,-80.85,-1.95,93.41,26.7,,,,,,,,,,,,,,,,
IMU,33032811.0,2,0.0957,-0.9951,0.1021,-1.77,0.0,1.71,-82.98,-5.63,88.37,27.6,,,,,,,,,,,,,,,,
IMU,33110526.0,1,0.0239,-0.9858,0.1685,-3.78,0.98,3.3,-81.16,-1.69,93.39,26.8,,,,,,,,,,,,,,,,
IMU,33132736.0,2,0.0884,-0.9819,0.1445,-2.99,0.43,2.44,-83.43,-5.36,88.37,27.6,,,,,,,,,,,,,,,,
IMU,33110526.0,1,0.0239,-0.9858,0.1685,-3.78,0.98,3.3,-81.16,-1.69,93.39,26.8,,,,,,,,,,,,,,,,
IMU,33132736.0,2,0.0884,-0.9819,0.1445,-2.99,0.43,2.44,-83.43,-5.36,88.37,27.6,,,,,,,,,,,,,,,,
IMU,33210725.0,1,0.0137,-0.978,0.1543,3.72,5.92,1.53,-81.16,-1.41,93.15,26.8,,,,,,,,,,,,,,,,
IMU,33132736.0,2,0.0884,-0.9819,0.1445,-2.99,0.43,2.44,-83.43,-5.36,88.37,27.6,,,,,,,,,,,,,,,,
IMU,33210725.0,1,0.0137,-0.978,0.1543,3.72,5.92,1.53,-81.16,-1.41,93.15,26.8,,,,,,,,,,,,,,,,
IMU,33232668.0,2,0.0781,-0.9727,0.1401,5.86,6.47,1.89,-83.28,-5.09,88.02,27.8,,,,,,,,,,,,,,,,
IMU,33210725.0,1,0.0137,-0.978,0.1543,3.72,5.92,1.53,-81.16,-1.41,93.15,26.8,,,,,,,,,,,,,,,,
IMU,33232668.0,2,0.0781,-0.9727,0.1401,5.86,6.47,1.89,-83.28,-5.09,88.02,27.8,,,,,,,,,,,,,,,,
IMU,33310924.0,1,0.0361,-0.9727,0.1646,9.64,1.59,0.92,-80.31,-1.22,92.66,27.0,,,,,,,,,,,,,,,,
IMU,33332583.0,2,0.1055,-0.9751,0.106,9.03,0.37,1.28,-82.32,-4.86,87.57,27.6,,,,,,,,,,,,,,,,
IMU,33310924.0,1,0.0361,-0.9727,0.1646,9.64,1.59,0.92,-80.31,-1.22,92.66,27.0,,,,,,,,,,,,,,,,
IMU,33332583.0,2,0.1055,-0.9751,0.106,9.03,0.37,1.28,-82.32,-4.86,87.57,27.6,,,,,,,,,,,,,,,,
IMU,33411124.0,1,0.0347,-1.0059,0.1533,2.44,3.85,-2.62,-79.72,-1.25,92.65,26.9,,,,,,,,,,,,,,,,
IMU,33332583.0,2,0.1055,-0.9751,0.106,9.03,0.37,1.28,-82.32,-4.86,87.57,27.6,,,,,,,,,,,,,,,,
IMU,33411124.0,1,0.0347,-1.0059,0.1533,2.44,3.85,-2.62,-79.72,-1.25,92.65,26.9,,,,,,,,,,,,,,,,
IMU,33432505.0,2,0.1084,-1.001,0.1025,0.73,6.47,-3.66,-81.9,-4.96,87.37,27.6,,,,,,,,,,,,,,,,
IMU,33411124.0,1,0.0347,-1.0059,0.1533,2.44,3.85,-2.62,-79.72,-1.25,92.65,26.9,,,,,,,,,,,,,,,,
IMU,33432505.0,2,0.1084,-1.001,0.1025,0.73,6.47,-3.66,-81.9,-4.96,87.37,27.6,,,,,,,,,,,,,,,,
IMU,33511317.0,1,0.0,-0.9766,0.1797,-2.01,1.71,-4.52,-79.78,-1.62,92.09,26.8,,,,,,,,,,,,,,,,
IMU,33532427.0,2,0.0435,-0.9795,0.1294,-1.89,0.92,-3.17,-82.1,-5.37,86.89,27.8,,,,,,,,,,,,,,,,
IMU,33511317.0,1,0.0,-0.9766,0.1797,-2.01,1.71,-4.52,-79.78,-1.62,92.09,26.8,,,,,,,,,,,,,,,,
IMU,33532427.0,2,0.0435,-0.9795,0.1294,-1.89,0.92,-3.17,-82.1,-5.37,86.89,27.8,,,,,,,,,,,,,,,,
IMU,33611511.0,1,0.0127,-0.9814,0.1782,-1.65,-5.25,0.55,-80.02,-1.75,92.15,26.9,,,,,,,,,,,,,,,,
IMU,33532427.0,2,0.0435,-0.9795,0.1294,-1.89,0.92,-3.17,-82.1,-5.37,86.89,27.8,,,,,,,,,,,,,,,,
IMU,33611511.0,1,0.0127,-0.9814,0.1782,-1.65,-5.25,0.55,-80.02,-1.75,92.15,26.9,,,,,,,,,,,,,,,,
IMU,33632341.0,2,0.0718,-0.9819,0.1343,-0.43,-7.57,0.79,-82.3,-5.42,87.14,27.5,,,,,,,,,,,,,,,,
IMU,33611511.0,1,0.0127,-0.9814,0.1782,-1.65,-5.25,0.55,-80.02,-1.75,92.15,26.9,,,,,,,,,,,,,,,,
IMU,33632341.0,2,0.0718,-0.9819,0.1343,-0.43,-7.57,0.79,-82.3,-5.42,87.14,27.5,,,,,,,,,,,,,,,,
IMU,33711707.0,1,0.0278,-0.9824,0.1772,-2.38,-6.77,1.16,-80.21,-1.69,92.92,27.0,,,,,,,,,,,,,,,,
IMU,33732251.0,2,0.1025,-0.9824,0.127,-1.95,-5.19,0.24,-82.44,-5.37,87.91,27.6,,,,,,,,,,,,,,,,
IMU,33711707.0,1,0.0278,-0.9824,0.1772,-2.38,-6.77,1.16,-80.21,-1.69,92.92,27.0,,,,,,,,,,,,,,,,
IMU,33732251.0,2,0.1025,-0.9824,0.127,-1.95,-5.19,0.24,-82.44,-5.37,87.91,27.6,,,,,,,,,,,,,,,,
IMU,33811910.0,1,0.0405,-0.9863,0.1694,-1.77,-3.11,-0.49,-80.46,-1.75,93.35,26.8,,,,,,,,,,,,,,,,
IMU,33732251.0,2,0.1025,-0.9824,0.127,-1.95,-5.19,0.24,-82.44,-5.37,87.91,27.6,,,,,,,,,,,,,,,,
IMU,33811910.0,1,0.0405,-0.9863,0.1694,-1.77,-3.11,-0.49,-80.46,-1.75,93.35,26.8,,,,,,,,,,,,,,,,
IMU,33832173.0,2,0.0977,-0.9912,0.1494,-0.18,-1.28,-0.31,-82.66,-5.46,88.28,27.6,,,,,,,,,,,,,,,,
IMU,33811910.0,1,0.0405,-0.9863,0.1694,-1.77,-3.11,-0.49,-80.46,-1.75,93.35,26.8,,,,,,,,,,,,,,,,
IMU,33832173.0,2,0.0977,-0.9912,0.1494,-0.18,-1.28,-0.31,-82.66,-5.46,88.28,27.6,,,,,,,,,,,,,,,,
IMU,33912111.0,1,0.0337,-0.9937,0.1665,3.6,1.04,-1.04,-80.27,-1.81,93.32,26.8,,,,,,,,,,,,,,,,
IMU,33932091.0,2,0.0918,-0.9912,0.124,4.03,0.37,-0.79,-82.36,-5.5,88.18,27.6,,,,,,,,,,,,,,,,
IMU,33912111.0,1,0.0337,-0.9937,0.1665,3.6,1.04,-1.04,-80.27,-1.81,93.32,26.8,,,,,,,,,,,,,,,,
IMU,33932091.0,2,0.0918,-0.9912,0.124,4.03,0.37,-0.79,-82.36,-5.5,88.18,27.6,,,,,,,,,,,,,,,,
IMU,34012303.0,1,0.0137,-0.9805,0.1816,-0.18,3.05,-1.34,-80.06,-1.86,93.1,26.8,,,,,,,,,,,,,,,,
IMU,33932091.0,2,0.0918,-0.9912,0.124,4.03,0.37,-0.79,-82.36,-5.5,88.18,27.6,,,,,,,,,,,,,,,,
IMU,34012303.0,1,0.0137,-0.9805,0.1816,-0.18,3.05,-1.34,-80.06,-1.86,93.1,26.8,,,,,,,,,,,,,,,,
IMU,34032010.0,2,0.0854,-0.9824,0.1294,-0.73,0.92,-1.89,-82.26,-5.55,87.91,27.7,,,,,,,,,,,,,,,,
IMU,34012303.0,1,0.0137,-0.9805,0.1816,-0.18,3.05,-1.34,-80.06,-1.86,93.1,26.8,,,,,,,,,,,,,,,,
IMU,34032010.0,2,0.0854,-0.9824,0.1294,-0.73,0.92,-1.89,-82.26,-5.55,87.91,27.7,,,,,,,,,,,,,,,,
IMU,34112491.0,1,0.0273,-0.9868,0.1689,0.06,-1.77,-1.1,-80.11,-2.01,93.13,26.9,,,,,,,,,,,,,,,,
IMU,34131920.0,2,0.1055,-0.9927,0.1333,0.79,-0.61,-1.16,-82.28,-5.71,88.01,27.6,,,,,,,,,,,,,,,,
IMU,34112491.0,1,0.0273,-0.9868,0.1689,0.06,-1.77,-1.1,-80.11,-2.01,93.13,26.9,,,,,,,,,,,,,,,,
IMU,34131920.0,2,0.1055,-0.9927,0.1333,0.79,-0.61,-1.16,-82.28,-5.71,88.01,27.6,,,,,,,,,,,,,,,,
IMU,34212683.0,1,0.0532,-0.9917,0.1797,0.0,-2.56,1.16,-80.03,-2.05,93.39,26.8,,,,,,,,,,,,,,,,
IMU,34131920.0,2,0.1055,-0.9927,0.1333,0.79,-0.61,-1.16,-82.28,-5.71,88.01,27.6,,,,,,,,,,,,,,,,
IMU,34212683.0,1,0.0532,-0.9917,0.1797,0.0,-2.56,1.16,-80.03,-2.05,93.39,26.8,,,,,,,,,,,,,,,,
IMU,34231847.0,2,0.123,-0.9951,0.1079,-1.53,0.67,0.49,-82.16,-5.71,88.26,27.7,,,,,,,,,,,,,,,,
IMU,34212683.0,1,0.0532,-0.9917,0.1797,0.0,-2.56,1.16,-80.03,-2.05,93.39,26.8,,,,,,,,,,,,,,,,
IMU,34231847.0,2,0.123,-0.9951,0.1079,-1.53,0.67,0.49,-82.16,-5.71,88.26,27.7,,,,,,,,,,,,,,,,
IMU,34312881.0,1,0.0322,-0.9868,0.1807,-6.71,1.22,-2.93,-80.45,-2.16,93.2,27.0,,,,,,,,,,,,,,,,
IMU,34331752.0,2,0.0747,-0.9888,0.1558,-5.86,1.65,-2.44,-82.75,-5.92,88.05,27.6,,,,,,,,,,,,,,,,
IMU,34312881.0,1,0.0322,-0.9868,0.1807,-6.71,1.22,-2.93,-80.45,-2.16,93.2,27.0,,,,,,,,,,,,,,,,
IMU,34331752.0,2,0.0747,-0.9888,0.1558,-5.86,1.65,-2.44,-82.75,-5.92,88.05,27.6,,,,,,,,,,,,,,,,
IMU,34413079.0,1,0.0283,-0.978,0.1733,3.48,2.08,2.14,-80.6,-2.08,92.9,26.9,,,,,,,,,,,,,,,,
IMU,34331752.0,2,0.0747,-0.9888,0.1558,-5.86,1.65,-2.44,-82.75,-5.92,88.05,27.6,,,,,,,,,,,,,,,,
IMU,34413079.0,1,0.0283,-0.978,0.1733,3.48,2.08,2.14,-80.6,-2.08,92.9,26.9,,,,,,,,,,,,,,,,
IMU,34431685.0,2,0.1025,-0.981,0.1504,5.07,0.12,2.01,-82.74,-5.74,87.8,27.6,,,,,,,,,,,,,,,,
IMU,34413079.0,1,0.0283,-0.978,0.1733,3.48,2.08,2.14,-80.6,-2.08,92.9,26.9,,,,,,,,,,,,,,,,
IMU,34431685.0,2,0.1025,-0.981,0.1504,5.07,0.12,2.01,-82.74,-5.74,87.8,27.6,,,,,,,,,,,,,,,,
IMU,34513271.0,1,0.0508,-0.9912,0.167,5.55,2.01,1.46,-80.07,-1.94,92.92,26.8,,,,,,,,,,,,,,,,
IMU,34531615.0,2,0.1138,-0.9878,0.1289,5.37,2.32,2.5,-82.17,-5.56,87.76,27.6,,,,,,,,,,,,,,,,
IMU,34513271.0,1,0.0508,-0.9912,0.167,5.55,2.01,1.46,-80.07,-1.94,92.92,26.8,,,,,,,,,,,,,,,,
IMU,34531615.0,2,0.1138,-0.9878,0.1289,5.37,2.32,2.5,-82.17,-5.56,87.76,27.6,,,,,,,,,,,,,,,,
IMU,34613464.0,1,0.0347,-0.9868,0.1572,5.74,9.46,-0.31,-79.46,-1.73,92.44,26.8,,,,,,,,,,,,,,,,
IMU,34531615.0,2,0.1138,-0.9878,0.1289,5.37,2.32,2.5,-82.17,-5.56,87.76,27.6,,,,,,,,,,,,,,,,
IMU,34613464.0,1,0.0347,-0.9868,0.1572,5.74,9.46,-0.31,-79.46,-1.73,92.44,26.8,,,,,,,,,,,,,,,,
IMU,34631530.0,2,0.1123,-0.9932,0.0962,3.42,10.93,-0.61,-81.6,-5.33,87.08,27.7,,,,,,,,,,,,,,,,
IMU,34613464.0,1,0.0347,-0.9868,0.1572,5.74,9.46,-0.31,-79.46,-1.73,92.44,26.8,,,,,,,,,,,,,,,,
IMU,34631530.0,2,0.1123,-0.9932,0.0962,3.42,10.93,-0.61,-81.6,-5.33,87.08,27.7,,,,,,,,,,,,,,,,
IMU,34713645.0,1,-0.0034,-0.9785,0.1641,2.81,9.95,-3.6,-79.1,-1.77,91.34,26.8,,,,,,,,,,,,,,,,
IMU,34731461.0,2,0.0649,-0.9824,0.0981,0.49,8.0,-3.54,-81.35,-5.42,85.96,27.6,,,,,,,,,,,,,,,,
IMU,34713645.0,1,-0.0034,-0.9785,0.1641,2.81,9.95,-3.6,-79.1,-1.77,91.34,26.8,,,,,,,,,,,,,,,,
IMU,34731461.0,2,0.0649,-0.9824,0.0981,0.49,8.0,-3.54,-81.35,-5.42,85.96,27.6,,,,,,,,,,,,,,,,
IMU,34813824.0,1,0.0249,-0.9922,0.2002,-9.83,-3.48,-4.27,-79.52,-2.03,91.04,27.0,,,,,,,,,,,,,,,,
IMU,34731461.0,2,0.0649,-0.9824,0.0981,0.49,8.0,-3.54,-81.35,-5.42,85.96,27.6,,,,,,,,,,,,,,,,
IMU,34813824.0,1,0.0249,-0.9922,0.2002,-9.83,-3.48,-4.27,-79.52,-2.03,91.04,27.0,,,,,,,,,,,,,,,,
IMU,34831394.0,2,0.0894,-0.999,0.144,-9.64,-3.36,-5.07,-82.01,-5.78,85.9,27.5,,,,,,,,,,,,,,,,
IMU,34813824.0,1,0.0249,-0.9922,0.2002,-9.83,-3.48,-4.27,-79.52,-2.03,91.04,27.0,,,,,,,,,,,,,,,,
IMU,34831394.0,2,0.0894,-0.999,0.144,-9.64,-3.36,-5.07,-82.01,-5.78,85.9,27.5,,,,,,,,,,,,,,,,
IMU,34913997.0,1,0.0479,-1.0239,0.1377,0.18,8.36,-5.37,-80.28,-2.38,90.64,27.0,,,,,,,,,,,,,,,,
IMU,34931316.0,2,0.1235,-1.0088,0.1938,4.52,8.0,-5.49,-82.61,-6.19,85.37,27.6,,,,,,,,,,,,,,,,
IMU,34913997.0,1,0.0479,-1.0239,0.1377,0.18,8.36,-5.37,-80.28,-2.38,90.64,27.0,,,,,,,,,,,,,,,,
IMU,34931316.0,2,0.1235,-1.0088,0.1938,4.52,8.0,-5.49,-82.61,-6.19,85.37,27.6,,,,,,,,,,,,,,,,
IMU,35014179.0,1,0.0181,-0.958,0.1953,16.24,15.87,-15.44,-79.06,-3.03,89.53,26.9,,,,,,,,,,,,,,,,
IMU,34931316.0,2,0.1235,-1.0088,0.1938,4.52,8.0,-5.49,-82.61,-6.19,85.37,27.6,,,,,,,,,,,,,,,,
IMU,35014179.0,1,0.0181,-0.958,0.1953,16.24,15.87,-15.44,-79.06,-3.03,89.53,26.9,,,,,,,,,,,,,,,,
IMU,35031253.0,2,0.1387,-0.9585,0.1274,12.82,18.86,-16.97,-81.02,-6.9,83.92,27.6,,,,,,,,,,,,,,,,
IMU,35014179.0,1,0.0181,-0.958,0.1953,16.24,15.87,-15.44,-79.06,-3.03,89.53,26.9,,,,,,,,,,,,,,,,
IMU,35031253.0,2,0.1387,-0.9585,0.1274,12.82,18.86,-16.97,-81.02,-6.9,83.92,27.6,,,,,,,,,,,,,,,,
IMU,35114366.0,1,0.0815,-0.9756,0.2271,5.74,2.32,-17.7,-78.0,-4.64,88.27,26.8,,,,,,,,,,,,,,,,
IMU,35131170.0,2,0.1094,-0.9971,0.1899,4.52,4.7,-14.77,-80.17,-8.53,82.79,27.8,,,,,,,,,,,,,,,,
IMU,35114366.0,1,0.0815,-0.9756,0.2271,5.74,2.32,-17.7,-78.0,-4.64,88.27,26.8,,,,,,,,,,,,,,,,
IMU,35131170.0,2,0.1094,-0.9971,0.1899,4.52,4.7,-14.77,-80.17,-8.53,82.79,27.8,,,,,,,,,,,,,,,,
IMU,35214530.0,1,0.0894,-0.9902,0.2153,15.32,-2.69,-12.02,-77.01,-5.77,87.92,26.8,,,,,,,,,,,,,,,,
IMU,35131170.0,2,0.1094,-0.9971,0.1899,4.52,4.7,-14.77,-80.17,-8.53,82.79,27.8,,,,,,,,,,,,,,,,
IMU,35214530.0,1,0.0894,-0.9902,0.2153,15.32,-2.69,-12.02,-77.01,-5.77,87.92,26.8,,,,,,,,,,,,,,,,
IMU,35231093.0,2,0.1558,-0.9937,0.1958,17.7,2.5,-11.41,-78.87,-9.5,82.41,27.6,,,,,,,,,,,,,,,,
IMU,35214530.0,1,0.0894,-0.9902,0.2153,15.32,-2.69,-12.02,-77.01,-5.77,87.92,26.8,,,,,,,,,,,,,,,,
IMU,35231093.0,2,0.1558,-0.9937,0.1958,17.7,2.5,-11.41,-78.87,-9.5,82.41,27.6,,,,,,,,,,,,,,,,
IMU,35314717.0,1,0.1372,-0.9614,0.2568,13.79,13.43,-10.68,-75.34,-6.61,86.85,26.9,,,,,,,,,,,,,,,,
IMU,35331019.0,2,0.2305,-0.8882,-0.4883,-23.13,10.44,-9.09,-77.41,-10.13,80.99,27.6,,,,,,,,,,,,,,,,
IMU,35314717.0,1,0.1372,-0.9614,0.2568,13.79,13.43,-10.68,-75.34,-6.61,86.85,26.9,,,,,,,,,,,,,,,,
IMU,35331019.0,2,0.2305,-0.8882,-0.4883,-23.13,10.44,-9.09,-77.41,-10.13,80.99,27.6,,,,,,,,,,,,,,,,
IMU,35314717.0,1,0.1372,-0.9614,0.2568,13.79,13.43,-10.68,-75.34,-6.61,86.85,26.9,,,,,,,,,,,,,,,,
IMU,35331019.0,2,0.2305,-0.8882,-0.4883,-23.13,10.44,-9.09,-77.41,-10.13,80.99,27.6,,,,,,,,,,,,,,,,
IMU,35414893.0,1,0.0859,-0.9761,0.1685,-34.73,-6.35,-2.56,-76.76,-6.68,85.2,26.9,,,,,,,,,,,,,,,,
IMU,35430943.0,2,0.1499,-0.9849,0.3291,-13.49,-13.61,-5.31,-80.1,-10.31,79.93,27.6,,,,,,,,,,,,,,,,
IMU,35414893.0,1,0.0859,-0.9761,0.1685,-34.73,-6.35,-2.56,-76.76,-6.68,85.2,26.9,,,,,,,,,,,,,,,,
IMU,35430943.0,2,0.1499,-0.9849,0.3291,-13.49,-13.61,-5.31,-80.1,-10.31,79.93,27.6,,,,,,,,,,,,,,,,
IMU,35515079.0,1,0.0298,-0.9712,0.0513,13.43,23.99,-4.82,-77.03,-7.19,84.94,26.8,,,,,,,,,,,,,,,,
IMU,35530860.0,2,0.0913,-1.0156,0.2266,30.09,28.44,5.07,-79.88,-10.2,79.18,27.7,,,,,,,,,,,,,,,,
IMU,35515079.0,1,0.0298,-0.9712,0.0513,13.43,23.99,-4.82,-77.03,-7.19,84.94,26.8,,,,,,,,,,,,,,,,
IMU,35530860.0,2,0.0913,-1.0156,0.2266,30.09,28.44,5.07,-79.88,-10.2,79.18,27.7,,,,,,,,,,,,,,,,
IMU,35515079.0,1,0.0298,-0.9712,0.0513,13.43,23.99,-4.82,-77.03,-7.19,84.94,26.8,,,,,,,,,,,,,,,,
IMU,35530860.0,2,0.0913,-1.0156,0.2266,30.09,28.44,5.07,-79.88,-10.2,79.18,27.7,,,,,,,,,,,,,,,,
IMU,35615266.0,1,0.1514,-0.9854,0.2827,46.2,-21.55,-0.98,-74.45,-6.87,85.51,26.8,,,,,,,,,,,,,,,,
IMU,35630785.0,2,0.2524,-1.0029,0.3398,55.3,-6.04,-11.84,-76.01,-10.07,80.05,27.7,,,,,,,,,,,,,,,,
IMU,35615266.0,1,0.1514,-0.9854,0.2827,46.2,-21.55,-0.98,-74.45,-6.87,85.51,26.8,,,,,,,,,,,,,,,,
IMU,35630785.0,2,0.2524,-1.0029,0.3398,55.3,-6.04,-11.84,-76.01,-10.07,80.05,27.7,,,,,,,,,,,,,,,,
IMU,35715446.0,1,0.1553,-0.916,0.3716,23.32,40.65,-16.54,-69.94,-7.43,83.55,26.8,,,,,,,,,,,,,,,,
IMU,35730717.0,2,0.2163,-0.9033,0.1396,5.62,35.71,-13.0,-72.48,-10.38,76.91,27.6,,,,,,,,,,,,,,,,
IMU,35715446.0,1,0.1553,-0.916,0.3716,23.32,40.65,-16.54,-69.94,-7.43,83.55,26.8,,,,,,,,,,,,,,,,
IMU,35730717.0,2,0.2163,-0.9033,0.1396,5.62,35.71,-13.0,-72.48,-10.38,76.91,27.6,,,,,,,,,,,,,,,,
IMU,35715446.0,1,0.1553,-0.916,0.3716,23.32,40.65,-16.54,-69.94,-7.43,83.55,26.8,,,,,,,,,,,,,,,,
IMU,35730717.0,2,0.2163,-0.9033,0.1396,5.62,35.71,-13.0,-72.48,-10.38,76.91,27.6,,,,,,,,,,,,,,,,
IMU,35815632.0,1,0.166,-0.958,0.4868,29.24,10.93,-42.48,-67.94,-9.58,80.9,26.9,,,,,,,,,,,,,,,,
IMU,35830653.0,2,0.187,-0.9458,0.3989,23.5,17.52,-39.18,-69.74,-13.08,74.08,27.6,,,,,,,,,,,,,,,,
IMU,35815632.0,1,0.166,-0.958,0.4868,29.24,10.93,-42.48,-67.94,-9.58,80.9,26.9,,,,,,,,,,,,,,,,
IMU,35830653.0,2,0.187,-0.9458,0.3989,23.5,17.52,-39.18,-69.74,-13.08,74.08,27.6,,,,,,,,,,,,,,,,
IMU,35915805.0,1,0.1885,-0.8257,0.4268,56.09,31.01,-63.42,-63.31,-13.18,76.66,26.6,,,,,,,,,,,,,,,,
IMU,35930606.0,2,0.1787,-0.8618,0.5249,66.83,63.23,-55.85,-63.37,-16.39,68.7,27.6,,,,,,,,,,,,,,,,
IMU,35915805.0,1,0.1885,-0.8257,0.4268,56.09,31.01,-63.42,-63.31,-13.18,76.66,26.6,,,,,,,,,,,,,,,,
IMU,35930606.0,2,0.1787,-0.8618,0.5249,66.83,63.23,-55.85,-63.37,-16.39,68.7,27.6,,,,,,,,,,,,,,,,
IMU,35915805.0,1,0.1885,-0.8257,0.4268,56.09,31.01,-63.42,-63.31,-13.18,76.66,26.6,,,,,,,,,,,,,,,,
IMU,35930606.0,2,0.1787,-0.8618,0.5249,66.83,63.23,-55.85,-63.37,-16.39,68.7,27.6,,,,,,,,,,,,,,,,
IMU,36016001.0,1,0.2588,-0.7153,0.6318,65.37,54.57,-79.1,-54.66,-16.2,68.29,26.9,,,,,,,,,,,,,,,,
IMU,36030516.0,2,0.1577,-0.7397,0.6035,58.17,73.91,-68.12,-54.11,-18.53,59.16,27.6,,,,,,,,,,,,,,,,
IMU,36016001.0,1,0.2588,-0.7153,0.6318,65.37,54.57,-79.1,-54.66,-16.2,68.29,26.9,,,,,,,,,,,,,,,,
IMU,36030516.0,2,0.1577,-0.7397,0.6035,58.17,73.91,-68.12,-54.11,-18.53,59.16,27.6,,,,,,,,,,,,,,,,
IMU,36116206.0,1,0.3423,-0.748,0.6802,40.95,-9.4,-58.23,-48.04,-19.3,62.21,26.9,,,,,,,,,,,,,,,,
IMU,36130447.0,2,0.2632,-0.7686,0.6729,49.56,3.36,-52.86,-47.11,-21.32,53.32,27.6,,,,,,,,,,,,,,,,
IMU,36116206.0,1,0.3423,-0.748,0.6802,40.95,-9.4,-58.23,-48.04,-19.3,62.21,26.9,,,,,,,,,,,,,,,,
IMU,36130447.0,2,0.2632,-0.7686,0.6729,49.56,3.36,-52.86,-47.11,-21.32,53.32,27.6,,,,,,,,,,,,,,,,
IMU,36116206.0,1,0.3423,-0.748,0.6802,40.95,-9.4,-58.23,-48.04,-19.3,62.21,26.9,,,,,,,,,,,,,,,,
IMU,36130447.0,2,0.2632,-0.7686,0.6729,49.56,3.36,-52.86,-47.11,-21.32,53.32,27.6,,,,,,,,,,,,,,,,
IMU,36216393.0,1,0.252,-0.6646,0.606,57.13,65.8,-29.97,-41.75,-20.65,57.57,26.8,,,,,,,,,,,,,,,,
IMU,36230381.0,2,0.3652,-0.6572,0.7451,57.56,78.43,-70.07,-40.2,-21.62,46.75,27.6,,,,,,,,,,,,,,,,
IMU,36216393.0,1,0.252,-0.6646,0.606,57.13,65.8,-29.97,-41.75,-20.65,57.57,26.8,,,,,,,,,,,,,,,,
IMU,36230381.0,2,0.3652,-0.6572,0.7451,57.56,78.43,-70.07,-40.2,-21.62,46.75,27.6,,,,,,,,,,,,,,,,
IMU,36316600.0,1,0.2129,-0.4141,0.7168,67.14,29.24,-36.32,-33.45,-19.42,52.75,26.9,,,,,,,,,,,,,,,,
IMU,36330307.0,2,0.292,-0.3867,0.6357,70.31,33.33,-105.47,-29.17,-23.27,35.54,27.6,,,,,,,,,,,,,,,,
IMU,36316600.0,1,0.2129,-0.4141,0.7168,67.14,29.24,-36.32,-33.45,-19.42,52.75,26.9,,,,,,,,,,,,,,,,
IMU,36330307.0,2,0.292,-0.3867,0.6357,70.31,33.33,-105.47,-29.17,-23.27,35.54,27.6,,,,,,,,,,,,,,,,
IMU,36316600.0,1,0.2129,-0.4141,0.7168,67.14,29.24,-36.32,-33.45,-19.42,52.75,26.9,,,,,,,,,,,,,,,,
IMU,36330307.0,2,0.292,-0.3867,0.6357,70.31,33.33,-105.47,-29.17,-23.27,35.54,27.6,,,,,,,,,,,,,,,,
IMU,36416772.0,1,0.312,-0.2686,0.8223,49.01,-44.98,2.87,-27.38,-21.72,51.99,26.9,,,,,,,,,,,,,,,,
IMU,36430231.0,2,0.3936,-0.1689,0.7305,61.65,-27.53,-87.46,-19.15,-27.37,26.45,27.5,,,,,,,,,,,,,,,,
IMU,36416772.0,1,0.312,-0.2686,0.8223,49.01,-44.98,2.87,-27.38,-21.72,51.99,26.9,,,,,,,,,,,,,,,,
IMU,36430231.0,2,0.3936,-0.1689,0.7305,61.65,-27.53,-87.46,-19.15,-27.37,26.45,27.5,,,,,,,,,,,,,,,,
IMU,36516977.0,1,0.5024,-0.2349,0.8994,21.79,-42.48,16.97,-25.16,-24.94,55.26,27.0,,,,,,,,,,,,,,,,
IMU,36530146.0,2,0.5757,-0.0205,0.7949,33.39,-8.67,-79.77,-10.65,-31.15,18.42,27.8,,,,,,,,,,,,,,,,
IMU,36516977.0,1,0.5024,-0.2349,0.8994,21.79,-42.48,16.97,-25.16,-24.94,55.26,27.0,,,,,,,,,,,,,,,,
IMU,36530146.0,2,0.5757,-0.0205,0.7949,33.39,-8.67,-79.77,-10.65,-31.15,18.42,27.8,,,,,,,,,,,,,,,,
IMU,36516977.0,1,0.5024,-0.2349,0.8994,21.79,-42.48,16.97,-25.16,-24.94,55.26,27.0,,,,,,,,,,,,,,,,
IMU,36530146.0,2,0.5757,-0.0205,0.7949,33.39,-8.67,-79.77,-10.65,-31.15,18.42,27.8,,,,,,,,,,,,,,,,
IMU,36617174.0,1,0.5815,-0.3525,0.9312,20.14,32.17,12.02,-23.47,-23.8,56.73,26.8,,,,,,,,,,,,,,,,
IMU,36630060.0,2,0.6118,0.0806,0.9575,-0.67,56.76,-55.42,-5.39,-29.29,10.77,27.6,,,,,,,,,,,,,,,,
IMU,36617174.0,1,0.5815,-0.3525,0.9312,20.14,32.17,12.02,-23.47,-23.8,56.73,26.8,,,,,,,,,,,,,,,,
IMU,36630060.0,2,0.6118,0.0806,0.9575,-0.67,56.76,-55.42,-5.39,-29.29,10.77,27.6,,,,,,,,,,,,,,,,
IMU,36717379.0,1,0.4551,-0.2847,0.875,50.9,56.21,-35.95,-18.68,-19.56,53.84,27.0,,,,,,,,,,,,,,,,
IMU,36729995.0,2,0.4658,0.0312,0.8696,-3.6,70.8,-41.44,-3.05,-23.22,5.23,27.6,,,,,,,,,,,,,,,,
IMU,36717379.0,1,0.4551,-0.2847,0.875,50.9,56.21,-35.95,-18.68,-19.56,53.84,27.0,,,,,,,,,,,,,,,,
IMU,36729995.0,2,0.4658,0.0312,0.8696,-3.6,70.8,-41.44,-3.05,-23.22,5.23,27.6,,,,,,,,,,,,,,,,
IMU,36717379.0,1,0.4551,-0.2847,0.875,50.9,56.21,-35.95,-18.68,-19.56,53.84,27.0,,,,,,,,,,,,,,,,
IMU,36729995.0,2,0.4658,0.0312,0.8696,-3.6,70.8,-41.44,-3.05,-23.22,5.23,27.6,,,,,,,,,,,,,,,,
IMU,36817569.0,1,0.3979,-0.2246,0.9609,35.64,41.69,-39.86,-13.29,-16.68,48.69,26.8,,,,,,,,,,,,,,,,
IMU,36829923.0,2,0.2803,0.0347,0.9907,4.58,51.15,-34.0,-1.26,-17.62,1.19,27.7,,,,,,,,,,,,,,,,
IMU,36817569.0,1,0.3979,-0.2246,0.9609,35.64,41.69,-39.86,-13.29,-16.68,48.69,26.8,,,,,,,,,,,,,,,,
IMU,36829923.0,2,0.2803,0.0347,0.9907,4.58,51.15,-34.0,-1.26,-17.62,1.19,27.7,,,,,,,,,,,,,,,,
IMU,36917733.0,1,0.2153,-0.1631,0.8813,25.94,19.96,-23.62,-9.82,-15.28,45.37,26.9,,,,,,,,,,,,,,,,
IMU,36929843.0,2,0.1895,0.0659,1.0039,19.35,16.42,-19.47,0.4,-14.62,-1.21,27.8,,,,,,,,,,,,,,,,
IMU,36917733.0,1,0.2153,-0.1631,0.8813,25.94,19.96,-23.62,-9.82,-15.28,45.37,26.9,,,,,,,,,,,,,,,,
IMU,36929843.0,2,0.1895,0.0659,1.0039,19.35,16.42,-19.47,0.4,-14.62,-1.21,27.8,,,,,,,,,,,,,,,,
IMU,36917733.0,1,0.2153,-0.1631,0.8813,25.94,19.96,-23.62,-9.82,-15.28,45.37,26.9,,,,,,,,,,,,,,,,
IMU,36929843.0,2,0.1895,0.0659,1.0039,19.35,16.42,-19.47,0.4,-14.62,-1.21,27.8,,,,,,,,,,,,,,,,
IMU,37017921.0,1,0.2441,-0.0605,0.9321,38.57,-8.36,-20.39,-6.16,-16.89,42.87,26.9,,,,,,,,,,,,,,,,
IMU,37029746.0,2,0.0991,0.1211,0.9995,30.58,24.05,-16.97,4.19,-12.9,-3.2,27.7,,,,,,,,,,,,,,,,
IMU,37017921.0,1,0.2441,-0.0605,0.9321,38.57,-8.36,-20.39,-6.16,-16.89,42.87,26.9,,,,,,,,,,,,,,,,
IMU,37029746.0,2,0.0991,0.1211,0.9995,30.58,24.05,-16.97,4.19,-12.9,-3.2,27.7,,,,,,,,,,,,,,,,
IMU,37118111.0,1,0.3638,0.0527,1.1006,19.53,-7.63,7.39,-2.85,-16.87,42.4,26.8,,,,,,,,,,,,,,,,
IMU,37129675.0,2,0.1079,0.2485,1.0371,14.16,2.14,11.78,6.67,-10.44,-3.11,27.7,,,,,,,,,,,,,,,,
IMU,37118111.0,1,0.3638,0.0527,1.1006,19.53,-7.63,7.39,-2.85,-16.87,42.4,26.8,,,,,,,,,,,,,,,,
IMU,37129675.0,2,0.1079,0.2485,1.0371,14.16,2.14,11.78,6.67,-10.44,-3.11,27.7,,,,,,,,,,,,,,,,
IMU,37118111.0,1,0.3638,0.0527,1.1006,19.53,-7.63,7.39,-2.85,-16.87,42.4,26.8,,,,,,,,,,,,,,,,
IMU,37129675.0,2,0.1079,0.2485,1.0371,14.16,2.14,11.78,6.67,-10.44,-3.11,27.7,,,,,,,,,,,,,,,,
IMU,37218297.0,1,0.2261,0.0171,0.8413,14.95,12.15,3.97,-1.63,-16.83,43.09,26.8,,,,,,,,,,,,,,,,
IMU,37229600.0,2,0.1714,0.2354,0.9351,3.91,25.7,-0.06,7.15,-9.39,-2.29,27.7,,,,,,,,,,,,,,,,
IMU,37218297.0,1,0.2261,0.0171,0.8413,14.95,12.15,3.97,-1.63,-16.83,43.09,26.8,,,,,,,,,,,,,,,,
IMU,37229600.0,2,0.1714,0.2354,0.9351,3.91,25.7,-0.06,7.15,-9.39,-2.29,27.7,,,,,,,,,,,,,,,,
IMU,37318486.0,1,0.2949,0.0962,0.9258,15.2,-5.49,14.4,-0.48,-17.73,44.52,26.8,,,,,,,,,,,,,,,,
IMU,37329513.0,2,0.1582,0.1826,0.8945,2.5,11.11,8.36,8.64,-8.95,-1.18,27.8,,,,,,,,,,,,,,,,
IMU,37318486.0,1,0.2949,0.0962,0.9258,15.2,-5.49,14.4,-0.48,-17.73,44.52,26.8,,,,,,,,,,,,,,,,
IMU,37329513.0,2,0.1582,0.1826,0.8945,2.5,11.11,8.36,8.64,-8.95,-1.18,27.8,,,,,,,,,,,,,,,,
IMU,37318486.0,1,0.2949,0.0962,0.9258,15.2,-5.49,14.4,-0.48,-17.73,44.52,26.8,,,,,,,,,,,,,,,,
IMU,37329513.0,2,0.1582,0.1826,0.8945,2.5,11.11,8.36,8.64,-8.95,-1.18,27.8,,,,,,,,,,,,,,,,
IMU,37418684.0,1,0.4248,0.0176,0.8936,-1.46,-36.07,21.18,-0.09,-18.74,46.95,26.9,,,,,,,,,,,,,,,,
IMU,37429434.0,2,0.249,0.2197,0.9248,23.8,-16.17,10.86,10.4,-9.17,-0.25,27.6,,,,,,,,,,,,,,,,
IMU,37418684.0,1,0.4248,0.0176,0.8936,-1.46,-36.07,21.18,-0.09,-18.74,46.95,26.9,,,,,,,,,,,,,,,,
IMU,37429434.0,2,0.249,0.2197,0.9248,23.8,-16.17,10.86,10.4,-9.17,-0.25,27.6,,,,,,,,,,,,,,,,
IMU,37518869.0,1,0.2896,0.0825,0.9087,2.5,26.43,33.45,0.31,-18.56,49.33,26.9,,,,,,,,,,,,,,,,
IMU,37529369.0,2,0.187,0.3091,0.9731,-18.68,30.88,-7.45,10.91,-7.78,0.06,27.7,,,,,,,,,,,,,,,,
IMU,37518869.0,1,0.2896,0.0825,0.9087,2.5,26.43,33.45,0.31,-18.56,49.33,26.9,,,,,,,,,,,,,,,,
IMU,37529369.0,2,0.187,0.3091,0.9731,-18.68,30.88,-7.45,10.91,-7.78,0.06,27.7,,,,,,,,,,,,,,,,
IMU,37518869.0,1,0.2896,0.0825,0.9087,2.5,26.43,33.45,0.31,-18.56,49.33,26.9,,,,,,,,,,,,,,,,
IMU,37529369.0,2,0.187,0.3091,0.9731,-18.68,30.88,-7.45,10.91,-7.78,0.06,27.7,,,,,,,,,,,,,,,,
IMU,37619063.0,1,0.3574,0.0312,0.9941,2.26,6.04,21.85,0.68,-16.4,51.36,26.8,,,,,,,,,,,,,,,,
IMU,37629259.0,2,0.0503,0.2505,0.9565,0.49,-0.31,0.0,10.48,-6.12,0.04,27.6,,,,,,,,,,,,,,,,
IMU,37619063.0,1,0.3574,0.0312,0.9941,2.26,6.04,21.85,0.68,-16.4,51.36,26.8,,,,,,,,,,,,,,,,
IMU,37629259.0,2,0.0503,0.2505,0.9565,0.49,-0.31,0.0,10.48,-6.12,0.04,27.6,,,,,,,,,,,,,,,,
IMU,37719266.0,1,0.2153,0.0371,0.8047,39.37,29.91,-15.2,2.13,-15.6,52.38,27.0,,,,,,,,,,,,,,,,
IMU,37729201.0,2,0.0684,0.2026,0.9404,4.15,52.31,-9.7,10.85,-4.21,0.29,27.6,,,,,,,,,,,,,,,,
IMU,37719266.0,1,0.2153,0.0371,0.8047,39.37,29.91,-15.2,2.13,-15.6,52.38,27.0,,,,,,,,,,,,,,,,
IMU,37729201.0,2,0.0684,0.2026,0.9404,4.15,52.31,-9.7,10.85,-4.21,0.29,27.6,,,,,,,,,,,,,,,,
IMU,37719266.0,1,0.2153,0.0371,0.8047,39.37,29.91,-15.2,2.13,-15.6,52.38,27.0,,,,,,,,,,,,,,,,
IMU,37729201.0,2,0.0684,0.2026,0.9404,4.15,52.31,-9.7,10.85,-4.21,0.29,27.6,,,,,,,,,,,,,,,,
IMU,37819440.0,1,0.2886,0.0649,0.9912,1.34,-0.92,0.92,3.46,-14.79,52.27,26.7,,,,,,,,,,,,,,,,
IMU,37829124.0,2,0.0312,0.2256,0.9902,7.87,-3.78,3.54,11.17,-3.15,0.58,27.7,,,,,,,,,,,,,,,,
IMU,37819440.0,1,0.2886,0.0649,0.9912,1.34,-0.92,0.92,3.46,-14.79,52.27,26.7,,,,,,,,,,,,,,,,
IMU,37829124.0,2,0.0312,0.2256,0.9902,7.87,-3.78,3.54,11.17,-3.15,0.58,27.7,,,,,,,,,,,,,,,,
IMU,37919654.0,1,0.2554,0.0747,0.9487,-2.2,-4.33,4.39,3.44,-15.23,52.39,26.9,,,,,,,,,,,,,,,,
IMU,37929054.0,2,0.0098,0.2246,0.9556,4.88,0.61,5.43,11.76,-3.36,0.86,27.6,,,,,,,,,,,,,,,,
IMU,37919654.0,1,0.2554,0.0747,0.9487,-2.2,-4.33,4.39,3.44,-15.23,52.39,26.9,,,,,,,,,,,,,,,,
IMU,37929054.0,2,0.0098,0.2246,0.9556,4.88,0.61,5.43,11.76,-3.36,0.86,27.6,,,,,,,,,,,,,,,,
IMU,37919654.0,1,0.2554,0.0747,0.9487,-2.2,-4.33,4.39,3.44,-15.23,52.39,26.9,,,,,,,,,,,,,,,,
IMU,37929054.0,2,0.0098,0.2246,0.9556,4.88,0.61,5.43,11.76,-3.36,0.86,27.6,,,,,,,,,,,,,,,,
IMU,38019830.0,1,0.3101,0.1196,0.9443,1.16,-6.65,3.05,3.51,-15.78,52.93,26.9,,,,,,,,,,,,,,,,
IMU,38028997.0,2,0.0552,0.2808,0.9551,6.16,-15.01,8.73,12.56,-4.46,1.54,27.7,,,,,,,,,,,,,,,,
IMU,38019830.0,1,0.3101,0.1196,0.9443,1.16,-6.65,3.05,3.51,-15.78,52.93,26.9,,,,,,,,,,,,,,,,
IMU,38028997.0,2,0.0552,0.2808,0.9551,6.16,-15.01,8.73,12.56,-4.46,1.54,27.7,,,,,,,,,,,,,,,,
IMU,38120014.0,1,0.2856,0.1025,0.9194,1.65,-18.86,-2.32,3.82,-16.77,52.88,26.9,,,,,,,,,,,,,,,,
IMU,38128925.0,2,0.0791,0.2754,0.8423,5.37,-7.81,-3.23,13.81,-5.38,1.33,27.6,,,,,,,,,,,,,,,,
IMU,38120014.0,1,0.2856,0.1025,0.9194,1.65,-18.86,-2.32,3.82,-16.77,52.88,26.9,,,,,,,,,,,,,,,,
IMU,38128925.0,2,0.0791,0.2754,0.8423,5.37,-7.81,-3.23,13.81,-5.38,1.33,27.6,,,,,,,,,,,,,,,,
IMU,38120014.0,1,0.2856,0.1025,0.9194,1.65,-18.86,-2.32,3.82,-16.77,52.88,26.9,,,,,,,,,,,,,,,,
IMU,38128925.0,2,0.0791,0.2754,0.8423,5.37,-7.81,-3.23,13.81,-5.38,1.33,27.6,,,,,,,,,,,,,,,,
IMU,38220194.0,1,0.2671,0.0977,0.9502,-1.59,4.21,-4.76,3.93,-16.39,52.64,26.9,,,,,,,,,,,,,,,,
IMU,38228855.0,2,0.021,0.2559,0.9663,-3.48,5.43,-3.78,13.72,-4.72,1.28,27.6,,,,,,,,,,,,,,,,
IMU,38220194.0,1,0.2671,0.0977,0.9502,-1.59,4.21,-4.76,3.93,-16.39,52.64,26.9,,,,,,,,,,,,,,,,
IMU,38228855.0,2,0.021,0.2559,0.9663,-3.48,5.43,-3.78,13.72,-4.72,1.28,27.6,,,,,,,,,,,,,,,,
IMU,38320380.0,1,0.2681,0.084,0.9678,-0.18,-2.69,-0.43,3.99,-16.3,52.43,26.8,,,,,,,,,,,,,,,,
IMU,38328781.0,2,0.0605,0.2666,0.9648,0.67,-3.11,-1.04,13.83,-4.71,1.21,27.7,,,,,,,,,,,,,,,,
IMU,38320380.0,1,0.2681,0.084,0.9678,-0.18,-2.69,-0.43,3.99,-16.3,52.43,26.8,,,,,,,,,,,,,,,,
IMU,38328781.0,2,0.0605,0.2666,0.9648,0.67,-3.11,-1.04,13.83,-4.71,1.21,27.7,,,,,,,,,,,,,,,,
IMU,38320380.0,1,0.2681,0.084,0.9678,-0.18,-2.69,-0.43,3.99,-16.3,52.43,26.8,,,,,,,,,,,,,,,,
IMU,38328781.0,2,0.0605,0.2666,0.9648,0.67,-3.11,-1.04,13.83,-4.71,1.21,27.7,,,,,,,,,,,,,,,,
IMU,38420582.0,1,0.2729,0.0947,0.9521,-1.04,-2.08,-1.95,4.04,-16.25,52.36,27.0,,,,,,,,,,,,,,,,
IMU,38428703.0,2,0.0566,0.2617,0.9458,0.92,-1.46,-1.65,13.88,-4.58,1.24,27.7,,,,,,,,,,,,,,,,
IMU,38420582.0,1,0.2729,0.0947,0.9521,-1.04,-2.08,-1.95,4.04,-16.25,52.36,27.0,,,,,,,,,,,,,,,,
IMU,38428703.0,2,0.0566,0.2617,0.9458,0.92,-1.46,-1.65,13.88,-4.58,1.24,27.7,,,,,,,,,,,,,,,,
IMU,38520776.0,1,0.269,0.1611,0.7344,-34.48,-82.4,-0.49,3.39,-18.07,52.0,26.8,,,,,,,,,,,,,,,,
IMU,38528651.0,2,-0.0151,0.209,1.0166,72.02,-86.79,4.76,15.86,-6.48,0.69,27.6,,,,,,,,,,,,,,,,
IMU,38520776.0,1,0.269,0.1611,0.7344,-34.48,-82.4,-0.49,3.39,-18.07,52.0,26.8,,,,,,,,,,,,,,,,
IMU,38528651.0,2,-0.0151,0.209,1.0166,72.02,-86.79,4.76,15.86,-6.48,0.69,27.6,,,,,,,,,,,,,,,,
IMU,38520776.0,1,0.269,0.1611,0.7344,-34.48,-82.4,-0.49,3.39,-18.07,52.0,26.8,,,,,,,,,,,,,,,,
IMU,38528651.0,2,-0.0151,0.209,1.0166,72.02,-86.79,4.76,15.86,-6.48,0.69,27.6,,,,,,,,,,,,,,,,
IMU,38620982.0,1,0.585,-0.1182,0.6992,-45.47,-244.2,36.38,-3.65,-40.39,54.17,26.8,,,,,,,,,,,,,,,,
IMU,38628593.0,2,1.2114,1.7129,1.6899,118.59,-132.26,38.76,31.23,-25.33,-5.19,27.7,,,,,,,,,,,,,,,,
IMU,38620982.0,1,0.585,-0.1182,0.6992,-45.47,-244.2,36.38,-3.65,-40.39,54.17,26.8,,,,,,,,,,,,,,,,
IMU,38628593.0,2,1.2114,1.7129,1.6899,118.59,-132.26,38.76,31.23,-25.33,-5.19,27.7,,,,,,,,,,,,,,,,
IMU,38721170.0,1,0.5156,-0.0444,0.7437,-3.42,13.0,-13.37,-3.42,-40.02,55.05,26.8,,,,,,,,,,,,,,,,
IMU,38728515.0,2,0.377,0.4458,0.8071,-10.68,7.57,-14.89,30.25,-23.77,-3.64,27.6,,,,,,,,,,,,,,,,
IMU,38721170.0,1,0.5156,-0.0444,0.7437,-3.42,13.0,-13.37,-3.42,-40.02,55.05,26.8,,,,,,,,,,,,,,,,
IMU,38728515.0,2,0.377,0.4458,0.8071,-10.68,7.57,-14.89,30.25,-23.77,-3.64,27.6,,,,,,,,,,,,,,,,
IMU,38721170.0,1,0.5156,-0.0444,0.7437,-3.42,13.0,-13.37,-3.42,-40.02,55.05,26.8,,,,,,,,,,,,,,,,
IMU,38728515.0,2,0.377,0.4458,0.8071,-10.68,7.57,-14.89,30.25,-23.77,-3.64,27.6,,,,,,,,,,,,,,,,
IMU,38821354.0,1,0.6558,-0.0244,0.7559,-0.43,4.46,0.06,-3.17,-39.98,54.67,26.8,,,,,,,,,,,,,,,,
IMU,38828437.0,2,0.3882,0.478,0.7773,-0.18,3.54,-0.55,30.33,-23.78,-3.55,27.7,,,,,,,,,,,,,,,,
IMU,38821354.0,1,0.6558,-0.0244,0.7559,-0.43,4.46,0.06,-3.17,-39.98,54.67,26.8,,,,,,,,,,,,,,,,
IMU,38828437.0,2,0.3882,0.478,0.7773,-0.18,3.54,-0.55,30.33,-23.78,-3.55,27.7,,,,,,,,,,,,,,,,
IMU,38921542.0,1,0.6484,-0.0269,0.771,-0.31,1.89,0.31,-3.09,-39.96,54.55,26.8,,,,,,,,,,,,,,,,
IMU,38928357.0,2,0.4111,0.4849,0.8013,-0.12,0.85,-0.06,30.41,-23.77,-3.34,27.6,,,,,,,,,,,,,,,,
IMU,38921542.0,1,0.6484,-0.0269,0.771,-0.31,1.89,0.31,-3.09,-39.96,54.55,26.8,,,,,,,,,,,,,,,,
IMU,38928357.0,2,0.4111,0.4849,0.8013,-0.12,0.85,-0.06,30.41,-23.77,-3.34,27.6,,,,,,,,,,,,,,,,
IMU,38921542.0,1,0.6484,-0.0269,0.771,-0.31,1.89,0.31,-3.09,-39.96,54.55,26.8,,,,,,,,,,,,,,,,
IMU,38928357.0,2,0.4111,0.4849,0.8013,-0.12,0.85,-0.06,30.41,-23.77,-3.34,27.6,,,,,,,,,,,,,,,,
IMU,39021726.0,1,0.6562,-0.0264,0.7651,0.06,-0.18,-0.24,-3.02,-40.01,54.44,26.8,,,,,,,,,,,,,,,,
IMU,39028272.0,2,0.4043,0.4839,0.7764,0.24,-0.61,-0.12,30.52,-23.8,-3.15,27.6,,,,,,,,,,,,,,,,
IMU,39021726.0,1,0.6562,-0.0264,0.7651,0.06,-0.18,-0.24,-3.02,-40.01,54.44,26.8,,,,,,,,,,,,,,,,
IMU,39028272.0,2,0.4043,0.4839,0.7764,0.24,-0.61,-0.12,30.52,-23.8,-3.15,27.6,,,,,,,,,,,,,,,,
IMU,39121922.0,1,0.6733,-0.0161,0.7593,0.06,-0.43,-0.43,-2.94,-40.06,54.31,26.9,,,,,,,,,,,,,,,,
IMU,39128202.0,2,0.3828,0.4863,0.7832,0.24,-0.55,0.31,30.62,-23.8,-2.97,27.7,,,,,,,,,,,,,,,,
IMU,39121922.0,1,0.6733,-0.0161,0.7593,0.06,-0.43,-0.43,-2.94,-40.06,54.31,26.9,,,,,,,,,,,,,,,,
IMU,39128202.0,2,0.3828,0.4863,0.7832,0.24,-0.55,0.31,30.62,-23.8,-2.97,27.7,,,,,,,,,,,,,,,,
IMU,39121922.0,1,0.6733,-0.0161,0.7593,0.06,-0.43,-0.43,-2.94,-40.06,54.31,26.9,,,,,,,,,,,,,,,,
IMU,39128202.0,2,0.3828,0.4863,0.7832,0.24,-0.55,0.31,30.62,-23.8,-2.97,27.7,,,,,,,,,,,,,,,,
IMU,39222111.0,1,0.6577,-0.0239,0.7588,0.06,-0.55,-0.24,-2.88,-40.11,54.21,27.0,,,,,,,,,,,,,,,,
IMU,39228124.0,2,0.3994,0.4849,0.7681,0.12,-0.18,-0.06,30.72,-23.82,-2.79,27.6,,,,,,,,,,,,,,,,
IMU,39222111.0,1,0.6577,-0.0239,0.7588,0.06,-0.55,-0.24,-2.88,-40.11,54.21,27.0,,,,,,,,,,,,,,,,
IMU,39228124.0,2,0.3994,0.4849,0.7681,0.12,-0.18,-0.06,30.72,-23.82,-2.79,27.6,,,,,,,,,,,,,,,,
IMU,39322281.0,1,0.6572,-0.0259,0.7554,0.0,0.06,0.0,-2.83,-40.16,54.11,26.9,,,,,,,,,,,,,,,,
IMU,39328025.0,2,0.4106,0.4858,0.77,0.06,0.24,0.0,30.82,-23.84,-2.62,27.7,,,,,,,,,,,,,,,,
IMU,39322281.0,1,0.6572,-0.0259,0.7554,0.0,0.06,0.0,-2.83,-40.16,54.11,26.9,,,,,,,,,,,,,,,,
IMU,39328025.0,2,0.4106,0.4858,0.77,0.06,0.24,0.0,30.82,-23.84,-2.62,27.7,,,,,,,,,,,,,,,,
IMU,39322281.0,1,0.6572,-0.0259,0.7554,0.0,0.06,0.0,-2.83,-40.16,54.11,26.9,,,,,,,,,,,,,,,,
IMU,39328025.0,2,0.4106,0.4858,0.77,0.06,0.24,0.0,30.82,-23.84,-2.62,27.7,,,,,,,,,,,,,,,,
IMU,39422494.0,1,0.6553,-0.0249,0.7612,-0.06,0.24,0.0,-2.78,-40.18,54.02,26.9,,,,,,,,,,,,,,,,
IMU,39427982.0,2,0.4092,0.4854,0.7744,0.12,0.18,-0.12,30.9,-23.85,-2.46,27.6,,,,,,,,,,,,,,,,
IMU,39422494.0,1,0.6553,-0.0249,0.7612,-0.06,0.24,0.0,-2.78,-40.18,54.02,26.9,,,,,,,,,,,,,,,,
IMU,39427982.0,2,0.4092,0.4854,0.7744,0.12,0.18,-0.12,30.9,-23.85,-2.46,27.6,,,,,,,,,,,,,,,,
IMU,39522707.0,1,0.6553,-0.0269,0.7603,0.0,0.0,-0.06,-2.73,-40.22,53.93,26.9,,,,,,,,,,,,,,,,
IMU,39527887.0,2,0.4067,0.4819,0.7749,0.06,-0.12,0.0,30.98,-23.86,-2.31,27.7,,,,,,,,,,,,,,,,
IMU,39522707.0,1,0.6553,-0.0269,0.7603,0.0,0.0,-0.06,-2.73,-40.22,53.93,26.9,,,,,,,,,,,,,,,,
IMU,39527887.0,2,0.4067,0.4819,0.7749,0.06,-0.12,0.0,30.98,-23.86,-2.31,27.7,,,,,,,,,,,,,,,,
IMU,39522707.0,1,0.6553,-0.0269,0.7603,0.0,0.0,-0.06,-2.73,-40.22,53.93,26.9,,,,,,,,,,,,,,,,
IMU,39527887.0,2,0.4067,0.4819,0.7749,0.06,-0.12,0.0,30.98,-23.86,-2.31,27.7,,,,,,,,,,,,,,,,
IMU,39622887.0,1,0.6587,-0.0249,0.7578,0.0,-0.12,0.0,-2.68,-40.26,53.85,26.8,,,,,,,,,,,,,,,,
IMU,39627846.0,2,0.4111,0.4834,0.77,0.06,0.0,-0.06,31.06,-23.87,-2.17,27.6,,,,,,,,,,,,,,,,
IMU,39622887.0,1,0.6587,-0.0249,0.7578,0.0,-0.12,0.0,-2.68,-40.26,53.85,26.8,,,,,,,,,,,,,,,,
IMU,39627846.0,2,0.4111,0.4834,0.77,0.06,0.0,-0.06,31.06,-23.87,-2.17,27.6,,,,,,,,,,,,,,,,
IMU,39723091.0,1,0.6543,-0.0264,0.7603,0.0,0.06,0.0,-2.64,-40.29,53.77,27.1,,,,,,,,,,,,,,,,
IMU,39727784.0,2,0.4121,0.4844,0.7681,0.12,0.06,0.0,31.14,-23.88,-2.04,27.6,,,,,,,,,,,,,,,,
IMU,39723091.0,1,0.6543,-0.0264,0.7603,0.0,0.06,0.0,-2.64,-40.29,53.77,27.1,,,,,,,,,,,,,,,,
IMU,39727784.0,2,0.4121,0.4844,0.7681,0.12,0.06,0.0,31.14,-23.88,-2.04,27.6,,,,,,,,,,,,,,,,
IMU,39723091.0,1,0.6543,-0.0264,0.7603,0.0,0.06,0.0,-2.64,-40.29,53.77,27.1,,,,,,,,,,,,,,,,
IMU,39727784.0,2,0.4121,0.4844,0.7681,0.12,0.06,0.0,31.14,-23.88,-2.04,27.6,,,,,,,,,,,,,,,,
IMU,39823286.0,1,0.6562,-0.0244,0.7568,0.0,-0.06,0.0,-2.6,-40.33,53.7,26.9,,,,,,,,,,,,,,,,
IMU,39827721.0,2,0.4106,0.4849,0.7715,0.18,-0.06,0.0,31.2,-23.9,-1.91,27.7,,,,,,,,,,,,,,,,
IMU,39823286.0,1,0.6562,-0.0244,0.7568,0.0,-0.06,0.0,-2.6,-40.33,53.7,26.9,,,,,,,,,,,,,,,,
IMU,39827721.0,2,0.4106,0.4849,0.7715,0.18,-0.06,0.0,31.2,-23.9,-1.91,27.7,,,,,,,,,,,,,,,,
IMU,39923445.0,1,0.6558,-0.0249,0.7539,0.0,0.0,0.0,-2.56,-40.35,53.64,26.9,,,,,,,,,,,,,,,,
IMU,39927623.0,2,0.4097,0.4839,0.7739,0.24,0.0,0.0,31.26,-23.91,-1.79,27.7,,,,,,,,,,,,,,,,
IMU,39923445.0,1,0.6558,-0.0249,0.7539,0.0,0.0,0.0,-2.56,-40.35,53.64,26.9,,,,,,,,,,,,,,,,
IMU,39927623.0,2,0.4097,0.4839,0.7739,0.24,0.0,0.0,31.26,-23.91,-1.79,27.7,,,,,,,,,,,,,,,,
IMU,39923445.0,1,0.6558,-0.0249,0.7539,0.0,0.0,0.0,-2.56,-40.35,53.64,26.9,,,,,,,,,,,,,,,,
IMU,39927623.0,2,0.4097,0.4839,0.7739,0.24,0.0,0.0,31.26,-23.91,-1.79,27.7,,,,,,,,,,,,,,,,
IMU,40023691.0,1,0.6597,-0.0249,0.7539,-0.06,-0.18,0.0,-2.53,-40.39,53.57,26.9,,,,,,,,,,,,,,,,
IMU,40027576.0,2,0.4048,0.4834,0.7729,0.12,-0.31,0.0,31.32,-23.92,-1.68,27.6,,,,,,,,,,,,,,,,
IMU,40023691.0,1,0.6597,-0.0249,0.7539,-0.06,-0.18,0.0,-2.53,-40.39,53.57,26.9,,,,,,,,,,,,,,,,
IMU,40027576.0,2,0.4048,0.4834,0.7729,0.12,-0.31,0.0,31.32,-23.92,-1.68,27.6,,,,,,,,,,,,,,,,
IMU,40123824.0,1,0.6577,-0.0239,0.7559,0.0,0.0,0.0,-2.49,-40.41,53.51,26.9,,,,,,,,,,,,,,,,
IMU,40127505.0,2,0.4106,0.4849,0.7725,0.12,0.0,0.0,31.38,-23.93,-1.57,27.6,,,,,,,,,,,,,,,,
IMU,40123824.0,1,0.6577,-0.0239,0.7559,0.0,0.0,0.0,-2.49,-40.41,53.51,26.9,,,,,,,,,,,,,,,,
IMU,40127505.0,2,0.4106,0.4849,0.7725,0.12,0.0,0.0,31.38,-23.93,-1.57,27.6,,,,,,,,,,,,,,,,
IMU,40123824.0,1,0.6577,-0.0239,0.7559,0.0,0.0,0.0,-2.49,-40.41,53.51,26.9,,,,,,,,,,,,,,,,
IMU,40127505.0,2,0.4106,0.4849,0.7725,0.12,0.0,0.0,31.38,-23.93,-1.57,27.6,,,,,,,,,,,,,,,,
IMU,40224059.0,1,0.6553,-0.0249,0.7568,0.0,0.12,0.0,-2.46,-40.43,53.45,27.0,,,,,,,,,,,,,,,,
IMU,40227423.0,2,0.4087,0.4849,0.7725,0.24,0.06,0.0,31.43,-23.94,-1.47,27.5,,,,,,,,,,,,,,,,
IMU,40224059.0,1,0.6553,-0.0249,0.7568,0.0,0.12,0.0,-2.46,-40.43,53.45,27.0,,,,,,,,,,,,,,,,
IMU,40227423.0,2,0.4087,0.4849,0.7725,0.24,0.06,0.0,31.43,-23.94,-1.47,27.5,,,,,,,,,,,,,,,,
IMU,40324266.0,1,0.6587,-0.0225,0.7539,0.0,-0.06,0.0,-2.43,-40.46,53.4,26.9,,,,,,,,,,,,,,,,
IMU,40327377.0,2,0.4097,0.4873,0.7729,0.18,-0.06,0.0,31.48,-23.95,-1.37,27.8,,,,,,,,,,,,,,,,
IMU,40324266.0,1,0.6587,-0.0225,0.7539,0.0,-0.06,0.0,-2.43,-40.46,53.4,26.9,,,,,,,,,,,,,,,,
IMU,40327377.0,2,0.4097,0.4873,0.7729,0.18,-0.06,0.0,31.48,-23.95,-1.37,27.8,,,,,,,,,,,,,,,,
IMU,40324266.0,1,0.6587,-0.0225,0.7539,0.0,-0.06,0.0,-2.43,-40.46,53.4,26.9,,,,,,,,,,,,,,,,
IMU,40327377.0,2,0.4097,0.4873,0.7729,0.18,-0.06,0.0,31.48,-23.95,-1.37,27.8,,,,,,,,,,,,,,,,
IMU,40424458.0,1,0.6572,-0.0249,0.7573,0.0,-0.12,0.0,-2.41,-40.47,53.35,26.9,,,,,,,,,,,,,,,,
IMU,40427299.0,2,0.4087,0.4849,0.7729,0.06,0.0,0.0,31.52,-23.96,-1.28,27.7,,,,,,,,,,,,,,,,
IMU,40424458.0,1,0.6572,-0.0249,0.7573,0.0,-0.12,0.0,-2.41,-40.47,53.35,26.9,,,,,,,,,,,,,,,,
IMU,40427299.0,2,0.4087,0.4849,0.7729,0.06,0.0,0.0,31.52,-23.96,-1.28,27.7,,,,,,,,,,,,,,,,
IMU,40524574.0,1,0.6523,-0.0259,0.7603,0.0,0.0,0.0,-2.38,-40.5,53.31,26.7,,,,,,,,,,,,,,,,
IMU,40527236.0,2,0.4077,0.4824,0.7705,0.12,0.06,0.0,31.56,-23.96,-1.2,27.6,,,,,,,,,,,,,,,,
IMU,40524574.0,1,0.6523,-0.0259,0.7603,0.0,0.0,0.0,-2.38,-40.5,53.31,26.7,,,,,,,,,,,,,,,,
IMU,40527236.0,2,0.4077,0.4824,0.7705,0.12,0.06,0.0,31.56,-23.96,-1.2,27.6,,,,,,,,,,,,,,,,
IMU,40524574.0,1,0.6523,-0.0259,0.7603,0.0,0.0,0.0,-2.38,-40.5,53.31,26.7,,,,,,,,,,,,,,,,
IMU,40527236.0,2,0.4077,0.4824,0.7705,0.12,0.06,0.0,31.56,-23.96,-1.2,27.6,,,,,,,,,,,,,,,,
IMU,40624750.0,1,0.6558,-0.0244,0.7544,0.0,0.0,0.0,-2.35,-40.52,53.26,26.8,,,,,,,,,,,,,,,,
IMU,40627159.0,2,0.4102,0.4854,0.7705,0.12,-0.06,0.0,31.6,-23.97,-1.12,27.7,,,,,,,,,,,,,,,,
IMU,40624750.0,1,0.6558,-0.0244,0.7544,0.0,0.0,0.0,-2.35,-40.52,53.26,26.8,,,,,,,,,,,,,,,,
IMU,40627159.0,2,0.4102,0.4854,0.7705,0.12,-0.06,0.0,31.6,-23.97,-1.12,27.7,,,,,,,,,,,,,,,,
IMU,40724935.0,1,0.6558,-0.0278,0.7559,0.0,0.0,0.0,-2.33,-40.53,53.22,27.0,,,,,,,,,,,,,,,,
IMU,40727112.0,2,0.4067,0.4839,0.7773,0.12,0.0,-0.06,31.64,-23.97,-1.04,27.8,,,,,,,,,,,,,,,,
IMU,40724935.0,1,0.6558,-0.0278,0.7559,0.0,0.0,0.0,-2.33,-40.53,53.22,27.0,,,,,,,,,,,,,,,,
IMU,40727112.0,2,0.4067,0.4839,0.7773,0.12,0.0,-0.06,31.64,-23.97,-1.04,27.8,,,,,,,,,,,,,,,,
IMU,40724935.0,1,0.6558,-0.0278,0.7559,0.0,0.0,0.0,-2.33,-40.53,53.22,27.0,,,,,,,,,,,,,,,,
IMU,40727112.0,2,0.4067,0.4839,0.7773,0.12,0.0,-0.06,31.64,-23.97,-1.04,27.8,,,,,,,,,,,,,,,,
IMU,40825206.0,1,0.6538,-0.0249,0.7593,0.0,-0.06,0.0,-2.31,-40.55,53.18,26.8,,,,,,,,,,,,,,,,
IMU,40827023.0,2,0.4033,0.4849,0.7759,0.12,0.0,0.0,31.68,-23.98,-0.98,27.5,,,,,,,,,,,,,,,,
IMU,40825206.0,1,0.6538,-0.0249,0.7593,0.0,-0.06,0.0,-2.31,-40.55,53.18,26.8,,,,,,,,,,,,,,,,
IMU,40827023.0,2,0.4033,0.4849,0.7759,0.12,0.0,0.0,31.68,-23.98,-0.98,27.5,,,,,,,,,,,,,,,,
IMU,40925334.0,1,0.6577,-0.0269,0.7583,0.0,0.0,0.0,-2.29,-40.57,53.14,26.9,,,,,,,,,,,,,,,,
IMU,40926988.0,2,0.4106,0.4834,0.7729,0.0,0.0,-0.06,31.72,-23.99,-0.91,27.5,,,,,,,,,,,,,,,,
IMU,40925334.0,1,0.6577,-0.0269,0.7583,0.0,0.0,0.0,-2.29,-40.57,53.14,26.9,,,,,,,,,,,,,,,,
IMU,40926988.0,2,0.4106,0.4834,0.7729,0.0,0.0,-0.06,31.72,-23.99,-0.91,27.5,,,,,,,,,,,,,,,,
IMU,40925334.0,1,0.6577,-0.0269,0.7583,0.0,0.0,0.0,-2.29,-40.57,53.14,26.9,,,,,,,,,,,,,,,,
IMU,40926988.0,2,0.4106,0.4834,0.7729,0.0,0.0,-0.06,31.72,-23.99,-0.91,27.5,,,,,,,,,,,,,,,,
IMU,41025507.0,1,0.6553,-0.0244,0.7583,0.0,0.0,0.0,-2.27,-40.58,53.11,26.9,,,,,,,,,,,,,,,,
IMU,41026944.0,2,0.4087,0.4849,0.772,0.06,0.06,-0.18,31.75,-23.99,-0.85,27.6,,,,,,,,,,,,,,,,
IMU,41025507.0,1,0.6553,-0.0244,0.7583,0.0,0.0,0.0,-2.27,-40.58,53.11,26.9,,,,,,,,,,,,,,,,
IMU,41026944.0,2,0.4087,0.4849,0.772,0.06,0.06,-0.18,31.75,-23.99,-0.85,27.6,,,,,,,,,,,,,,,,
IMU,41125712.0,1,0.6582,-0.0249,0.7578,0.0,0.0,0.0,-2.25,-40.59,53.07,26.7,,,,,,,,,,,,,,,,
IMU,41126836.0,2,0.4097,0.4839,0.7725,0.12,0.0,0.0,31.78,-23.99,-0.8,27.7,,,,,,,,,,,,,,,,
IMU,41125712.0,1,0.6582,-0.0249,0.7578,0.0,0.0,0.0,-2.25,-40.59,53.07,26.7,,,,,,,,,,,,,,,,
IMU,41126836.0,2,0.4097,0.4839,0.7725,0.12,0.0,0.0,31.78,-23.99,-0.8,27.7,,,,,,,,,,,,,,,,
IMU,41125712.0,1,0.6582,-0.0249,0.7578,0.0,0.0,0.0,-2.25,-40.59,53.07,26.7,,,,,,,,,,,,,,,,
IMU,41126836.0,2,0.4097,0.4839,0.7725,0.12,0.0,0.0,31.78,-23.99,-0.8,27.7,,,,,,,,,,,,,,,,
IMU,41225985.0,1,0.6558,-0.0254,0.7573,-0.06,0.0,0.0,-2.23,-40.61,53.04,27.0,,,,,,,,,,,,,,,,
IMU,41226787.0,2,0.4097,0.4839,0.7749,0.18,0.06,0.0,31.81,-24.0,-0.74,27.6,,,,,,,,,,,,,,,,
IMU,41225985.0,1,0.6558,-0.0254,0.7573,-0.06,0.0,0.0,-2.23,-40.61,53.04,27.0,,,,,,,,,,,,,,,,
IMU,41226787.0,2,0.4097,0.4839,0.7749,0.18,0.06,0.0,31.81,-24.0,-0.74,27.6,,,,,,,,,,,,,,,,
IMU,41326173.0,1,0.6567,-0.0244,0.7578,-0.06,0.0,0.0,-2.21,-40.62,53.01,26.9,,,,,,,,,,,,,,,,
IMU,41326722.0,2,0.4082,0.4849,0.7725,0.12,0.0,0.0,31.83,-24.01,-0.69,27.6,,,,,,,,,,,,,,,,
IMU,41326173.0,1,0.6567,-0.0244,0.7578,-0.06,0.0,0.0,-2.21,-40.62,53.01,26.9,,,,,,,,,,,,,,,,
IMU,41326722.0,2,0.4082,0.4849,0.7725,0.12,0.0,0.0,31.83,-24.01,-0.69,27.6,,,,,,,,,,,,,,,,
IMU,41326173.0,1,0.6567,-0.0244,0.7578,-0.06,0.0,0.0,-2.21,-40.62,53.01,26.9,,,,,,,,,,,,,,,,
IMU,41326722.0,2,0.4082,0.4849,0.7725,0.12,0.0,0.0,31.83,-24.01,-0.69,27.6,,,,,,,,,,,,,,,,
IMU,41426305.0,1,0.6548,-0.0264,0.7593,0.0,0.0,0.0,-2.2,-40.63,52.99,27.0,,,,,,,,,,,,,,,,
IMU,41426659.0,2,0.4102,0.4839,0.7725,0.12,0.0,0.0,31.85,-24.02,-0.64,27.7,,,,,,,,,,,,,,,,
IMU,41426305.0,1,0.6548,-0.0264,0.7593,0.0,0.0,0.0,-2.2,-40.63,52.99,27.0,,,,,,,,,,,,,,,,
IMU,41426659.0,2,0.4102,0.4839,0.7725,0.12,0.0,0.0,31.85,-24.02,-0.64,27.7,,,,,,,,,,,,,,,,
IMU,41526521.0,1,0.6553,-0.0249,0.7568,0.0,0.0,0.0,-2.19,-40.64,52.96,26.9,,,,,,,,,,,,,,,,
IMU,41526682.0,2,0.4087,0.4849,0.7729,0.12,0.0,0.0,31.88,-24.02,-0.59,27.7,,,,,,,,,,,,,,,,
IMU,41526521.0,1,0.6553,-0.0249,0.7568,0.0,0.0,0.0,-2.19,-40.64,52.96,26.9,,,,,,,,,,,,,,,,
IMU,41526682.0,2,0.4087,0.4849,0.7729,0.12,0.0,0.0,31.88,-24.02,-0.59,27.7,,,,,,,,,,,,,,,,
IMU,41526521.0,1,0.6553,-0.0249,0.7568,0.0,0.0,0.0,-2.19,-40.64,52.96,26.9,,,,,,,,,,,,,,,,
IMU,41526682.0,2,0.4087,0.4849,0.7729,0.12,0.0,0.0,31.88,-24.02,-0.59,27.7,,,,,,,,,,,,,,,,
IMU,41626722.0,1,0.6597,-0.0239,0.7529,0.0,0.0,0.0,-2.17,-40.65,52.93,27.0,,,,,,,,,,,,,,,,
IMU,41626551.0,2,0.4131,0.4858,0.7734,0.06,0.12,0.0,31.9,-24.03,-0.55,27.6,,,,,,,,,,,,,,,,
IMU,41626722.0,1,0.6597,-0.0239,0.7529,0.0,0.0,0.0,-2.17,-40.65,52.93,27.0,,,,,,,,,,,,,,,,
IMU,41626551.0,2,0.4131,0.4858,0.7734,0.06,0.12,0.0,31.9,-24.03,-0.55,27.6,,,,,,,,,,,,,,,,
IMU,41726898.0,1,0.6548,-0.0259,0.7603,0.0,0.0,0.0,-2.16,-40.66,52.91,26.9,,,,,,,,,,,,,,,,
IMU,41726475.0,2,0.4087,0.4834,0.7754,0.12,0.06,0.0,31.92,-24.03,-0.51,27.8,,,,,,,,,,,,,,,,
IMU,41726898.0,1,0.6548,-0.0259,0.7603,0.0,0.0,0.0,-2.16,-40.66,52.91,26.9,,,,,,,,,,,,,,,,
IMU,41726475.0,2,0.4087,0.4834,0.7754,0.12,0.06,0.0,31.92,-24.03,-0.51,27.8,,,,,,,,,,,,,,,,
IMU,41726898.0,1,0.6548,-0.0259,0.7603,0.0,0.0,0.0,-2.16,-40.66,52.91,26.9,,,,,,,,,,,,,,,,
IMU,41726475.0,2,0.4087,0.4834,0.7754,0.12,0.06,0.0,31.92,-24.03,-0.51,27.8,,,,,,,,,,,,,,,,
IMU,41827049.0,1,0.6582,-0.0249,0.7559,0.0,0.0,0.0,-2.15,-40.67,52.89,27.0,,,,,,,,,,,,,,,,
IMU,41826437.0,2,0.4116,0.4849,0.7734,0.06,-0.06,0.0,31.94,-24.03,-0.47,27.8,,,,,,,,,,,,,,,,
IMU,41827049.0,1,0.6582,-0.0249,0.7559,0.0,0.0,0.0,-2.15,-40.67,52.89,27.0,,,,,,,,,,,,,,,,
IMU,41826437.0,2,0.4116,0.4849,0.7734,0.06,-0.06,0.0,31.94,-24.03,-0.47,27.8,,,,,,,,,,,,,,,,
IMU,41927305.0,1,0.6528,-0.0269,0.7603,0.0,0.06,0.0,-2.14,-40.68,52.87,27.0,,,,,,,,,,,,,,,,
IMU,41926330.0,2,0.4077,0.4824,0.7729,0.06,0.0,0.0,31.95,-24.04,-0.43,27.6,,,,,,,,,,,,,,,,
IMU,41927305.0,1,0.6528,-0.0269,0.7603,0.0,0.06,0.0,-2.14,-40.68,52.87,27.0,,,,,,,,,,,,,,,,
IMU,41926330.0,2,0.4077,0.4824,0.7729,0.06,0.0,0.0,31.95,-24.04,-0.43,27.6,,,,,,,,,,,,,,,,
IMU,41927305.0,1,0.6528,-0.0269,0.7603,0.0,0.06,0.0,-2.14,-40.68,52.87,27.0,,,,,,,,,,,,,,,,
IMU,41926330.0,2,0.4077,0.4824,0.7729,0.06,0.0,0.0,31.95,-24.04,-0.43,27.6,,,,,,,,,,,,,,,,
IMU,42027511.0,1,0.6553,-0.0269,0.7549,0.0,0.12,0.0,-2.13,-40.68,52.85,26.9,,,,,,,,,,,,,,,,
IMU,42026311.0,2,0.4087,0.4829,0.7764,0.06,0.18,0.0,31.97,-24.04,-0.39,27.6,,,,,,,,,,,,,,,,
IMU,42027511.0,1,0.6553,-0.0269,0.7549,0.0,0.12,0.0,-2.13,-40.68,52.85,26.9,,,,,,,,,,,,,,,,
IMU,42026311.0,2,0.4087,0.4829,0.7764,0.06,0.18,0.0,31.97,-24.04,-0.39,27.6,,,,,,,,,,,,,,,,
IMU,42127647.0,1,0.6548,-0.0259,0.7598,0.0,0.0,0.0,-2.11,-40.69,52.83,26.9,,,,,,,,,,,,,,,,
IMU,42126171.0,2,0.4102,0.4839,0.7725,0.0,0.0,0.0,31.99,-24.04,-0.36,27.6,,,,,,,,,,,,,,,,
IMU,42127647.0,1,0.6548,-0.0259,0.7598,0.0,0.0,0.0,-2.11,-40.69,52.83,26.9,,,,,,,,,,,,,,,,
IMU,42126171.0,2,0.4102,0.4839,0.7725,0.0,0.0,0.0,31.99,-24.04,-0.36,27.6,,,,,,,,,,,,,,,,
IMU,42127647.0,1,0.6548,-0.0259,0.7598,0.0,0.0,0.0,-2.11,-40.69,52.83,26.9,,,,,,,,,,,,,,,,
IMU,42126171.0,2,0.4102,0.4839,0.7725,0.0,0.0,0.0,31.99,-24.04,-0.36,27.6,,,,,,,,,,,,,,,,
IMU,42227848.0,1,0.6602,-0.0249,0.7573,-0.06,0.0,0.0,-2.1,-40.7,52.81,27.0,,,,,,,,,,,,,,,,
IMU,42226174.0,2,0.4097,0.4854,0.7739,0.12,-0.06,0.0,32.0,-24.05,-0.33,27.6,,,,,,,,,,,,,,,,
IMU,42227848.0,1,0.6602,-0.0249,0.7573,-0.06,0.0,0.0,-2.1,-40.7,52.81,27.0,,,,,,,,,,,,,,,,
IMU,42226174.0,2,0.4097,0.4854,0.7739,0.12,-0.06,0.0,32.0,-24.05,-0.33,27.6,,,,,,,,,,,,,,,,
IMU,42328051.0,1,0.6567,-0.0254,0.7559,0.0,0.12,0.0,-2.1,-40.71,52.8,26.8,,,,,,,,,,,,,,,,
IMU,42326091.0,2,0.4116,0.4834,0.7754,0.24,0.18,0.0,32.01,-24.05,-0.3,27.6,,,,,,,,,,,,,,,,
IMU,42328051.0,1,0.6567,-0.0254,0.7559,0.0,0.12,0.0,-2.1,-40.71,52.8,26.8,,,,,,,,,,,,,,,,
IMU,42326091.0,2,0.4116,0.4834,0.7754,0.24,0.18,0.0,32.01,-24.05,-0.3,27.6,,,,,,,,,,,,,,,,
IMU,42328051.0,1,0.6567,-0.0254,0.7559,0.0,0.12,0.0,-2.1,-40.71,52.8,26.8,,,,,,,,,,,,,,,,
IMU,42326091.0,2,0.4116,0.4834,0.7754,0.24,0.18,0.0,32.01,-24.05,-0.3,27.6,,,,,,,,,,,,,,,,
IMU,42428238.0,1,0.6567,-0.0244,0.7578,0.0,0.06,0.0,-2.09,-40.72,52.78,26.9,,,,,,,,,,,,,,,,
IMU,42426058.0,2,0.4067,0.4858,0.7749,0.12,0.12,0.0,32.03,-24.05,-0.27,27.5,,,,,,,,,,,,,,,,
IMU,42428238.0,1,0.6567,-0.0244,0.7578,0.0,0.06,0.0,-2.09,-40.72,52.78,26.9,,,,,,,,,,,,,,,,
IMU,42426058.0,2,0.4067,0.4858,0.7749,0.12,0.12,0.0,32.03,-24.05,-0.27,27.5,,,,,,,,,,,,,,,,
IMU,42528368.0,1,0.6572,-0.0259,0.7593,0.0,0.0,0.0,-2.08,-40.73,52.77,27.0,,,,,,,,,,,,,,,,
IMU,42525993.0,2,0.4062,0.4854,0.7725,0.12,0.06,0.0,32.04,-24.05,-0.24,27.6,,,,,,,,,,,,,,,,
IMU,42528368.0,1,0.6572,-0.0259,0.7593,0.0,0.0,0.0,-2.08,-40.73,52.77,27.0,,,,,,,,,,,,,,,,
IMU,42525993.0,2,0.4062,0.4854,0.7725,0.12,0.06,0.0,32.04,-24.05,-0.24,27.6,,,,,,,,,,,,,,,,
IMU,42528368.0,1,0.6572,-0.0259,0.7593,0.0,0.0,0.0,-2.08,-40.73,52.77,27.0,,,,,,,,,,,,,,,,
IMU,42525993.0,2,0.4062,0.4854,0.7725,0.12,0.06,0.0,32.04,-24.05,-0.24,27.6,,,,,,,,,,,,,,,,
IMU,42628611.0,1,0.6558,-0.0244,0.7539,0.0,0.0,0.0,-2.07,-40.73,52.76,26.8,,,,,,,,,,,,,,,,
IMU,42625910.0,2,0.4077,0.4854,0.7764,0.18,0.0,0.0,32.05,-24.06,-0.22,27.6,,,,,,,,,,,,,,,,
IMU,42628611.0,1,0.6558,-0.0244,0.7539,0.0,0.0,0.0,-2.07,-40.73,52.76,26.8,,,,,,,,,,,,,,,,
IMU,42625910.0,2,0.4077,0.4854,0.7764,0.18,0.0,0.0,32.05,-24.06,-0.22,27.6,,,,,,,,,,,,,,,,
IMU,42728776.0,1,0.6567,-0.0249,0.7563,0.0,0.0,0.0,-2.07,-40.74,52.74,26.8,,,,,,,,,,,,,,,,
IMU,42725861.0,2,0.4092,0.4849,0.7744,0.12,0.12,0.0,32.06,-24.06,-0.2,27.6,,,,,,,,,,,,,,,,
IMU,42728776.0,1,0.6567,-0.0249,0.7563,0.0,0.0,0.0,-2.07,-40.74,52.74,26.8,,,,,,,,,,,,,,,,
IMU,42725861.0,2,0.4092,0.4849,0.7744,0.12,0.12,0.0,32.06,-24.06,-0.2,27.6,,,,,,,,,,,,,,,,
IMU,42728776.0,1,0.6567,-0.0249,0.7563,0.0,0.0,0.0,-2.07,-40.74,52.74,26.8,,,,,,,,,,,,,,,,
IMU,42725861.0,2,0.4092,0.4849,0.7744,0.12,0.12,0.0,32.06,-24.06,-0.2,27.6,,,,,,,,,,,,,,,,
IMU,42828976.0,1,0.6558,-0.0269,0.7563,0.0,0.0,0.0,-2.06,-40.74,52.73,26.8,,,,,,,,,,,,,,,,
IMU,42825804.0,2,0.4067,0.4839,0.772,0.12,-0.06,0.0,32.07,-24.07,-0.18,27.8,,,,,,,,,,,,,,,,
IMU,42828976.0,1,0.6558,-0.0269,0.7563,0.0,0.0,0.0,-2.06,-40.74,52.73,26.8,,,,,,,,,,,,,,,,
IMU,42825804.0,2,0.4067,0.4839,0.772,0.12,-0.06,0.0,32.07,-24.07,-0.18,27.8,,,,,,,,,,,,,,,,
IMU,42929177.0,1,0.6543,-0.0278,0.7598,0.0,0.0,0.0,-2.05,-40.75,52.72,26.8,,,,,,,,,,,,,,,,
IMU,42925740.0,2,0.4097,0.4834,0.77,0.0,0.06,0.0,32.09,-24.07,-0.15,27.6,,,,,,,,,,,,,,,,
IMU,42929177.0,1,0.6543,-0.0278,0.7598,0.0,0.0,0.0,-2.05,-40.75,52.72,26.8,,,,,,,,,,,,,,,,
IMU,42925740.0,2,0.4097,0.4834,0.77,0.0,0.06,0.0,32.09,-24.07,-0.15,27.6,,,,,,,,,,,,,,,,
IMU,42929177.0,1,0.6543,-0.0278,0.7598,0.0,0.0,0.0,-2.05,-40.75,52.72,26.8,,,,,,,,,,,,,,,,
IMU,42925740.0,2,0.4097,0.4834,0.77,0.0,0.06,0.0,32.09,-24.07,-0.15,27.6,,,,,,,,,,,,,,,,
IMU,43029362.0,1,0.6553,-0.0249,0.7598,0.0,0.0,0.0,-2.04,-40.75,52.71,26.9,,,,,,,,,,,,,,,,
IMU,43025659.0,2,0.4092,0.4854,0.7729,0.18,0.12,0.0,32.09,-24.07,-0.13,27.6,,,,,,,,,,,,,,,,
IMU,43029362.0,1,0.6553,-0.0249,0.7598,0.0,0.0,0.0,-2.04,-40.75,52.71,26.9,,,,,,,,,,,,,,,,
IMU,43025659.0,2,0.4092,0.4854,0.7729,0.18,0.12,0.0,32.09,-24.07,-0.13,27.6,,,,,,,,,,,,,,,,
IMU,43129556.0,1,0.6538,-0.0273,0.7607,0.0,0.0,0.0,-2.04,-40.75,52.7,27.0,,,,,,,,,,,,,,,,
IMU,43125603.0,2,0.4116,0.4849,0.7734,0.18,0.0,0.0,32.1,-24.07,-0.12,27.7,,,,,,,,,,,,,,,,
IMU,43129556.0,1,0.6538,-0.0273,0.7607,0.0,0.0,0.0,-2.04,-40.75,52.7,27.0,,,,,,,,,,,,,,,,
IMU,43125603.0,2,0.4116,0.4849,0.7734,0.18,0.0,0.0,32.1,-24.07,-0.12,27.7,,,,,,,,,,,,,,,,
IMU,43129556.0,1,0.6538,-0.0273,0.7607,0.0,0.0,0.0,-2.04,-40.75,52.7,27.0,,,,,,,,,,,,,,,,
IMU,43125603.0,2,0.4116,0.4849,0.7734,0.18,0.0,0.0,32.1,-24.07,-0.12,27.7,,,,,,,,,,,,,,,,
IMU,43229776.0,1,0.6538,-0.0273,0.7603,0.0,0.0,0.0,-2.03,-40.76,52.69,26.7,,,,,,,,,,,,,,,,
IMU,43225519.0,2,0.4102,0.4839,0.7744,0.18,-0.06,0.0,32.11,-24.07,-0.1,27.6,,,,,,,,,,,,,,,,
IMU,43229776.0,1,0.6538,-0.0273,0.7603,0.0,0.0,0.0,-2.03,-40.76,52.69,26.7,,,,,,,,,,,,,,,,
IMU,43225519.0,2,0.4102,0.4839,0.7744,0.18,-0.06,0.0,32.11,-24.07,-0.1,27.6,,,,,,,,,,,,,,,,
IMU,43329948.0,1,0.6558,-0.0254,0.7573,0.0,0.0,0.0,-2.03,-40.76,52.68,27.0,,,,,,,,,,,,,,,,
IMU,43325450.0,2,0.4082,0.4849,0.7729,0.18,0.06,0.0,32.11,-24.08,-0.08,27.6,,,,,,,,,,,,,,,,
IMU,43329948.0,1,0.6558,-0.0254,0.7573,0.0,0.0,0.0,-2.03,-40.76,52.68,27.0,,,,,,,,,,,,,,,,
IMU,43325450.0,2,0.4082,0.4849,0.7729,0.18,0.06,0.0,32.11,-24.08,-0.08,27.6,,,,,,,,,,,,,,,,
IMU,43329948.0,1,0.6558,-0.0254,0.7573,0.0,0.0,0.0,-2.03,-40.76,52.68,27.0,,,,,,,,,,,,,,,,
IMU,43325450.0,2,0.4082,0.4849,0.7729,0.18,0.06,0.0,32.11,-24.08,-0.08,27.6,,,,,,,,,,,,,,,,
IMU,43430136.0,1,0.6548,-0.0273,0.7588,0.0,0.0,0.0,-2.03,-40.76,52.67,26.8,,,,,,,,,,,,,,,,
IMU,43425336.0,2,0.4097,0.4824,0.7715,0.0,0.0,0.0,32.12,-24.08,-0.07,27.6,,,,,,,,,,,,,,,,
IMU,43430136.0,1,0.6548,-0.0273,0.7588,0.0,0.0,0.0,-2.03,-40.76,52.67,26.8,,,,,,,,,,,,,,,,
IMU,43425336.0,2,0.4097,0.4824,0.7715,0.0,0.0,0.0,32.12,-24.08,-0.07,27.6,,,,,,,,,,,,,,,,
IMU,43530321.0,1,0.6548,-0.0254,0.7588,0.0,0.0,0.0,-2.02,-40.77,52.66,27.0,,,,,,,,,,,,,,,,
IMU,43525324.0,2,0.4067,0.4849,0.772,0.12,0.0,0.0,32.13,-24.08,-0.05,27.7,,,,,,,,,,,,,,,,
IMU,43530321.0,1,0.6548,-0.0254,0.7588,0.0,0.0,0.0,-2.02,-40.77,52.66,27.0,,,,,,,,,,,,,,,,
IMU,43525324.0,2,0.4067,0.4849,0.772,0.12,0.0,0.0,32.13,-24.08,-0.05,27.7,,,,,,,,,,,,,,,,
IMU,43530321.0,1,0.6548,-0.0254,0.7588,0.0,0.0,0.0,-2.02,-40.77,52.66,27.0,,,,,,,,,,,,,,,,
IMU,43525324.0,2,0.4067,0.4849,0.772,0.12,0.0,0.0,32.13,-24.08,-0.05,27.7,,,,,,,,,,,,,,,,
IMU,43630516.0,1,0.6553,-0.0264,0.7583,0.0,0.0,0.0,-2.02,-40.77,52.66,27.0,,,,,,,,,,,,,,,,
IMU,43625266.0,2,0.4082,0.4834,0.77,0.06,0.0,0.0,32.14,-24.08,-0.03,27.8,,,,,,,,,,,,,,,,
IMU,43630516.0,1,0.6553,-0.0264,0.7583,0.0,0.0,0.0,-2.02,-40.77,52.66,27.0,,,,,,,,,,,,,,,,
IMU,43625266.0,2,0.4082,0.4834,0.77,0.06,0.0,0.0,32.14,-24.08,-0.03,27.8,,,,,,,,,,,,,,,,
IMU,43730705.0,1,0.6553,-0.0259,0.7578,0.0,0.0,0.0,-2.01,-40.78,52.65,26.9,,,,,,,,,,,,,,,,
IMU,43725194.0,2,0.4087,0.4844,0.7705,0.12,0.0,0.0,32.14,-24.08,-0.02,27.6,,,,,,,,,,,,,,,,
IMU,43730705.0,1,0.6553,-0.0259,0.7578,0.0,0.0,0.0,-2.01,-40.78,52.65,26.9,,,,,,,,,,,,,,,,
IMU,43725194.0,2,0.4087,0.4844,0.7705,0.12,0.0,0.0,32.14,-24.08,-0.02,27.6,,,,,,,,,,,,,,,,
IMU,43730705.0,1,0.6553,-0.0259,0.7578,0.0,0.0,0.0,-2.01,-40.78,52.65,26.9,,,,,,,,,,,,,,,,
IMU,43725194.0,2,0.4087,0.4844,0.7705,0.12,0.0,0.0,32.14,-24.08,-0.02,27.6,,,,,,,,,,,,,,,,
IMU,43830884.0,1,0.6543,-0.0264,0.7568,0.0,0.0,0.0,-2.01,-40.78,52.64,26.9,,,,,,,,,,,,,,,,
IMU,43825136.0,2,0.4087,0.4839,0.7739,0.06,0.0,0.0,32.15,-24.08,-0.01,27.7,,,,,,,,,,,,,,,,
IMU,43830884.0,1,0.6543,-0.0264,0.7568,0.0,0.0,0.0,-2.01,-40.78,52.64,26.9,,,,,,,,,,,,,,,,
IMU,43825136.0,2,0.4087,0.4839,0.7739,0.06,0.0,0.0,32.15,-24.08,-0.01,27.7,,,,,,,,,,,,,,,,
IMU,43931082.0,1,0.6558,-0.0254,0.7583,0.0,0.0,0.0,-2.01,-40.78,52.64,26.9,,,,,,,,,,,,,,,,
IMU,43925046.0,2,0.4097,0.4839,0.7749,0.06,0.12,0.0,32.16,-24.08,0.0,27.6,,,,,,,,,,,,,,,,
IMU,43931082.0,1,0.6558,-0.0254,0.7583,0.0,0.0,0.0,-2.01,-40.78,52.64,26.9,,,,,,,,,,,,,,,,
IMU,43925046.0,2,0.4097,0.4839,0.7749,0.06,0.12,0.0,32.16,-24.08,0.0,27.6,,,,,,,,,,,,,,,,
IMU,43931082.0,1,0.6558,-0.0254,0.7583,0.0,0.0,0.0,-2.01,-40.78,52.64,26.9,,,,,,,,,,,,,,,,
IMU,43925046.0,2,0.4097,0.4839,0.7749,0.06,0.12,0.0,32.16,-24.08,0.0,27.6,,,,,,,,,,,,,,,,
IMU,44031269.0,1,0.6558,-0.0259,0.7583,0.0,0.0,0.0,-2.0,-40.78,52.63,27.0,,,,,,,,,,,,,,,,
IMU,44024958.0,2,0.4077,0.4854,0.7734,0.12,0.0,0.0,32.16,-24.08,0.01,27.7,,,,,,,,,,,,,,,,
IMU,44031269.0,1,0.6558,-0.0259,0.7583,0.0,0.0,0.0,-2.0,-40.78,52.63,27.0,,,,,,,,,,,,,,,,
IMU,44024958.0,2,0.4077,0.4854,0.7734,0.12,0.0,0.0,32.16,-24.08,0.01,27.7,,,,,,,,,,,,,,,,
IMU,44131444.0,1,0.6548,-0.0264,0.7568,0.0,0.0,0.0,-2.0,-40.79,52.62,26.8,,,,,,,,,,,,,,,,
IMU,44124865.0,2,0.4106,0.4834,0.7729,0.0,0.0,0.0,32.16,-24.09,0.02,27.5,,,,,,,,,,,,,,,,
IMU,44131444.0,1,0.6548,-0.0264,0.7568,0.0,0.0,0.0,-2.0,-40.79,52.62,26.8,,,,,,,,,,,,,,,,
IMU,44124865.0,2,0.4106,0.4834,0.7729,0.0,0.0,0.0,32.16,-24.09,0.02,27.5,,,,,,,,,,,,,,,,
IMU,44131444.0,1,0.6548,-0.0264,0.7568,0.0,0.0,0.0,-2.0,-40.79,52.62,26.8,,,,,,,,,,,,,,,,
IMU,44124865.0,2,0.4106,0.4834,0.7729,0.0,0.0,0.0,32.16,-24.09,0.02,27.5,,,,,,,,,,,,,,,,
IMU,44231652.0,1,0.6577,-0.0234,0.7563,0.0,0.0,0.0,-2.0,-40.79,52.62,26.8,,,,,,,,,,,,,,,,
IMU,44224855.0,2,0.4067,0.4854,0.7725,0.06,0.0,0.0,32.17,-24.09,0.03,27.7,,,,,,,,,,,,,,,,
IMU,44231652.0,1,0.6577,-0.0234,0.7563,0.0,0.0,0.0,-2.0,-40.79,52.62,26.8,,,,,,,,,,,,,,,,
IMU,44224855.0,2,0.4067,0.4854,0.7725,0.06,0.0,0.0,32.17,-24.09,0.03,27.7,,,,,,,,,,,,,,,,
IMU,44331827.0,1,0.6538,-0.0283,0.7603,0.0,0.0,0.0,-1.99,-40.79,52.61,26.9,,,,,,,,,,,,,,,,
IMU,44324806.0,2,0.4102,0.4834,0.7729,0.0,-0.06,0.0,32.17,-24.09,0.04,27.6,,,,,,,,,,,,,,,,
IMU,44331827.0,1,0.6538,-0.0283,0.7603,0.0,0.0,0.0,-1.99,-40.79,52.61,26.9,,,,,,,,,,,,,,,,
IMU,44324806.0,2,0.4102,0.4834,0.7729,0.0,-0.06,0.0,32.17,-24.09,0.04,27.6,,,,,,,,,,,,,,,,
IMU,44331827.0,1,0.6538,-0.0283,0.7603,0.0,0.0,0.0,-1.99,-40.79,52.61,26.9,,,,,,,,,,,,,,,,
IMU,44324806.0,2,0.4102,0.4834,0.7729,0.0,-0.06,0.0,32.17,-24.09,0.04,27.6,,,,,,,,,,,,,,,,
IMU,44432016.0,1,0.6548,-0.0254,0.7578,0.0,0.0,0.0,-1.99,-40.79,52.61,26.9,,,,,,,,,,,,,,,,
IMU,44424722.0,2,0.4082,0.4834,0.772,0.12,0.0,0.0,32.18,-24.09,0.05,27.7,,,,,,,,,,,,,,,,
IMU,44432016.0,1,0.6548,-0.0254,0.7578,0.0,0.0,0.0,-1.99,-40.79,52.61,26.9,,,,,,,,,,,,,,,,
IMU,44424722.0,2,0.4082,0.4834,0.772,0.12,0.0,0.0,32.18,-24.09,0.05,27.7,,,,,,,,,,,,,,,,
IMU,44532201.0,1,0.6543,-0.0283,0.7603,0.0,0.0,0.0,-1.99,-40.79,52.61,26.7,,,,,,,,,,,,,,,,
IMU,44524645.0,2,0.4102,0.4849,0.7715,0.31,-0.31,0.0,32.18,-24.09,0.05,27.7,,,,,,,,,,,,,,,,
IMU,44532201.0,1,0.6543,-0.0283,0.7603,0.0,0.0,0.0,-1.99,-40.79,52.61,26.7,,,,,,,,,,,,,,,,
IMU,44524645.0,2,0.4102,0.4849,0.7715,0.31,-0.31,0.0,32.18,-24.09,0.05,27.7,,,,,,,,,,,,,,,,
IMU,44532201.0,1,0.6543,-0.0283,0.7603,0.0,0.0,0.0,-1.99,-40.79,52.61,26.7,,,,,,,,,,,,,,,,
IMU,44524645.0,2,0.4102,0.4849,0.7715,0.31,-0.31,0.0,32.18,-24.09,0.05,27.7,,,,,,,,,,,,,,,,
IMU,44632391.0,1,0.6558,-0.0244,0.7603,0.0,0.0,0.0,-1.99,-40.79,52.6,26.8,,,,,,,,,,,,,,,,
IMU,44624590.0,2,0.4058,0.4839,0.7729,0.18,-0.06,0.0,32.18,-24.09,0.07,27.6,,,,,,,,,,,,,,,,
IMU,44632391.0,1,0.6558,-0.0244,0.7603,0.0,0.0,0.0,-1.99,-40.79,52.6,26.8,,,,,,,,,,,,,,,,
IMU,44624590.0,2,0.4058,0.4839,0.7729,0.18,-0.06,0.0,32.18,-24.09,0.07,27.6,,,,,,,,,,,,,,,,
IMU,44732613.0,1,0.6562,-0.0254,0.7588,0.0,0.0,0.0,-1.98,-40.8,52.6,26.7,,,,,,,,,,,,,,,,
IMU,44724509.0,2,0.4062,0.4829,0.7739,0.18,0.0,0.0,32.18,-24.09,0.08,27.7,,,,,,,,,,,,,,,,
IMU,44732613.0,1,0.6562,-0.0254,0.7588,0.0,0.0,0.0,-1.98,-40.8,52.6,26.7,,,,,,,,,,,,,,,,
IMU,44724509.0,2,0.4062,0.4829,0.7739,0.18,0.0,0.0,32.18,-24.09,0.08,27.7,,,,,,,,,,,,,,,,
IMU,44732613.0,1,0.6562,-0.0254,0.7588,0.0,0.0,0.0,-1.98,-40.8,52.6,26.7,,,,,,,,,,,,,,,,
IMU,44724509.0,2,0.4062,0.4829,0.7739,0.18,0.0,0.0,32.18,-24.09,0.08,27.7,,,,,,,,,,,,,,,,
IMU,44832766.0,1,0.6567,-0.0249,0.7573,0.0,0.0,0.0,-1.98,-40.8,52.6,26.8,,,,,,,,,,,,,,,,
IMU,44824406.0,2,0.4087,0.4839,0.772,0.0,0.0,0.0,32.18,-24.09,0.08,27.8,,,,,,,,,,,,,,,,
IMU,44832766.0,1,0.6567,-0.0249,0.7573,0.0,0.0,0.0,-1.98,-40.8,52.6,26.8,,,,,,,,,,,,,,,,
IMU,44824406.0,2,0.4087,0.4839,0.772,0.0,0.0,0.0,32.18,-24.09,0.08,27.8,,,,,,,,,,,,,,,,
IMU,44932959.0,1,0.6553,-0.0269,0.7603,0.0,0.0,0.0,-1.98,-40.8,52.59,27.0,,,,,,,,,,,,,,,,
IMU,44924357.0,2,0.4106,0.4834,0.7739,0.18,0.0,0.0,32.19,-24.09,0.09,27.4,,,,,,,,,,,,,,,,
IMU,44932959.0,1,0.6553,-0.0269,0.7603,0.0,0.0,0.0,-1.98,-40.8,52.59,27.0,,,,,,,,,,,,,,,,
IMU,44924357.0,2,0.4106,0.4834,0.7739,0.18,0.0,0.0,32.19,-24.09,0.09,27.4,,,,,,,,,,,,,,,,
IMU,44932959.0,1,0.6553,-0.0269,0.7603,0.0,0.0,0.0,-1.98,-40.8,52.59,27.0,,,,,,,,,,,,,,,,
IMU,44924357.0,2,0.4106,0.4834,0.7739,0.18,0.0,0.0,32.19,-24.09,0.09,27.4,,,,,,,,,,,,,,,,
IMU,45033149.0,1,0.6523,-0.0283,0.7617,0.0,0.0,0.0,-1.98,-40.8,52.59,26.8,,,,,,,,,,,,,,,,
IMU,45024287.0,2,0.4106,0.4844,0.7739,0.18,0.0,0.0,32.2,-24.09,0.09,27.6,,,,,,,,,,,,,,,,
IMU,45033149.0,1,0.6523,-0.0283,0.7617,0.0,0.0,0.0,-1.98,-40.8,52.59,26.8,,,,,,,,,,,,,,,,
IMU,45024287.0,2,0.4106,0.4844,0.7739,0.18,0.0,0.0,32.2,-24.09,0.09,27.6,,,,,,,,,,,,,,,,
IMU,45133346.0,1,0.6558,-0.0249,0.7573,0.0,0.0,0.0,-1.98,-40.8,52.59,26.7,,,,,,,,,,,,,,,,
IMU,45124254.0,2,0.4087,0.4839,0.7734,0.12,0.06,0.0,32.2,-24.09,0.1,27.7,,,,,,,,,,,,,,,,
IMU,45133346.0,1,0.6558,-0.0249,0.7573,0.0,0.0,0.0,-1.98,-40.8,52.59,26.7,,,,,,,,,,,,,,,,
IMU,45124254.0,2,0.4087,0.4839,0.7734,0.12,0.06,0.0,32.2,-24.09,0.1,27.7,,,,,,,,,,,,,,,,
IMU,45133346.0,1,0.6558,-0.0249,0.7573,0.0,0.0,0.0,-1.98,-40.8,52.59,26.7,,,,,,,,,,,,,,,,
IMU,45124254.0,2,0.4087,0.4839,0.7734,0.12,0.06,0.0,32.2,-24.09,0.1,27.7,,,,,,,,,,,,,,,,
IMU,45233542.0,1,0.6528,-0.0269,0.7598,0.0,0.0,0.0,-1.98,-40.8,52.58,26.7,,,,,,,,,,,,,,,,
IMU,45224199.0,2,0.4121,0.4868,0.7729,0.06,0.06,0.0,32.2,-24.09,0.11,27.9,,,,,,,,,,,,,,,,
IMU,45233542.0,1,0.6528,-0.0269,0.7598,0.0,0.0,0.0,-1.98,-40.8,52.58,26.7,,,,,,,,,,,,,,,,
IMU,45224199.0,2,0.4121,0.4868,0.7729,0.06,0.06,0.0,32.2,-24.09,0.11,27.9,,,,,,,,,,,,,,,,
IMU,45333729.0,1,0.6538,-0.0269,0.7603,0.0,0.0,0.0,-1.97,-40.8,52.58,26.8,,,,,,,,,,,,,,,,
IMU,45324100.0,2,0.4102,0.4854,0.7734,0.06,0.0,0.0,32.2,-24.09,0.12,27.8,,,,,,,,,,,,,,,,
IMU,45333729.0,1,0.6538,-0.0269,0.7603,0.0,0.0,0.0,-1.97,-40.8,52.58,26.8,,,,,,,,,,,,,,,,
IMU,45324100.0,2,0.4102,0.4854,0.7734,0.06,0.0,0.0,32.2,-24.09,0.12,27.8,,,,,,,,,,,,,,,,
IMU,45333729.0,1,0.6538,-0.0269,0.7603,0.0,0.0,0.0,-1.97,-40.8,52.58,26.8,,,,,,,,,,,,,,,,
IMU,45324100.0,2,0.4102,0.4854,0.7734,0.06,0.0,0.0,32.2,-24.09,0.12,27.8,,,,,,,,,,,,,,,,
IMU,45433940.0,1,0.6558,-0.0264,0.7578,0.0,0.0,0.0,-1.97,-40.8,52.58,26.9,,,,,,,,,,,,,,,,
IMU,45424040.0,2,0.4097,0.4819,0.771,0.18,0.0,0.0,32.2,-24.09,0.12,27.7,,,,,,,,,,,,,,,,
IMU,45433940.0,1,0.6558,-0.0264,0.7578,0.0,0.0,0.0,-1.97,-40.8,52.58,26.9,,,,,,,,,,,,,,,,
IMU,45424040.0,2,0.4097,0.4819,0.771,0.18,0.0,0.0,32.2,-24.09,0.12,27.7,,,,,,,,,,,,,,,,
IMU,45534146.0,1,0.6538,-0.0273,0.7603,0.0,0.0,0.0,-1.97,-40.8,52.58,26.9,,,,,,,,,,,,,,,,
IMU,45523964.0,2,0.4087,0.4849,0.7739,0.12,0.06,0.0,32.2,-24.09,0.13,27.6,,,,,,,,,,,,,,,,
IMU,45534146.0,1,0.6538,-0.0273,0.7603,0.0,0.0,0.0,-1.97,-40.8,52.58,26.9,,,,,,,,,,,,,,,,
IMU,45523964.0,2,0.4087,0.4849,0.7739,0.12,0.06,0.0,32.2,-24.09,0.13,27.6,,,,,,,,,,,,,,,,
IMU,45534146.0,1,0.6538,-0.0273,0.7603,0.0,0.0,0.0,-1.97,-40.8,52.58,26.9,,,,,,,,,,,,,,,,
IMU,45523964.0,2,0.4087,0.4849,0.7739,0.12,0.06,0.0,32.2,-24.09,0.13,27.6,,,,,,,,,,,,,,,,
IMU,45634340.0,1,0.6543,-0.0254,0.7588,0.0,0.0,0.0,-1.97,-40.8,52.58,26.9,,,,,,,,,,,,,,,,
IMU,45623884.0,2,0.4092,0.4844,0.7729,0.18,0.0,0.0,32.21,-24.09,0.13,27.7,,,,,,,,,,,,,,,,
IMU,45634340.0,1,0.6543,-0.0254,0.7588,0.0,0.0,0.0,-1.97,-40.8,52.58,26.9,,,,,,,,,,,,,,,,
IMU,45623884.0,2,0.4092,0.4844,0.7729,0.18,0.0,0.0,32.21,-24.09,0.13,27.7,,,,,,,,,,,,,,,,
IMU,45734538.0,1,0.6558,-0.0269,0.7588,0.0,0.0,0.0,-1.97,-40.81,52.57,26.8,,,,,,,,,,,,,,,,
IMU,45723812.0,2,0.4087,0.4854,0.7729,0.12,0.0,0.0,32.21,-24.09,0.14,27.6,,,,,,,,,,,,,,,,
IMU,45734538.0,1,0.6558,-0.0269,0.7588,0.0,0.0,0.0,-1.97,-40.81,52.57,26.8,,,,,,,,,,,,,,,,
IMU,45723812.0,2,0.4087,0.4854,0.7729,0.12,0.0,0.0,32.21,-24.09,0.14,27.6,,,,,,,,,,,,,,,,
IMU,45734538.0,1,0.6558,-0.0269,0.7588,0.0,0.0,0.0,-1.97,-40.81,52.57,26.8,,,,,,,,,,,,,,,,
IMU,45723812.0,2,0.4087,0.4854,0.7729,0.12,0.0,0.0,32.21,-24.09,0.14,27.6,,,,,,,,,,,,,,,,
IMU,45834752.0,1,0.6538,-0.0269,0.7603,0.0,0.0,0.0,-1.97,-40.81,52.57,26.8,,,,,,,,,,,,,,,,
IMU,45823768.0,2,0.4087,0.4839,0.7739,0.18,0.06,0.0,32.21,-24.09,0.14,27.6,,,,,,,,,,,,,,,,
IMU,45834752.0,1,0.6538,-0.0269,0.7603,0.0,0.0,0.0,-1.97,-40.81,52.57,26.8,,,,,,,,,,,,,,,,
IMU,45823768.0,2,0.4087,0.4839,0.7739,0.18,0.06,0.0,32.21,-24.09,0.14,27.6,,,,,,,,,,,,,,,,
IMU,45834752.0,1,0.6538,-0.0269,0.7603,0.0,0.0,0.0,-1.97,-40.81,52.57,26.8,,,,,,,,,,,,,,,,
IMU,45923702.0,2,0.4082,0.4849,0.7759,0.24,0.06,0.0,32.21,-24.09,0.14,27.8,,,,,,,,,,,,,,,,
IMU,45934945.0,1,0.6523,-0.0278,0.7632,0.0,0.0,0.0,-1.97,-40.81,52.57,26.7,,,,,,,,,,,,,,,,
IMU,45923702.0,2,0.4082,0.4849,0.7759,0.24,0.06,0.0,32.21,-24.09,0.14,27.8,,,,,,,,,,,,,,,,
IMU,45934945.0,1,0.6523,-0.0278,0.7632,0.0,0.0,0.0,-1.97,-40.81,52.57,26.7,,,,,,,,,,,,,,,,
IMU,45923702.0,2,0.4082,0.4849,0.7759,0.24,0.06,0.0,32.21,-24.09,0.14,27.8,,,,,,,,,,,,,,,,
IMU,46035125.0,1,0.6543,-0.0259,0.7598,0.0,0.0,0.0,-1.97,-40.81,52.56,26.9,,,,,,,,,,,,,,,,
IMU,46023634.0,2,0.4087,0.4834,0.7749,0.12,0.06,0.0,32.21,-24.09,0.15,27.5,,,,,,,,,,,,,,,,
IMU,46035125.0,1,0.6543,-0.0259,0.7598,0.0,0.0,0.0,-1.97,-40.81,52.56,26.9,,,,,,,,,,,,,,,,
IMU,46023634.0,2,0.4087,0.4834,0.7749,0.12,0.06,0.0,32.21,-24.09,0.15,27.5,,,,,,,,,,,,,,,,
IMU,46035125.0,1,0.6543,-0.0259,0.7598,0.0,0.0,0.0,-1.97,-40.81,52.56,26.9,,,,,,,,,,,,,,,,
IMU,46123585.0,2,0.4116,0.4834,0.7739,0.12,0.0,0.0,32.21,-24.09,0.15,27.8,,,,,,,,,,,,,,,,
IMU,46135312.0,1,0.6582,-0.0254,0.7583,0.0,0.0,0.0,-1.96,-40.81,52.56,26.9,,,,,,,,,,,,,,,,
IMU,46123585.0,2,0.4116,0.4834,0.7739,0.12,0.0,0.0,32.21,-24.09,0.15,27.8,,,,,,,,,,,,,,,,
IMU,46135312.0,1,0.6582,-0.0254,0.7583,0.0,0.0,0.0,-1.96,-40.81,52.56,26.9,,,,,,,,,,,,,,,,
IMU,46123585.0,2,0.4116,0.4834,0.7739,0.12,0.0,0.0,32.21,-24.09,0.15,27.8,,,,,,,,,,,,,,,,
IMU,46235492.0,1,0.6533,-0.0244,0.7593,0.0,0.0,0.0,-1.96,-40.81,52.56,26.9,,,,,,,,,,,,,,,,
IMU,46223505.0,2,0.4062,0.4844,0.7778,0.06,0.12,0.0,32.21,-24.09,0.16,27.7,,,,,,,,,,,,,,,,
IMU,46235492.0,1,0.6533,-0.0244,0.7593,0.0,0.0,0.0,-1.96,-40.81,52.56,26.9,,,,,,,,,,,,,,,,
IMU,46223505.0,2,0.4062,0.4844,0.7778,0.06,0.12,0.0,32.21,-24.09,0.16,27.7,,,,,,,,,,,,,,,,
IMU,46235492.0,1,0.6533,-0.0244,0.7593,0.0,0.0,0.0,-1.96,-40.81,52.56,26.9,,,,,,,,,,,,,,,,
IMU,46323445.0,2,0.4077,0.4839,0.7729,0.06,0.24,0.0,32.22,-24.09,0.16,27.6,,,,,,,,,,,,,,,,
IMU,46335773.0,1,0.6523,-0.0273,0.7607,0.0,0.18,0.0,-1.96,-40.81,52.56,26.9,,,,,,,,,,,,,,,,
IMU,46323445.0,2,0.4077,0.4839,0.7729,0.06,0.24,0.0,32.22,-24.09,0.16,27.6,,,,,,,,,,,,,,,,
