type,t_us,idx,ax,ay,az,gx,gy,gz,roll,pitch,yaw,temp,state,shank_deg,shank_rate_dps,acc_g,knee_rad,knee_vel,tau_g,tau_imp,tau_cmd,tau_fb,k,b,theta_eq,landing,flex_peak,shank_cross
IMU,6438398.0,1,0.5073,-0.0508,0.8643,0.0,0.0,0.0,-3.43,-30.39,0.47,26.8,,,,,,,,,,,,,,,,
IMU,6385009.0,2,0.252,0.4199,0.8682,0.12,-0.06,0.0,25.87,-14.44,-0.09,27.8,,,,,,,,,,,,,,,,
EXO,6454887,,,,,,,,,,,,SAFE,-12.068,-0.061,0.997,1.286,-0.009,0.009,0.0,0.009,0.006,0.0,0.0,0.0,0.0,0.0,0.0
IMU,6438398.0,1,0.5073,-0.0508,0.8643,0.0,0.0,0.0,-3.43,-30.39,0.47,26.8,,,,,,,,,,,,,,,,
IMU,6484970.0,2,0.2485,0.4204,0.8716,0.12,0.0,0.0,25.87,-14.44,-0.09,27.6,,,,,,,,,,,,,,,,
EXO,6526609,,,,,,,,,,,,SAFE,-12.068,0.0,0.999,1.286,0.033,0.009,0.0,0.009,0.011,0.0,0.0,0.0,0.0,0.0,0.0
IMU,6538627.0,1,0.5059,-0.0522,0.8647,0.0,0.06,0.0,-3.43,-30.39,0.47,26.8,,,,,,,,,,,,,,,,
IMU,6584818.0,2,0.249,0.4199,0.8726,0.06,0.06,0.0,25.86,-14.44,-0.09,27.6,,,,,,,,,,,,,,,,
EXO,6626619,,,,,,,,,,,,SAFE,-12.068,0.061,1.0,1.286,0.083,0.009,0.0,0.009,-0.003,0.0,0.0,0.0,0.0,0.0,0.0
IMU,6638800.0,1,0.5083,-0.0508,0.8599,0.0,0.06,0.0,-3.43,-30.39,0.47,26.7,,,,,,,,,,,,,,,,
IMU,6684733.0,2,0.248,0.4204,0.8721,0.0,0.06,0.0,25.86,-14.44,-0.09,27.6,,,,,,,,,,,,,,,,
EXO,6726615,,,,,,,,,,,,SAFE,-12.068,0.061,0.999,1.286,-0.037,0.009,0.0,0.009,-0.005,0.0,0.0,0.0,0.0,0.0,0.0
IMU,6738976.0,1,0.5073,-0.0522,0.8618,0.0,0.12,0.0,-3.43,-30.39,0.47,26.7,,,,,,,,,,,,,,,,
IMU,6784634.0,2,0.25,0.4204,0.8696,0.0,0.0,0.0,25.86,-14.44,-0.09,27.7,,,,,,,,,,,,,,,,
EXO,6826603,,,,,,,,,,,,SAFE,-12.068,0.0,0.998,1.286,0.123,0.009,0.0,0.009,0.007,0.0,0.0,0.0,0.0,0.0,0.0
IMU,6839093.0,1,0.5088,-0.0518,0.8633,0.0,0.0,0.0,-3.43,-30.38,0.47,26.7,,,,,,,,,,,,,,,,
IMU,6884595.0,2,0.249,0.4194,0.8711,0.0,0.0,0.0,25.86,-14.44,-0.09,27.6,,,,,,,,,,,,,,,,
EXO,6926635,,,,,,,,,,,,SAFE,-12.068,0.0,0.998,1.286,-0.234,0.009,0.0,0.009,0.02,0.0,0.0,0.0,0.0,0.0,0.0
IMU,6939321.0,1,0.5083,-0.0503,0.8633,0.0,-0.06,0.0,-3.43,-30.38,0.47,26.8,,,,,,,,,,,,,,,,
IMU,6984538.0,2,0.248,0.4224,0.8726,0.12,-0.06,0.0,25.86,-14.44,-0.09,27.7,,,,,,,,,,,,,,,,
EXO,7026801,,,,,,,,,,,,SAFE,-12.068,-0.061,1.001,1.286,0.069,0.009,0.0,0.009,0.016,0.0,0.0,0.0,0.0,0.0,0.0
IMU,7039425.0,1,0.5049,-0.0522,0.8638,0.0,0.0,0.0,-3.43,-30.38,0.47,26.7,,,,,,,,,,,,,,,,
IMU,7084395.0,2,0.249,0.4204,0.874,0.12,0.0,0.0,25.86,-14.44,-0.09,27.6,,,,,,,,,,,,,,,,
EXO,7126628,,,,,,,,,,,,SAFE,-12.068,0.0,1.001,1.286,-0.019,0.009,0.0,0.009,0.042,0.0,0.0,0.0,0.0,0.0,0.0
IMU,7139600.0,1,0.5063,-0.0522,0.8647,0.0,0.0,0.0,-3.43,-30.38,0.47,26.7,,,,,,,,,,,,,,,,
IMU,7184359.0,2,0.252,0.4189,0.8745,0.0,0.06,0.0,25.85,-14.44,-0.09,27.6,,,,,,,,,,,,,,,,
EXO,7226598,,,,,,,,,,,,SAFE,-12.068,0.061,1.002,1.286,0.037,0.009,0.0,0.009,-0.002,0.0,0.0,0.0,0.0,0.0,0.0
IMU,7239762.0,1,0.5063,-0.0522,0.8623,0.0,0.0,0.0,-3.43,-30.38,0.47,26.7,,,,,,,,,,,,,,,,
IMU,7284303.0,2,0.2495,0.4209,0.8696,-0.12,0.06,0.0,25.85,-14.44,-0.09,27.6,,,,,,,,,,,,,,,,
EXO,7326710,,,,,,,,,,,,SAFE,-12.068,0.061,0.998,1.286,-0.049,0.009,0.0,0.009,0.01,0.0,0.0,0.0,0.0,0.0,0.0
IMU,7339969.0,1,0.5078,-0.0513,0.8604,0.0,0.0,0.0,-3.44,-30.38,0.47,26.6,,,,,,,,,,,,,,,,
IMU,7384270.0,2,0.2524,0.4209,0.8701,0.0,-0.06,0.0,25.85,-14.45,-0.09,27.7,,,,,,,,,,,,,,,,
EXO,7426728,,,,,,,,,,,,SAFE,-12.074,-0.061,0.999,1.286,0.038,0.009,0.0,0.009,0.006,0.0,0.0,0.0,0.0,0.0,0.0
IMU,7440139.0,1,0.5073,-0.0527,0.8628,0.0,0.0,0.0,-3.44,-30.38,0.47,26.8,,,,,,,,,,,,,,,,
IMU,7484157.0,2,0.2495,0.4194,0.8701,0.18,-0.06,0.0,25.85,-14.44,-0.09,27.5,,,,,,,,,,,,,,,,
EXO,7526701,,,,,,,,,,,,SAFE,-12.068,-0.061,0.998,1.286,0.019,0.009,0.0,0.009,-0.005,0.0,0.0,0.0,0.0,0.0,0.0
IMU,7540354.0,1,0.5068,-0.0522,0.8657,0.0,-0.12,0.0,-3.44,-30.38,0.47,26.7,,,,,,,,,,,,,,,,
IMU,7584009.0,2,0.2495,0.4214,0.8711,0.0,0.0,0.0,25.85,-14.44,-0.09,27.7,,,,,,,,,,,,,,,,
EXO,7626707,,,,,,,,,,,,SAFE,-12.068,0.0,0.999,1.286,0.042,0.009,0.0,0.009,-0.004,0.0,0.0,0.0,0.0,0.0,0.0
IMU,7640506.0,1,0.5059,-0.0513,0.8652,0.0,0.0,0.0,-3.44,-30.38,0.47,26.7,,,,,,,,,,,,,,,,
IMU,7684016.0,2,0.2515,0.4194,0.8682,-0.06,0.06,0.0,25.85,-14.45,-0.09,27.6,,,,,,,,,,,,,,,,
EXO,7726699,,,,,,,,,,,,SAFE,-12.074,0.061,0.996,1.286,0.023,0.009,0.0,0.009,0.003,0.0,0.0,0.0,0.0,0.0,0.0
IMU,7740733.0,1,0.5078,-0.0513,0.8623,-0.06,0.0,0.0,-3.44,-30.37,0.47,26.7,,,,,,,,,,,,,,,,
IMU,7783939.0,2,0.2539,0.4194,0.8774,-0.06,-0.18,0.0,25.83,-14.45,-0.09,27.8,,,,,,,,,,,,,,,,
EXO,7826883,,,,,,,,,,,,SAFE,-12.074,-0.183,1.005,1.286,-0.038,0.009,0.0,0.009,-0.001,0.0,0.0,0.0,0.0,0.0,0.0
IMU,7840918.0,1,0.5063,-0.0518,0.8643,-0.12,0.18,0.0,-3.46,-30.35,0.47,26.7,,,,,,,,,,,,,,,,
IMU,7883901.0,2,0.2495,0.4194,0.8643,-0.55,-0.31,0.0,25.81,-14.45,-0.09,27.5,,,,,,,,,,,,,,,,
EXO,7926921,,,,,,,,,,,,SAFE,-12.079,-0.305,0.993,1.286,0.06,0.009,0.0,0.009,-0.008,0.0,0.0,0.0,0.0,0.0,0.0
IMU,7941058.0,1,0.5034,-0.0576,0.8711,0.0,-0.18,0.0,-3.49,-30.31,0.48,26.7,,,,,,,,,,,,,,,,
IMU,7983795.0,2,0.2495,0.4199,0.8647,-0.18,0.18,0.0,25.78,-14.46,-0.1,27.6,,,,,,,,,,,,,,,,
EXO,8026821,,,,,,,,,,,,SAFE,-12.09,0.183,0.993,1.286,-0.131,0.009,0.0,0.009,0.0,0.0,0.0,0.0,0.0,0.0,0.0
IMU,8041220.0,1,0.5039,-0.0542,0.8613,0.0,-0.18,0.0,-3.5,-30.31,0.48,26.8,,,,,,,,,,,,,,,,
IMU,8083709.0,2,0.2476,0.4194,0.873,0.0,-0.18,0.0,25.77,-14.46,-0.09,27.6,,,,,,,,,,,,,,,,
EXO,8126816,,,,,,,,,,,,SAFE,-12.09,-0.183,1.0,1.286,-0.001,0.009,0.0,0.009,-0.01,0.0,0.0,0.0,0.0,0.0,0.0
IMU,8141446.0,1,0.5059,-0.0552,0.8716,0.12,-0.55,-0.06,-3.52,-30.29,0.48,26.7,,,,,,,,,,,,,,,,
IMU,8183658.0,2,0.2476,0.4175,0.8706,0.12,0.24,0.0,25.77,-14.46,-0.09,27.6,,,,,,,,,,,,,,,,
EXO,8226832,,,,,,,,,,,,SAFE,-12.09,0.244,0.997,1.286,0.011,0.009,0.0,0.009,0.019,0.0,0.0,0.0,0.0,0.0,0.0
IMU,8241625.0,1,0.5073,-0.0547,0.8633,0.24,-0.12,-0.12,-3.49,-30.32,0.47,26.8,,,,,,,,,,,,,,,,
IMU,8283602.0,2,0.2485,0.4189,0.8701,0.49,-0.31,-0.18,25.8,-14.46,-0.1,27.5,,,,,,,,,,,,,,,,
EXO,8326983,,,,,,,,,,,,SAFE,-12.085,-0.305,0.997,1.286,0.03,0.009,0.0,0.009,-0.003,0.0,0.0,0.0,0.0,0.0,0.0
IMU,8341808.0,1,0.5049,-0.0522,0.8687,0.24,-0.67,-0.12,-3.47,-30.34,0.44,26.8,,,,,,,,,,,,,,,,
IMU,8383578.0,2,0.2466,0.4199,0.8726,0.31,0.24,-0.24,25.82,-14.44,-0.12,27.6,,,,,,,,,,,,,,,,
EXO,8426922,,,,,,,,,,,,SAFE,-12.068,0.244,0.999,1.286,0.045,0.009,0.0,0.009,0.003,0.0,0.0,0.0,0.0,0.0,0.0
IMU,8441960.0,1,0.5049,-0.0542,0.8647,0.06,0.0,0.0,-3.44,-30.37,0.44,26.6,,,,,,,,,,,,,,,,
IMU,8483428.0,2,0.25,0.4209,0.873,0.24,0.0,-0.18,25.84,-14.43,-0.13,27.7,,,,,,,,,,,,,,,,
EXO,8526708,,,,,,,,,,,,SAFE,-12.057,0.0,1.001,1.286,-0.044,0.009,0.0,0.009,-0.01,0.0,0.0,0.0,0.0,0.0,0.0
IMU,8542111.0,1,0.5078,-0.0513,0.8662,0.06,0.0,0.0,-3.44,-30.37,0.44,26.7,,,,,,,,,,,,,,,,
IMU,8583343.0,2,0.2505,0.4209,0.8701,0.06,0.24,-0.18,25.85,-14.43,-0.14,27.6,,,,,,,,,,,,,,,,
EXO,8626706,,,,,,,,,,,,SAFE,-12.057,0.244,0.999,1.286,0.002,0.009,0.0,0.009,0.004,0.0,0.0,0.0,0.0,0.0,0.0
IMU,8642307.0,1,0.5063,-0.0532,0.8628,0.12,0.0,0.0,-3.43,-30.38,0.44,26.7,,,,,,,,,,,,,,,,
IMU,8683264.0,2,0.252,0.4199,0.8745,0.12,0.0,-0.12,25.86,-14.42,-0.14,27.7,,,,,,,,,,,,,,,,
EXO,8726696,,,,,,,,,,,,SAFE,-12.047,0.0,1.002,1.286,0.079,0.009,0.0,0.009,-0.0,0.0,0.0,0.0,0.0,0.0,0.0
IMU,8742466.0,1,0.5068,-0.0518,0.8662,0.06,-0.06,0.0,-3.43,-30.38,0.44,26.7,,,,,,,,,,,,,,,,
IMU,8783160.0,2,0.2529,0.4214,0.873,0.06,0.0,0.0,25.87,-14.42,-0.15,27.6,,,,,,,,,,,,,,,,
EXO,8826722,,,,,,,,,,,,SAFE,-12.047,0.0,1.002,1.286,0.116,0.009,0.0,0.009,0.007,0.0,0.0,0.0,0.0,0.0,0.0
IMU,8842589.0,1,0.5078,-0.0508,0.8643,0.0,0.0,0.0,-3.43,-30.39,0.44,26.7,,,,,,,,,,,,,,,,
IMU,8883153.0,2,0.2451,0.4204,0.8721,0.18,-0.06,0.0,25.87,-14.41,-0.15,27.5,,,,,,,,,,,,,,,,
EXO,8926707,,,,,,,,,,,,SAFE,-12.041,-0.061,0.999,1.286,0.045,0.009,0.0,0.009,-0.038,0.0,0.0,0.0,0.0,0.0,0.0
IMU,8942793.0,1,0.5073,-0.0518,0.8628,0.0,-0.12,0.0,-3.43,-30.39,0.44,26.8,,,,,,,,,,,,,,,,
IMU,8983020.0,2,0.2466,0.4199,0.875,0.0,0.06,0.0,25.87,-14.41,-0.15,27.6,,,,,,,,,,,,,,,,
EXO,9026790,,,,,,,,,,,,SAFE,-12.041,0.061,1.001,1.286,-0.001,0.009,0.0,0.009,0.019,0.0,0.0,0.0,0.0,0.0,0.0
IMU,9042966.0,1,0.5088,-0.0513,0.8633,0.06,-0.06,0.0,-3.43,-30.38,0.44,26.6,,,,,,,,,,,,,,,,
IMU,9082942.0,2,0.249,0.4204,0.874,0.0,0.06,0.0,25.87,-14.41,-0.15,27.6,,,,,,,,,,,,,,,,
EXO,9126762,,,,,,,,,,,,SAFE,-12.041,0.061,1.001,1.286,0.096,0.009,0.0,0.009,0.004,0.0,0.0,0.0,0.0,0.0,0.0
IMU,9143122.0,1,0.5044,-0.0522,0.8647,-0.06,0.0,0.0,-3.43,-30.38,0.44,26.7,,,,,,,,,,,,,,,,
IMU,9182843.0,2,0.2466,0.4219,0.8696,0.0,-0.06,0.0,25.87,-14.42,-0.15,27.6,,,,,,,,,,,,,,,,
EXO,9226800,,,,,,,,,,,,SAFE,-12.047,-0.061,0.998,1.286,-0.034,0.009,0.0,0.009,-0.001,0.0,0.0,0.0,0.0,0.0,0.0
IMU,9243230.0,1,0.5068,-0.0527,0.8672,0.0,0.0,0.0,-3.43,-30.38,0.44,26.8,,,,,,,,,,,,,,,,
IMU,9282782.0,2,0.2524,0.4194,0.874,0.06,0.0,0.0,25.86,-14.42,-0.15,27.6,,,,,,,,,,,,,,,,
EXO,9326625,,,,,,,,,,,,SAFE,-12.047,0.0,1.002,1.286,-0.03,0.009,0.0,0.009,0.011,0.0,0.0,0.0,0.0,0.0,0.0
IMU,9343481.0,1,0.5088,-0.0513,0.8657,0.0,-0.12,0.0,-3.43,-30.38,0.44,26.7,,,,,,,,,,,,,,,,
IMU,9382756.0,2,0.2505,0.4219,0.8716,0.0,0.06,0.0,25.86,-14.43,-0.15,27.7,,,,,,,,,,,,,,,,
EXO,9426731,,,,,,,,,,,,SAFE,-12.052,0.061,1.0,1.286,0.018,0.009,0.0,0.009,0.003,0.0,0.0,0.0,0.0,0.0,0.0
IMU,9443612.0,1,0.5049,-0.0537,0.8657,0.0,0.0,0.0,-3.43,-30.38,0.44,26.9,,,,,,,,,,,,,,,,
IMU,9482627.0,2,0.2524,0.4224,0.8716,0.0,-0.06,0.0,25.86,-14.43,-0.15,27.6,,,,,,,,,,,,,,,,
EXO,9526705,,,,,,,,,,,,SAFE,-12.052,-0.061,1.001,1.286,-0.05,0.009,0.0,0.009,0.002,0.0,0.0,0.0,0.0,0.0,0.0
IMU,9543825.0,1,0.5073,-0.0527,0.8647,0.0,0.12,0.0,-3.44,-30.37,0.44,26.7,,,,,,,,,,,,,,,,
IMU,9582503.0,2,0.2495,0.4199,0.8682,0.0,0.0,0.0,25.85,-14.43,-0.15,27.6,,,,,,,,,,,,,,,,
EXO,9626624,,,,,,,,,,,,SAFE,-12.052,0.0,0.996,1.286,0.025,0.009,0.0,0.009,-0.031,0.0,0.0,0.0,0.0,0.0,0.0
IMU,9643933.0,1,0.5073,-0.0532,0.8638,0.0,0.0,0.0,-3.44,-30.37,0.44,26.8,,,,,,,,,,,,,,,,
IMU,9682433.0,2,0.2485,0.4209,0.8716,0.0,0.0,0.0,25.85,-14.43,-0.15,27.6,,,,,,,,,,,,,,,,
EXO,9726606,,,,,,,,,,,,SAFE,-12.057,0.0,0.999,1.286,-0.052,0.009,0.0,0.009,-0.017,0.0,0.0,0.0,0.0,0.0,0.0
IMU,9744119.0,1,0.5078,-0.0518,0.8618,0.0,0.0,0.0,-3.44,-30.37,0.44,26.8,,,,,,,,,,,,,,,,
IMU,9782425.0,2,0.2495,0.4209,0.8691,-0.06,0.0,0.0,25.84,-14.43,-0.15,27.7,,,,,,,,,,,,,,,,
EXO,9826695,,,,,,,,,,,,SAFE,-12.057,0.0,0.997,1.286,-0.034,0.009,0.0,0.009,0.009,0.0,0.0,0.0,0.0,0.0,0.0
IMU,9844355.0,1,0.5059,-0.0527,0.8618,0.0,-0.06,0.0,-3.44,-30.37,0.44,26.8,,,,,,,,,,,,,,,,
IMU,9882398.0,2,0.25,0.4209,0.876,-0.06,0.18,0.0,25.83,-14.43,-0.15,27.6,,,,,,,,,,,,,,,,
EXO,9926915,,,,,,,,,,,,SAFE,-12.057,0.183,1.003,1.286,-0.007,0.009,0.0,0.009,-0.002,0.0,0.0,0.0,0.0,0.0,0.0
IMU,9944596.0,1,0.5059,-0.0537,0.8687,0.0,0.18,0.0,-3.44,-30.36,0.44,26.7,,,,,,,,,,,,,,,,
IMU,9982229.0,2,0.251,0.4199,0.8682,0.0,0.0,0.0,25.84,-14.44,-0.16,27.7,,,,,,,,,,,,,,,,
EXO,10026655,,,,,,,,,,,,SAFE,-12.063,0.0,0.997,1.286,-0.065,0.009,0.0,0.009,-0.01,0.0,0.0,0.0,0.0,0.0,0.0
IMU,10044685.0,1,0.5073,-0.0522,0.8633,0.0,0.0,0.0,-3.44,-30.37,0.44,26.8,,,,,,,,,,,,,,,,
IMU,10082159.0,2,0.2485,0.4214,0.8701,0.0,0.0,0.0,25.83,-14.44,-0.15,27.7,,,,,,,,,,,,,,,,
EXO,10126796,,,,,,,,,,,,SAFE,-12.063,0.0,0.998,1.286,-0.108,0.009,0.0,0.009,-0.006,0.0,0.0,0.0,0.0,0.0,0.0
IMU,10144852.0,1,0.5068,-0.0527,0.8647,0.06,0.0,0.0,-3.45,-30.36,0.44,26.7,,,,,,,,,,,,,,,,
IMU,10182137.0,2,0.249,0.4209,0.8726,0.06,0.0,0.0,25.83,-14.44,-0.15,27.8,,,,,,,,,,,,,,,,
EXO,10226799,,,,,,,,,,,,SAFE,-12.063,0.0,1.0,1.286,-0.15,0.009,0.0,0.009,0.013,0.0,0.0,0.0,0.0,0.0,0.0
IMU,10244985.0,1,0.5083,-0.0527,0.8638,0.0,0.0,0.0,-3.45,-30.36,0.44,26.8,,,,,,,,,,,,,,,,
IMU,10282064.0,2,0.2568,0.4185,0.8721,0.0,0.06,0.0,25.83,-14.44,-0.15,27.7,,,,,,,,,,,,,,,,
EXO,10326793,,,,,,,,,,,,SAFE,-12.063,0.061,1.001,1.286,0.054,0.009,0.0,0.009,0.011,0.0,0.0,0.0,0.0,0.0,0.0
IMU,10345219.0,1,0.5068,-0.0522,0.8638,0.0,0.06,0.0,-3.45,-30.37,0.44,26.8,,,,,,,,,,,,,,,,
IMU,10382033.0,2,0.25,0.4214,0.8706,0.06,-0.06,0.0,25.83,-14.44,-0.15,27.6,,,,,,,,,,,,,,,,
EXO,10426890,,,,,,,,,,,,SAFE,-12.063,-0.061,0.999,1.286,0.064,0.009,0.0,0.009,-0.013,0.0,0.0,0.0,0.0,0.0,0.0
IMU,10445318.0,1,0.5054,-0.0527,0.8618,0.0,0.0,0.0,-3.45,-30.37,0.44,26.9,,,,,,,,,,,,,,,,
IMU,10481853.0,2,0.252,0.4199,0.8735,0.0,0.0,0.0,25.83,-14.44,-0.15,27.7,,,,,,,,,,,,,,,,
EXO,10526799,,,,,,,,,,,,SAFE,-12.063,0.0,1.001,1.286,0.034,0.009,0.0,0.009,0.007,0.0,0.0,0.0,0.0,0.0,0.0
IMU,10545563.0,1,0.5054,-0.0527,0.8662,0.06,0.0,0.0,-3.45,-30.36,0.44,26.7,,,,,,,,,,,,,,,,
IMU,10581844.0,2,0.2476,0.4189,0.8711,0.06,0.0,0.0,25.83,-14.44,-0.15,27.6,,,,,,,,,,,,,,,,
EXO,10626790,,,,,,,,,,,,SAFE,-12.063,0.0,0.998,1.286,-0.037,0.009,0.0,0.009,-0.008,0.0,0.0,0.0,0.0,0.0,0.0
IMU,10645759.0,1,0.5088,-0.0513,0.8638,0.06,0.0,0.0,-3.45,-30.36,0.44,26.7,,,,,,,,,,,,,,,,
IMU,10681783.0,2,0.2485,0.4209,0.8696,0.06,0.06,0.0,25.83,-14.44,-0.15,27.7,,,,,,,,,,,,,,,,
EXO,10726810,,,,,,,,,,,,SAFE,-12.063,0.061,0.998,1.286,0.026,0.009,0.0,0.009,-0.003,0.0,0.0,0.0,0.0,0.0,0.0
IMU,10745915.0,1,0.5054,-0.0527,0.8633,0.0,0.12,0.0,-3.45,-30.37,0.44,26.9,,,,,,,,,,,,,,,,
IMU,10781676.0,2,0.2485,0.4209,0.8687,0.24,-0.12,0.0,25.83,-14.44,-0.15,27.7,,,,,,,,,,,,,,,,
EXO,10826886,,,,,,,,,,,,SAFE,-12.063,-0.122,0.997,1.286,-0.069,0.009,0.0,0.009,0.015,0.0,0.0,0.0,0.0,0.0,0.0
IMU,10846018.0,1,0.5063,-0.0532,0.8643,0.0,0.0,0.0,-3.45,-30.37,0.44,26.8,,,,,,,,,,,,,,,,
IMU,10881666.0,2,0.2495,0.4199,0.874,0.12,0.0,0.0,25.83,-14.44,-0.15,27.7,,,,,,,,,,,,,,,,
EXO,10926801,,,,,,,,,,,,SAFE,-12.063,0.0,1.001,1.286,0.08,0.009,0.0,0.009,0.003,0.0,0.0,0.0,0.0,0.0,0.0
IMU,10946240.0,1,0.5093,-0.0522,0.8643,0.06,0.0,0.0,-3.45,-30.37,0.44,26.7,,,,,,,,,,,,,,,,
IMU,10981536.0,2,0.2466,0.4189,0.8716,0.0,0.12,0.0,25.83,-14.44,-0.15,27.7,,,,,,,,,,,,,,,,
EXO,11026842,,,,,,,,,,,,SAFE,-12.063,0.122,0.998,1.286,-0.053,0.009,0.0,0.009,0.012,0.0,0.0,0.0,0.0,0.0,0.0
IMU,11046342.0,1,0.5083,-0.0513,0.8633,0.0,0.0,0.0,-3.45,-30.37,0.44,26.7,,,,,,,,,,,,,,,,
IMU,11081373.0,2,0.249,0.4209,0.8701,0.0,0.0,0.0,25.83,-14.44,-0.15,27.7,,,,,,,,,,,,,,,,
EXO,11126808,,,,,,,,,,,,SAFE,-12.063,0.0,0.998,1.286,-0.006,0.009,0.0,0.009,0.005,0.0,0.0,0.0,0.0,0.0,0.0
IMU,11146520.0,1,0.5063,-0.0532,0.8647,0.0,0.0,0.0,-3.45,-30.37,0.44,26.7,,,,,,,,,,,,,,,,
IMU,11181361.0,2,0.251,0.4204,0.8721,0.0,0.06,0.0,25.83,-14.44,-0.15,27.7,,,,,,,,,,,,,,,,
EXO,11226800,,,,,,,,,,,,SAFE,-12.063,0.061,1.0,1.286,0.021,0.009,0.0,0.009,-0.001,0.0,0.0,0.0,0.0,0.0,0.0
IMU,11246761.0,1,0.5073,-0.0513,0.8652,0.0,0.06,0.0,-3.45,-30.37,0.44,26.8,,,,,,,,,,,,,,,,
IMU,11281241.0,2,0.251,0.4194,0.8726,0.0,0.0,0.0,25.83,-14.44,-0.15,27.7,,,,,,,,,,,,,,,,
EXO,11326842,,,,,,,,,,,,SAFE,-12.063,0.0,1.0,1.286,-0.052,0.009,0.0,0.009,0.007,0.0,0.0,0.0,0.0,0.0,0.0
IMU,11346942.0,1,0.5078,-0.0522,0.8652,0.0,0.0,0.0,-3.46,-30.36,0.44,26.7,,,,,,,,,,,,,,,,
IMU,11381205.0,2,0.2485,0.4199,0.8721,0.0,0.0,0.0,25.83,-14.44,-0.15,27.6,,,,,,,,,,,,,,,,
EXO,11426800,,,,,,,,,,,,SAFE,-12.063,0.0,0.999,1.286,-0.03,0.009,0.0,0.009,0.01,0.0,0.0,0.0,0.0,0.0,0.0
IMU,11447048.0,1,0.5059,-0.0527,0.8667,0.0,0.0,0.0,-3.46,-30.36,0.44,26.7,,,,,,,,,,,,,,,,
IMU,11481112.0,2,0.2515,0.4209,0.8672,0.0,0.0,0.0,25.83,-14.44,-0.15,27.7,,,,,,,,,,,,,,,,
EXO,11526782,,,,,,,,,,,,SAFE,-12.068,0.0,0.996,1.286,0.015,0.009,0.0,0.009,-0.016,0.0,0.0,0.0,0.0,0.0,0.0
IMU,11547253.0,1,0.5068,-0.0532,0.8633,0.0,0.18,0.0,-3.46,-30.36,0.44,26.8,,,,,,,,,,,,,,,,
IMU,11581093.0,2,0.252,0.4189,0.8687,0.06,-0.12,0.0,25.83,-14.44,-0.15,27.6,,,,,,,,,,,,,,,,
EXO,11626886,,,,,,,,,,,,SAFE,-12.068,-0.122,0.997,1.286,-0.021,0.009,0.0,0.009,-0.005,0.0,0.0,0.0,0.0,0.0,0.0
IMU,11647415.0,1,0.5059,-0.0537,0.8643,0.0,0.06,0.0,-3.46,-30.36,0.44,26.7,,,,,,,,,,,,,,,,
IMU,11681036.0,2,0.2515,0.4224,0.8721,0.06,-0.12,0.0,25.82,-14.44,-0.15,27.6,,,,,,,,,,,,,,,,
EXO,11726888,,,,,,,,,,,,SAFE,-12.068,-0.122,1.001,1.286,-0.142,0.009,0.0,0.009,-0.009,0.0,0.0,0.0,0.0,0.0,0.0
IMU,11747597.0,1,0.5054,-0.0522,0.8628,0.0,-0.06,0.0,-3.46,-30.36,0.44,26.7,,,,,,,,,,,,,,,,
IMU,11780895.0,2,0.2485,0.4214,0.8677,0.0,0.0,0.0,25.83,-14.44,-0.15,27.7,,,,,,,,,,,,,,,,
EXO,11826880,,,,,,,,,,,,SAFE,-12.068,0.0,0.996,1.286,0.022,0.009,0.0,0.009,0.074,0.0,0.0,0.0,0.0,0.0,0.0
IMU,11847777.0,1,0.5063,-0.0527,0.8643,0.0,0.06,0.0,-3.46,-30.36,0.44,26.8,,,,,,,,,,,,,,,,
IMU,11880851.0,2,0.251,0.4209,0.8726,0.24,-0.18,0.0,25.83,-14.44,-0.15,27.7,,,,,,,,,,,,,,,,
EXO,11926926,,,,,,,,,,,,SAFE,-12.068,-0.183,1.001,1.286,0.077,0.009,0.0,0.009,-0.018,0.0,0.0,0.0,0.0,0.0,0.0
IMU,11947918.0,1,0.5078,-0.0522,0.8638,0.0,0.12,0.0,-3.46,-30.37,0.44,26.8,,,,,,,,,,,,,,,,
IMU,11980766.0,2,0.2471,0.4194,0.8696,0.0,-0.18,0.0,25.83,-14.44,-0.15,27.7,,,,,,,,,,,,,,,,
EXO,12026905,,,,,,,,,,,,SAFE,-12.068,-0.183,0.997,1.286,0.143,0.009,0.0,0.009,-0.011,0.0,0.0,0.0,0.0,0.0,0.0
IMU,12048049.0,1,0.5059,-0.0532,0.8652,0.0,0.0,0.0,-3.46,-30.37,0.44,26.7,,,,,,,,,,,,,,,,
IMU,12080722.0,2,0.2505,0.4209,0.8721,0.18,0.0,0.0,25.83,-14.44,-0.15,27.7,,,,,,,,,,,,,,,,
EXO,12126795,,,,,,,,,,,,SAFE,-12.068,0.0,1.0,1.286,0.053,0.009,0.0,0.009,-0.03,0.0,0.0,0.0,0.0,0.0,0.0
IMU,12148245.0,1,0.5059,-0.0532,0.8623,0.0,0.06,0.0,-3.46,-30.37,0.44,26.7,,,,,,,,,,,,,,,,
IMU,12180657.0,2,0.249,0.4199,0.8687,0.06,0.0,0.0,25.83,-14.44,-0.15,27.7,,,,,,,,,,,,,,,,
EXO,12226809,,,,,,,,,,,,SAFE,-12.068,0.0,0.996,1.286,0.019,0.009,0.0,0.009,-0.002,0.0,0.0,0.0,0.0,0.0,0.0
IMU,12248417.0,1,0.5063,-0.0527,0.8638,0.0,0.12,0.0,-3.46,-30.37,0.44,26.9,,,,,,,,,,,,,,,,
IMU,12280570.0,2,0.2476,0.4199,0.8691,0.06,-0.18,0.0,25.83,-14.44,-0.15,27.7,,,,,,,,,,,,,,,,
EXO,12326888,,,,,,,,,,,,SAFE,-12.068,-0.183,0.997,1.286,0.123,0.009,0.0,0.009,0.009,0.0,0.0,0.0,0.0,0.0,0.0
IMU,12348540.0,1,0.5068,-0.0522,0.8643,0.0,0.0,0.0,-3.46,-30.37,0.44,26.9,,,,,,,,,,,,,,,,
IMU,12380523.0,2,0.2466,0.4219,0.8726,0.0,-0.06,0.0,25.83,-14.44,-0.15,27.6,,,,,,,,,,,,,,,,
EXO,12426910,,,,,,,,,,,,SAFE,-12.068,-0.061,1.0,1.286,-0.018,0.009,0.0,0.009,-0.002,0.0,0.0,0.0,0.0,0.0,0.0
IMU,12448692.0,1,0.5063,-0.0518,0.8638,0.0,0.0,0.0,-3.46,-30.37,0.44,26.9,,,,,,,,,,,,,,,,
IMU,12480392.0,2,0.2485,0.4199,0.8706,0.0,0.0,0.0,25.83,-14.44,-0.15,27.7,,,,,,,,,,,,,,,,
EXO,12526793,,,,,,,,,,,,SAFE,-12.068,0.0,0.998,1.286,0.053,0.009,0.0,0.009,0.035,0.0,0.0,0.0,0.0,0.0,0.0
IMU,12548869.0,1,0.5054,-0.0522,0.8662,0.0,0.0,0.0,-3.46,-30.37,0.44,26.7,,,,,,,,,,,,,,,,
IMU,12580294.0,2,0.25,0.4199,0.8696,0.0,0.0,0.0,25.83,-14.44,-0.15,27.8,,,,,,,,,,,,,,,,
EXO,12626804,,,,,,,,,,,,SAFE,-12.068,0.0,0.998,1.286,0.058,0.009,0.0,0.009,0.006,0.0,0.0,0.0,0.0,0.0,0.0
IMU,12649050.0,1,0.5083,-0.0513,0.8604,0.0,0.0,0.0,-3.46,-30.37,0.44,26.7,,,,,,,,,,,,,,,,
IMU,12680290.0,2,0.2485,0.4214,0.8721,0.18,-0.12,0.0,25.83,-14.44,-0.15,27.6,,,,,,,,,,,,,,,,
EXO,12726873,,,,,,,,,,,,SAFE,-12.063,-0.122,1.0,1.286,-0.041,0.009,0.0,0.009,-0.001,0.0,0.0,0.0,0.0,0.0,0.0
IMU,12749217.0,1,0.5059,-0.0527,0.8604,0.0,0.0,0.0,-3.46,-30.37,0.44,26.8,,,,,,,,,,,,,,,,
IMU,12780249.0,2,0.252,0.4214,0.876,0.0,0.06,0.0,25.83,-14.44,-0.15,27.7,,,,,,,,,,,,,,,,
EXO,12826817,,,,,,,,,,,,SAFE,-12.063,0.061,1.004,1.286,-0.009,0.009,0.0,0.009,-0.003,0.0,0.0,0.0,0.0,0.0,0.0
IMU,12849468.0,1,0.5078,-0.0522,0.8667,0.0,-0.12,0.0,-3.46,-30.37,0.44,26.8,,,,,,,,,,,,,,,,
IMU,12880171.0,2,0.2495,0.4209,0.8721,0.0,0.18,0.0,25.83,-14.44,-0.15,27.6,,,,,,,,,,,,,,,,
EXO,12926903,,,,,,,,,,,,SAFE,-12.063,0.183,1.0,1.286,-0.088,0.009,0.0,0.009,-0.06,0.0,0.0,0.0,0.0,0.0,0.0
IMU,12949638.0,1,0.5068,-0.0513,0.8672,0.06,-0.06,0.0,-3.46,-30.37,0.44,26.8,,,,,,,,,,,,,,,,
IMU,12980110.0,2,0.2534,0.4189,0.8682,0.0,0.06,0.0,25.84,-14.44,-0.15,27.8,,,,,,,,,,,,,,,,
EXO,13026908,,,,,,,,,,,,SAFE,-12.068,0.061,0.997,1.286,-0.037,0.009,0.0,0.009,0.006,0.0,0.0,0.0,0.0,0.0,0.0
IMU,13049799.0,1,0.5059,-0.0522,0.8647,0.0,0.06,0.0,-3.46,-30.37,0.44,26.7,,,,,,,,,,,,,,,,
IMU,13080012.0,2,0.2466,0.4194,0.8657,0.0,-0.12,0.0,25.83,-14.44,-0.15,27.6,,,,,,,,,,,,,,,,
EXO,13126895,,,,,,,,,,,,SAFE,-12.068,-0.122,0.993,1.286,-0.007,0.009,0.0,0.009,0.011,0.0,0.0,0.0,0.0,0.0,0.0
IMU,13149908.0,1,0.5078,-0.0508,0.8623,0.0,0.0,0.0,-3.46,-30.37,0.44,26.9,,,,,,,,,,,,,,,,
IMU,13179961.0,2,0.2544,0.4204,0.8726,0.0,0.12,0.0,25.83,-14.44,-0.15,27.7,,,,,,,,,,,,,,,,
EXO,13226800,,,,,,,,,,,,SAFE,-12.068,0.122,1.001,1.286,0.12,0.009,0.0,0.009,0.001,0.0,0.0,0.0,0.0,0.0,0.0
IMU,13250153.0,1,0.5063,-0.0527,0.8662,0.0,-0.06,0.0,-3.46,-30.37,0.44,26.8,,,,,,,,,,,,,,,,
IMU,13279880.0,2,0.25,0.4189,0.8696,0.06,0.06,0.0,25.83,-14.44,-0.15,27.7,,,,,,,,,,,,,,,,
EXO,13326895,,,,,,,,,,,,SAFE,-12.068,0.061,0.997,1.286,-0.05,0.009,0.0,0.009,-0.001,0.0,0.0,0.0,0.0,0.0,0.0
IMU,13350258.0,1,0.5078,-0.0518,0.8628,0.0,0.0,0.0,-3.46,-30.37,0.44,26.7,,,,,,,,,,,,,,,,
IMU,13379834.0,2,0.2524,0.4199,0.8696,0.12,-0.06,0.0,25.83,-14.44,-0.15,27.7,,,,,,,,,,,,,,,,
EXO,13426910,,,,,,,,,,,,SAFE,-12.068,-0.061,0.998,1.286,-0.06,0.009,0.0,0.009,-0.0,0.0,0.0,0.0,0.0,0.0,0.0
IMU,13450478.0,1,0.5049,-0.0537,0.8628,0.0,0.12,0.0,-3.46,-30.37,0.44,26.7,,,,,,,,,,,,,,,,
IMU,13479752.0,2,0.2505,0.4209,0.8745,0.18,-0.12,0.0,25.83,-14.44,-0.15,27.5,,,,,,,,,,,,,,,,
EXO,13526890,,,,,,,,,,,,SAFE,-12.068,-0.122,1.002,1.286,-0.046,0.009,0.0,0.009,0.0,0.0,0.0,0.0,0.0,0.0,0.0
IMU,13550652.0,1,0.5068,-0.0522,0.8628,0.0,-0.12,0.0,-3.46,-30.37,0.44,26.9,,,,,,,,,,,,,,,,
IMU,13579674.0,2,0.2529,0.418,0.8755,0.0,0.06,0.0,25.83,-14.44,-0.15,27.8,,,,,,,,,,,,,,,,
EXO,13626894,,,,,,,,,,,,SAFE,-12.068,0.061,1.003,1.286,-0.052,0.009,0.0,0.009,-0.014,0.0,0.0,0.0,0.0,0.0,0.0
IMU,13650756.0,1,0.5093,-0.0503,0.8618,0.0,0.0,0.0,-3.46,-30.37,0.44,26.9,,,,,,,,,,,,,,,,
IMU,13679605.0,2,0.248,0.4209,0.8701,0.0,0.06,0.0,25.83,-14.44,-0.15,27.6,,,,,,,,,,,,,,,,
EXO,13726805,,,,,,,,,,,,SAFE,-12.068,0.061,0.998,1.286,0.026,0.009,0.0,0.009,-0.008,0.0,0.0,0.0,0.0,0.0,0.0
IMU,13750996.0,1,0.5059,-0.0522,0.8638,0.06,-0.06,0.0,-3.46,-30.37,0.44,26.9,,,,,,,,,,,,,,,,
IMU,13779511.0,2,0.248,0.4219,0.8706,0.12,0.0,0.0,25.84,-14.44,-0.15,27.9,,,,,,,,,,,,,,,,
EXO,13826893,,,,,,,,,,,,SAFE,-12.068,0.0,0.999,1.286,0.029,0.009,0.0,0.009,0.009,0.0,0.0,0.0,0.0,0.0,0.0
IMU,13851087.0,1,0.5059,-0.0532,0.8643,0.0,0.0,0.0,-3.45,-30.37,0.44,26.8,,,,,,,,,,,,,,,,
IMU,13879435.0,2,0.2534,0.4209,0.876,0.06,-0.06,0.0,25.85,-14.44,-0.15,27.8,,,,,,,,,,,,,,,,
EXO,13926891,,,,,,,,,,,,SAFE,-12.068,-0.061,1.004,1.286,-0.022,0.009,0.0,0.009,-0.005,0.0,0.0,0.0,0.0,0.0,0.0
IMU,13951232.0,1,0.5063,-0.0518,0.8647,0.0,0.0,0.0,-3.45,-30.38,0.44,26.8,,,,,,,,,,,,,,,,
IMU,13979298.0,2,0.2476,0.4194,0.8716,0.0,0.0,0.0,25.85,-14.44,-0.15,27.8,,,,,,,,,,,,,,,,
EXO,14026805,,,,,,,,,,,,SAFE,-12.068,0.0,0.998,1.286,-0.011,0.009,0.0,0.009,-0.009,0.0,0.0,0.0,0.0,0.0,0.0
IMU,14051401.0,1,0.5059,-0.0527,0.8677,0.0,0.0,0.0,-3.45,-30.37,0.44,26.9,,,,,,,,,,,,,,,,
IMU,14079286.0,2,0.2524,0.4219,0.8696,-0.06,0.0,0.0,25.85,-14.44,-0.15,27.8,,,,,,,,,,,,,,,,
EXO,14126888,,,,,,,,,,,,SAFE,-12.068,0.0,0.999,1.286,0.092,0.009,0.0,0.009,-0.043,0.0,0.0,0.0,0.0,0.0,0.0
IMU,14151635.0,1,0.5063,-0.0522,0.8647,0.0,0.06,0.0,-3.46,-30.37,0.44,26.8,,,,,,,,,,,,,,,,
IMU,14179202.0,2,0.2446,0.4209,0.8711,0.12,0.0,0.0,25.84,-14.44,-0.15,27.6,,,,,,,,,,,,,,,,
EXO,14226804,,,,,,,,,,,,SAFE,-12.068,0.0,0.998,1.286,-0.006,0.009,0.0,0.009,-0.003,0.0,0.0,0.0,0.0,0.0,0.0
IMU,14251789.0,1,0.5068,-0.0522,0.8638,0.0,-0.06,0.0,-3.46,-30.37,0.44,26.8,,,,,,,,,,,,,,,,
IMU,14279147.0,2,0.2485,0.4214,0.8726,0.0,-0.06,0.0,25.84,-14.44,-0.15,27.7,,,,,,,,,,,,,,,,
EXO,14326979,,,,,,,,,,,,SAFE,-12.068,-0.061,1.0,1.286,-0.025,0.009,0.0,0.009,0.031,0.0,0.0,0.0,0.0,0.0,0.0
IMU,14351965.0,1,0.5068,-0.0532,0.8662,0.0,0.06,0.0,-3.46,-30.37,0.44,26.7,,,,,,,,,,,,,,,,
IMU,14379021.0,2,0.248,0.4209,0.8721,0.0,0.0,0.0,25.83,-14.44,-0.15,27.7,,,,,,,,,,,,,,,,
EXO,14426851,,,,,,,,,,,,SAFE,-12.068,0.0,1.0,1.286,-0.002,0.009,0.0,0.009,0.001,0.0,0.0,0.0,0.0,0.0,0.0
IMU,14452059.0,1,0.5068,-0.0537,0.8643,0.0,0.0,0.0,-3.46,-30.37,0.44,26.9,,,,,,,,,,,,,,,,
IMU,14478937.0,2,0.2476,0.4199,0.8716,0.0,0.0,0.0,25.83,-14.44,-0.15,27.7,,,,,,,,,,,,,,,,
EXO,14526813,,,,,,,,,,,,SAFE,-12.068,0.0,0.999,1.286,0.101,0.009,0.0,0.009,-0.004,0.0,0.0,0.0,0.0,0.0,0.0
IMU,14552291.0,1,0.5059,-0.0527,0.8628,0.0,0.18,0.0,-3.46,-30.36,0.44,26.8,,,,,,,,,,,,,,,,
IMU,14578894.0,2,0.2485,0.4209,0.8687,0.0,-0.12,0.0,25.83,-14.44,-0.15,27.7,,,,,,,,,,,,,,,,
EXO,14626897,,,,,,,,,,,,SAFE,-12.068,-0.122,0.997,1.286,-0.014,0.009,0.0,0.009,-0.001,0.0,0.0,0.0,0.0,0.0,0.0
IMU,14652400.0,1,0.5078,-0.0522,0.8613,0.0,0.0,0.0,-3.46,-30.36,0.44,26.9,,,,,,,,,,,,,,,,
IMU,14678826.0,2,0.2466,0.4209,0.873,0.0,0.24,0.0,25.83,-14.44,-0.14,27.8,,,,,,,,,,,,,,,,
EXO,14726809,,,,,,,,,,,,SAFE,-12.068,0.244,1.0,1.286,0.057,0.009,0.0,0.009,-0.005,0.0,0.0,0.0,0.0,0.0,0.0
IMU,14752641.0,1,0.5059,-0.0527,0.8643,0.0,0.06,0.0,-3.46,-30.36,0.44,26.9,,,,,,,,,,,,,,,,
IMU,14778754.0,2,0.2529,0.4204,0.8711,0.06,0.0,0.0,25.83,-14.45,-0.15,27.8,,,,,,,,,,,,,,,,
EXO,14826815,,,,,,,,,,,,SAFE,-12.074,0.0,1.0,1.286,-0.032,0.009,0.0,0.009,-0.002,0.0,0.0,0.0,0.0,0.0,0.0
IMU,14852813.0,1,0.5073,-0.0537,0.8652,0.0,0.18,0.0,-3.46,-30.36,0.44,26.8,,,,,,,,,,,,,,,,
IMU,14878673.0,2,0.2505,0.4204,0.8696,0.18,-0.24,0.0,25.83,-14.45,-0.15,27.7,,,,,,,,,,,,,,,,
EXO,14926901,,,,,,,,,,,,SAFE,-12.074,-0.244,0.998,1.286,0.007,0.009,0.0,0.009,-0.006,0.0,0.0,0.0,0.0,0.0,0.0
IMU,14952966.0,1,0.5083,-0.0513,0.8628,0.06,-0.12,0.0,-3.46,-30.36,0.44,26.7,,,,,,,,,,,,,,,,
IMU,14978633.0,2,0.248,0.4214,0.8711,0.06,0.12,0.0,25.83,-14.45,-0.14,27.7,,,,,,,,,,,,,,,,
EXO,15026895,,,,,,,,,,,,SAFE,-12.074,0.122,0.999,1.286,0.044,0.009,0.0,0.009,-0.045,0.0,0.0,0.0,0.0,0.0,0.0
IMU,15053134.0,1,0.5059,-0.0532,0.8643,0.0,-0.06,0.0,-3.46,-30.36,0.44,26.8,,,,,,,,,,,,,,,,
IMU,15078538.0,2,0.2515,0.4199,0.8726,0.06,0.0,0.0,25.83,-14.45,-0.14,27.9,,,,,,,,,,,,,,,,
EXO,15126888,,,,,,,,,,,,SAFE,-12.074,0.0,1.0,1.286,-0.049,0.009,0.0,0.009,0.008,0.0,0.0,0.0,0.0,0.0,0.0
IMU,15153245.0,1,0.5044,-0.0522,0.8682,0.0,0.0,0.0,-3.46,-30.36,0.44,26.8,,,,,,,,,,,,,,,,
IMU,15178442.0,2,0.2515,0.4199,0.8687,0.0,-0.06,0.0,25.83,-14.45,-0.14,27.7,,,,,,,,,,,,,,,,
EXO,15226883,,,,,,,,,,,,SAFE,-12.074,-0.061,0.997,1.286,0.022,0.009,0.0,0.009,-0.011,0.0,0.0,0.0,0.0,0.0,0.0
IMU,15253473.0,1,0.5078,-0.0513,0.8643,0.0,0.06,0.0,-3.46,-30.36,0.44,26.8,,,,,,,,,,,,,,,,
IMU,15278368.0,2,0.2446,0.4209,0.8687,0.06,0.0,0.0,25.83,-14.44,-0.14,27.8,,,,,,,,,,,,,,,,
EXO,15326894,,,,,,,,,,,,SAFE,-12.068,0.0,0.996,1.286,-0.023,0.009,0.0,0.009,0.002,0.0,0.0,0.0,0.0,0.0,0.0
IMU,15353718.0,1,0.5049,-0.0547,0.8647,0.06,-0.06,0.0,-3.46,-30.36,0.44,27.0,,,,,,,,,,,,,,,,
IMU,15378252.0,2,0.2485,0.4204,0.8716,0.0,0.0,0.0,25.83,-14.44,-0.14,27.7,,,,,,,,,,,,,,,,
EXO,15426887,,,,,,,,,,,,SAFE,-12.068,0.0,0.999,1.286,-0.057,0.009,0.0,0.009,-0.008,0.0,0.0,0.0,0.0,0.0,0.0
IMU,15453821.0,1,0.5059,-0.0522,0.8677,0.0,0.06,0.0,-3.46,-30.36,0.44,26.9,,,,,,,,,,,,,,,,
IMU,15478242.0,2,0.252,0.4194,0.8701,0.0,-0.06,0.0,25.82,-14.44,-0.14,27.8,,,,,,,,,,,,,,,,
EXO,15526878,,,,,,,,,,,,SAFE,-12.068,-0.061,0.998,1.286,-0.038,0.009,0.0,0.009,0.001,0.0,0.0,0.0,0.0,0.0,0.0
IMU,15553935.0,1,0.5083,-0.0522,0.8618,0.0,0.0,0.0,-3.46,-30.36,0.44,26.7,,,,,,,,,,,,,,,,
IMU,15578165.0,2,0.2534,0.4194,0.8755,0.0,0.06,0.0,25.82,-14.44,-0.14,27.8,,,,,,,,,,,,,,,,
EXO,15626785,,,,,,,,,,,,SAFE,-12.068,0.061,1.003,1.286,-0.006,0.009,0.0,0.009,-0.007,0.0,0.0,0.0,0.0,0.0,0.0
IMU,15654165.0,1,0.5068,-0.0522,0.8623,0.0,-0.06,0.0,-3.46,-30.36,0.44,26.9,,,,,,,,,,,,,,,,
IMU,15678074.0,2,0.2534,0.4214,0.8755,0.12,0.06,0.0,25.82,-14.44,-0.14,27.6,,,,,,,,,,,,,,,,
EXO,15726879,,,,,,,,,,,,SAFE,-12.068,0.061,1.004,1.286,-0.025,0.009,0.0,0.009,-0.016,0.0,0.0,0.0,0.0,0.0,0.0
IMU,15754333.0,1,0.5039,-0.0522,0.8667,0.0,-0.18,0.0,-3.46,-30.36,0.44,26.9,,,,,,,,,,,,,,,,
IMU,15777952.0,2,0.248,0.4214,0.8696,0.0,-0.06,0.0,25.83,-14.45,-0.14,27.6,,,,,,,,,,,,,,,,
EXO,15826956,,,,,,,,,,,,SAFE,-12.074,-0.061,0.998,1.286,0.034,0.009,0.0,0.009,0.001,0.0,0.0,0.0,0.0,0.0,0.0
IMU,15854526.0,1,0.5059,-0.0527,0.8662,0.0,0.0,0.0,-3.46,-30.36,0.44,26.7,,,,,,,,,,,,,,,,
IMU,15877859.0,2,0.248,0.4189,0.8706,0.12,-0.06,0.0,25.82,-14.44,-0.14,27.8,,,,,,,,,,,,,,,,
EXO,15926894,,,,,,,,,,,,SAFE,-12.068,-0.061,0.997,1.286,0.013,0.009,0.0,0.009,-0.017,0.0,0.0,0.0,0.0,0.0,0.0
IMU,15954672.0,1,0.5059,-0.0522,0.8633,0.0,0.0,0.0,-3.46,-30.36,0.44,26.9,,,,,,,,,,,,,,,,
IMU,15977787.0,2,0.2495,0.4214,0.8755,0.0,0.12,0.0,25.82,-14.44,-0.14,27.8,,,,,,,,,,,,,,,,
EXO,16026785,,,,,,,,,,,,SAFE,-12.068,0.122,1.003,1.286,-0.011,0.009,0.0,0.009,0.011,0.0,0.0,0.0,0.0,0.0,0.0
IMU,16054856.0,1,0.5059,-0.0527,0.8643,0.0,-0.18,0.0,-3.46,-30.36,0.44,26.7,,,,,,,,,,,,,,,,
IMU,16077696.0,2,0.2466,0.4199,0.8706,0.0,0.12,0.0,25.82,-14.44,-0.14,27.7,,,,,,,,,,,,,,,,
EXO,16126879,,,,,,,,,,,,SAFE,-12.068,0.122,0.998,1.286,0.113,0.009,0.0,0.009,-0.004,0.0,0.0,0.0,0.0,0.0,0.0
IMU,16154993.0,1,0.5073,-0.0522,0.8652,0.0,0.0,0.0,-3.46,-30.36,0.44,26.8,,,,,,,,,,,,,,,,
IMU,16177608.0,2,0.249,0.4199,0.8721,0.18,0.0,0.0,25.82,-14.44,-0.14,27.6,,,,,,,,,,,,,,,,
EXO,16226782,,,,,,,,,,,,SAFE,-12.068,0.0,0.999,1.286,0.045,0.009,0.0,0.009,-0.045,0.0,0.0,0.0,0.0,0.0,0.0
IMU,16255171.0,1,0.5078,-0.0522,0.8618,0.0,0.0,0.0,-3.46,-30.36,0.44,26.8,,,,,,,,,,,,,,,,
IMU,16277460.0,2,0.249,0.4214,0.8706,0.0,0.0,0.0,25.83,-14.44,-0.14,27.7,,,,,,,,,,,,,,,,
EXO,16326792,,,,,,,,,,,,SAFE,-12.068,0.0,0.999,1.286,-0.026,0.009,0.0,0.009,0.002,0.0,0.0,0.0,0.0,0.0,0.0
IMU,16355362.0,1,0.5054,-0.0527,0.8657,0.0,0.0,0.0,-3.46,-30.36,0.44,26.9,,,,,,,,,,,,,,,,
IMU,16377428.0,2,0.2495,0.4199,0.8706,0.0,0.12,0.0,25.83,-14.44,-0.14,27.8,,,,,,,,,,,,,,,,
EXO,16426805,,,,,,,,,,,,SAFE,-12.068,0.122,0.998,1.286,0.042,0.009,0.0,0.009,0.0,0.0,0.0,0.0,0.0,0.0,0.0
IMU,16455520.0,1,0.5063,-0.0527,0.8638,0.0,0.0,0.0,-3.46,-30.36,0.44,26.8,,,,,,,,,,,,,,,,
IMU,16477262.0,2,0.2495,0.418,0.8677,0.0,0.0,0.0,25.83,-14.44,-0.14,27.6,,,,,,,,,,,,,,,,
EXO,16526797,,,,,,,,,,,,SAFE,-12.068,0.0,0.995,1.286,0.029,0.009,0.0,0.009,0.008,0.0,0.0,0.0,0.0,0.0,0.0
IMU,16555710.0,1,0.5078,-0.0522,0.8633,0.0,0.0,0.0,-3.46,-30.36,0.44,27.0,,,,,,,,,,,,,,,,
IMU,16577166.0,2,0.2529,0.4209,0.8721,0.0,0.0,0.0,25.82,-14.44,-0.14,27.8,,,,,,,,,,,,,,,,
EXO,16626793,,,,,,,,,,,,SAFE,-12.068,0.0,1.001,1.286,0.092,0.009,0.0,0.009,-0.002,0.0,0.0,0.0,0.0,0.0,0.0
IMU,16655869.0,1,0.5054,-0.0522,0.8633,0.0,0.0,0.0,-3.46,-30.36,0.44,26.8,,,,,,,,,,,,,,,,
IMU,16677144.0,2,0.2534,0.4209,0.8726,0.06,0.06,0.0,25.82,-14.45,-0.14,27.8,,,,,,,,,,,,,,,,
EXO,16726798,,,,,,,,,,,,SAFE,-12.074,0.061,1.001,1.286,0.006,0.009,0.0,0.009,0.002,0.0,0.0,0.0,0.0,0.0,0.0
IMU,16756038.0,1,0.5073,-0.0522,0.8652,0.0,0.0,0.0,-3.47,-30.36,0.44,26.8,,,,,,,,,,,,,,,,
IMU,16777040.0,2,0.2476,0.4199,0.8696,0.06,0.0,0.0,25.83,-14.44,-0.14,27.8,,,,,,,,,,,,,,,,
EXO,16826770,,,,,,,,,,,,SAFE,-12.068,0.0,0.997,1.286,-0.058,0.009,0.0,0.009,0.032,0.0,0.0,0.0,0.0,0.0,0.0
IMU,16856226.0,1,0.5059,-0.0527,0.8647,0.0,0.0,0.0,-3.47,-30.36,0.44,26.8,,,,,,,,,,,,,,,,
IMU,16876937.0,2,0.2432,0.4214,0.8696,0.12,0.06,0.0,25.83,-14.44,-0.14,27.7,,,,,,,,,,,,,,,,
EXO,16926805,,,,,,,,,,,,SAFE,-12.068,0.061,0.996,1.286,0.249,0.009,0.0,0.009,0.001,0.0,0.0,0.0,0.0,0.0,0.0
IMU,16956382.0,1,0.5063,-0.0542,0.8633,0.0,0.0,0.0,-3.47,-30.36,0.44,26.8,,,,,,,,,,,,,,,,
IMU,16976867.0,2,0.2495,0.4204,0.873,0.06,0.06,0.0,25.83,-14.44,-0.14,27.7,,,,,,,,,,,,,,,,
EXO,17026782,,,,,,,,,,,,SAFE,-12.068,0.061,1.001,1.286,-0.06,0.009,0.0,0.009,-0.002,0.0,0.0,0.0,0.0,0.0,0.0
IMU,17056561.0,1,0.5054,-0.0518,0.8638,0.0,0.0,0.0,-3.47,-30.36,0.44,26.8,,,,,,,,,,,,,,,,
IMU,17076780.0,2,0.248,0.4214,0.8696,0.06,0.12,0.0,25.83,-14.44,-0.14,27.7,,,,,,,,,,,,,,,,
EXO,17126793,,,,,,,,,,,,SAFE,-12.068,0.122,0.998,1.286,0.083,0.009,0.0,0.009,0.032,0.0,0.0,0.0,0.0,0.0,0.0
IMU,17156731.0,1,0.5078,-0.0522,0.8643,0.0,0.0,0.0,-3.47,-30.36,0.44,26.8,,,,,,,,,,,,,,,,
IMU,17176677.0,2,0.2515,0.4194,0.8711,0.12,0.0,0.0,25.84,-14.44,-0.14,27.7,,,,,,,,,,,,,,,,
EXO,17226775,,,,,,,,,,,,SAFE,-12.068,0.0,0.999,1.286,-0.001,0.009,0.0,0.009,0.002,0.0,0.0,0.0,0.0,0.0,0.0
IMU,17256966.0,1,0.5063,-0.0508,0.8657,-0.06,0.31,0.0,-3.46,-30.36,0.44,27.0,,,,,,,,,,,,,,,,
IMU,17276582.0,2,0.2476,0.4189,0.8716,0.0,-0.24,0.0,25.85,-14.44,-0.14,27.6,,,,,,,,,,,,,,,,
EXO,17326997,,,,,,,,,,,,SAFE,-12.063,-0.244,0.998,1.286,0.104,0.009,0.0,0.009,0.01,0.0,0.0,0.0,0.0,0.0,0.0
IMU,17357135.0,1,0.5093,-0.0508,0.8599,0.0,0.06,0.0,-3.47,-30.35,0.44,26.8,,,,,,,,,,,,,,,,
IMU,17376516.0,2,0.2461,0.4185,0.8721,0.0,0.18,0.0,25.84,-14.44,-0.14,27.9,,,,,,,,,,,,,,,,
EXO,17426818,,,,,,,,,,,,SAFE,-12.063,0.183,0.998,1.286,0.061,0.009,0.0,0.009,0.012,0.0,0.0,0.0,0.0,0.0,0.0
IMU,17457288.0,1,0.5083,-0.0513,0.8618,0.0,-0.12,0.0,-3.47,-30.35,0.44,26.7,,,,,,,,,,,,,,,,
IMU,17476433.0,2,0.2485,0.4204,0.8691,-0.06,0.18,0.0,25.85,-14.44,-0.14,27.7,,,,,,,,,,,,,,,,
EXO,17527004,,,,,,,,,,,,SAFE,-12.068,0.183,0.997,1.286,-0.076,0.009,0.0,0.009,0.004,0.0,0.0,0.0,0.0,0.0,0.0
IMU,17557407.0,1,0.5059,-0.0513,0.8652,0.0,0.0,0.0,-3.47,-30.34,0.44,26.9,,,,,,,,,,,,,,,,
IMU,17576342.0,2,0.25,0.4214,0.8711,0.06,-0.12,0.0,25.85,-14.44,-0.14,27.9,,,,,,,,,,,,,,,,
EXO,17626877,,,,,,,,,,,,SAFE,-12.068,-0.122,0.999,1.286,-0.023,0.009,0.0,0.009,0.003,0.0,0.0,0.0,0.0,0.0,0.0
IMU,17657687.0,1,0.5073,-0.0532,0.8618,-0.12,0.18,0.0,-3.47,-30.34,0.44,26.9,,,,,,,,,,,,,,,,
IMU,17676193.0,2,0.2495,0.4185,0.8726,0.0,0.0,0.0,25.84,-14.44,-0.14,27.8,,,,,,,,,,,,,,,,
EXO,17726913,,,,,,,,,,,,SAFE,-12.068,0.0,0.999,1.286,0.032,0.009,0.0,0.009,0.001,0.0,0.0,0.0,0.0,0.0,0.0
IMU,17757855.0,1,0.5073,-0.0508,0.8618,-0.06,0.12,0.0,-3.47,-30.33,0.44,26.9,,,,,,,,,,,,,,,,
IMU,17776162.0,2,0.248,0.4209,0.8735,0.0,0.06,0.0,25.83,-14.44,-0.14,27.7,,,,,,,,,,,,,,,,
EXO,17826904,,,,,,,,,,,,SAFE,-12.068,0.061,1.001,1.286,-0.045,0.009,0.0,0.009,-0.013,0.0,0.0,0.0,0.0,0.0,0.0
IMU,17858033.0,1,0.5063,-0.0537,0.8647,0.0,-0.06,0.0,-3.48,-30.33,0.44,26.8,,,,,,,,,,,,,,,,
IMU,17876093.0,2,0.248,0.4219,0.8667,0.06,0.0,0.0,25.83,-14.45,-0.14,27.8,,,,,,,,,,,,,,,,
EXO,17926941,,,,,,,,,,,,SAFE,-12.074,0.0,0.995,1.286,0.066,0.009,0.0,0.009,0.016,0.0,0.0,0.0,0.0,0.0,0.0
IMU,17958202.0,1,0.5034,-0.0527,0.8657,0.0,0.06,0.0,-3.48,-30.32,0.44,27.0,,,,,,,,,,,,,,,,
IMU,17976020.0,2,0.2485,0.4185,0.8716,0.0,-0.12,0.0,25.83,-14.45,-0.14,27.9,,,,,,,,,,,,,,,,
EXO,18026902,,,,,,,,,,,,SAFE,-12.074,-0.122,0.998,1.286,-0.175,0.009,0.0,0.009,-0.005,0.0,0.0,0.0,0.0,0.0,0.0
IMU,18058388.0,1,0.5068,-0.0522,0.8604,-0.06,0.31,0.0,-3.48,-30.32,0.44,26.9,,,,,,,,,,,,,,,,
IMU,18075928.0,2,0.251,0.4214,0.874,-0.06,0.06,0.0,25.83,-14.45,-0.14,27.8,,,,,,,,,,,,,,,,
EXO,18127012,,,,,,,,,,,,SAFE,-12.074,0.061,1.002,1.286,-0.072,0.009,0.0,0.009,0.016,0.0,0.0,0.0,0.0,0.0,0.0
IMU,18158596.0,1,0.5078,-0.0513,0.8638,-0.06,0.0,0.0,-3.48,-30.32,0.44,26.9,,,,,,,,,,,,,,,,
IMU,18175862.0,2,0.251,0.4209,0.8667,-0.06,0.0,0.0,25.82,-14.45,-0.14,27.7,,,,,,,,,,,,,,,,
EXO,18227011,,,,,,,,,,,,SAFE,-12.074,0.0,0.996,1.286,-0.05,0.009,0.0,0.009,0.0,0.0,0.0,0.0,0.0,0.0,0.0
IMU,18258768.0,1,0.5063,-0.0508,0.8643,-0.06,0.0,0.0,-3.49,-30.31,0.44,26.8,,,,,,,,,,,,,,,,
IMU,18275787.0,2,0.249,0.4204,0.8687,0.06,-0.18,0.0,25.82,-14.45,-0.14,27.7,,,,,,,,,,,,,,,,
EXO,18327012,,,,,,,,,,,,SAFE,-12.074,-0.183,0.997,1.286,-0.142,0.009,0.0,0.009,-0.005,0.0,0.0,0.0,0.0,0.0,0.0
IMU,18358943.0,1,0.5059,-0.0547,0.8652,0.0,0.18,0.0,-3.49,-30.31,0.44,26.7,,,,,,,,,,,,,,,,
IMU,18375692.0,2,0.2495,0.4189,0.873,0.12,0.0,0.0,25.82,-14.44,-0.14,27.8,,,,,,,,,,,,,,,,
EXO,18426860,,,,,,,,,,,,SAFE,-12.068,0.0,1.0,1.286,0.023,0.009,0.0,0.009,0.003,0.0,0.0,0.0,0.0,0.0,0.0
IMU,18459043.0,1,0.5088,-0.0498,0.8613,0.0,0.0,0.0,-3.49,-30.31,0.44,26.9,,,,,,,,,,,,,,,,
IMU,18475633.0,2,0.2446,0.4209,0.8696,-0.12,0.24,0.0,25.82,-14.45,-0.14,27.7,,,,,,,,,,,,,,,,
EXO,18526901,,,,,,,,,,,,SAFE,-12.074,0.244,0.997,1.286,0.038,0.009,0.0,0.009,-0.005,0.0,0.0,0.0,0.0,0.0,0.0
IMU,18559252.0,1,0.5063,-0.0547,0.8647,0.0,0.0,0.0,-3.49,-30.29,0.44,26.7,,,,,,,,,,,,,,,,
IMU,18575579.0,2,0.2568,0.4199,0.8735,0.06,0.0,0.0,25.82,-14.45,-0.14,27.7,,,,,,,,,,,,,,,,
EXO,18626808,,,,,,,,,,,,SAFE,-12.074,0.0,1.003,1.286,0.081,0.009,0.0,0.009,-0.012,0.0,0.0,0.0,0.0,0.0,0.0
IMU,18659500.0,1,0.502,-0.0527,0.8696,0.0,-0.06,0.0,-3.49,-30.29,0.44,26.8,,,,,,,,,,,,,,,,
IMU,18675496.0,2,0.2539,0.4175,0.8711,0.0,-0.12,0.0,25.82,-14.45,-0.14,27.8,,,,,,,,,,,,,,,,
EXO,18726991,,,,,,,,,,,,SAFE,-12.074,-0.122,0.999,1.286,-0.084,0.009,0.0,0.009,-0.006,0.0,0.0,0.0,0.0,0.0,0.0
IMU,18759671.0,1,0.5093,-0.0513,0.8633,0.0,0.31,0.0,-3.49,-30.29,0.44,26.8,,,,,,,,,,,,,,,,
IMU,18775430.0,2,0.249,0.4219,0.8721,0.06,-0.18,0.0,25.82,-14.45,-0.14,27.6,,,,,,,,,,,,,,,,
EXO,18827010,,,,,,,,,,,,SAFE,-12.074,-0.183,1.0,1.286,-0.08,0.009,0.0,0.009,-0.023,0.0,0.0,0.0,0.0,0.0,0.0
IMU,18859790.0,1,0.5054,-0.0537,0.8662,0.0,0.0,0.0,-3.49,-30.29,0.44,26.8,,,,,,,,,,,,,,,,
IMU,18875334.0,2,0.248,0.4199,0.8687,0.06,-0.06,0.0,25.82,-14.45,-0.14,27.7,,,,,,,,,,,,,,,,
EXO,18926917,,,,,,,,,,,,SAFE,-12.074,-0.061,0.996,1.286,0.034,0.009,0.0,0.009,0.003,0.0,0.0,0.0,0.0,0.0,0.0
IMU,18960017.0,1,0.5063,-0.0527,0.8667,0.0,0.06,0.0,-3.49,-30.29,0.44,26.9,,,,,,,,,,,,,,,,
IMU,18975262.0,2,0.2505,0.4194,0.8711,0.06,-0.18,0.0,25.82,-14.45,-0.14,27.6,,,,,,,,,,,,,,,,
EXO,19026901,,,,,,,,,,,,SAFE,-12.074,-0.183,0.999,1.286,0.011,0.009,0.0,0.009,0.005,0.0,0.0,0.0,0.0,0.0,0.0
IMU,19060224.0,1,0.5088,-0.0532,0.8643,0.0,0.24,0.0,-3.49,-30.29,0.44,26.8,,,,,,,,,,,,,,,,
IMU,19075128.0,2,0.249,0.4194,0.8745,0.0,0.0,0.0,25.82,-14.45,-0.14,27.7,,,,,,,,,,,,,,,,
EXO,19126811,,,,,,,,,,,,SAFE,-12.074,0.0,1.001,1.286,0.014,0.009,0.0,0.009,-0.004,0.0,0.0,0.0,0.0,0.0,0.0
IMU,19160333.0,1,0.5078,-0.0503,0.8623,0.0,0.0,0.0,-3.49,-30.29,0.44,26.9,,,,,,,,,,,,,,,,
IMU,19175145.0,2,0.2515,0.4214,0.8701,0.0,0.06,0.0,25.82,-14.45,-0.14,27.8,,,,,,,,,,,,,,,,
EXO,19226802,,,,,,,,,,,,SAFE,-12.074,0.061,0.999,1.286,-0.03,0.009,0.0,0.009,0.006,0.0,0.0,0.0,0.0,0.0,0.0
IMU,19260539.0,1,0.5073,-0.0542,0.8657,0.0,0.12,0.0,-3.49,-30.29,0.44,26.8,,,,,,,,,,,,,,,,
IMU,19275019.0,2,0.2563,0.4204,0.8745,0.0,0.0,0.0,25.82,-14.45,-0.14,27.9,,,,,,,,,,,,,,,,
EXO,19326811,,,,,,,,,,,,SAFE,-12.074,0.0,1.004,1.286,-0.002,0.009,0.0,0.009,-0.026,0.0,0.0,0.0,0.0,0.0,0.0
IMU,19360730.0,1,0.5083,-0.0527,0.8604,0.0,0.06,0.0,-3.49,-30.29,0.44,27.0,,,,,,,,,,,,,,,,
IMU,19374994.0,2,0.2515,0.4204,0.8711,0.06,-0.06,0.0,25.82,-14.45,-0.13,27.7,,,,,,,,,,,,,,,,
EXO,19426936,,,,,,,,,,,,SAFE,-12.074,-0.061,0.999,1.286,0.018,0.009,0.0,0.009,0.01,0.0,0.0,0.0,0.0,0.0,0.0
IMU,19460881.0,1,0.5088,-0.0522,0.8628,0.0,0.06,0.0,-3.49,-30.29,0.44,26.9,,,,,,,,,,,,,,,,
IMU,19474945.0,2,0.2485,0.4209,0.8711,0.12,0.06,0.0,25.82,-14.45,-0.13,27.7,,,,,,,,,,,,,,,,
EXO,19526819,,,,,,,,,,,,SAFE,-12.074,0.061,0.999,1.286,0.076,0.009,0.0,0.009,0.065,0.0,0.0,0.0,0.0,0.0,0.0
IMU,19560995.0,1,0.5078,-0.0542,0.8652,0.0,0.0,0.0,-3.49,-30.29,0.44,26.8,,,,,,,,,,,,,,,,
IMU,19574875.0,2,0.2529,0.4199,0.8726,0.06,0.0,0.0,25.83,-14.45,-0.13,27.9,,,,,,,,,,,,,,,,
EXO,19626815,,,,,,,,,,,,SAFE,-12.074,0.0,1.001,1.286,0.08,0.009,0.0,0.009,0.004,0.0,0.0,0.0,0.0,0.0,0.0
IMU,19661227.0,1,0.5073,-0.0503,0.8623,0.06,0.0,0.0,-3.49,-30.29,0.44,26.8,,,,,,,,,,,,,,,,
IMU,19674814.0,2,0.2515,0.4214,0.8711,0.0,0.06,0.0,25.83,-14.45,-0.13,27.9,,,,,,,,,,,,,,,,
EXO,19726826,,,,,,,,,,,,SAFE,-12.074,0.061,1.0,1.286,0.186,0.009,0.0,0.009,0.008,0.0,0.0,0.0,0.0,0.0,0.0
IMU,19761344.0,1,0.5068,-0.0532,0.8652,0.0,0.0,0.0,-3.49,-30.29,0.43,26.8,,,,,,,,,,,,,,,,
IMU,19774744.0,2,0.248,0.4189,0.8691,0.0,-0.06,0.0,25.83,-14.45,-0.13,27.7,,,,,,,,,,,,,,,,
EXO,19826886,,,,,,,,,,,,SAFE,-12.074,-0.061,0.996,1.286,0.04,0.009,0.0,0.009,0.007,0.0,0.0,0.0,0.0,0.0,0.0
IMU,19861594.0,1,0.5073,-0.0513,0.8643,0.0,0.18,0.0,-3.49,-30.29,0.43,26.8,,,,,,,,,,,,,,,,
IMU,19874678.0,2,0.2485,0.4209,0.875,0.06,0.0,0.0,25.83,-14.44,-0.13,27.6,,,,,,,,,,,,,,,,
EXO,19926853,,,,,,,,,,,,SAFE,-12.068,0.0,1.002,1.286,0.091,0.009,0.0,0.009,0.002,0.0,0.0,0.0,0.0,0.0,0.0
IMU,19961757.0,1,0.5063,-0.0527,0.8613,0.0,0.06,0.0,-3.49,-30.29,0.43,26.8,,,,,,,,,,,,,,,,
IMU,19974614.0,2,0.2515,0.4194,0.8711,0.0,0.06,0.0,25.83,-14.45,-0.13,27.6,,,,,,,,,,,,,,,,
EXO,20026822,,,,,,,,,,,,SAFE,-12.074,0.061,0.999,1.286,-0.015,0.009,0.0,0.009,0.005,0.0,0.0,0.0,0.0,0.0,0.0
IMU,20061871.0,1,0.5088,-0.0518,0.8628,0.0,0.0,0.0,-3.49,-30.29,0.43,26.7,,,,,,,,,,,,,,,,
IMU,20074582.0,2,0.25,0.4214,0.8726,0.12,0.0,0.0,25.83,-14.45,-0.13,27.9,,,,,,,,,,,,,,,,
EXO,20126817,,,,,,,,,,,,SAFE,-12.074,0.0,1.001,1.286,-0.032,0.009,0.0,0.009,-0.025,0.0,0.0,0.0,0.0,0.0,0.0
IMU,20162070.0,1,0.5044,-0.0527,0.8647,0.0,0.0,0.0,-3.49,-30.3,0.43,26.7,,,,,,,,,,,,,,,,
IMU,20174514.0,2,0.25,0.4209,0.8726,0.06,0.0,0.0,25.83,-14.45,-0.13,27.7,,,,,,,,,,,,,,,,
EXO,20226804,,,,,,,,,,,,SAFE,-12.074,0.0,1.001,1.286,0.014,0.009,0.0,0.009,0.007,0.0,0.0,0.0,0.0,0.0,0.0
IMU,20262295.0,1,0.5054,-0.0537,0.8706,0.06,-0.18,0.0,-3.49,-30.3,0.43,26.9,,,,,,,,,,,,,,,,
IMU,20274365.0,2,0.25,0.4185,0.8726,0.31,-0.31,0.0,25.83,-14.44,-0.13,27.8,,,,,,,,,,,,,,,,
EXO,20327010,,,,,,,,,,,,SAFE,-12.068,-0.305,0.999,1.286,-0.099,0.009,0.0,0.009,-0.009,0.0,0.0,0.0,0.0,0.0,0.0
IMU,20362507.0,1,0.5112,-0.0522,0.8687,0.18,0.0,0.0,-3.48,-30.32,0.44,26.8,,,,,,,,,,,,,,,,
IMU,20374314.0,2,0.2485,0.4229,0.8735,0.37,0.0,-0.24,25.85,-14.44,-0.13,27.9,,,,,,,,,,,,,,,,
EXO,20426984,,,,,,,,,,,,SAFE,-12.063,0.0,1.002,1.286,0.05,0.009,0.0,0.009,-0.002,0.0,0.0,0.0,0.0,0.0,0.0
IMU,20462702.0,1,0.5083,-0.0522,0.8608,0.24,-0.12,0.0,-3.46,-30.35,0.44,26.7,,,,,,,,,,,,,,,,
IMU,20474249.0,2,0.2505,0.4214,0.8667,0.24,0.24,-0.24,25.88,-14.43,-0.14,27.7,,,,,,,,,,,,,,,,
EXO,20527017,,,,,,,,,,,,SAFE,-12.052,0.244,0.996,1.286,-0.038,0.009,0.0,0.009,0.0,0.0,0.0,0.0,0.0,0.0,0.0
IMU,20562878.0,1,0.5068,-0.0498,0.8643,0.0,0.06,0.0,-3.46,-30.36,0.44,26.9,,,,,,,,,,,,,,,,
IMU,20574177.0,2,0.2471,0.4194,0.874,0.12,0.0,-0.06,25.9,-14.42,-0.15,27.8,,,,,,,,,,,,,,,,
EXO,20626901,,,,,,,,,,,,SAFE,-12.047,0.0,1.0,1.286,-0.032,0.009,0.0,0.009,0.009,0.0,0.0,0.0,0.0,0.0,0.0
IMU,20663029.0,1,0.5117,-0.0493,0.8574,-0.12,0.43,0.0,-3.46,-30.37,0.44,26.8,,,,,,,,,,,,,,,,
IMU,20674109.0,2,0.2515,0.4238,0.876,-0.06,0.43,-0.18,25.9,-14.41,-0.16,27.8,,,,,,,,,,,,,,,,
EXO,20727077,,,,,,,,,,,,SAFE,-12.041,0.427,1.005,1.286,-0.001,0.009,0.0,0.009,0.005,0.0,0.0,0.0,0.0,0.0,0.0
IMU,20763244.0,1,0.5049,-0.0513,0.8623,-0.06,-0.24,0.0,-3.46,-30.37,0.44,26.9,,,,,,,,,,,,,,,,
IMU,20774014.0,2,0.2437,0.4204,0.8647,0.0,0.06,0.0,25.9,-14.41,-0.16,27.7,,,,,,,,,,,,,,,,
EXO,20826998,,,,,,,,,,,,SAFE,-12.041,0.061,0.992,1.286,-0.014,0.009,0.0,0.009,-0.003,0.0,0.0,0.0,0.0,0.0,0.0
IMU,20863357.0,1,0.5059,-0.0518,0.8667,0.0,0.0,0.0,-3.46,-30.37,0.44,26.7,,,,,,,,,,,,,,,,
IMU,20873959.0,2,0.2471,0.4214,0.8721,0.18,-0.18,-0.12,25.91,-14.41,-0.17,27.7,,,,,,,,,,,,,,,,
EXO,20926992,,,,,,,,,,,,SAFE,-12.041,-0.183,1.0,1.286,-0.001,0.009,0.0,0.009,-0.011,0.0,0.0,0.0,0.0,0.0,0.0
IMU,20963524.0,1,0.5078,-0.0518,0.8623,0.0,0.0,0.0,-3.45,-30.38,0.44,26.8,,,,,,,,,,,,,,,,
IMU,20973874.0,2,0.2476,0.4199,0.8716,0.06,0.06,0.0,25.91,-14.41,-0.18,27.8,,,,,,,,,,,,,,,,
EXO,21026809,,,,,,,,,,,,SAFE,-12.036,0.061,0.999,1.286,0.033,0.009,0.0,0.009,-0.0,0.0,0.0,0.0,0.0,0.0,0.0
IMU,21063787.0,1,0.5049,-0.0503,0.8672,0.0,-0.12,0.0,-3.45,-30.38,0.44,26.9,,,,,,,,,,,,,,,,
IMU,21073749.0,2,0.2422,0.4233,0.8682,0.0,0.0,0.0,25.91,-14.41,-0.18,27.8,,,,,,,,,,,,,,,,
EXO,21126909,,,,,,,,,,,,SAFE,-12.041,0.0,0.996,1.286,-0.096,0.009,0.0,0.009,-0.004,0.0,0.0,0.0,0.0,0.0,0.0
IMU,21163942.0,1,0.5103,-0.0527,0.8579,0.0,0.31,0.0,-3.45,-30.39,0.44,26.8,,,,,,,,,,,,,,,,
IMU,21173722.0,2,0.2485,0.4209,0.876,0.12,0.0,0.0,25.91,-14.41,-0.18,27.7,,,,,,,,,,,,,,,,
EXO,21226805,,,,,,,,,,,,SAFE,-12.036,0.0,1.003,1.286,-0.048,0.009,0.0,0.009,0.003,0.0,0.0,0.0,0.0,0.0,0.0
IMU,21264084.0,1,0.5073,-0.0503,0.8677,0.0,0.0,0.0,-3.44,-30.39,0.44,26.8,,,,,,,,,,,,,,,,
IMU,21273668.0,2,0.2495,0.4204,0.8735,-0.06,0.06,0.0,25.91,-14.41,-0.18,27.7,,,,,,,,,,,,,,,,
EXO,21326894,,,,,,,,,,,,SAFE,-12.041,0.061,1.001,1.286,-0.005,0.009,0.0,0.009,0.005,0.0,0.0,0.0,0.0,0.0,0.0
IMU,21364347.0,1,0.5088,-0.0522,0.8623,0.0,0.18,0.0,-3.44,-30.39,0.44,26.7,,,,,,,,,,,,,,,,
IMU,21373594.0,2,0.252,0.4219,0.876,0.0,0.06,0.0,25.92,-14.41,-0.17,27.7,,,,,,,,,,,,,,,,
EXO,21426801,,,,,,,,,,,,SAFE,-12.041,0.061,1.004,1.286,-0.066,0.009,0.0,0.009,-0.008,0.0,0.0,0.0,0.0,0.0,0.0
IMU,21464578.0,1,0.5078,-0.0513,0.8599,-0.06,-0.12,0.0,-3.44,-30.4,0.44,26.8,,,,,,,,,,,,,,,,
IMU,21473502.0,2,0.251,0.4229,0.8691,0.0,0.06,0.0,25.91,-14.41,-0.18,27.6,,,,,,,,,,,,,,,,
EXO,21526995,,,,,,,,,,,,SAFE,-12.041,0.061,0.999,1.286,-0.058,0.009,0.0,0.009,0.003,0.0,0.0,0.0,0.0,0.0,0.0
IMU,21564694.0,1,0.5049,-0.0527,0.8657,-0.06,0.0,0.0,-3.44,-30.4,0.44,26.7,,,,,,,,,,,,,,,,
IMU,21573427.0,2,0.2451,0.4209,0.8716,0.06,0.06,0.0,25.91,-14.41,-0.18,27.8,,,,,,,,,,,,,,,,
EXO,21626897,,,,,,,,,,,,SAFE,-12.041,0.061,0.998,1.286,0.072,0.009,0.0,0.009,0.002,0.0,0.0,0.0,0.0,0.0,0.0
IMU,21664873.0,1,0.5098,-0.0527,0.8623,0.0,-0.18,0.0,-3.44,-30.4,0.44,26.7,,,,,,,,,,,,,,,,
IMU,21673250.0,2,0.2495,0.4204,0.8672,0.0,0.0,0.0,25.91,-14.41,-0.18,27.7,,,,,,,,,,,,,,,,
EXO,21726903,,,,,,,,,,,,SAFE,-12.041,0.0,0.995,1.286,0.017,0.009,0.0,0.009,-0.006,0.0,0.0,0.0,0.0,0.0,0.0
IMU,21765082.0,1,0.5078,-0.0508,0.8647,-0.06,0.18,0.0,-3.44,-30.4,0.44,27.0,,,,,,,,,,,,,,,,
IMU,21773242.0,2,0.25,0.4229,0.8765,0.0,0.18,0.0,25.91,-14.41,-0.17,27.9,,,,,,,,,,,,,,,,
EXO,21826888,,,,,,,,,,,,SAFE,-12.036,0.183,1.005,1.286,-0.034,0.009,0.0,0.009,0.012,0.0,0.0,0.0,0.0,0.0,0.0
IMU,21865205.0,1,0.5088,-0.0522,0.8589,0.0,0.0,0.0,-3.43,-30.41,0.44,26.8,,,,,,,,,,,,,,,,
IMU,21873146.0,2,0.2471,0.4199,0.8672,0.0,0.18,0.0,25.91,-14.41,-0.18,27.8,,,,,,,,,,,,,,,,
EXO,21926823,,,,,,,,,,,,SAFE,-12.041,0.183,0.995,1.286,-0.07,0.009,0.0,0.009,-0.001,0.0,0.0,0.0,0.0,0.0,0.0
IMU,21965431.0,1,0.5088,-0.0503,0.8633,0.0,-0.12,0.0,-3.43,-30.41,0.44,26.9,,,,,,,,,,,,,,,,
IMU,21973097.0,2,0.249,0.4219,0.8677,0.0,-0.06,0.0,25.91,-14.41,-0.18,27.8,,,,,,,,,,,,,,,,
EXO,22026976,,,,,,,,,,,,SAFE,-12.041,-0.061,0.996,1.286,0.058,0.009,0.0,0.009,-0.003,0.0,0.0,0.0,0.0,0.0,0.0
IMU,22065616.0,1,0.5098,-0.0503,0.8638,0.0,-0.06,0.0,-3.43,-30.41,0.44,26.9,,,,,,,,,,,,,,,,
IMU,22073007.0,2,0.248,0.4214,0.8711,0.06,-0.18,0.0,25.91,-14.41,-0.17,27.7,,,,,,,,,,,,,,,,
EXO,22126981,,,,,,,,,,,,SAFE,-12.041,-0.183,0.999,1.286,-0.048,0.009,0.0,0.009,-0.019,0.0,0.0,0.0,0.0,0.0,0.0
IMU,22165778.0,1,0.5088,-0.0508,0.8633,0.0,0.12,0.0,-3.43,-30.41,0.44,26.8,,,,,,,,,,,,,,,,
IMU,22172930.0,2,0.2539,0.4209,0.8735,0.06,0.0,0.0,25.92,-14.41,-0.17,27.9,,,,,,,,,,,,,,,,
EXO,22226803,,,,,,,,,,,,SAFE,-12.041,0.0,1.002,1.286,0.097,0.009,0.0,0.009,0.009,0.0,0.0,0.0,0.0,0.0,0.0
IMU,22265958.0,1,0.5078,-0.0522,0.8623,0.0,-0.06,0.0,-3.43,-30.42,0.44,26.9,,,,,,,,,,,,,,,,
IMU,22272829.0,2,0.2505,0.4209,0.8687,0.12,0.0,0.0,25.92,-14.41,-0.17,27.8,,,,,,,,,,,,,,,,
EXO,22326882,,,,,,,,,,,,SAFE,-12.041,0.0,0.997,1.286,-0.083,0.009,0.0,0.009,0.003,0.0,0.0,0.0,0.0,0.0,0.0
IMU,22366142.0,1,0.5103,-0.0488,0.8618,0.0,-0.18,0.0,-3.43,-30.42,0.44,26.7,,,,,,,,,,,,,,,,
IMU,22372763.0,2,0.2471,0.4233,0.8662,0.12,-0.12,0.0,25.92,-14.41,-0.18,27.8,,,,,,,,,,,,,,,,
EXO,22427004,,,,,,,,,,,,SAFE,-12.041,-0.122,0.995,1.286,0.058,0.009,0.0,0.009,-0.01,0.0,0.0,0.0,0.0,0.0,0.0
IMU,22466304.0,1,0.5093,-0.0493,0.8638,0.0,-0.12,0.0,-3.43,-30.42,0.44,26.7,,,,,,,,,,,,,,,,
IMU,22472695.0,2,0.2461,0.4224,0.8716,0.06,-0.06,0.0,25.92,-14.41,-0.17,27.8,,,,,,,,,,,,,,,,
EXO,22526977,,,,,,,,,,,,SAFE,-12.041,-0.061,0.999,1.286,0.065,0.009,0.0,0.009,0.007,0.0,0.0,0.0,0.0,0.0,0.0
IMU,22566408.0,1,0.5073,-0.0522,0.8638,0.0,0.0,0.0,-3.42,-30.42,0.44,26.9,,,,,,,,,,,,,,,,
IMU,22572577.0,2,0.251,0.4204,0.8701,0.0,0.0,0.0,25.91,-14.41,-0.17,27.8,,,,,,,,,,,,,,,,
EXO,22626790,,,,,,,,,,,,SAFE,-12.041,0.0,0.998,1.286,0.019,0.009,0.0,0.009,0.004,0.0,0.0,0.0,0.0,0.0,0.0
IMU,22666653.0,1,0.5083,-0.0503,0.8618,0.0,0.06,0.0,-3.42,-30.42,0.44,27.0,,,,,,,,,,,,,,,,
IMU,22672496.0,2,0.2505,0.4219,0.8716,0.0,0.0,0.0,25.91,-14.41,-0.17,27.8,,,,,,,,,,,,,,,,
EXO,22726813,,,,,,,,,,,,SAFE,-12.041,0.0,1.0,1.286,-0.065,0.009,0.0,0.009,-0.003,0.0,0.0,0.0,0.0,0.0,0.0
IMU,22766773.0,1,0.5073,-0.0522,0.8628,0.0,0.0,0.0,-3.42,-30.42,0.44,27.0,,,,,,,,,,,,,,,,
IMU,22772488.0,2,0.2485,0.4214,0.8687,0.0,0.06,0.0,25.92,-14.41,-0.17,27.8,,,,,,,,,,,,,,,,
EXO,22826803,,,,,,,,,,,,SAFE,-12.041,0.061,0.997,1.286,-0.099,0.009,0.0,0.009,-0.022,0.0,0.0,0.0,0.0,0.0,0.0
IMU,22866933.0,1,0.5068,-0.0508,0.8633,0.0,0.0,0.0,-3.42,-30.43,0.44,27.0,,,,,,,,,,,,,,,,
IMU,22872425.0,2,0.248,0.4204,0.8682,0.0,0.06,0.0,25.92,-14.41,-0.17,27.8,,,,,,,,,,,,,,,,
EXO,22926812,,,,,,,,,,,,SAFE,-12.036,0.061,0.996,1.286,-0.049,0.009,0.0,0.009,-0.007,0.0,0.0,0.0,0.0,0.0,0.0
IMU,22967096.0,1,0.5078,-0.0498,0.8623,0.0,0.0,0.0,-3.42,-30.42,0.44,26.7,,,,,,,,,,,,,,,,
IMU,22972342.0,2,0.2524,0.4224,0.8701,0.12,0.0,0.0,25.92,-14.41,-0.17,27.8,,,,,,,,,,,,,,,,
EXO,23026790,,,,,,,,,,,,SAFE,-12.036,0.0,1.0,1.286,-0.052,0.009,0.0,0.009,-0.0,0.0,0.0,0.0,0.0,0.0,0.0
IMU,23067270.0,1,0.5093,-0.0518,0.8633,0.0,0.0,0.0,-3.41,-30.42,0.44,26.8,,,,,,,,,,,,,,,,
IMU,23072216.0,2,0.2456,0.4214,0.8721,0.0,0.0,0.0,25.92,-14.41,-0.17,27.7,,,,,,,,,,,,,,,,
EXO,23126888,,,,,,,,,,,,SAFE,-12.036,0.0,0.999,1.286,0.042,0.009,0.0,0.009,-0.012,0.0,0.0,0.0,0.0,0.0,0.0
IMU,23167457.0,1,0.5093,-0.0498,0.8638,0.0,0.0,0.0,-3.41,-30.42,0.44,26.8,,,,,,,,,,,,,,,,
IMU,23172191.0,2,0.2437,0.4219,0.8682,0.06,-0.06,0.0,25.92,-14.41,-0.17,27.8,,,,,,,,,,,,,,,,
EXO,23226909,,,,,,,,,,,,SAFE,-12.041,-0.061,0.996,1.286,-0.01,0.009,0.0,0.009,0.009,0.0,0.0,0.0,0.0,0.0,0.0
IMU,23267631.0,1,0.5103,-0.0508,0.8623,0.0,0.0,0.0,-3.41,-30.42,0.44,26.8,,,,,,,,,,,,,,,,
IMU,23272079.0,2,0.2495,0.4229,0.8691,0.0,0.0,0.0,25.92,-14.41,-0.17,27.8,,,,,,,,,,,,,,,,
EXO,23326803,,,,,,,,,,,,SAFE,-12.036,0.0,0.998,1.286,-0.022,0.009,0.0,0.009,-0.006,0.0,0.0,0.0,0.0,0.0,0.0
IMU,23367818.0,1,0.5073,-0.0508,0.8608,0.0,0.0,0.0,-3.41,-30.42,0.44,26.8,,,,,,,,,,,,,,,,
IMU,23372019.0,2,0.2437,0.4219,0.8706,0.0,0.0,0.0,25.91,-14.41,-0.17,27.7,,,,,,,,,,,,,,,,
EXO,23426806,,,,,,,,,,,,SAFE,-12.036,0.0,0.998,1.286,0.021,0.009,0.0,0.009,0.02,0.0,0.0,0.0,0.0,0.0,0.0
IMU,23467966.0,1,0.5093,-0.0518,0.8638,0.0,0.0,0.0,-3.41,-30.42,0.44,26.9,,,,,,,,,,,,,,,,
IMU,23471998.0,2,0.2485,0.4219,0.873,0.0,0.18,0.0,25.91,-14.41,-0.17,27.8,,,,,,,,,,,,,,,,
EXO,23526787,,,,,,,,,,,,SAFE,-12.036,0.183,1.001,1.286,-0.1,0.009,0.0,0.009,-0.014,0.0,0.0,0.0,0.0,0.0,0.0
IMU,23568155.0,1,0.5103,-0.0493,0.8628,0.0,0.0,0.0,-3.41,-30.42,0.44,26.9,,,,,,,,,,,,,,,,
IMU,23571925.0,2,0.2476,0.4238,0.8677,0.06,0.0,0.0,25.91,-14.41,-0.17,27.6,,,,,,,,,,,,,,,,
EXO,23626789,,,,,,,,,,,,SAFE,-12.036,0.0,0.997,1.286,-0.064,0.009,0.0,0.009,-0.005,0.0,0.0,0.0,0.0,0.0,0.0
IMU,23668320.0,1,0.5073,-0.0522,0.8662,0.0,0.0,0.0,-3.41,-30.42,0.44,26.9,,,,,,,,,,,,,,,,
IMU,23671779.0,2,0.2432,0.4199,0.8677,0.0,0.0,0.0,25.92,-14.41,-0.17,27.7,,,,,,,,,,,,,,,,
EXO,23726796,,,,,,,,,,,,SAFE,-12.036,0.0,0.994,1.286,-0.005,0.009,0.0,0.009,-0.004,0.0,0.0,0.0,0.0,0.0,0.0
IMU,23768500.0,1,0.5059,-0.0518,0.8677,0.0,0.0,0.0,-3.41,-30.42,0.44,26.8,,,,,,,,,,,,,,,,
IMU,23771772.0,2,0.2544,0.4224,0.8716,0.06,0.0,0.0,25.91,-14.41,-0.17,27.7,,,,,,,,,,,,,,,,
EXO,23826876,,,,,,,,,,,,SAFE,-12.036,0.0,1.001,1.286,0.083,0.009,0.0,0.009,-0.005,0.0,0.0,0.0,0.0,0.0,0.0
IMU,23868697.0,1,0.5078,-0.0513,0.8647,0.0,0.0,0.0,-3.4,-30.42,0.44,26.8,,,,,,,,,,,,,,,,
IMU,23871730.0,2,0.248,0.4219,0.8706,0.0,0.06,0.0,25.91,-14.41,-0.17,27.8,,,,,,,,,,,,,,,,
EXO,23926781,,,,,,,,,,,,SAFE,-12.036,0.061,0.999,1.286,0.061,0.009,0.0,0.009,0.004,0.0,0.0,0.0,0.0,0.0,0.0
IMU,23968837.0,1,0.5073,-0.0522,0.8652,0.0,0.0,0.0,-3.4,-30.42,0.44,26.9,,,,,,,,,,,,,,,,
IMU,23971602.0,2,0.2495,0.4219,0.8711,0.0,0.0,0.0,25.91,-14.41,-0.17,27.7,,,,,,,,,,,,,,,,
EXO,24026781,,,,,,,,,,,,SAFE,-12.036,0.0,1.0,1.286,-0.077,0.009,0.0,0.009,0.005,0.0,0.0,0.0,0.0,0.0,0.0
IMU,24069026.0,1,0.5073,-0.0518,0.8657,0.0,0.0,0.0,-3.4,-30.42,0.44,26.9,,,,,,,,,,,,,,,,
IMU,24071528.0,2,0.2461,0.4209,0.8696,0.0,0.0,0.0,25.91,-14.41,-0.17,27.8,,,,,,,,,,,,,,,,
EXO,24126792,,,,,,,,,,,,SAFE,-12.036,0.0,0.997,1.286,0.013,0.009,0.0,0.009,0.003,0.0,0.0,0.0,0.0,0.0,0.0
IMU,24169218.0,1,0.5093,-0.0508,0.8633,0.0,0.0,0.0,-3.4,-30.42,0.44,26.8,,,,,,,,,,,,,,,,
IMU,24171504.0,2,0.25,0.4229,0.8711,0.12,-0.06,0.0,25.92,-14.41,-0.17,27.8,,,,,,,,,,,,,,,,
EXO,24226871,,,,,,,,,,,,SAFE,-12.036,-0.061,1.0,1.286,-0.088,0.009,0.0,0.009,0.0,0.0,0.0,0.0,0.0,0.0,0.0
IMU,24269376.0,1,0.5088,-0.0503,0.8638,0.0,0.0,0.0,-3.4,-30.42,0.44,26.8,,,,,,,,,,,,,,,,
IMU,24271456.0,2,0.2456,0.4233,0.873,0.0,0.06,0.0,25.91,-14.41,-0.16,27.8,,,,,,,,,,,,,,,,
EXO,24326894,,,,,,,,,,,,SAFE,-12.036,0.061,1.001,1.286,-0.053,0.009,0.0,0.009,-0.061,0.0,0.0,0.0,0.0,0.0,0.0
IMU,24369571.0,1,0.5063,-0.0518,0.8628,0.0,0.0,0.0,-3.39,-30.42,0.44,26.9,,,,,,,,,,,,,,,,
IMU,24371398.0,2,0.249,0.4199,0.8726,0.18,0.06,0.0,25.92,-14.41,-0.16,27.7,,,,,,,,,,,,,,,,
EXO,24426780,,,,,,,,,,,,SAFE,-12.036,0.061,1.0,1.286,-0.005,0.009,0.0,0.009,-0.006,0.0,0.0,0.0,0.0,0.0,0.0
IMU,24469740.0,1,0.5088,-0.0503,0.8604,0.0,0.0,0.0,-3.39,-30.42,0.44,26.9,,,,,,,,,,,,,,,,
IMU,24471335.0,2,0.248,0.4224,0.8682,0.06,-0.12,0.0,25.92,-14.41,-0.16,27.8,,,,,,,,,,,,,,,,
EXO,24526850,,,,,,,,,,,,SAFE,-12.036,-0.122,0.997,1.286,-0.041,0.009,0.0,0.009,0.001,0.0,0.0,0.0,0.0,0.0,0.0
IMU,24569921.0,1,0.5098,-0.0508,0.8643,0.0,0.0,0.0,-3.39,-30.42,0.44,26.8,,,,,,,,,,,,,,,,
IMU,24571176.0,2,0.2485,0.4229,0.8672,0.0,0.0,0.0,25.92,-14.41,-0.16,27.8,,,,,,,,,,,,,,,,
EXO,24626772,,,,,,,,,,,,SAFE,-12.036,0.0,0.996,1.286,-0.028,0.009,0.0,0.009,-0.009,0.0,0.0,0.0,0.0,0.0,0.0
IMU,24670095.0,1,0.5073,-0.0503,0.8638,0.0,0.0,0.0,-3.39,-30.42,0.44,26.8,,,,,,,,,,,,,,,,
IMU,24671183.0,2,0.2466,0.4214,0.8701,0.0,0.06,0.0,25.91,-14.41,-0.16,27.8,,,,,,,,,,,,,,,,
EXO,24726774,,,,,,,,,,,,SAFE,-12.036,0.061,0.998,1.286,0.084,0.009,0.0,0.009,-0.004,0.0,0.0,0.0,0.0,0.0,0.0
IMU,24770286.0,1,0.5063,-0.0518,0.8652,0.0,0.0,0.0,-3.39,-30.42,0.44,27.0,,,,,,,,,,,,,,,,
IMU,24771097.0,2,0.2505,0.4219,0.8691,0.0,0.06,0.0,25.91,-14.41,-0.16,27.9,,,,,,,,,,,,,,,,
EXO,24826781,,,,,,,,,,,,SAFE,-12.036,0.061,0.998,1.286,-0.072,0.009,0.0,0.009,0.012,0.0,0.0,0.0,0.0,0.0,0.0
IMU,24870506.0,1,0.5093,-0.0508,0.8633,0.0,0.0,0.0,-3.39,-30.42,0.44,26.9,,,,,,,,,,,,,,,,
IMU,24871032.0,2,0.2534,0.4233,0.8701,0.06,-0.06,0.0,25.91,-14.41,-0.16,27.8,,,,,,,,,,,,,,,,
EXO,24926890,,,,,,,,,,,,SAFE,-12.036,-0.061,1.0,1.286,0.066,0.009,0.0,0.009,0.002,0.0,0.0,0.0,0.0,0.0,0.0
IMU,24970658.0,1,0.5093,-0.0498,0.8623,0.0,0.0,0.0,-3.39,-30.42,0.44,27.0,,,,,,,,,,,,,,,,
IMU,24970913.0,2,0.2539,0.4219,0.8721,0.0,0.0,0.0,25.91,-14.41,-0.16,27.9,,,,,,,,,,,,,,,,
EXO,25026788,,,,,,,,,,,,SAFE,-12.036,0.0,1.001,1.286,0.058,0.009,0.0,0.009,0.001,0.0,0.0,0.0,0.0,0.0,0.0
IMU,25070843.0,1,0.5068,-0.0513,0.8638,0.0,0.0,0.0,-3.39,-30.42,0.44,26.9,,,,,,,,,,,,,,,,
IMU,25070991.0,2,0.2461,0.4204,0.8696,0.0,0.06,0.0,25.91,-14.41,-0.16,27.8,,,,,,,,,,,,,,,,
EXO,25126791,,,,,,,,,,,,SAFE,-12.036,0.061,0.997,1.286,0.021,0.009,0.0,0.009,-0.001,0.0,0.0,0.0,0.0,0.0,0.0
IMU,25171110.0,1,0.5063,-0.0513,0.8667,0.0,0.0,0.0,-3.39,-30.42,0.44,26.8,,,,,,,,,,,,,,,,
IMU,25170960.0,2,0.249,0.4209,0.8735,0.0,0.06,0.0,25.91,-14.41,-0.16,27.8,,,,,,,,,,,,,,,,
EXO,25226801,,,,,,,,,,,,SAFE,-12.036,0.061,1.001,1.286,0.077,0.009,0.0,0.009,0.057,0.0,0.0,0.0,0.0,0.0,0.0
IMU,25271077.0,1,0.5078,-0.0513,0.8633,0.0,0.0,0.0,-3.39,-30.42,0.44,26.9,,,,,,,,,,,,,,,,
IMU,25270881.0,2,0.2524,0.4224,0.8691,0.0,0.06,0.0,25.91,-14.41,-0.16,27.8,,,,,,,,,,,,,,,,
EXO,25326792,,,,,,,,,,,,SAFE,-12.036,0.061,0.999,1.286,-0.022,0.009,0.0,0.009,-0.067,0.0,0.0,0.0,0.0,0.0,0.0
IMU,25371256.0,1,0.5083,-0.0498,0.8657,0.0,0.0,0.0,-3.39,-30.42,0.44,26.9,,,,,,,,,,,,,,,,
IMU,25370829.0,2,0.2476,0.4243,0.8726,0.0,0.06,0.0,25.91,-14.41,-0.16,27.8,,,,,,,,,,,,,,,,
EXO,25426795,,,,,,,,,,,,SAFE,-12.036,0.061,1.001,1.286,-0.142,0.009,0.0,0.009,0.001,0.0,0.0,0.0,0.0,0.0,0.0
IMU,25471432.0,1,0.5063,-0.0527,0.8638,0.0,0.0,0.0,-3.39,-30.42,0.44,26.8,,,,,,,,,,,,,,,,
IMU,25470720.0,2,0.2529,0.4189,0.8716,0.0,-0.06,0.0,25.91,-14.41,-0.16,27.7,,,,,,,,,,,,,,,,
EXO,25526878,,,,,,,,,,,,SAFE,-12.036,-0.061,1.0,1.286,-0.127,0.009,0.0,0.009,0.0,0.0,0.0,0.0,0.0,0.0,0.0
IMU,25571605.0,1,0.5083,-0.0488,0.8623,0.0,0.0,0.0,-3.39,-30.42,0.44,26.9,,,,,,,,,,,,,,,,
IMU,25570698.0,2,0.2505,0.4248,0.8701,0.06,0.12,0.0,25.91,-14.41,-0.16,27.9,,,,,,,,,,,,,,,,
EXO,25626799,,,,,,,,,,,,SAFE,-12.036,0.122,1.0,1.286,0.169,0.009,0.0,0.009,0.025,0.0,0.0,0.0,0.0,0.0,0.0
IMU,25671756.0,1,0.5093,-0.0503,0.8613,0.0,0.0,0.0,-3.39,-30.42,0.44,27.0,,,,,,,,,,,,,,,,
IMU,25670521.0,2,0.2476,0.4224,0.8735,0.0,0.0,0.0,25.91,-14.41,-0.16,27.9,,,,,,,,,,,,,,,,
EXO,25726799,,,,,,,,,,,,SAFE,-12.036,0.0,1.001,1.286,-0.036,0.009,0.0,0.009,-0.004,0.0,0.0,0.0,0.0,0.0,0.0
IMU,25771925.0,1,0.5083,-0.0513,0.8638,0.0,0.0,0.0,-3.39,-30.42,0.44,27.0,,,,,,,,,,,,,,,,
IMU,25770554.0,2,0.2476,0.4214,0.8711,0.0,0.06,0.0,25.91,-14.41,-0.16,27.8,,,,,,,,,,,,,,,,
EXO,25826802,,,,,,,,,,,,SAFE,-12.036,0.061,0.999,1.286,-0.017,0.009,0.0,0.009,-0.012,0.0,0.0,0.0,0.0,0.0,0.0
IMU,25872097.0,1,0.5073,-0.0527,0.8618,0.0,0.0,0.0,-3.39,-30.42,0.44,26.9,,,,,,,,,,,,,,,,
IMU,25870475.0,2,0.2485,0.4199,0.8687,0.06,0.0,0.0,25.91,-14.41,-0.16,27.8,,,,,,,,,,,,,,,,
EXO,25926833,,,,,,,,,,,,SAFE,-12.036,0.0,0.996,1.286,0.023,0.009,0.0,0.009,0.0,0.0,0.0,0.0,0.0,0.0,0.0
IMU,25972261.0,1,0.5073,-0.0513,0.8672,0.0,0.0,0.0,-3.39,-30.42,0.44,27.0,,,,,,,,,,,,,,,,
IMU,25970404.0,2,0.2432,0.4214,0.8721,0.0,0.12,0.0,25.91,-14.41,-0.16,27.9,,,,,,,,,,,,,,,,
EXO,26026802,,,,,,,,,,,,SAFE,-12.036,0.122,0.999,1.286,-0.032,0.009,0.0,0.009,0.001,0.0,0.0,0.0,0.0,0.0,0.0
IMU,26072420.0,1,0.5112,-0.0493,0.8623,0.0,0.0,0.0,-3.39,-30.42,0.44,26.8,,,,,,,,,,,,,,,,
IMU,26070271.0,2,0.2461,0.4243,0.8706,0.0,0.0,0.0,25.91,-14.41,-0.16,27.9,,,,,,,,,,,,,,,,
EXO,26126816,,,,,,,,,,,,SAFE,-12.036,0.0,0.999,1.286,0.054,0.009,0.0,0.009,0.004,0.0,0.0,0.0,0.0,0.0,0.0
IMU,26172591.0,1,0.5098,-0.0522,0.8604,0.0,0.0,0.0,-3.38,-30.42,0.44,27.0,,,,,,,,,,,,,,,,
IMU,26170178.0,2,0.251,0.4219,0.8706,0.0,0.0,0.0,25.91,-14.41,-0.16,27.8,,,,,,,,,,,,,,,,
EXO,26226804,,,,,,,,,,,,SAFE,-12.036,0.0,0.999,1.286,-0.042,0.009,0.0,0.009,0.0,0.0,0.0,0.0,0.0,0.0,0.0
IMU,26272827.0,1,0.5083,-0.0483,0.8662,0.0,0.06,0.0,-3.39,-30.42,0.44,26.9,,,,,,,,,,,,,,,,
IMU,26270197.0,2,0.2432,0.4233,0.8716,-0.12,0.18,0.0,25.91,-14.41,-0.16,27.8,,,,,,,,,,,,,,,,
EXO,26326927,,,,,,,,,,,,SAFE,-12.036,0.183,0.999,1.286,-0.022,0.009,0.0,0.009,-0.003,0.0,0.0,0.0,0.0,0.0,0.0
IMU,26372994.0,1,0.5078,-0.0513,0.8623,0.0,-0.06,0.0,-3.39,-30.42,0.44,26.8,,,,,,,,,,,,,,,,
IMU,26370074.0,2,0.2515,0.4204,0.8701,0.0,0.0,0.0,25.91,-14.41,-0.16,27.8,,,,,,,,,,,,,,,,
EXO,26426932,,,,,,,,,,,,SAFE,-12.036,0.0,0.999,1.286,0.022,0.009,0.0,0.009,-0.011,0.0,0.0,0.0,0.0,0.0,0.0
IMU,26473077.0,1,0.5063,-0.0513,0.8667,0.0,0.0,0.0,-3.39,-30.42,0.44,27.0,,,,,,,,,,,,,,,,
IMU,26470052.0,2,0.2451,0.4214,0.8662,0.0,0.12,0.0,25.91,-14.41,-0.16,27.8,,,,,,,,,,,,,,,,
EXO,26526805,,,,,,,,,,,,SAFE,-12.036,0.122,0.994,1.286,-0.087,0.009,0.0,0.009,-0.003,0.0,0.0,0.0,0.0,0.0,0.0
IMU,26573310.0,1,0.5112,-0.0508,0.8633,0.0,-0.12,0.0,-3.38,-30.43,0.44,26.8,,,,,,,,,,,,,,,,
IMU,26569991.0,2,0.2485,0.4229,0.8691,0.12,-0.06,0.0,25.91,-14.41,-0.16,27.7,,,,,,,,,,,,,,,,
EXO,26626988,,,,,,,,,,,,SAFE,-12.041,-0.061,0.998,1.286,-0.029,0.009,0.0,0.009,-0.003,0.0,0.0,0.0,0.0,0.0,0.0
IMU,26673506.0,1,0.5039,-0.0508,0.8647,0.0,0.12,0.0,-3.38,-30.43,0.44,26.8,,,,,,,,,,,,,,,,
IMU,26669900.0,2,0.2539,0.4209,0.8755,0.0,0.31,0.0,25.91,-14.41,-0.16,27.8,,,,,,,,,,,,,,,,
EXO,26726816,,,,,,,,,,,,SAFE,-12.036,0.305,1.004,1.286,-0.005,0.009,0.0,0.009,0.002,0.0,0.0,0.0,0.0,0.0,0.0
IMU,26773663.0,1,0.5068,-0.0518,0.8647,0.0,0.06,0.0,-3.38,-30.43,0.44,26.8,,,,,,,,,,,,,,,,
IMU,26769848.0,2,0.2495,0.4224,0.8716,-0.06,0.12,0.0,25.91,-14.41,-0.16,27.7,,,,,,,,,,,,,,,,
EXO,26826897,,,,,,,,,,,,SAFE,-12.041,0.122,1.0,1.286,-0.003,0.009,0.0,0.009,0.003,0.0,0.0,0.0,0.0,0.0,0.0
IMU,26873767.0,1,0.5078,-0.0508,0.8628,0.0,0.0,0.0,-3.38,-30.43,0.44,26.8,,,,,,,,,,,,,,,,
IMU,26869729.0,2,0.2559,0.4224,0.8687,0.0,0.0,0.0,25.92,-14.41,-0.16,27.9,,,,,,,,,,,,,,,,
EXO,26926896,,,,,,,,,,,,SAFE,-12.041,0.0,0.999,1.286,-0.006,0.009,0.0,0.009,0.005,0.0,0.0,0.0,0.0,0.0,0.0
IMU,26974028.0,1,0.5078,-0.0518,0.8613,0.0,-0.06,0.0,-3.38,-30.44,0.44,27.0,,,,,,,,,,,,,,,,
IMU,26969713.0,2,0.2559,0.4224,0.8721,0.06,0.0,0.0,25.92,-14.41,-0.16,27.9,,,,,,,,,,,,,,,,
EXO,27026934,,,,,,,,,,,,SAFE,-12.041,0.0,1.002,1.286,-0.112,0.009,0.0,0.009,-0.025,0.0,0.0,0.0,0.0,0.0,0.0
IMU,27074195.0,1,0.5068,-0.0503,0.8643,0.06,0.06,0.0,-3.38,-30.44,0.44,26.8,,,,,,,,,,,,,,,,
IMU,27069662.0,2,0.2461,0.4219,0.8687,0.06,0.18,0.0,25.92,-14.41,-0.16,27.9,,,,,,,,,,,,,,,,
EXO,27126838,,,,,,,,,,,,SAFE,-12.041,0.183,0.997,1.286,0.037,0.009,0.0,0.009,-0.003,0.0,0.0,0.0,0.0,0.0,0.0
IMU,27174360.0,1,0.5078,-0.0518,0.8662,0.0,-0.06,0.0,-3.37,-30.44,0.44,26.9,,,,,,,,,,,,,,,,
IMU,27169583.0,2,0.2485,0.4209,0.8706,0.0,0.12,0.0,25.92,-14.41,-0.16,27.9,,,,,,,,,,,,,,,,
EXO,27226916,,,,,,,,,,,,SAFE,-12.036,0.122,0.998,1.286,-0.108,0.009,0.0,0.009,0.017,0.0,0.0,0.0,0.0,0.0,0.0
IMU,27274525.0,1,0.5098,-0.0498,0.8594,0.0,0.0,0.0,-3.37,-30.44,0.44,26.9,,,,,,,,,,,,,,,,
IMU,27269500.0,2,0.2456,0.4229,0.8677,-0.06,0.0,0.0,25.92,-14.41,-0.16,27.9,,,,,,,,,,,,,,,,
EXO,27326889,,,,,,,,,,,,SAFE,-12.036,0.0,0.996,1.286,-0.014,0.009,0.0,0.009,-0.003,0.0,0.0,0.0,0.0,0.0,0.0
IMU,27374720.0,1,0.5083,-0.0518,0.8643,0.0,0.12,0.0,-3.37,-30.44,0.44,27.0,,,,,,,,,,,,,,,,
IMU,27369455.0,2,0.2549,0.4214,0.8696,-0.06,0.06,0.0,25.93,-14.41,-0.16,27.9,,,,,,,,,,,,,,,,
EXO,27426911,,,,,,,,,,,,SAFE,-12.036,0.061,0.999,1.286,-0.019,0.009,0.0,0.009,-0.008,0.0,0.0,0.0,0.0,0.0,0.0
IMU,27474885.0,1,0.5078,-0.0493,0.8647,0.0,0.06,0.0,-3.37,-30.44,0.44,26.7,,,,,,,,,,,,,,,,
IMU,27469352.0,2,0.2495,0.4224,0.8706,0.06,0.12,0.0,25.93,-14.41,-0.16,27.8,,,,,,,,,,,,,,,,
EXO,27526802,,,,,,,,,,,,SAFE,-12.036,0.122,0.999,1.286,0.04,0.009,0.0,0.009,0.009,0.0,0.0,0.0,0.0,0.0,0.0
IMU,27575061.0,1,0.5088,-0.0508,0.8628,0.0,0.06,0.0,-3.37,-30.44,0.44,26.7,,,,,,,,,,,,,,,,
IMU,27569312.0,2,0.248,0.4219,0.8701,0.06,0.06,0.0,25.93,-14.41,-0.16,27.7,,,,,,,,,,,,,,,,
EXO,27626795,,,,,,,,,,,,SAFE,-12.036,0.061,0.998,1.286,0.057,0.009,0.0,0.009,-0.016,0.0,0.0,0.0,0.0,0.0,0.0
IMU,27675198.0,1,0.5083,-0.0513,0.8618,0.0,0.12,0.0,-3.37,-30.44,0.44,26.8,,,,,,,,,,,,,,,,
IMU,27669177.0,2,0.2534,0.4214,0.8716,0.0,0.0,0.0,25.93,-14.41,-0.16,27.8,,,,,,,,,,,,,,,,
EXO,27726829,,,,,,,,,,,,SAFE,-12.036,0.0,1.001,1.286,-0.144,0.009,0.0,0.009,0.005,0.0,0.0,0.0,0.0,0.0,0.0
IMU,27775307.0,1,0.5078,-0.0508,0.8623,0.0,0.0,0.0,-3.37,-30.44,0.44,26.8,,,,,,,,,,,,,,,,
IMU,27769153.0,2,0.25,0.4233,0.8701,0.06,0.0,0.0,25.93,-14.41,-0.16,27.8,,,,,,,,,,,,,,,,
EXO,27826796,,,,,,,,,,,,SAFE,-12.036,0.0,0.999,1.286,-0.148,0.009,0.0,0.009,-0.006,0.0,0.0,0.0,0.0,0.0,0.0
IMU,27875481.0,1,0.5078,-0.0518,0.8628,0.0,0.0,0.0,-3.37,-30.44,0.44,26.9,,,,,,,,,,,,,,,,
IMU,27869054.0,2,0.25,0.4219,0.8696,0.0,0.0,0.0,25.93,-14.41,-0.16,27.9,,,,,,,,,,,,,,,,
EXO,27926842,,,,,,,,,,,,SAFE,-12.036,0.0,0.998,1.286,-0.095,0.009,0.0,0.009,-0.055,0.0,0.0,0.0,0.0,0.0,0.0
IMU,27975702.0,1,0.5078,-0.0498,0.8633,0.0,0.12,0.0,-3.37,-30.44,0.44,27.0,,,,,,,,,,,,,,,,
IMU,27969034.0,2,0.2539,0.4219,0.8716,-0.06,0.24,0.0,25.93,-14.4,-0.16,27.7,,,,,,,,,,,,,,,,
EXO,28026900,,,,,,,,,,,,SAFE,-12.03,0.244,1.001,1.286,-0.04,0.009,0.0,0.009,-0.001,0.0,0.0,0.0,0.0,0.0,0.0
IMU,28075895.0,1,0.5063,-0.0508,0.8604,0.06,0.06,0.0,-3.37,-30.44,0.44,26.8,,,,,,,,,,,,,,,,
IMU,28068968.0,2,0.2563,0.4248,0.8696,0.0,0.18,0.0,25.93,-14.4,-0.16,28.0,,,,,,,,,,,,,,,,
EXO,28126817,,,,,,,,,,,,SAFE,-12.03,0.183,1.001,1.286,-0.01,0.009,0.0,0.009,0.007,0.0,0.0,0.0,0.0,0.0,0.0
IMU,28176029.0,1,0.5088,-0.0488,0.8638,0.0,-0.06,0.0,-3.36,-30.44,0.44,26.8,,,,,,,,,,,,,,,,
IMU,28168864.0,2,0.2451,0.4214,0.8643,0.12,0.0,0.0,25.93,-14.4,-0.16,27.9,,,,,,,,,,,,,,,,
EXO,28226895,,,,,,,,,,,,SAFE,-12.03,0.0,0.992,1.286,0.011,0.009,0.0,0.009,0.002,0.0,0.0,0.0,0.0,0.0,0.0
IMU,28276221.0,1,0.5083,-0.0518,0.8613,0.06,0.12,0.0,-3.36,-30.45,0.44,26.9,,,,,,,,,,,,,,,,
IMU,28268812.0,2,0.2568,0.4229,0.8716,0.12,-0.06,0.0,25.93,-14.4,-0.16,27.9,,,,,,,,,,,,,,,,
EXO,28326901,,,,,,,,,,,,SAFE,-12.03,-0.061,1.002,1.286,-0.061,0.009,0.0,0.009,0.009,0.0,0.0,0.0,0.0,0.0,0.0
IMU,28376362.0,1,0.5059,-0.0508,0.8677,0.0,-0.18,0.0,-3.36,-30.45,0.44,26.8,,,,,,,,,,,,,,,,
IMU,28368778.0,2,0.2417,0.4214,0.8691,0.0,0.12,0.0,25.93,-14.4,-0.16,27.9,,,,,,,,,,,,,,,,
EXO,28426923,,,,,,,,,,,,SAFE,-12.03,0.122,0.996,1.286,0.174,0.009,0.0,0.009,-0.026,0.0,0.0,0.0,0.0,0.0,0.0
IMU,28476517.0,1,0.5034,-0.0503,0.8623,0.06,0.0,0.0,-3.36,-30.45,0.44,26.9,,,,,,,,,,,,,,,,
IMU,28468693.0,2,0.2432,0.4229,0.8706,0.0,0.43,0.0,25.93,-14.4,-0.16,27.8,,,,,,,,,,,,,,,,
EXO,28526807,,,,,,,,,,,,SAFE,-12.025,0.427,0.998,1.286,-0.036,0.009,0.0,0.009,0.002,0.0,0.0,0.0,0.0,0.0,0.0
IMU,28576679.0,1,0.5107,-0.0503,0.8608,0.0,-0.31,0.0,-3.36,-30.45,0.44,26.9,,,,,,,,,,,,,,,,
IMU,28568575.0,2,0.2451,0.4204,0.8706,0.0,0.0,0.0,25.93,-14.4,-0.15,27.9,,,,,,,,,,,,,,,,
EXO,28626903,,,,,,,,,,,,SAFE,-12.025,0.0,0.997,1.286,0.132,0.009,0.0,0.009,-0.013,0.0,0.0,0.0,0.0,0.0,0.0
IMU,28676798.0,1,0.5063,-0.0503,0.8667,0.0,0.0,0.0,-3.36,-30.45,0.44,27.0,,,,,,,,,,,,,,,,
IMU,28668524.0,2,0.2471,0.4229,0.8706,0.0,-0.18,0.0,25.93,-14.4,-0.15,27.9,,,,,,,,,,,,,,,,
EXO,28726886,,,,,,,,,,,,SAFE,-12.03,-0.183,0.999,1.286,-0.022,0.009,0.0,0.009,0.004,0.0,0.0,0.0,0.0,0.0,0.0
IMU,28777028.0,1,0.5088,-0.0518,0.8701,0.0,-0.24,0.0,-3.36,-30.45,0.44,27.0,,,,,,,,,,,,,,,,
IMU,28768481.0,2,0.2393,0.4204,0.8721,0.12,0.0,0.0,25.93,-14.4,-0.15,27.9,,,,,,,,,,,,,,,,
EXO,28826896,,,,,,,,,,,,SAFE,-12.025,0.0,0.997,1.286,-0.083,0.009,0.0,0.009,-0.005,0.0,0.0,0.0,0.0,0.0,0.0
IMU,28877194.0,1,0.5068,-0.0508,0.8623,0.0,0.18,0.0,-3.36,-30.45,0.44,27.0,,,,,,,,,,,,,,,,
IMU,28868368.0,2,0.2471,0.4233,0.8677,0.0,0.0,0.0,25.93,-14.4,-0.15,27.9,,,,,,,,,,,,,,,,
EXO,28926805,,,,,,,,,,,,SAFE,-12.03,0.0,0.997,1.286,-0.041,0.009,0.0,0.009,0.004,0.0,0.0,0.0,0.0,0.0,0.0
IMU,28977349.0,1,0.5103,-0.0493,0.8647,0.0,-0.37,0.0,-3.36,-30.45,0.44,27.0,,,,,,,,,,,,,,,,
IMU,28968286.0,2,0.2456,0.4189,0.876,0.0,0.0,0.0,25.93,-14.4,-0.15,27.8,,,,,,,,,,,,,,,,
EXO,29026896,,,,,,,,,,,,SAFE,-12.03,0.0,1.002,1.286,0.087,0.009,0.0,0.009,-0.008,0.0,0.0,0.0,0.0,0.0,0.0
IMU,29077524.0,1,0.5083,-0.0513,0.8599,0.0,0.12,0.0,-3.35,-30.45,0.44,27.0,,,,,,,,,,,,,,,,
IMU,29068258.0,2,0.251,0.4233,0.8691,0.0,-0.12,0.0,25.93,-14.4,-0.16,27.7,,,,,,,,,,,,,,,,
EXO,29126898,,,,,,,,,,,,SAFE,-12.03,-0.122,0.999,1.286,-0.108,0.009,0.0,0.009,0.009,0.0,0.0,0.0,0.0,0.0,0.0
IMU,29177631.0,1,0.5078,-0.0498,0.8652,0.0,0.0,0.0,-3.35,-30.45,0.44,26.9,,,,,,,,,,,,,,,,
IMU,29168194.0,2,0.2505,0.4214,0.8696,0.0,0.37,0.0,25.93,-14.4,-0.15,27.7,,,,,,,,,,,,,,,,
EXO,29226806,,,,,,,,,,,,SAFE,-12.03,0.366,0.998,1.286,0.062,0.009,0.0,0.009,0.001,0.0,0.0,0.0,0.0,0.0,0.0
IMU,29277793.0,1,0.5093,-0.0532,0.8633,0.0,0.0,0.0,-3.35,-30.45,0.44,26.9,,,,,,,,,,,,,,,,
IMU,29268132.0,2,0.2529,0.4229,0.8711,0.18,-0.37,0.0,25.94,-14.4,-0.15,27.7,,,,,,,,,,,,,,,,
EXO,29326878,,,,,,,,,,,,SAFE,-12.03,-0.366,1.001,1.286,-0.077,0.009,0.0,0.009,-0.002,0.0,0.0,0.0,0.0,0.0,0.0
IMU,29378054.0,1,0.5073,-0.0493,0.8657,0.06,-0.06,0.0,-3.35,-30.45,0.44,26.8,,,,,,,,,,,,,,,,
IMU,29368080.0,2,0.2485,0.4219,0.875,0.06,0.0,0.0,25.93,-14.4,-0.15,27.8,,,,,,,,,,,,,,,,
EXO,29427034,,,,,,,,,,,,SAFE,-12.03,0.0,1.003,1.286,-0.046,0.009,0.0,0.009,-0.001,0.0,0.0,0.0,0.0,0.0,0.0
IMU,29478188.0,1,0.5103,-0.0532,0.8604,0.0,-0.06,0.0,-3.35,-30.45,0.44,27.0,,,,,,,,,,,,,,,,
IMU,29467982.0,2,0.2471,0.4219,0.8696,0.0,-0.12,0.0,25.93,-14.4,-0.15,27.7,,,,,,,,,,,,,,,,
EXO,29527009,,,,,,,,,,,,SAFE,-12.03,-0.122,0.998,1.286,-0.042,0.009,0.0,0.009,0.0,0.0,0.0,0.0,0.0,0.0,0.0
IMU,29578363.0,1,0.5088,-0.0493,0.8662,0.06,0.12,0.0,-3.35,-30.45,0.44,26.8,,,,,,,,,,,,,,,,
IMU,29567938.0,2,0.2495,0.4209,0.8696,0.12,0.18,0.0,25.93,-14.4,-0.15,27.8,,,,,,,,,,,,,,,,
EXO,29626829,,,,,,,,,,,,SAFE,-12.03,0.183,0.998,1.286,-0.018,0.009,0.0,0.009,0.002,0.0,0.0,0.0,0.0,0.0,0.0
IMU,29678532.0,1,0.5107,-0.0513,0.8623,0.0,-0.18,0.0,-3.35,-30.45,0.44,26.8,,,,,,,,,,,,,,,,
IMU,29667791.0,2,0.2471,0.4204,0.8716,0.0,0.0,0.0,25.93,-14.4,-0.15,27.7,,,,,,,,,,,,,,,,
EXO,29726891,,,,,,,,,,,,SAFE,-12.03,0.0,0.999,1.286,-0.001,0.009,0.0,0.009,0.014,0.0,0.0,0.0,0.0,0.0,0.0
IMU,29778734.0,1,0.5093,-0.0508,0.8696,0.0,0.12,0.0,-3.35,-30.45,0.44,27.0,,,,,,,,,,,,,,,,
IMU,29767756.0,2,0.2495,0.4224,0.8696,0.0,0.0,0.0,25.93,-14.4,-0.15,27.9,,,,,,,,,,,,,,,,
EXO,29826800,,,,,,,,,,,,SAFE,-12.03,0.0,0.998,1.286,-0.095,0.009,0.0,0.009,0.009,0.0,0.0,0.0,0.0,0.0,0.0
IMU,29878894.0,1,0.5083,-0.0527,0.8643,0.0,-0.06,0.0,-3.35,-30.45,0.44,26.9,,,,,,,,,,,,,,,,
IMU,29867768.0,2,0.248,0.4214,0.8716,-0.06,0.0,0.0,25.93,-14.4,-0.15,27.7,,,,,,,,,,,,,,,,
EXO,29926998,,,,,,,,,,,,SAFE,-12.03,0.0,0.999,1.286,0.032,0.009,0.0,0.009,0.005,0.0,0.0,0.0,0.0,0.0,0.0
IMU,29979034.0,1,0.5078,-0.0508,0.8613,0.0,0.0,0.0,-3.35,-30.45,0.44,26.9,,,,,,,,,,,,,,,,
IMU,29967687.0,2,0.2568,0.4224,0.8687,0.18,0.0,0.0,25.94,-14.4,-0.15,27.9,,,,,,,,,,,,,,,,
EXO,30026791,,,,,,,,,,,,SAFE,-12.03,0.0,0.999,1.286,-0.025,0.009,0.0,0.009,-0.004,0.0,0.0,0.0,0.0,0.0,0.0
IMU,30079260.0,1,0.5078,-0.0493,0.8633,0.0,-0.06,0.0,-3.35,-30.45,0.44,27.0,,,,,,,,,,,,,,,,
IMU,30067571.0,2,0.2485,0.4224,0.8721,0.0,0.0,0.0,25.93,-14.4,-0.15,27.8,,,,,,,,,,,,,,,,
EXO,30126892,,,,,,,,,,,,SAFE,-12.03,0.0,1.0,1.286,-0.053,0.009,0.0,0.009,0.009,0.0,0.0,0.0,0.0,0.0,0.0
IMU,30179440.0,1,0.5107,-0.0508,0.8638,0.0,0.06,0.0,-3.35,-30.45,0.44,26.9,,,,,,,,,,,,,,,,
IMU,30167554.0,2,0.2495,0.4238,0.8687,0.06,-0.12,0.0,25.93,-14.4,-0.15,27.8,,,,,,,,,,,,,,,,
EXO,30226907,,,,,,,,,,,,SAFE,-12.03,-0.122,0.998,1.286,0.034,0.009,0.0,0.009,-0.008,0.0,0.0,0.0,0.0,0.0,0.0
IMU,30279631.0,1,0.5083,-0.0488,0.8652,0.0,0.06,0.0,-3.35,-30.45,0.44,26.9,,,,,,,,,,,,,,,,
IMU,30267495.0,2,0.2451,0.4189,0.8696,-0.18,0.18,0.0,25.93,-14.4,-0.15,27.9,,,,,,,,,,,,,,,,
EXO,30326882,,,,,,,,,,,,SAFE,-12.03,0.183,0.996,1.286,0.049,0.009,0.0,0.009,-0.01,0.0,0.0,0.0,0.0,0.0,0.0
IMU,30379817.0,1,0.5073,-0.0532,0.8599,0.0,-0.12,0.0,-3.35,-30.45,0.44,26.8,,,,,,,,,,,,,,,,
IMU,30367426.0,2,0.2427,0.4209,0.8687,0.18,-0.18,0.0,25.94,-14.4,-0.15,27.9,,,,,,,,,,,,,,,,
EXO,30427026,,,,,,,,,,,,SAFE,-12.03,-0.183,0.995,1.286,0.01,0.009,0.0,0.009,0.004,0.0,0.0,0.0,0.0,0.0,0.0
IMU,30480025.0,1,0.5059,-0.0498,0.8599,0.06,0.06,0.0,-3.35,-30.45,0.44,27.0,,,,,,,,,,,,,,,,
IMU,30467370.0,2,0.2549,0.4253,0.8662,0.18,0.0,0.0,25.94,-14.4,-0.15,27.8,,,,,,,,,,,,,,,,
EXO,30526819,,,,,,,,,,,,SAFE,-12.03,0.0,0.998,1.286,0.062,0.009,0.0,0.009,0.005,0.0,0.0,0.0,0.0,0.0,0.0
IMU,30580175.0,1,0.5063,-0.0522,0.8608,0.0,-0.31,0.0,-3.35,-30.45,0.44,27.0,,,,,,,,,,,,,,,,
IMU,30567249.0,2,0.2461,0.4194,0.8721,0.31,0.0,0.0,25.94,-14.4,-0.15,27.9,,,,,,,,,,,,,,,,
EXO,30626902,,,,,,,,,,,,SAFE,-12.025,0.0,0.998,1.286,-0.025,0.009,0.0,0.009,-0.008,0.0,0.0,0.0,0.0,0.0,0.0
IMU,30680312.0,1,0.5073,-0.0508,0.8633,0.0,0.0,0.0,-3.35,-30.44,0.44,27.0,,,,,,,,,,,,,,,,
IMU,30667226.0,2,0.2466,0.4238,0.8701,0.06,0.0,-0.06,25.94,-14.4,-0.16,27.8,,,,,,,,,,,,,,,,
EXO,30726886,,,,,,,,,,,,SAFE,-12.025,0.0,0.999,1.286,-0.064,0.009,0.0,0.009,0.003,0.0,0.0,0.0,0.0,0.0,0.0
IMU,30780469.0,1,0.5093,-0.0498,0.8618,0.0,0.0,0.0,-3.35,-30.45,0.44,26.9,,,,,,,,,,,,,,,,
IMU,30767070.0,2,0.2476,0.4214,0.8706,0.0,0.0,0.0,25.94,-14.4,-0.16,27.8,,,,,,,,,,,,,,,,
EXO,30826809,,,,,,,,,,,,SAFE,-12.025,0.0,0.998,1.286,0.122,0.009,0.0,0.009,0.005,0.0,0.0,0.0,0.0,0.0,0.0
IMU,30880721.0,1,0.5068,-0.0503,0.8687,0.0,-0.12,0.0,-3.35,-30.45,0.44,26.9,,,,,,,,,,,,,,,,
IMU,30867095.0,2,0.2568,0.4229,0.8745,0.06,0.31,-0.12,25.94,-14.39,-0.17,27.9,,,,,,,,,,,,,,,,
EXO,30927013,,,,,,,,,,,,SAFE,-12.019,0.305,1.005,1.286,0.053,0.009,0.0,0.009,-0.008,0.0,0.0,0.0,0.0,0.0,0.0
IMU,30980902.0,1,0.5059,-0.0513,0.8623,0.0,-0.06,0.0,-3.35,-30.45,0.44,27.0,,,,,,,,,,,,,,,,
IMU,30966921.0,2,0.2427,0.4209,0.8662,0.0,0.0,0.0,25.94,-14.39,-0.18,27.8,,,,,,,,,,,,,,,,
EXO,31026898,,,,,,,,,,,,SAFE,-12.019,0.0,0.993,1.286,-0.025,0.009,0.0,0.009,-0.003,0.0,0.0,0.0,0.0,0.0,0.0
IMU,31081107.0,1,0.5029,-0.0454,0.8809,0.0,2.32,-0.12,-3.36,-30.4,0.44,26.8,,,,,,,,,,,,,,,,
IMU,31066934.0,2,0.2803,0.4263,0.8408,-0.67,3.6,-1.1,25.94,-14.41,-0.18,27.8,,,,,,,,,,,,,,,,
EXO,31127095,,,,,,,,,,,,SAFE,-12.041,3.601,0.983,1.286,0.167,0.009,0.0,0.009,0.025,0.0,0.0,0.0,0.0,0.0,0.0
IMU,31181262.0,1,0.5112,-0.0518,0.8535,-0.06,-0.85,0.0,-3.36,-30.43,0.45,26.9,,,,,,,,,,,,,,,,
IMU,31166875.0,2,0.2417,0.417,0.8809,0.31,-0.67,0.06,25.92,-14.39,-0.18,27.7,,,,,,,,,,,,,,,,
EXO,31227096,,,,,,,,,,,,SAFE,-12.014,-0.671,1.004,1.286,0.154,0.009,0.0,0.009,-0.009,0.0,0.0,0.0,0.0,0.0,0.0
IMU,31281447.0,1,0.5005,-0.0562,0.8643,0.0,-0.18,0.0,-3.37,-30.41,0.45,26.9,,,,,,,,,,,,,,,,
IMU,31266775.0,2,0.2432,0.4189,0.876,-0.06,0.18,0.0,25.92,-14.39,-0.18,27.9,,,,,,,,,,,,,,,,
EXO,31326981,,,,,,,,,,,,SAFE,-12.019,0.183,1.001,1.286,0.103,0.009,0.0,0.009,0.002,0.0,0.0,0.0,0.0,0.0,0.0
IMU,31381632.0,1,0.5083,-0.0493,0.8638,0.0,0.31,0.0,-3.37,-30.41,0.45,26.9,,,,,,,,,,,,,,,,
IMU,31366664.0,2,0.2456,0.4248,0.8652,0.0,0.0,0.0,25.92,-14.4,-0.19,27.9,,,,,,,,,,,,,,,,
EXO,31426846,,,,,,,,,,,,SAFE,-12.025,0.0,0.995,1.286,0.007,0.009,0.0,0.009,0.004,0.0,0.0,0.0,0.0,0.0,0.0
IMU,31481831.0,1,0.5098,-0.0493,0.8613,0.0,0.0,-0.06,-3.37,-30.42,0.44,26.9,,,,,,,,,,,,,,,,
IMU,31466670.0,2,0.2485,0.4224,0.8701,0.24,-0.12,-0.06,25.92,-14.39,-0.19,27.7,,,,,,,,,,,,,,,,
EXO,31527077,,,,,,,,,,,,SAFE,-12.019,-0.122,0.999,1.286,0.053,0.009,0.0,0.009,0.014,0.0,0.0,0.0,0.0,0.0,0.0
IMU,31582037.0,1,0.5073,-0.0537,0.8618,0.0,-0.12,-0.06,-3.37,-30.42,0.44,27.0,,,,,,,,,,,,,,,,
IMU,31566599.0,2,0.2476,0.4204,0.875,0.18,-0.12,-0.06,25.92,-14.39,-0.2,27.9,,,,,,,,,,,,,,,,
EXO,31627169,,,,,,,,,,,,SAFE,-12.019,-0.122,1.002,1.286,-0.054,0.009,0.0,0.009,-0.006,0.0,0.0,0.0,0.0,0.0,0.0
IMU,31682195.0,1,0.5068,-0.0483,0.8638,0.18,0.12,0.0,-3.36,-30.43,0.44,26.9,,,,,,,,,,,,,,,,
IMU,31666528.0,2,0.252,0.4238,0.8667,0.06,0.12,-0.12,25.93,-14.39,-0.21,27.8,,,,,,,,,,,,,,,,
EXO,31726919,,,,,,,,,,,,SAFE,-12.019,0.122,0.997,1.286,-0.058,0.009,0.0,0.009,0.007,0.0,0.0,0.0,0.0,0.0,0.0
IMU,31782367.0,1,0.5078,-0.0532,0.8608,0.06,-0.06,0.0,-3.36,-30.44,0.44,26.8,,,,,,,,,,,,,,,,
IMU,31766432.0,2,0.2466,0.4209,0.8682,0.12,-0.12,0.0,25.95,-14.38,-0.22,27.8,,,,,,,,,,,,,,,,
EXO,31827008,,,,,,,,,,,,SAFE,-12.008,-0.122,0.996,1.286,-0.087,0.009,0.0,0.009,0.001,0.0,0.0,0.0,0.0,0.0,0.0
IMU,31882497.0,1,0.5039,-0.0488,0.8633,0.0,0.0,0.0,-3.36,-30.44,0.44,26.9,,,,,,,,,,,,,,,,
IMU,31866368.0,2,0.2466,0.4204,0.873,0.0,-0.12,0.0,25.95,-14.38,-0.23,27.6,,,,,,,,,,,,,,,,
EXO,31926932,,,,,,,,,,,,SAFE,-12.008,-0.122,1.0,1.286,-0.052,0.009,0.0,0.009,-0.005,0.0,0.0,0.0,0.0,0.0,0.0
IMU,31982706.0,1,0.5059,-0.0537,0.8628,0.0,-0.12,0.0,-3.36,-30.44,0.44,27.0,,,,,,,,,,,,,,,,
IMU,31966284.0,2,0.2495,0.4209,0.8711,0.0,0.06,0.0,25.95,-14.38,-0.23,27.9,,,,,,,,,,,,,,,,
EXO,32026912,,,,,,,,,,,,SAFE,-12.003,0.061,0.999,1.286,-0.048,0.009,0.0,0.009,-0.004,0.0,0.0,0.0,0.0,0.0,0.0
IMU,32082822.0,1,0.5098,-0.0498,0.8657,0.0,0.0,0.0,-3.36,-30.44,0.44,26.9,,,,,,,,,,,,,,,,
IMU,32066231.0,2,0.249,0.4248,0.8657,0.0,0.0,-0.06,25.95,-14.38,-0.24,27.8,,,,,,,,,,,,,,,,
EXO,32126901,,,,,,,,,,,,SAFE,-12.003,0.0,0.996,1.286,0.023,0.009,0.0,0.009,0.001,0.0,0.0,0.0,0.0,0.0,0.0
IMU,32183097.0,1,0.5054,-0.0527,0.8618,0.0,0.06,0.0,-3.36,-30.44,0.44,26.9,,,,,,,,,,,,,,,,
IMU,32166153.0,2,0.2529,0.4199,0.8691,0.12,-0.31,0.06,25.95,-14.38,-0.24,27.7,,,,,,,,,,,,,,,,
EXO,32226916,,,,,,,,,,,,SAFE,-12.003,-0.305,0.998,1.286,-0.026,0.009,0.0,0.009,0.002,0.0,0.0,0.0,0.0,0.0,0.0
IMU,32283234.0,1,0.5059,-0.0513,0.8662,0.0,-0.24,0.0,-3.36,-30.44,0.44,26.8,,,,,,,,,,,,,,,,
IMU,32266079.0,2,0.2441,0.4233,0.873,0.0,0.18,0.0,25.95,-14.38,-0.24,28.0,,,,,,,,,,,,,,,,
EXO,32326907,,,,,,,,,,,,SAFE,-12.003,0.183,1.001,1.286,0.045,0.009,0.0,0.009,-0.037,0.0,0.0,0.0,0.0,0.0,0.0
IMU,32383422.0,1,0.5098,-0.0488,0.8633,0.0,-0.06,0.0,-3.36,-30.45,0.44,26.9,,,,,,,,,,,,,,,,
IMU,32365978.0,2,0.2495,0.4238,0.8711,0.06,0.0,0.0,25.95,-14.38,-0.24,27.7,,,,,,,,,,,,,,,,
EXO,32426934,,,,,,,,,,,,SAFE,-12.003,0.0,1.0,1.286,0.143,0.009,0.0,0.009,-0.008,0.0,0.0,0.0,0.0,0.0,0.0
IMU,32483605.0,1,0.5078,-0.0527,0.8652,0.0,-0.06,0.0,-3.36,-30.44,0.44,26.9,,,,,,,,,,,,,,,,
IMU,32465895.0,2,0.248,0.4204,0.8716,0.12,-0.12,0.0,25.96,-14.38,-0.24,27.9,,,,,,,,,,,,,,,,
EXO,32526984,,,,,,,,,,,,SAFE,-12.003,-0.122,0.999,1.286,0.091,0.009,0.0,0.009,-0.011,0.0,0.0,0.0,0.0,0.0,0.0
IMU,32583712.0,1,0.5078,-0.0493,0.8623,0.0,0.0,0.0,-3.36,-30.44,0.44,26.9,,,,,,,,,,,,,,,,
IMU,32565829.0,2,0.2524,0.4243,0.8721,0.12,-0.06,0.0,25.95,-14.38,-0.24,27.8,,,,,,,,,,,,,,,,
EXO,32626882,,,,,,,,,,,,SAFE,-12.008,-0.061,1.002,1.286,-0.025,0.009,0.0,0.009,-0.022,0.0,0.0,0.0,0.0,0.0,0.0
IMU,32683944.0,1,0.5107,-0.0508,0.8652,0.0,-0.37,0.0,-3.36,-30.45,0.44,26.9,,,,,,,,,,,,,,,,
IMU,32665784.0,2,0.2524,0.4214,0.875,0.06,0.24,0.0,25.95,-14.38,-0.24,27.9,,,,,,,,,,,,,,,,
EXO,32726903,,,,,,,,,,,,SAFE,-12.003,0.244,1.003,1.286,0.017,0.009,0.0,0.009,0.002,0.0,0.0,0.0,0.0,0.0,0.0
IMU,32784076.0,1,0.5039,-0.0498,0.8647,0.0,0.0,0.0,-3.36,-30.44,0.44,26.8,,,,,,,,,,,,,,,,
IMU,32765659.0,2,0.2446,0.4219,0.8687,0.0,0.0,0.0,25.95,-14.38,-0.24,27.8,,,,,,,,,,,,,,,,
EXO,32826804,,,,,,,,,,,,SAFE,-12.008,0.0,0.996,1.286,-0.036,0.009,0.0,0.009,-0.001,0.0,0.0,0.0,0.0,0.0,0.0
IMU,32884323.0,1,0.5098,-0.0498,0.8628,0.0,0.06,0.0,-3.36,-30.45,0.44,26.9,,,,,,,,,,,,,,,,
IMU,32865646.0,2,0.2515,0.4229,0.8667,0.06,-0.12,0.0,25.95,-14.38,-0.24,27.8,,,,,,,,,,,,,,,,
EXO,32926933,,,,,,,,,,,,SAFE,-12.008,-0.122,0.997,1.286,-0.037,0.009,0.0,0.009,0.015,0.0,0.0,0.0,0.0,0.0,0.0
IMU,32984426.0,1,0.5083,-0.0488,0.8633,0.0,0.0,0.0,-3.35,-30.45,0.44,27.0,,,,,,,,,,,,,,,,
IMU,32965585.0,2,0.251,0.4238,0.8701,0.06,0.06,0.0,25.95,-14.38,-0.24,27.9,,,,,,,,,,,,,,,,
EXO,33026795,,,,,,,,,,,,SAFE,-12.008,0.061,1.0,1.286,0.019,0.009,0.0,0.009,0.008,0.0,0.0,0.0,0.0,0.0,0.0
IMU,33084644.0,1,0.5083,-0.0513,0.8613,0.0,0.0,0.0,-3.36,-30.45,0.45,26.8,,,,,,,,,,,,,,,,
IMU,33065505.0,2,0.2461,0.4209,0.8687,0.06,0.12,0.0,25.95,-14.38,-0.24,27.8,,,,,,,,,,,,,,,,
EXO,33126807,,,,,,,,,,,,SAFE,-12.008,0.122,0.996,1.286,0.002,0.009,0.0,0.009,0.01,0.0,0.0,0.0,0.0,0.0,0.0
IMU,33184854.0,1,0.5078,-0.0522,0.8652,0.0,0.12,0.0,-3.35,-30.45,0.45,26.8,,,,,,,,,,,,,,,,
IMU,33165395.0,2,0.2495,0.4219,0.8706,0.18,-0.24,0.0,25.95,-14.39,-0.24,27.8,,,,,,,,,,,,,,,,
EXO,33226919,,,,,,,,,,,,SAFE,-12.014,-0.244,0.999,1.286,-0.017,0.009,0.0,0.009,0.0,0.0,0.0,0.0,0.0,0.0,0.0
IMU,33285043.0,1,0.5117,-0.0474,0.8589,0.06,-0.24,0.0,-3.35,-30.45,0.45,26.9,,,,,,,,,,,,,,,,
IMU,33265345.0,2,0.248,0.4209,0.8726,0.18,-0.06,0.0,25.94,-14.39,-0.24,28.0,,,,,,,,,,,,,,,,
EXO,33327018,,,,,,,,,,,,SAFE,-12.014,-0.061,1.0,1.286,0.079,0.009,0.0,0.009,0.01,0.0,0.0,0.0,0.0,0.0,0.0
IMU,33385152.0,1,0.5107,-0.0508,0.8643,0.0,0.0,0.0,-3.35,-30.45,0.45,26.9,,,,,,,,,,,,,,,,
IMU,33365277.0,2,0.251,0.4209,0.8716,0.06,-0.18,0.0,25.94,-14.39,-0.24,27.8,,,,,,,,,,,,,,,,
EXO,33426934,,,,,,,,,,,,SAFE,-12.014,-0.183,1.0,1.286,-0.049,0.009,0.0,0.009,0.005,0.0,0.0,0.0,0.0,0.0,0.0
IMU,33485414.0,1,0.5054,-0.0508,0.8677,0.0,-0.18,0.0,-3.35,-30.45,0.45,26.8,,,,,,,,,,,,,,,,
IMU,33465211.0,2,0.2563,0.4238,0.876,-0.06,0.55,-0.31,25.94,-14.39,-0.24,27.9,,,,,,,,,,,,,,,,
EXO,33527074,,,,,,,,,,,,SAFE,-12.014,0.549,1.006,1.286,0.013,0.009,0.0,0.009,-0.002,0.0,0.0,0.0,0.0,0.0,0.0
IMU,33585523.0,1,0.5127,-0.0508,0.8643,0.0,0.0,0.0,-3.35,-30.45,0.45,27.0,,,,,,,,,,,,,,,,
IMU,33565110.0,2,0.2456,0.4219,0.8647,0.06,0.0,0.0,25.95,-14.39,-0.24,27.9,,,,,,,,,,,,,,,,
EXO,33626816,,,,,,,,,,,,SAFE,-12.014,0.0,0.993,1.286,0.011,0.009,0.0,0.009,0.003,0.0,0.0,0.0,0.0,0.0,0.0
IMU,33685732.0,1,0.5034,-0.0513,0.8633,0.0,0.0,0.0,-3.35,-30.45,0.45,27.0,,,,,,,,,,,,,,,,
IMU,33664988.0,2,0.2446,0.4224,0.8696,0.0,0.0,0.0,25.95,-14.39,-0.25,27.7,,,,,,,,,,,,,,,,
EXO,33726804,,,,,,,,,,,,SAFE,-12.014,0.0,0.997,1.286,0.038,0.009,0.0,0.009,0.007,0.0,0.0,0.0,0.0,0.0,0.0
IMU,33785887.0,1,0.5107,-0.0522,0.8623,0.0,0.0,0.0,-3.35,-30.45,0.45,26.8,,,,,,,,,,,,,,,,
IMU,33765005.0,2,0.2466,0.4209,0.8745,0.0,0.0,-0.06,25.95,-14.38,-0.25,27.9,,,,,,,,,,,,,,,,
EXO,33826896,,,,,,,,,,,,SAFE,-12.008,0.0,1.001,1.286,0.002,0.009,0.0,0.009,0.04,0.0,0.0,0.0,0.0,0.0,0.0
IMU,33886168.0,1,0.5078,-0.0503,0.8652,0.0,0.06,0.0,-3.36,-30.45,0.45,26.8,,,,,,,,,,,,,,,,
IMU,33864957.0,2,0.2578,0.4243,0.8721,0.0,-0.12,-0.06,25.95,-14.38,-0.26,27.9,,,,,,,,,,,,,,,,
EXO,33927011,,,,,,,,,,,,SAFE,-12.008,-0.122,1.004,1.286,-0.002,0.009,0.0,0.009,-0.008,0.0,0.0,0.0,0.0,0.0,0.0
IMU,33986255.0,1,0.5078,-0.0503,0.8599,0.0,0.0,0.0,-3.36,-30.45,0.45,27.0,,,,,,,,,,,,,,,,
IMU,33964865.0,2,0.2563,0.4224,0.8711,0.12,0.18,0.0,25.95,-14.38,-0.26,28.1,,,,,,,,,,,,,,,,
EXO,34026797,,,,,,,,,,,,SAFE,-12.008,0.183,1.001,1.286,0.066,0.009,0.0,0.009,0.002,0.0,0.0,0.0,0.0,0.0,0.0
IMU,34086522.0,1,0.5078,-0.0522,0.8662,0.0,0.18,0.0,-3.36,-30.45,0.45,27.0,,,,,,,,,,,,,,,,
IMU,34064768.0,2,0.2515,0.4233,0.8687,0.12,-0.31,0.0,25.95,-14.38,-0.26,27.9,,,,,,,,,,,,,,,,
EXO,34126909,,,,,,,,,,,,SAFE,-12.008,-0.305,0.999,1.286,0.029,0.009,0.0,0.009,0.007,0.0,0.0,0.0,0.0,0.0,0.0
IMU,34186707.0,1,0.5107,-0.0488,0.8701,0.0,0.18,0.0,-3.35,-30.45,0.45,27.0,,,,,,,,,,,,,,,,
IMU,34164742.0,2,0.2524,0.4233,0.8628,0.24,-0.55,0.12,25.95,-14.38,-0.26,27.9,,,,,,,,,,,,,,,,
EXO,34226904,,,,,,,,,,,,SAFE,-12.008,-0.549,0.994,1.286,0.056,0.009,0.0,0.009,-0.003,0.0,0.0,0.0,0.0,0.0,0.0
IMU,34286887.0,1,0.5068,-0.0527,0.8589,0.0,-0.06,0.0,-3.35,-30.45,0.45,27.0,,,,,,,,,,,,,,,,
IMU,34264696.0,2,0.2524,0.4229,0.8774,0.18,0.0,0.0,25.95,-14.38,-0.27,27.8,,,,,,,,,,,,,,,,
EXO,34326913,,,,,,,,,,,,SAFE,-12.008,0.0,1.006,1.286,0.017,0.009,0.0,0.009,-0.0,0.0,0.0,0.0,0.0,0.0,0.0
IMU,34386967.0,1,0.5112,-0.0518,0.8672,0.0,0.0,0.0,-3.35,-30.45,0.45,26.9,,,,,,,,,,,,,,,,
IMU,34364688.0,2,0.251,0.4253,0.8706,0.0,0.12,-0.12,25.95,-14.38,-0.27,27.9,,,,,,,,,,,,,,,,
EXO,34426906,,,,,,,,,,,,SAFE,-12.008,0.122,1.001,1.286,0.093,0.009,0.0,0.009,0.002,0.0,0.0,0.0,0.0,0.0,0.0
IMU,34487212.0,1,0.5083,-0.0508,0.8657,0.0,0.18,0.0,-3.35,-30.45,0.45,26.9,,,,,,,,,,,,,,,,
IMU,34464586.0,2,0.2485,0.4209,0.8682,0.06,-0.12,0.0,25.96,-14.38,-0.28,28.0,,,,,,,,,,,,,,,,
EXO,34526895,,,,,,,,,,,,SAFE,-12.008,-0.122,0.996,1.286,0.052,0.009,0.0,0.009,-0.005,0.0,0.0,0.0,0.0,0.0,0.0
IMU,34587419.0,1,0.5083,-0.0513,0.8618,0.0,-0.06,0.0,-3.35,-30.45,0.45,26.8,,,,,,,,,,,,,,,,
IMU,34564531.0,2,0.2466,0.4224,0.8721,0.12,0.06,-0.12,25.95,-14.38,-0.29,27.9,,,,,,,,,,,,,,,,
EXO,34626990,,,,,,,,,,,,SAFE,-12.003,0.061,1.0,1.286,0.03,0.009,0.0,0.009,-0.003,0.0,0.0,0.0,0.0,0.0,0.0
IMU,34687575.0,1,0.5093,-0.0518,0.8652,0.06,0.0,0.0,-3.35,-30.45,0.45,27.0,,,,,,,,,,,,,,,,
IMU,34664390.0,2,0.251,0.4214,0.8711,0.12,-0.31,0.06,25.95,-14.38,-0.29,27.9,,,,,,,,,,,,,,,,
EXO,34726890,,,,,,,,,,,,SAFE,-12.003,-0.305,1.0,1.286,-0.015,0.009,0.0,0.009,-0.0,0.0,0.0,0.0,0.0,0.0,0.0
IMU,34787758.0,1,0.5049,-0.0493,0.8604,0.0,0.24,0.0,-3.35,-30.45,0.45,27.1,,,,,,,,,,,,,,,,
IMU,34764324.0,2,0.2476,0.4214,0.8691,0.18,-0.24,0.06,25.96,-14.38,-0.29,27.8,,,,,,,,,,,,,,,,
EXO,34826923,,,,,,,,,,,,SAFE,-12.003,-0.244,0.997,1.286,-0.084,0.009,0.0,0.009,0.01,0.0,0.0,0.0,0.0,0.0,0.0
IMU,34887859.0,1,0.5112,-0.0513,0.8608,0.0,0.0,0.0,-3.35,-30.45,0.45,27.0,,,,,,,,,,,,,,,,
IMU,34864286.0,2,0.2412,0.4189,0.873,0.0,0.0,-0.06,25.96,-14.37,-0.3,27.9,,,,,,,,,,,,,,,,
EXO,34926922,,,,,,,,,,,,SAFE,-11.997,0.0,0.998,1.286,-0.002,0.009,0.0,0.009,-0.002,0.0,0.0,0.0,0.0,0.0,0.0
IMU,34988111.0,1,0.5063,-0.0513,0.8604,0.0,0.06,0.0,-3.36,-30.45,0.45,27.0,,,,,,,,,,,,,,,,
IMU,34964157.0,2,0.2471,0.4233,0.8721,-0.06,-0.06,0.0,25.96,-14.37,-0.3,27.8,,,,,,,,,,,,,,,,
EXO,35026998,,,,,,,,,,,,SAFE,-11.997,-0.061,1.0,1.286,-0.105,0.009,0.0,0.009,-0.024,0.0,0.0,0.0,0.0,0.0,0.0
IMU,35088305.0,1,0.5063,-0.0518,0.8618,0.06,0.0,0.0,-3.35,-30.45,0.45,27.0,,,,,,,,,,,,,,,,
IMU,35064067.0,2,0.2437,0.4209,0.8687,0.12,0.0,0.0,25.96,-14.37,-0.31,27.9,,,,,,,,,,,,,,,,
EXO,35126818,,,,,,,,,,,,SAFE,-11.997,0.0,0.996,1.286,0.019,0.009,0.0,0.009,0.001,0.0,0.0,0.0,0.0,0.0,0.0
IMU,35188457.0,1,0.5103,-0.0503,0.8643,0.0,0.06,0.0,-3.35,-30.45,0.45,26.8,,,,,,,,,,,,,,,,
IMU,35163980.0,2,0.2578,0.4233,0.875,0.0,-0.24,0.0,25.96,-14.38,-0.31,27.8,,,,,,,,,,,,,,,,
EXO,35226902,,,,,,,,,,,,SAFE,-12.003,-0.244,1.006,1.286,-0.003,0.009,0.0,0.009,-0.0,0.0,0.0,0.0,0.0,0.0,0.0
IMU,35288580.0,1,0.5068,-0.0527,0.8633,0.0,0.0,0.0,-3.35,-30.45,0.45,27.0,,,,,,,,,,,,,,,,
IMU,35263940.0,2,0.249,0.4229,0.874,0.0,0.18,0.0,25.96,-14.38,-0.31,27.9,,,,,,,,,,,,,,,,
EXO,35326813,,,,,,,,,,,,SAFE,-12.003,0.183,1.002,1.286,-0.044,0.009,0.0,0.009,-0.019,0.0,0.0,0.0,0.0,0.0,0.0
IMU,35388856.0,1,0.5063,-0.0513,0.8618,0.06,-0.06,0.0,-3.35,-30.45,0.45,27.0,,,,,,,,,,,,,,,,
IMU,35363792.0,2,0.248,0.4233,0.8701,0.0,0.0,0.0,25.96,-14.38,-0.31,27.7,,,,,,,,,,,,,,,,
EXO,35426946,,,,,,,,,,,,SAFE,-12.003,0.0,0.999,1.286,-0.053,0.009,0.0,0.009,0.008,0.0,0.0,0.0,0.0,0.0,0.0
IMU,35489037.0,1,0.5093,-0.0498,0.8638,0.0,-0.06,0.0,-3.35,-30.45,0.45,26.8,,,,,,,,,,,,,,,,
IMU,35463792.0,2,0.2495,0.4224,0.8696,0.0,0.12,0.0,25.96,-14.38,-0.31,27.8,,,,,,,,,,,,,,,,
EXO,35526903,,,,,,,,,,,,SAFE,-12.003,0.122,0.998,1.286,0.002,0.009,0.0,0.009,-0.001,0.0,0.0,0.0,0.0,0.0,0.0
IMU,35589136.0,1,0.5063,-0.0508,0.8638,0.0,0.0,0.0,-3.35,-30.45,0.45,27.0,,,,,,,,,,,,,,,,
IMU,35563732.0,2,0.2476,0.4209,0.8682,0.0,-0.06,0.0,25.95,-14.38,-0.31,27.9,,,,,,,,,,,,,,,,
EXO,35626901,,,,,,,,,,,,SAFE,-12.008,-0.061,0.996,1.286,0.041,0.009,0.0,0.009,0.003,0.0,0.0,0.0,0.0,0.0,0.0
IMU,35689360.0,1,0.5054,-0.0493,0.8877,0.0,1.1,0.0,-3.36,-30.41,0.45,26.8,,,,,,,,,,,,,,,,
IMU,35663660.0,2,0.27,0.4277,0.833,-0.18,-0.67,0.31,25.94,-14.41,-0.31,27.8,,,,,,,,,,,,,,,,
EXO,35726992,,,,,,,,,,,,SAFE,-12.036,-0.671,0.975,1.286,0.036,0.009,0.0,0.009,-0.006,0.0,0.0,0.0,0.0,0.0,0.0
IMU,35789591.0,1,0.5073,-0.0518,0.856,-0.12,0.18,0.06,-3.37,-30.44,0.46,26.8,,,,,,,,,,,,,,,,
IMU,35763582.0,2,0.2441,0.4199,0.8857,0.31,-0.73,0.12,25.92,-14.37,-0.31,27.7,,,,,,,,,,,,,,,,
EXO,35827002,,,,,,,,,,,,SAFE,-11.997,-0.732,1.01,1.286,-0.006,0.009,0.0,0.009,-0.061,0.0,0.0,0.0,0.0,0.0,0.0
IMU,35889726.0,1,0.5059,-0.0527,0.8604,0.0,-0.73,0.0,-3.37,-30.43,0.46,27.0,,,,,,,,,,,,,,,,
IMU,35863517.0,2,0.2437,0.4253,0.873,-0.18,1.1,-0.37,25.93,-14.38,-0.32,27.9,,,,,,,,,,,,,,,,
EXO,35927112,,,,,,,,,,,,SAFE,-12.003,1.099,1.001,1.286,0.005,0.009,0.0,0.009,-0.008,0.0,0.0,0.0,0.0,0.0,0.0
IMU,35989938.0,1,0.5098,-0.0479,0.8672,0.06,0.06,0.0,-3.37,-30.43,0.45,26.8,,,,,,,,,,,,,,,,
IMU,35963440.0,2,0.25,0.4243,0.8638,0.12,0.0,-0.12,25.93,-14.38,-0.32,27.9,,,,,,,,,,,,,,,,
EXO,36026913,,,,,,,,,,,,SAFE,-12.008,0.0,0.994,1.286,0.073,0.009,0.0,0.009,-0.001,0.0,0.0,0.0,0.0,0.0,0.0
IMU,36090151.0,1,0.5093,-0.0508,0.8608,0.0,0.12,-0.12,-3.36,-30.44,0.44,26.9,,,,,,,,,,,,,,,,
IMU,36063329.0,2,0.2485,0.4199,0.873,0.24,-0.37,0.0,25.94,-14.37,-0.33,27.8,,,,,,,,,,,,,,,,
EXO,36126992,,,,,,,,,,,,SAFE,-11.997,-0.366,1.0,1.286,-0.045,0.009,0.0,0.009,0.004,0.0,0.0,0.0,0.0,0.0,0.0
IMU,36190311.0,1,0.5063,-0.0493,0.8608,0.06,-0.37,0.0,-3.36,-30.45,0.44,26.9,,,,,,,,,,,,,,,,
IMU,36163276.0,2,0.249,0.4229,0.875,0.0,0.24,-0.18,25.95,-14.37,-0.34,27.9,,,,,,,,,,,,,,,,
EXO,36226985,,,,,,,,,,,,SAFE,-11.997,0.244,1.003,1.286,0.08,0.009,0.0,0.009,0.0,0.0,0.0,0.0,0.0,0.0,0.0
IMU,36290486.0,1,0.5093,-0.0518,0.8657,0.06,0.0,0.0,-3.36,-30.45,0.44,26.9,,,,,,,,,,,,,,,,
IMU,36263205.0,2,0.25,0.4224,0.8638,0.0,0.0,-0.06,25.96,-14.37,-0.35,27.8,,,,,,,,,,,,,,,,
EXO,36326899,,,,,,,,,,,,SAFE,-11.997,0.0,0.993,1.286,-0.011,0.009,0.0,0.009,0.007,0.0,0.0,0.0,0.0,0.0,0.0
IMU,36390622.0,1,0.5088,-0.0493,0.8618,0.0,0.0,0.0,-3.36,-30.45,0.44,26.9,,,,,,,,,,,,,,,,
IMU,36363136.0,2,0.2412,0.4194,0.8701,0.06,-0.12,0.0,25.96,-14.36,-0.35,27.9,,,,,,,,,,,,,,,,
EXO,36426904,,,,,,,,,,,,SAFE,-11.992,-0.122,0.996,1.286,0.037,0.009,0.0,0.009,-0.001,0.0,0.0,0.0,0.0,0.0,0.0
IMU,36490857.0,1,0.5044,-0.0527,0.8633,0.0,-0.12,0.0,-3.36,-30.45,0.44,27.0,,,,,,,,,,,,,,,,
IMU,36463055.0,2,0.252,0.4224,0.8745,-0.06,0.18,0.0,25.96,-14.37,-0.35,27.8,,,,,,,,,,,,,,,,
EXO,36526982,,,,,,,,,,,,SAFE,-11.997,0.183,1.003,1.286,0.154,0.009,0.0,0.009,0.004,0.0,0.0,0.0,0.0,0.0,0.0
IMU,36591061.0,1,0.5059,-0.0513,0.8628,0.0,0.24,0.0,-3.36,-30.45,0.44,27.0,,,,,,,,,,,,,,,,
IMU,36562984.0,2,0.2417,0.4238,0.8716,0.0,-0.06,0.0,25.96,-14.37,-0.35,27.9,,,,,,,,,,,,,,,,
EXO,36626899,,,,,,,,,,,,SAFE,-11.997,-0.061,0.999,1.286,0.061,0.009,0.0,0.009,0.004,0.0,0.0,0.0,0.0,0.0,0.0
IMU,36691250.0,1,0.5117,-0.0518,0.8604,-0.06,-0.43,0.0,-3.36,-30.45,0.44,27.0,,,,,,,,,,,,,,,,
IMU,36662896.0,2,0.2632,0.4268,0.8726,0.0,0.06,0.0,25.95,-14.38,-0.35,27.9,,,,,,,,,,,,,,,,
EXO,36726984,,,,,,,,,,,,SAFE,-12.003,0.061,1.006,1.286,-0.095,0.009,0.0,0.009,0.017,0.0,0.0,0.0,0.0,0.0,0.0
IMU,36791424.0,1,0.5068,-0.0537,0.8652,0.0,0.24,0.0,-3.35,-30.45,0.44,26.9,,,,,,,,,,,,,,,,
IMU,36762784.0,2,0.248,0.4204,0.8677,0.18,0.0,0.0,25.96,-14.37,-0.36,27.9,,,,,,,,,,,,,,,,
EXO,36826805,,,,,,,,,,,,SAFE,-11.997,0.0,0.996,1.286,0.061,0.009,0.0,0.009,-0.012,0.0,0.0,0.0,0.0,0.0,0.0
IMU,36891604.0,1,0.5093,-0.0469,0.8628,0.0,-0.24,0.0,-3.35,-30.45,0.44,26.9,,,,,,,,,,,,,,,,
IMU,36862728.0,2,0.249,0.4272,0.8696,0.12,0.0,0.0,25.96,-14.37,-0.36,27.9,,,,,,,,,,,,,,,,
EXO,36926923,,,,,,,,,,,,SAFE,-11.997,0.0,1.0,1.286,0.038,0.009,0.0,0.009,0.012,0.0,0.0,0.0,0.0,0.0,0.0
IMU,36991799.0,1,0.5122,-0.0518,0.8574,0.0,0.06,0.0,-3.35,-30.45,0.44,26.8,,,,,,,,,,,,,,,,
IMU,36962685.0,2,0.2471,0.4199,0.874,0.06,0.12,-0.18,25.96,-14.37,-0.37,27.8,,,,,,,,,,,,,,,,
EXO,37026887,,,,,,,,,,,,SAFE,-11.997,0.122,1.001,1.286,-0.034,0.009,0.0,0.009,0.006,0.0,0.0,0.0,0.0,0.0,0.0
IMU,37091986.0,1,0.5078,-0.0522,0.8647,0.0,0.06,0.0,-3.35,-30.45,0.44,27.0,,,,,,,,,,,,,,,,
IMU,37062566.0,2,0.2505,0.4214,0.8701,0.06,-0.31,0.0,25.96,-14.37,-0.37,27.9,,,,,,,,,,,,,,,,
EXO,37126902,,,,,,,,,,,,SAFE,-11.997,-0.305,0.999,1.286,-0.062,0.009,0.0,0.009,-0.0,0.0,0.0,0.0,0.0,0.0,0.0
IMU,37192178.0,1,0.5098,-0.0488,0.8687,0.0,-0.24,0.0,-3.35,-30.45,0.44,27.0,,,,,,,,,,,,,,,,
IMU,37162501.0,2,0.2432,0.4209,0.8667,0.12,-0.24,0.06,25.96,-14.37,-0.38,27.8,,,,,,,,,,,,,,,,
EXO,37226989,,,,,,,,,,,,SAFE,-11.997,-0.244,0.994,1.286,0.081,0.009,0.0,0.009,-0.0,0.0,0.0,0.0,0.0,0.0,0.0
IMU,37292375.0,1,0.5068,-0.0522,0.8628,0.0,-0.24,0.0,-3.35,-30.45,0.44,26.9,,,,,,,,,,,,,,,,
IMU,37262435.0,2,0.252,0.4219,0.873,0.06,0.12,-0.12,25.96,-14.37,-0.38,27.9,,,,,,,,,,,,,,,,
EXO,37326996,,,,,,,,,,,,SAFE,-11.997,0.122,1.002,1.286,0.029,0.009,0.0,0.009,0.002,0.0,0.0,0.0,0.0,0.0,0.0
IMU,37392595.0,1,0.5083,-0.0503,0.8633,0.0,0.06,0.0,-3.35,-30.45,0.44,26.8,,,,,,,,,,,,,,,,
IMU,37362370.0,2,0.248,0.4214,0.8716,0.0,0.06,0.0,25.96,-14.37,-0.38,27.9,,,,,,,,,,,,,,,,
EXO,37426852,,,,,,,,,,,,SAFE,-11.997,0.061,0.999,1.286,0.003,0.009,0.0,0.009,0.009,0.0,0.0,0.0,0.0,0.0,0.0
IMU,37492754.0,1,0.5073,-0.0503,0.8643,0.06,0.06,0.0,-3.35,-30.45,0.44,26.9,,,,,,,,,,,,,,,,
IMU,37462252.0,2,0.2427,0.4219,0.8682,-0.06,-0.06,0.0,25.96,-14.37,-0.38,27.9,,,,,,,,,,,,,,,,
EXO,37526997,,,,,,,,,,,,SAFE,-11.997,-0.061,0.995,1.286,-0.109,0.009,0.0,0.009,0.009,0.0,0.0,0.0,0.0,0.0,0.0
IMU,37592936.0,1,0.5098,-0.0469,0.8618,0.0,-0.12,0.0,-3.36,-30.45,0.44,26.8,,,,,,,,,,,,,,,,
IMU,37562161.0,2,0.2451,0.4238,0.8687,0.0,-0.12,0.0,25.96,-14.38,-0.38,27.8,,,,,,,,,,,,,,,,
EXO,37626979,,,,,,,,,,,,SAFE,-12.003,-0.122,0.997,1.286,-0.014,0.009,0.0,0.009,-0.008,0.0,0.0,0.0,0.0,0.0,0.0
IMU,37693130.0,1,0.5093,-0.0527,0.8647,0.0,-0.18,0.0,-3.36,-30.45,0.44,26.9,,,,,,,,,,,,,,,,
IMU,37662084.0,2,0.25,0.4219,0.873,-0.12,0.12,0.0,25.96,-14.38,-0.38,27.9,,,,,,,,,,,,,,,,
EXO,37726990,,,,,,,,,,,,SAFE,-12.003,0.122,1.001,1.286,0.018,0.009,0.0,0.009,0.008,0.0,0.0,0.0,0.0,0.0,0.0
IMU,37793338.0,1,0.5039,-0.0498,0.8652,0.0,-0.06,0.0,-3.35,-30.45,0.44,26.8,,,,,,,,,,,,,,,,
IMU,37761983.0,2,0.2432,0.4219,0.8701,0.0,0.37,0.0,25.95,-14.38,-0.38,28.0,,,,,,,,,,,,,,,,
EXO,37826897,,,,,,,,,,,,SAFE,-12.003,0.366,0.997,1.286,0.046,0.009,0.0,0.009,-0.006,0.0,0.0,0.0,0.0,0.0,0.0
IMU,37893524.0,1,0.5073,-0.0493,0.8564,0.06,0.12,0.0,-3.35,-30.45,0.44,27.0,,,,,,,,,,,,,,,,
IMU,37861934.0,2,0.249,0.4233,0.8716,0.0,0.06,0.0,25.95,-14.38,-0.38,27.9,,,,,,,,,,,,,,,,
EXO,37926842,,,,,,,,,,,,SAFE,-12.003,0.061,1.0,1.286,0.092,0.009,0.0,0.009,-0.006,0.0,0.0,0.0,0.0,0.0,0.0
IMU,37993686.0,1,0.5078,-0.0503,0.8677,0.0,-0.12,0.0,-3.36,-30.45,0.44,26.8,,,,,,,,,,,,,,,,
IMU,37961809.0,2,0.2529,0.4209,0.8691,0.0,-0.31,0.0,25.95,-14.38,-0.38,27.9,,,,,,,,,,,,,,,,
EXO,38026996,,,,,,,,,,,,SAFE,-12.003,-0.305,0.998,1.286,-0.003,0.009,0.0,0.009,-0.014,0.0,0.0,0.0,0.0,0.0,0.0
IMU,38093864.0,1,0.5083,-0.0522,0.8628,0.0,-0.06,0.0,-3.36,-30.45,0.44,26.9,,,,,,,,,,,,,,,,
IMU,38061767.0,2,0.25,0.4224,0.8711,0.0,0.18,0.0,25.95,-14.38,-0.38,27.9,,,,,,,,,,,,,,,,
EXO,38126891,,,,,,,,,,,,SAFE,-12.003,0.183,1.0,1.286,-0.029,0.009,0.0,0.009,-0.008,0.0,0.0,0.0,0.0,0.0,0.0
IMU,38194043.0,1,0.5098,-0.0498,0.8579,0.0,-0.12,0.0,-3.36,-30.45,0.44,26.8,,,,,,,,,,,,,,,,
IMU,38161672.0,2,0.2524,0.4229,0.8711,0.0,-0.06,0.0,25.95,-14.38,-0.38,28.0,,,,,,,,,,,,,,,,
EXO,38226986,,,,,,,,,,,,SAFE,-12.008,-0.061,1.001,1.286,0.06,0.009,0.0,0.009,-0.026,0.0,0.0,0.0,0.0,0.0,0.0
IMU,38294169.0,1,0.5073,-0.0503,0.8633,0.0,0.0,0.0,-3.36,-30.45,0.44,27.0,,,,,,,,,,,,,,,,
IMU,38261621.0,2,0.2534,0.4209,0.8638,0.12,-0.18,0.0,25.95,-14.38,-0.38,27.9,,,,,,,,,,,,,,,,
EXO,38326900,,,,,,,,,,,,SAFE,-12.008,-0.183,0.994,1.286,0.068,0.009,0.0,0.009,0.002,0.0,0.0,0.0,0.0,0.0,0.0
IMU,38394391.0,1,0.5088,-0.0498,0.8726,0.0,0.12,0.0,-3.36,-30.45,0.44,27.1,,,,,,,,,,,,,,,,
IMU,38361556.0,2,0.2461,0.4229,0.876,0.24,0.24,0.0,25.94,-14.38,-0.38,28.0,,,,,,,,,,,,,,,,
EXO,38426858,,,,,,,,,,,,SAFE,-12.008,0.244,1.003,1.286,-0.083,0.009,0.0,0.009,0.001,0.0,0.0,0.0,0.0,0.0,0.0
IMU,38494617.0,1,0.5083,-0.0498,0.8638,0.0,-0.24,0.0,-3.36,-30.45,0.44,27.0,,,,,,,,,,,,,,,,
IMU,38461470.0,2,0.2461,0.4204,0.8735,-0.12,0.0,0.0,25.94,-14.39,-0.38,27.9,,,,,,,,,,,,,,,,
EXO,38527000,,,,,,,,,,,,SAFE,-12.014,0.0,1.0,1.286,0.034,0.009,0.0,0.009,-0.01,0.0,0.0,0.0,0.0,0.0,0.0
IMU,38594749.0,1,0.5088,-0.0522,0.8643,0.0,0.06,0.0,-3.36,-30.45,0.44,26.8,,,,,,,,,,,,,,,,
IMU,38561415.0,2,0.25,0.4219,0.8696,-0.12,0.18,-0.12,25.95,-14.39,-0.39,27.9,,,,,,,,,,,,,,,,
EXO,38627006,,,,,,,,,,,,SAFE,-12.014,0.183,0.998,1.286,0.022,0.009,0.0,0.009,0.03,0.0,0.0,0.0,0.0,0.0,0.0
IMU,38694861.0,1,0.5083,-0.0498,0.8638,0.0,0.0,0.0,-3.36,-30.45,0.44,26.9,,,,,,,,,,,,,,,,
IMU,38661336.0,2,0.2524,0.4248,0.8745,0.0,0.18,-0.18,25.95,-14.38,-0.4,27.9,,,,,,,,,,,,,,,,
EXO,38726901,,,,,,,,,,,,SAFE,-12.008,0.183,1.004,1.286,0.014,0.009,0.0,0.009,0.003,0.0,0.0,0.0,0.0,0.0,0.0
IMU,38795093.0,1,0.5059,-0.0513,0.8599,0.0,-0.24,0.0,-3.36,-30.45,0.44,27.0,,,,,,,,,,,,,,,,
IMU,38761292.0,2,0.2515,0.4204,0.8647,0.0,0.06,-0.06,25.95,-14.38,-0.4,27.9,,,,,,,,,,,,,,,,
EXO,38827002,,,,,,,,,,,,SAFE,-12.008,0.061,0.994,1.286,0.058,0.009,0.0,0.009,-0.014,0.0,0.0,0.0,0.0,0.0,0.0
IMU,38895264.0,1,0.5088,-0.0493,0.8657,0.0,-0.06,0.0,-3.36,-30.45,0.44,26.9,,,,,,,,,,,,,,,,
IMU,38861206.0,2,0.2598,0.4224,0.8706,0.31,-0.18,0.0,25.96,-14.39,-0.41,27.9,,,,,,,,,,,,,,,,
EXO,38927039,,,,,,,,,,,,SAFE,-12.014,-0.183,1.002,1.286,-0.054,0.009,0.0,0.009,0.01,0.0,0.0,0.0,0.0,0.0,0.0
IMU,38995448.0,1,0.5068,-0.0508,0.8647,0.0,0.43,0.0,-3.36,-30.45,0.44,27.0,,,,,,,,,,,,,,,,
IMU,38961165.0,2,0.2427,0.4214,0.8735,0.12,0.0,-0.06,25.95,-14.38,-0.41,27.9,,,,,,,,,,,,,,,,
EXO,39026900,,,,,,,,,,,,SAFE,-12.003,0.0,1.0,1.286,-0.037,0.009,0.0,0.009,0.005,0.0,0.0,0.0,0.0,0.0,0.0
IMU,39095626.0,1,0.5068,-0.0493,0.8652,0.0,-0.31,0.0,-3.36,-30.45,0.44,27.0,,,,,,,,,,,,,,,,
IMU,39061072.0,2,0.2476,0.4229,0.8691,0.0,-0.31,0.0,25.96,-14.38,-0.41,27.9,,,,,,,,,,,,,,,,
EXO,39126993,,,,,,,,,,,,SAFE,-12.008,-0.305,0.998,1.286,-0.032,0.009,0.0,0.009,-0.009,0.0,0.0,0.0,0.0,0.0,0.0
IMU,39195768.0,1,0.5137,-0.0537,0.8677,-0.06,0.0,0.0,-3.36,-30.45,0.44,27.0,,,,,,,,,,,,,,,,
IMU,39160953.0,2,0.251,0.4219,0.8711,0.0,0.0,0.0,25.95,-14.38,-0.41,28.0,,,,,,,,,,,,,,,,
EXO,39226910,,,,,,,,,,,,SAFE,-12.008,0.0,1.0,1.286,0.017,0.009,0.0,0.009,0.017,0.0,0.0,0.0,0.0,0.0,0.0
IMU,39295952.0,1,0.5059,-0.0532,0.8633,0.0,0.37,0.0,-3.35,-30.45,0.44,27.0,,,,,,,,,,,,,,,,
IMU,39260979.0,2,0.2485,0.4204,0.8809,-0.12,0.12,0.0,25.95,-14.38,-0.41,27.8,,,,,,,,,,,,,,,,
EXO,39326918,,,,,,,,,,,,SAFE,-12.008,0.122,1.007,1.286,0.046,0.009,0.0,0.009,-0.001,0.0,0.0,0.0,0.0,0.0,0.0
IMU,39396122.0,1,0.5078,-0.0503,0.8662,0.0,-0.18,0.0,-3.35,-30.45,0.44,26.9,,,,,,,,,,,,,,,,
IMU,39360902.0,2,0.251,0.4243,0.8687,0.12,0.0,0.0,25.95,-14.39,-0.41,27.9,,,,,,,,,,,,,,,,
EXO,39426935,,,,,,,,,,,,SAFE,-12.014,0.0,0.999,1.286,0.091,0.009,0.0,0.009,0.006,0.0,0.0,0.0,0.0,0.0,0.0
IMU,39496228.0,1,0.5063,-0.0522,0.8608,0.0,0.0,0.0,-3.35,-30.45,0.44,27.0,,,,,,,,,,,,,,,,
IMU,39460863.0,2,0.2534,0.4224,0.874,0.0,0.18,0.0,25.95,-14.39,-0.41,27.8,,,,,,,,,,,,,,,,
EXO,39526806,,,,,,,,,,,,SAFE,-12.014,0.183,1.003,1.286,0.01,0.009,0.0,0.009,0.004,0.0,0.0,0.0,0.0,0.0,0.0
IMU,39596502.0,1,0.5044,-0.0488,0.8643,0.06,-0.18,0.0,-3.35,-30.45,0.44,27.0,,,,,,,,,,,,,,,,
IMU,39560768.0,2,0.2563,0.4248,0.8701,0.12,-0.18,0.0,25.95,-14.39,-0.41,27.9,,,,,,,,,,,,,,,,
EXO,39627012,,,,,,,,,,,,SAFE,-12.014,-0.183,1.002,1.286,0.011,0.009,0.0,0.009,0.003,0.0,0.0,0.0,0.0,0.0,0.0
IMU,39696665.0,1,0.5093,-0.0508,0.8579,0.0,-0.06,0.0,-3.35,-30.45,0.44,27.0,,,,,,,,,,,,,,,,
IMU,39660734.0,2,0.2539,0.4253,0.8691,0.0,0.12,0.0,25.94,-14.39,-0.41,28.0,,,,,,,,,,,,,,,,
EXO,39726907,,,,,,,,,,,,SAFE,-12.014,0.122,1.0,1.286,0.089,0.009,0.0,0.009,0.011,0.0,0.0,0.0,0.0,0.0,0.0
IMU,39796858.0,1,0.5073,-0.0493,0.8628,0.0,0.12,0.0,-3.35,-30.45,0.44,27.0,,,,,,,,,,,,,,,,
IMU,39760691.0,2,0.2393,0.4204,0.8682,0.06,0.18,-0.12,25.95,-14.39,-0.41,27.9,,,,,,,,,,,,,,,,
EXO,39826942,,,,,,,,,,,,SAFE,-12.014,0.183,0.994,1.286,-0.028,0.009,0.0,0.009,0.001,0.0,0.0,0.0,0.0,0.0,0.0
IMU,39897012.0,1,0.5063,-0.0532,0.8657,0.0,-0.18,0.0,-3.35,-30.45,0.44,26.8,,,,,,,,,,,,,,,,
IMU,39860589.0,2,0.2554,0.4233,0.8701,0.0,-0.31,0.0,25.95,-14.39,-0.42,27.8,,,,,,,,,,,,,,,,
EXO,39927012,,,,,,,,,,,,SAFE,-12.014,-0.305,1.001,1.286,0.018,0.009,0.0,0.009,0.004,0.0,0.0,0.0,0.0,0.0,0.0
IMU,39997188.0,1,0.5093,-0.0503,0.8672,0.0,0.12,0.0,-3.35,-30.45,0.44,27.0,,,,,,,,,,,,,,,,
IMU,39960498.0,2,0.2485,0.4209,0.8706,0.31,-0.18,0.0,25.95,-14.38,-0.42,28.0,,,,,,,,,,,,,,,,
EXO,40026883,,,,,,,,,,,,SAFE,-12.008,-0.183,0.998,1.286,0.03,0.009,0.0,0.009,0.003,0.0,0.0,0.0,0.0,0.0,0.0
IMU,40097384.0,1,0.5093,-0.0493,0.8809,-0.12,-0.73,0.0,-3.35,-30.45,0.44,27.0,,,,,,,,,,,,,,,,
IMU,40060472.0,2,0.2437,0.4209,0.8721,0.0,-0.06,-0.06,25.95,-14.38,-0.43,27.8,,,,,,,,,,,,,,,,
EXO,40127157,,,,,,,,,,,,SAFE,-12.008,-0.061,0.999,1.286,0.036,0.009,0.0,0.009,0.0,0.0,0.0,0.0,0.0,0.0,0.0
IMU,40197524.0,1,0.5107,-0.0547,0.8633,0.0,0.43,0.0,-3.35,-30.45,0.44,26.9,,,,,,,,,,,,,,,,
IMU,40160396.0,2,0.252,0.4224,0.8755,-0.18,0.06,-0.12,25.95,-14.38,-0.43,27.9,,,,,,,,,,,,,,,,
EXO,40226977,,,,,,,,,,,,SAFE,-12.008,0.061,1.004,1.286,0.066,0.009,0.0,0.009,0.004,0.0,0.0,0.0,0.0,0.0,0.0
IMU,40297711.0,1,0.5083,-0.0498,0.8613,0.0,0.12,0.0,-3.35,-30.45,0.44,26.9,,,,,,,,,,,,,,,,
IMU,40260321.0,2,0.2427,0.4219,0.873,-0.06,0.0,0.0,25.96,-14.38,-0.44,27.9,,,,,,,,,,,,,,,,
EXO,40326895,,,,,,,,,,,,SAFE,-12.003,0.0,1.0,1.286,0.013,0.009,0.0,0.009,0.014,0.0,0.0,0.0,0.0,0.0,0.0
IMU,40397889.0,1,0.5098,-0.0498,0.8613,0.0,0.06,0.0,-3.35,-30.45,0.44,27.0,,,,,,,,,,,,,,,,
IMU,40360293.0,2,0.2485,0.4238,0.8726,0.0,0.31,-0.18,25.96,-14.38,-0.44,27.9,,,,,,,,,,,,,,,,
EXO,40426921,,,,,,,,,,,,SAFE,-12.003,0.305,1.001,1.286,0.136,0.009,0.0,0.009,0.011,0.0,0.0,0.0,0.0,0.0,0.0
IMU,40498089.0,1,0.5088,-0.0503,0.8638,0.0,-0.18,0.0,-3.35,-30.45,0.44,26.8,,,,,,,,,,,,,,,,
IMU,40460234.0,2,0.2476,0.4209,0.8696,0.0,0.0,-0.06,25.96,-14.38,-0.45,27.9,,,,,,,,,,,,,,,,
EXO,40526987,,,,,,,,,,,,SAFE,-12.003,0.0,0.997,1.286,-0.006,0.009,0.0,0.009,-0.027,0.0,0.0,0.0,0.0,0.0,0.0
IMU,40598237.0,1,0.5083,-0.0508,0.8638,0.0,0.12,0.0,-3.35,-30.45,0.44,26.9,,,,,,,,,,,,,,,,
IMU,40560177.0,2,0.2524,0.4233,0.8716,0.12,0.0,-0.06,25.96,-14.38,-0.46,27.9,,,,,,,,,,,,,,,,
EXO,40626901,,,,,,,,,,,,SAFE,-12.003,0.0,1.001,1.286,0.068,0.009,0.0,0.009,0.006,0.0,0.0,0.0,0.0,0.0,0.0
IMU,40698361.0,1,0.5103,-0.0493,0.8677,0.0,0.0,0.0,-3.35,-30.45,0.44,27.0,,,,,,,,,,,,,,,,
IMU,40660117.0,2,0.2485,0.4219,0.874,0.06,0.06,0.0,25.96,-14.38,-0.46,28.0,,,,,,,,,,,,,,,,
EXO,40726806,,,,,,,,,,,,SAFE,-12.003,0.061,1.002,1.286,0.028,0.009,0.0,0.009,-0.005,0.0,0.0,0.0,0.0,0.0,0.0
IMU,40798644.0,1,0.5063,-0.0508,0.8638,0.0,-0.18,0.0,-3.35,-30.45,0.44,27.0,,,,,,,,,,,,,,,,
IMU,40760053.0,2,0.251,0.4219,0.8682,0.0,-0.06,0.0,25.96,-14.38,-0.46,27.8,,,,,,,,,,,,,,,,
EXO,40827009,,,,,,,,,,,,SAFE,-12.008,-0.061,0.997,1.286,-0.081,0.009,0.0,0.009,0.033,0.0,0.0,0.0,0.0,0.0,0.0
IMU,40898792.0,1,0.5093,-0.0493,0.8633,0.06,0.0,0.0,-3.35,-30.45,0.44,27.0,,,,,,,,,,,,,,,,
IMU,40860035.0,2,0.2471,0.4224,0.8696,0.0,0.12,0.0,25.96,-14.38,-0.46,27.9,,,,,,,,,,,,,,,,
EXO,40926872,,,,,,,,,,,,SAFE,-12.008,0.122,0.998,1.286,-0.065,0.009,0.0,0.009,0.0,0.0,0.0,0.0,0.0,0.0,0.0
IMU,40998925.0,1,0.5083,-0.0513,0.8628,0.0,0.0,0.0,-3.35,-30.45,0.44,27.0,,,,,,,,,,,,,,,,
IMU,40959950.0,2,0.2476,0.4219,0.8701,0.06,-0.06,0.0,25.95,-14.38,-0.46,27.8,,,,,,,,,,,,,,,,
EXO,41026909,,,,,,,,,,,,SAFE,-12.008,-0.061,0.998,1.286,-0.015,0.009,0.0,0.009,-0.0,0.0,0.0,0.0,0.0,0.0,0.0
IMU,41099177.0,1,0.5063,-0.0513,0.8628,0.0,-0.06,0.0,-3.35,-30.45,0.44,26.8,,,,,,,,,,,,,,,,
IMU,41059873.0,2,0.25,0.4229,0.8687,0.0,-0.18,0.0,25.95,-14.38,-0.46,28.0,,,,,,,,,,,,,,,,
EXO,41127016,,,,,,,,,,,,SAFE,-12.008,-0.183,0.998,1.286,-0.033,0.009,0.0,0.009,-0.005,0.0,0.0,0.0,0.0,0.0,0.0
IMU,41199324.0,1,0.5107,-0.0488,0.8613,0.0,0.0,0.0,-3.35,-30.45,0.45,27.0,,,,,,,,,,,,,,,,
IMU,41159822.0,2,0.2515,0.4224,0.8721,0.12,-0.06,0.0,25.95,-14.38,-0.46,28.0,,,,,,,,,,,,,,,,
EXO,41226895,,,,,,,,,,,,SAFE,-12.008,-0.061,1.001,1.286,-0.085,0.009,0.0,0.009,-0.005,0.0,0.0,0.0,0.0,0.0,0.0
IMU,41299556.0,1,0.5083,-0.0498,0.8677,0.0,-0.06,0.0,-3.35,-30.45,0.44,27.0,,,,,,,,,,,,,,,,
IMU,41259717.0,2,0.249,0.4204,0.8721,0.0,0.0,0.0,25.95,-14.38,-0.46,27.9,,,,,,,,,,,,,,,,
EXO,41326903,,,,,,,,,,,,SAFE,-12.008,0.0,1.0,1.286,0.07,0.009,0.0,0.009,0.004,0.0,0.0,0.0,0.0,0.0,0.0
IMU,41399737.0,1,0.5054,-0.0527,0.8667,0.0,-0.06,0.0,-3.35,-30.45,0.45,27.1,,,,,,,,,,,,,,,,
IMU,41359704.0,2,0.2534,0.4229,0.8726,-0.06,-0.12,0.0,25.94,-14.38,-0.46,27.8,,,,,,,,,,,,,,,,
EXO,41427082,,,,,,,,,,,,SAFE,-12.008,-0.122,1.002,1.286,0.054,0.009,0.0,0.009,0.001,0.0,0.0,0.0,0.0,0.0,0.0
IMU,41499846.0,1,0.5068,-0.0522,0.8628,0.0,0.0,0.0,-3.35,-30.45,0.45,27.1,,,,,,,,,,,,,,,,
IMU,41459635.0,2,0.2524,0.4243,0.8691,0.0,0.12,0.0,25.94,-14.39,-0.46,27.8,,,,,,,,,,,,,,,,
EXO,41526796,,,,,,,,,,,,SAFE,-12.014,0.122,1.0,1.286,-0.006,0.009,0.0,0.009,-0.003,0.0,0.0,0.0,0.0,0.0,0.0
IMU,41600093.0,1,0.5078,-0.0508,0.8633,0.0,-0.06,0.0,-3.35,-30.45,0.45,26.9,,,,,,,,,,,,,,,,
IMU,41559533.0,2,0.25,0.4214,0.8696,0.06,0.0,0.0,25.94,-14.38,-0.46,27.9,,,,,,,,,,,,,,,,
EXO,41626883,,,,,,,,,,,,SAFE,-12.008,0.0,0.998,1.286,0.087,0.009,0.0,0.009,-0.003,0.0,0.0,0.0,0.0,0.0,0.0
IMU,41700264.0,1,0.5093,-0.0513,0.8633,0.0,0.06,0.0,-3.35,-30.45,0.45,26.9,,,,,,,,,,,,,,,,
IMU,41659474.0,2,0.2524,0.4229,0.8721,0.06,0.0,0.0,25.94,-14.39,-0.46,27.8,,,,,,,,,,,,,,,,
EXO,41726804,,,,,,,,,,,,SAFE,-12.014,0.0,1.002,1.286,-0.062,0.009,0.0,0.009,0.035,0.0,0.0,0.0,0.0,0.0,0.0
IMU,41800377.0,1,0.5098,-0.0498,0.8594,0.0,0.0,0.0,-3.36,-30.45,0.45,26.9,,,,,,,,,,,,,,,,
IMU,41759421.0,2,0.2524,0.4214,0.8691,-0.06,0.06,0.0,25.94,-14.39,-0.46,27.9,,,,,,,,,,,,,,,,
EXO,41826874,,,,,,,,,,,,SAFE,-12.014,0.061,0.998,1.286,0.03,0.009,0.0,0.009,-0.002,0.0,0.0,0.0,0.0,0.0,0.0
IMU,41900565.0,1,0.5059,-0.0542,0.8657,0.0,0.0,0.0,-3.36,-30.45,0.45,27.0,,,,,,,,,,,,,,,,
IMU,41859347.0,2,0.251,0.4224,0.8701,0.06,0.0,0.0,25.94,-14.39,-0.46,28.0,,,,,,,,,,,,,,,,
EXO,41926849,,,,,,,,,,,,SAFE,-12.014,0.0,0.999,1.286,0.028,0.009,0.0,0.009,0.002,0.0,0.0,0.0,0.0,0.0,0.0
IMU,42000732.0,1,0.5083,-0.0508,0.8687,0.0,0.0,0.0,-3.36,-30.45,0.45,27.0,,,,,,,,,,,,,,,,
IMU,41959242.0,2,0.2495,0.4204,0.875,0.06,0.0,0.0,25.94,-14.39,-0.46,28.0,,,,,,,,,,,,,,,,
EXO,42026810,,,,,,,,,,,,SAFE,-12.014,0.0,1.002,1.286,-0.079,0.009,0.0,0.009,0.002,0.0,0.0,0.0,0.0,0.0,0.0
IMU,42100916.0,1,0.5073,-0.0527,0.8599,0.0,0.0,0.0,-3.36,-30.45,0.45,27.0,,,,,,,,,,,,,,,,
IMU,42059186.0,2,0.2437,0.4204,0.8672,-0.06,0.0,0.0,25.94,-14.39,-0.46,27.9,,,,,,,,,,,,,,,,
EXO,42126895,,,,,,,,,,,,SAFE,-12.014,0.0,0.994,1.286,-0.056,0.009,0.0,0.009,0.005,0.0,0.0,0.0,0.0,0.0,0.0
IMU,42201123.0,1,0.5063,-0.0513,0.8657,0.0,0.0,0.0,-3.36,-30.45,0.45,27.0,,,,,,,,,,,,,,,,
IMU,42159106.0,2,0.2432,0.4219,0.8687,0.0,0.12,0.0,25.94,-14.39,-0.46,28.0,,,,,,,,,,,,,,,,
EXO,42226790,,,,,,,,,,,,SAFE,-12.019,0.122,0.996,1.286,-0.044,0.009,0.0,0.009,-0.005,0.0,0.0,0.0,0.0,0.0,0.0
IMU,42301338.0,1,0.5093,-0.0508,0.8638,0.0,-0.18,0.0,-3.36,-30.45,0.45,26.9,,,,,,,,,,,,,,,,
IMU,42259027.0,2,0.2471,0.4238,0.8711,0.0,-0.12,0.0,25.94,-14.39,-0.46,27.9,,,,,,,,,,,,,,,,
EXO,42327005,,,,,,,,,,,,SAFE,-12.019,-0.122,1.0,1.286,-0.038,0.009,0.0,0.009,0.011,0.0,0.0,0.0,0.0,0.0,0.0
IMU,42401514.0,1,0.5054,-0.0518,0.8623,0.0,0.12,0.0,-3.36,-30.45,0.45,27.0,,,,,,,,,,,,,,,,
IMU,42358992.0,2,0.2578,0.4224,0.876,0.0,0.12,0.0,25.94,-14.39,-0.46,27.9,,,,,,,,,,,,,,,,
EXO,42426845,,,,,,,,,,,,SAFE,-12.019,0.122,1.006,1.286,0.085,0.009,0.0,0.009,0.007,0.0,0.0,0.0,0.0,0.0,0.0
IMU,42501697.0,1,0.5029,-0.0488,0.8589,0.12,0.24,0.0,-3.36,-30.45,0.45,26.8,,,,,,,,,,,,,,,,
IMU,42458919.0,2,0.2412,0.4204,0.8721,0.06,0.18,0.0,25.94,-14.39,-0.46,27.9,,,,,,,,,,,,,,,,
EXO,42526819,,,,,,,,,,,,SAFE,-12.014,0.183,0.998,1.286,-0.013,0.009,0.0,0.009,-0.002,0.0,0.0,0.0,0.0,0.0,0.0
IMU,42601862.0,1,0.5078,-0.0518,0.8662,-0.06,-0.31,0.0,-3.36,-30.45,0.45,27.0,,,,,,,,,,,,,,,,
IMU,42558825.0,2,0.2456,0.4233,0.8696,0.37,-0.31,0.06,25.94,-14.39,-0.46,27.9,,,,,,,,,,,,,,,,
EXO,42627066,,,,,,,,,,,,SAFE,-12.019,-0.305,0.998,1.286,0.028,0.009,0.0,0.009,-0.002,0.0,0.0,0.0,0.0,0.0,0.0
IMU,42702041.0,1,0.5073,-0.0513,0.8628,0.0,-0.06,0.0,-3.36,-30.45,0.45,27.0,,,,,,,,,,,,,,,,
IMU,42658774.0,2,0.248,0.4219,0.8701,0.12,0.12,-0.12,25.94,-14.39,-0.47,27.9,,,,,,,,,,,,,,,,
EXO,42726985,,,,,,,,,,,,SAFE,-12.014,0.122,0.998,1.286,0.013,0.009,0.0,0.009,-0.002,0.0,0.0,0.0,0.0,0.0,0.0
IMU,42802246.0,1,0.5083,-0.0508,0.8667,0.0,-0.12,0.0,-3.36,-30.45,0.45,27.0,,,,,,,,,,,,,,,,
IMU,42758610.0,2,0.251,0.4214,0.8721,0.0,0.0,0.0,25.94,-14.38,-0.47,27.9,,,,,,,,,,,,,,,,
EXO,42826907,,,,,,,,,,,,SAFE,-12.008,0.0,1.001,1.286,-0.122,0.009,0.0,0.009,0.0,0.0,0.0,0.0,0.0,0.0,0.0
IMU,42902341.0,1,0.5073,-0.0513,0.8643,0.0,0.0,0.0,-3.36,-30.45,0.45,27.0,,,,,,,,,,,,,,,,
IMU,42858619.0,2,0.2485,0.4229,0.8706,0.12,-0.06,0.0,25.94,-14.38,-0.48,27.8,,,,,,,,,,,,,,,,
EXO,42926912,,,,,,,,,,,,SAFE,-12.008,-0.061,0.999,1.286,-0.166,0.009,0.0,0.009,-0.039,0.0,0.0,0.0,0.0,0.0,0.0
IMU,43002581.0,1,0.5093,-0.0508,0.8638,0.0,0.06,0.0,-3.36,-30.45,0.45,27.0,,,,,,,,,,,,,,,,
IMU,42958541.0,2,0.2437,0.4214,0.8711,0.0,0.0,-0.06,25.94,-14.38,-0.48,28.0,,,,,,,,,,,,,,,,
EXO,43026898,,,,,,,,,,,,SAFE,-12.008,0.0,0.998,1.286,0.061,0.009,0.0,0.009,-0.023,0.0,0.0,0.0,0.0,0.0,0.0
IMU,43102687.0,1,0.5049,-0.0518,0.8643,0.0,0.0,0.0,-3.36,-30.45,0.45,26.8,,,,,,,,,,,,,,,,
IMU,43058488.0,2,0.2456,0.4214,0.8716,0.06,0.18,-0.12,25.94,-14.38,-0.49,27.9,,,,,,,,,,,,,,,,
EXO,43126896,,,,,,,,,,,,SAFE,-12.008,0.183,0.999,1.286,0.002,0.009,0.0,0.009,-0.0,0.0,0.0,0.0,0.0,0.0,0.0
IMU,43202953.0,1,0.5098,-0.0513,0.8613,0.06,0.06,0.0,-3.36,-30.45,0.45,27.1,,,,,,,,,,,,,,,,
IMU,43158313.0,2,0.25,0.4224,0.8701,0.0,0.0,0.0,25.94,-14.38,-0.49,27.9,,,,,,,,,,,,,,,,
EXO,43226821,,,,,,,,,,,,SAFE,-12.008,0.0,0.999,1.286,0.028,0.009,0.0,0.009,-0.005,0.0,0.0,0.0,0.0,0.0,0.0
IMU,43303019.0,1,0.5063,-0.0503,0.8677,0.0,0.0,0.0,-3.36,-30.45,0.45,27.1,,,,,,,,,,,,,,,,
IMU,43258309.0,2,0.2495,0.4209,0.8755,-0.06,0.18,0.0,25.94,-14.38,-0.49,27.8,,,,,,,,,,,,,,,,
EXO,43326886,,,,,,,,,,,,SAFE,-12.008,0.183,1.003,1.286,-0.026,0.009,0.0,0.009,-0.039,0.0,0.0,0.0,0.0,0.0,0.0
IMU,43403263.0,1,0.5054,-0.0527,0.8677,0.0,-0.12,0.0,-3.36,-30.45,0.45,27.0,,,,,,,,,,,,,,,,
IMU,43358248.0,2,0.2466,0.4219,0.8691,-0.06,0.0,0.0,25.94,-14.38,-0.49,27.7,,,,,,,,,,,,,,,,
EXO,43427025,,,,,,,,,,,,SAFE,-12.008,0.0,0.997,1.286,0.007,0.009,0.0,0.009,-0.01,0.0,0.0,0.0,0.0,0.0,0.0
IMU,43503430.0,1,0.5088,-0.0522,0.8613,0.06,0.31,0.0,-3.36,-30.45,0.45,27.0,,,,,,,,,,,,,,,,
IMU,43458095.0,2,0.2549,0.4233,0.8691,0.0,0.0,0.0,25.94,-14.38,-0.49,27.9,,,,,,,,,,,,,,,,
EXO,43526819,,,,,,,,,,,,SAFE,-12.008,0.0,1.0,1.286,-0.041,0.009,0.0,0.009,-0.006,0.0,0.0,0.0,0.0,0.0,0.0
IMU,43603620.0,1,0.5049,-0.0498,0.8623,0.0,-0.12,0.0,-3.35,-30.45,0.45,27.0,,,,,,,,,,,,,,,,
IMU,43558082.0,2,0.2451,0.4194,0.8711,0.0,0.06,0.0,25.94,-14.38,-0.49,27.9,,,,,,,,,,,,,,,,
EXO,43626913,,,,,,,,,,,,SAFE,-12.008,0.061,0.997,1.286,-0.009,0.009,0.0,0.009,-0.002,0.0,0.0,0.0,0.0,0.0,0.0
IMU,43703719.0,1,0.5088,-0.0503,0.8643,0.0,0.0,0.0,-3.35,-30.45,0.45,26.9,,,,,,,,,,,,,,,,
IMU,43657996.0,2,0.25,0.4224,0.8677,0.06,0.0,0.0,25.94,-14.38,-0.49,27.9,,,,,,,,,,,,,,,,
EXO,43726794,,,,,,,,,,,,SAFE,-12.008,0.0,0.997,1.286,-0.005,0.009,0.0,0.009,-0.005,0.0,0.0,0.0,0.0,0.0,0.0
IMU,43803993.0,1,0.5083,-0.0498,0.8628,0.0,-0.06,0.0,-3.36,-30.45,0.45,27.1,,,,,,,,,,,,,,,,
IMU,43757835.0,2,0.2495,0.4219,0.8682,0.0,0.0,0.0,25.94,-14.38,-0.49,28.0,,,,,,,,,,,,,,,,
EXO,43826899,,,,,,,,,,,,SAFE,-12.008,0.0,0.997,1.286,0.036,0.009,0.0,0.009,-0.019,0.0,0.0,0.0,0.0,0.0,0.0
IMU,43904088.0,1,0.5112,-0.0498,0.8623,0.0,0.0,0.0,-3.36,-30.45,0.45,27.0,,,,,,,,,,,,,,,,
IMU,43857847.0,2,0.2451,0.4219,0.873,0.12,0.0,0.0,25.94,-14.38,-0.49,27.9,,,,,,,,,,,,,,,,
EXO,43926802,,,,,,,,,,,,SAFE,-12.008,0.0,1.0,1.286,-0.069,0.009,0.0,0.009,0.002,0.0,0.0,0.0,0.0,0.0,0.0
IMU,44004276.0,1,0.5063,-0.0518,0.8652,0.0,0.0,0.0,-3.36,-30.45,0.45,26.9,,,,,,,,,,,,,,,,
IMU,43957768.0,2,0.2446,0.4209,0.8696,0.0,0.06,0.0,25.94,-14.38,-0.49,28.0,,,,,,,,,,,,,,,,
EXO,44026797,,,,,,,,,,,,SAFE,-12.008,0.061,0.997,1.286,-0.116,0.009,0.0,0.009,0.011,0.0,0.0,0.0,0.0,0.0,0.0
IMU,44104441.0,1,0.5088,-0.0508,0.8633,0.0,0.0,0.0,-3.36,-30.45,0.45,27.0,,,,,,,,,,,,,,,,
IMU,44057696.0,2,0.2476,0.4204,0.8706,0.06,-0.06,0.0,25.94,-14.39,-0.49,28.0,,,,,,,,,,,,,,,,
EXO,44126884,,,,,,,,,,,,SAFE,-12.014,-0.061,0.998,1.286,-0.16,0.009,0.0,0.009,0.011,0.0,0.0,0.0,0.0,0.0,0.0
IMU,44204708.0,1,0.5093,-0.0513,0.8623,0.0,-0.12,0.0,-3.36,-30.45,0.45,27.0,,,,,,,,,,,,,,,,
IMU,44157600.0,2,0.2544,0.4219,0.8696,0.06,0.0,0.0,25.93,-14.39,-0.49,27.9,,,,,,,,,,,,,,,,
EXO,44226894,,,,,,,,,,,,SAFE,-12.014,0.0,0.999,1.286,-0.085,0.009,0.0,0.009,-0.031,0.0,0.0,0.0,0.0,0.0,0.0
IMU,44304858.0,1,0.5073,-0.0513,0.8657,0.0,-0.18,0.0,-3.36,-30.45,0.45,26.8,,,,,,,,,,,,,,,,
IMU,44257521.0,2,0.2461,0.4219,0.8716,0.06,-0.31,0.0,25.93,-14.39,-0.49,28.0,,,,,,,,,,,,,,,,
EXO,44326980,,,,,,,,,,,,SAFE,-12.014,-0.305,0.999,1.286,-0.072,0.009,0.0,0.009,-0.001,0.0,0.0,0.0,0.0,0.0,0.0
IMU,44405028.0,1,0.5098,-0.0488,0.8604,0.0,0.12,0.0,-3.36,-30.45,0.45,26.9,,,,,,,,,,,,,,,,
IMU,44357497.0,2,0.252,0.4214,0.873,0.12,0.12,0.0,25.94,-14.39,-0.49,28.0,,,,,,,,,,,,,,,,
EXO,44426826,,,,,,,,,,,,SAFE,-12.014,0.122,1.002,1.286,-0.04,0.009,0.0,0.009,0.006,0.0,0.0,0.0,0.0,0.0,0.0
IMU,44505135.0,1,0.5068,-0.0508,0.8604,0.0,0.0,0.0,-3.36,-30.45,0.45,27.0,,,,,,,,,,,,,,,,
IMU,44457393.0,2,0.2451,0.4229,0.8721,-0.06,0.18,0.0,25.94,-14.39,-0.49,27.8,,,,,,,,,,,,,,,,
EXO,44526911,,,,,,,,,,,,SAFE,-12.014,0.183,1.0,1.286,-0.001,0.009,0.0,0.009,-0.009,0.0,0.0,0.0,0.0,0.0,0.0
IMU,44605359.0,1,0.5098,-0.0503,0.8618,0.0,-0.06,0.0,-3.36,-30.45,0.45,27.0,,,,,,,,,,,,,,,,
IMU,44557319.0,2,0.2476,0.4219,0.8672,0.0,0.06,0.0,25.94,-14.39,-0.49,28.0,,,,,,,,,,,,,,,,
EXO,44626920,,,,,,,,,,,,SAFE,-12.014,0.061,0.996,1.286,-0.04,0.009,0.0,0.009,-0.044,0.0,0.0,0.0,0.0,0.0,0.0
IMU,44705465.0,1,0.5073,-0.0508,0.8643,0.0,0.0,0.0,-3.36,-30.45,0.45,27.1,,,,,,,,,,,,,,,,
IMU,44657231.0,2,0.2524,0.4209,0.8701,0.0,-0.06,0.0,25.93,-14.39,-0.48,28.0,,,,,,,,,,,,,,,,
EXO,44726905,,,,,,,,,,,,SAFE,-12.014,-0.061,0.999,1.286,-0.109,0.009,0.0,0.009,-0.009,0.0,0.0,0.0,0.0,0.0,0.0
IMU,44805719.0,1,0.5063,-0.0498,0.8623,0.0,0.06,0.0,-3.36,-30.45,0.45,27.0,,,,,,,,,,,,,,,,
IMU,44757176.0,2,0.248,0.4194,0.8687,0.18,0.12,0.0,25.93,-14.39,-0.48,27.9,,,,,,,,,,,,,,,,
EXO,44826823,,,,,,,,,,,,SAFE,-12.014,0.122,0.996,1.286,0.06,0.009,0.0,0.009,-0.008,0.0,0.0,0.0,0.0,0.0,0.0
IMU,44905862.0,1,0.5093,-0.0503,0.8618,0.0,-0.12,0.0,-3.36,-30.45,0.45,26.8,,,,,,,,,,,,,,,,
IMU,44857084.0,2,0.2417,0.4214,0.8706,0.0,-0.12,0.0,25.93,-14.39,-0.48,27.9,,,,,,,,,,,,,,,,
EXO,44927012,,,,,,,,,,,,SAFE,-12.014,-0.122,0.997,1.286,-0.042,0.009,0.0,0.009,-0.007,0.0,0.0,0.0,0.0,0.0,0.0
IMU,45006060.0,1,0.5049,-0.0518,0.8652,0.0,-0.06,0.0,-3.36,-30.45,0.45,26.9,,,,,,,,,,,,,,,,
IMU,44957033.0,2,0.2524,0.4214,0.8755,0.06,0.06,0.0,25.93,-14.39,-0.48,28.0,,,,,,,,,,,,,,,,
EXO,45026910,,,,,,,,,,,,SAFE,-12.014,0.061,1.004,1.286,0.065,0.009,0.0,0.009,-0.005,0.0,0.0,0.0,0.0,0.0,0.0
IMU,45106137.0,1,0.5117,-0.0493,0.8545,0.0,0.0,0.0,-3.36,-30.45,0.45,26.9,,,,,,,,,,,,,,,,
IMU,45056896.0,2,0.2437,0.4219,0.8711,0.0,0.0,0.0,25.94,-14.39,-0.48,27.8,,,,,,,,,,,,,,,,
EXO,45126824,,,,,,,,,,,,SAFE,-12.019,0.0,0.998,1.286,-0.042,0.009,0.0,0.009,-0.008,0.0,0.0,0.0,0.0,0.0,0.0
IMU,45206380.0,1,0.5107,-0.0493,0.8579,0.06,0.12,0.0,-3.36,-30.45,0.45,27.0,,,,,,,,,,,,,,,,
IMU,45156856.0,2,0.2529,0.4224,0.8716,-0.06,-0.06,0.0,25.94,-14.39,-0.49,28.0,,,,,,,,,,,,,,,,
EXO,45227005,,,,,,,,,,,,SAFE,-12.019,-0.061,1.001,1.286,0.037,0.009,0.0,0.009,-0.035,0.0,0.0,0.0,0.0,0.0,0.0
IMU,45306560.0,1,0.5063,-0.0513,0.8735,-0.06,-0.31,0.0,-3.36,-30.45,0.45,26.9,,,,,,,,,,,,,,,,
IMU,45256811.0,2,0.2432,0.4199,0.8706,-0.06,0.12,0.0,25.94,-14.39,-0.48,27.9,,,,,,,,,,,,,,,,
EXO,45327108,,,,,,,,,,,,SAFE,-12.019,0.122,0.997,1.286,-0.033,0.009,0.0,0.009,-0.018,0.0,0.0,0.0,0.0,0.0,0.0
IMU,45406731.0,1,0.5107,-0.0503,0.8647,0.0,-0.06,0.0,-3.36,-30.45,0.45,27.0,,,,,,,,,,,,,,,,
IMU,45356759.0,2,0.2568,0.4243,0.8667,0.24,-0.31,0.0,25.94,-14.39,-0.48,28.0,,,,,,,,,,,,,,,,
EXO,45427028,,,,,,,,,,,,SAFE,-12.019,-0.305,0.999,1.286,0.042,0.009,0.0,0.009,-0.001,0.0,0.0,0.0,0.0,0.0,0.0
IMU,45506866.0,1,0.5063,-0.0513,0.8643,0.0,0.0,0.0,-3.36,-30.45,0.45,27.0,,,,,,,,,,,,,,,,
IMU,45456648.0,2,0.25,0.4224,0.8691,0.12,0.0,0.0,25.94,-14.39,-0.48,27.9,,,,,,,,,,,,,,,,
EXO,45526813,,,,,,,,,,,,SAFE,-12.019,0.0,0.998,1.286,0.101,0.009,0.0,0.009,-0.003,0.0,0.0,0.0,0.0,0.0,0.0
IMU,45607110.0,1,0.5103,-0.0518,0.8599,0.0,0.12,0.0,-3.36,-30.45,0.45,27.1,,,,,,,,,,,,,,,,
IMU,45556567.0,2,0.249,0.4209,0.8701,0.12,0.0,0.0,25.94,-14.39,-0.48,28.0,,,,,,,,,,,,,,,,
EXO,45626825,,,,,,,,,,,,SAFE,-12.019,0.0,0.998,1.286,0.036,0.009,0.0,0.009,-0.01,0.0,0.0,0.0,0.0,0.0,0.0
IMU,45707278.0,1,0.5059,-0.0498,0.8643,0.0,-0.12,0.0,-3.36,-30.45,0.45,26.9,,,,,,,,,,,,,,,,
IMU,45656449.0,2,0.2485,0.4224,0.8667,0.0,0.0,0.0,25.94,-14.39,-0.48,27.9,,,,,,,,,,,,,,,,
EXO,45726934,,,,,,,,,,,,SAFE,-12.019,0.0,0.996,1.286,0.044,0.009,0.0,0.009,-0.003,0.0,0.0,0.0,0.0,0.0,0.0
IMU,45807419.0,1,0.5103,-0.0503,0.8647,0.0,-0.06,0.0,-3.36,-30.45,0.45,27.0,,,,,,,,,,,,,,,,
IMU,45756395.0,2,0.2437,0.4214,0.8687,0.0,-0.18,0.0,25.94,-14.39,-0.48,28.0,,,,,,,,,,,,,,,,
EXO,45827010,,,,,,,,,,,,SAFE,-12.019,-0.183,0.996,1.286,0.222,0.009,0.0,0.009,-0.011,0.0,0.0,0.0,0.0,0.0,0.0
IMU,45907526.0,1,0.5078,-0.0508,0.8647,0.0,0.0,0.0,-3.36,-30.45,0.45,26.8,,,,,,,,,,,,,,,,
IMU,45856367.0,2,0.249,0.4229,0.8726,0.0,0.06,0.0,25.94,-14.4,-0.48,28.0,,,,,,,,,,,,,,,,
EXO,45926842,,,,,,,,,,,,SAFE,-12.025,0.061,1.001,1.286,0.034,0.009,0.0,0.009,0.0,0.0,0.0,0.0,0.0,0.0,0.0
IMU,46007693.0,1,0.5068,-0.0513,0.8643,0.0,0.0,0.0,-3.36,-30.45,0.45,27.0,,,,,,,,,,,,,,,,
IMU,45956217.0,2,0.249,0.4224,0.8687,0.0,0.0,0.0,25.94,-14.4,-0.48,28.0,,,,,,,,,,,,,,,,
EXO,46026818,,,,,,,,,,,,SAFE,-12.025,0.0,0.997,1.286,0.006,0.009,0.0,0.009,-0.003,0.0,0.0,0.0,0.0,0.0,0.0
IMU,46107910.0,1,0.5093,-0.0522,0.8682,-0.06,-0.24,0.0,-3.36,-30.45,0.45,27.0,,,,,,,,,,,,,,,,
IMU,46056204.0,2,0.2515,0.4229,0.8701,0.0,-0.06,0.0,25.94,-14.4,-0.48,27.8,,,,,,,,,,,,,,,,
EXO,46127133,,,,,,,,,,,,SAFE,-12.025,-0.061,1.0,1.286,-0.023,0.009,0.0,0.009,0.001,0.0,0.0,0.0,0.0,0.0,0.0
IMU,46208089.0,1,0.5078,-0.0522,0.8623,0.0,0.12,0.0,-3.36,-30.44,0.45,26.9,,,,,,,,,,,,,,,,
IMU,46156136.0,2,0.2549,0.4238,0.8696,0.12,-0.18,0.0,25.94,-14.4,-0.48,28.0,,,,,,,,,,,,,,,,
EXO,46226939,,,,,,,,,,,,SAFE,-12.025,-0.183,1.0,1.286,0.111,0.009,0.0,0.009,-0.015,0.0,0.0,0.0,0.0,0.0,0.0
IMU,46308244.0,1,0.5063,-0.0488,0.8638,0.0,-0.24,0.0,-3.36,-30.44,0.45,27.0,,,,,,,,,,,,,,,,
IMU,46256058.0,2,0.25,0.4229,0.8667,0.06,0.0,0.0,25.94,-14.4,-0.48,27.9,,,,,,,,,,,,,,,,
EXO,46326919,,,,,,,,,,,,SAFE,-12.025,0.0,0.996,1.286,0.155,0.009,0.0,0.009,-0.004,0.0,0.0,0.0,0.0,0.0,0.0
IMU,46408344.0,1,0.5088,-0.0513,0.8604,0.0,0.0,0.0,-3.36,-30.44,0.45,27.0,,,,,,,,,,,,,,,,
IMU,46356008.0,2,0.2461,0.4224,0.8701,0.24,-0.37,0.0,25.94,-14.4,-0.48,27.9,,,,,,,,,,,,,,,,
EXO,46426916,,,,,,,,,,,,SAFE,-12.025,-0.366,0.998,1.286,0.07,0.009,0.0,0.009,-0.003,0.0,0.0,0.0,0.0,0.0,0.0
IMU,46508515.0,1,0.5078,-0.0498,0.8652,0.0,0.0,0.0,-3.36,-30.44,0.45,27.0,,,,,,,,,,,,,,,,
IMU,46455929.0,2,0.25,0.4224,0.875,0.12,0.0,0.0,25.94,-14.4,-0.48,27.9,,,,,,,,,,,,,,,,
EXO,46526840,,,,,,,,,,,,SAFE,-12.025,0.0,1.003,1.286,0.04,0.009,0.0,0.009,0.003,0.0,0.0,0.0,0.0,0.0,0.0
IMU,46608754.0,1,0.5083,-0.0498,0.8584,0.0,0.06,0.0,-3.36,-30.45,0.45,27.0,,,,,,,,,,,,,,,,
IMU,46555863.0,2,0.2505,0.4214,0.8716,0.0,0.24,0.0,25.94,-14.4,-0.48,27.7,,,,,,,,,,,,,,,,
EXO,46626824,,,,,,,,,,,,SAFE,-12.025,0.244,1.0,1.286,0.033,0.009,0.0,0.009,0.002,0.0,0.0,0.0,0.0,0.0,0.0
IMU,46708937.0,1,0.5088,-0.0508,0.8647,0.0,-0.18,0.0,-3.36,-30.45,0.45,27.1,,,,,,,,,,,,,,,,
IMU,46655820.0,2,0.2446,0.4214,0.8672,-0.12,-0.06,0.0,25.94,-14.4,-0.48,27.9,,,,,,,,,,,,,,,,
EXO,46727092,,,,,,,,,,,,SAFE,-12.025,-0.061,0.995,1.286,0.119,0.009,0.0,0.009,0.03,0.0,0.0,0.0,0.0,0.0,0.0
IMU,46809112.0,1,0.5093,-0.0508,0.8657,0.0,-0.12,0.0,-3.36,-30.45,0.45,26.9,,,,,,,,,,,,,,,,
IMU,46755679.0,2,0.2476,0.4233,0.873,0.0,0.0,0.0,25.94,-14.4,-0.48,27.9,,,,,,,,,,,,,,,,
EXO,46826938,,,,,,,,,,,,SAFE,-12.025,0.0,1.001,1.286,0.061,0.009,0.0,0.009,-0.005,0.0,0.0,0.0,0.0,0.0,0.0
IMU,46909279.0,1,0.5068,-0.0488,0.8623,0.0,0.18,0.0,-3.36,-30.45,0.45,26.8,,,,,,,,,,,,,,,,
IMU,46855689.0,2,0.252,0.4214,0.8745,0.0,0.18,0.0,25.94,-14.4,-0.48,27.9,,,,,,,,,,,,,,,,
EXO,46926873,,,,,,,,,,,,SAFE,-12.025,0.183,1.003,1.286,0.062,0.009,0.0,0.009,0.005,0.0,0.0,0.0,0.0,0.0,0.0
IMU,47009456.0,1,0.5088,-0.0508,0.8613,0.0,-0.12,0.0,-3.36,-30.45,0.45,27.0,,,,,,,,,,,,,,,,
IMU,46955609.0,2,0.2466,0.4219,0.8687,0.0,0.18,0.0,25.94,-14.4,-0.48,27.9,,,,,,,,,,,,,,,,
EXO,47026930,,,,,,,,,,,,SAFE,-12.025,0.183,0.997,1.286,-0.233,0.009,0.0,0.009,0.002,0.0,0.0,0.0,0.0,0.0,0.0
IMU,47109655.0,1,0.5078,-0.0503,0.8638,0.06,0.0,0.0,-3.36,-30.45,0.45,27.1,,,,,,,,,,,,,,,,
IMU,47055496.0,2,0.2471,0.4229,0.8677,0.0,-0.06,0.0,25.94,-14.4,-0.48,27.9,,,,,,,,,,,,,,,,
EXO,47126932,,,,,,,,,,,,SAFE,-12.025,-0.061,0.996,1.286,-0.091,0.009,0.0,0.009,-0.014,0.0,0.0,0.0,0.0,0.0,0.0
IMU,47209816.0,1,0.502,-0.0508,0.8633,0.06,0.12,0.0,-3.36,-30.45,0.45,27.0,,,,,,,,,,,,,,,,
IMU,47155441.0,2,0.2476,0.4229,0.877,0.0,0.18,0.0,25.93,-14.4,-0.48,27.8,,,,,,,,,,,,,,,,
EXO,47226846,,,,,,,,,,,,SAFE,-12.025,0.183,1.005,1.286,0.026,0.009,0.0,0.009,-0.0,0.0,0.0,0.0,0.0,0.0,0.0
IMU,47309979.0,1,0.5098,-0.0503,0.8618,0.0,-0.06,0.0,-3.36,-30.45,0.45,27.0,,,,,,,,,,,,,,,,
IMU,47255388.0,2,0.2466,0.4224,0.8721,-0.18,0.49,-0.18,25.94,-14.4,-0.48,27.9,,,,,,,,,,,,,,,,
EXO,47327111,,,,,,,,,,,,SAFE,-12.025,0.488,1.0,1.286,0.065,0.009,0.0,0.009,-0.005,0.0,0.0,0.0,0.0,0.0,0.0
IMU,47410151.0,1,0.5073,-0.0532,0.8633,0.0,-0.06,0.0,-3.36,-30.45,0.45,27.0,,,,,,,,,,,,,,,,
IMU,47355338.0,2,0.2485,0.4243,0.8662,0.0,0.0,-0.06,25.94,-14.4,-0.49,27.8,,,,,,,,,,,,,,,,
EXO,47427012,,,,,,,,,,,,SAFE,-12.025,0.0,0.996,1.286,-0.096,0.009,0.0,0.009,-0.002,0.0,0.0,0.0,0.0,0.0,0.0
IMU,47510324.0,1,0.5073,-0.0498,0.8599,0.06,0.37,0.0,-3.36,-30.45,0.45,27.0,,,,,,,,,,,,,,,,
IMU,47455254.0,2,0.2534,0.4219,0.8701,0.06,-0.24,0.06,25.94,-14.4,-0.49,27.9,,,,,,,,,,,,,,,,
EXO,47526934,,,,,,,,,,,,SAFE,-12.025,-0.244,1.0,1.286,0.023,0.009,0.0,0.009,-0.004,0.0,0.0,0.0,0.0,0.0,0.0
IMU,47610425.0,1,0.5103,-0.0498,0.8618,0.0,0.0,0.0,-3.36,-30.45,0.45,27.0,,,,,,,,,,,,,,,,
IMU,47555193.0,2,0.2549,0.4219,0.8735,-0.12,0.31,-0.18,25.94,-14.39,-0.5,27.9,,,,,,,,,,,,,,,,
EXO,47626986,,,,,,,,,,,,SAFE,-12.019,0.305,1.003,1.286,0.143,0.009,0.0,0.009,-0.005,0.0,0.0,0.0,0.0,0.0,0.0
IMU,47710596.0,1,0.5044,-0.0508,0.8652,0.0,0.0,0.0,-3.36,-30.45,0.45,27.0,,,,,,,,,,,,,,,,
IMU,47655131.0,2,0.2412,0.4229,0.8657,0.12,0.06,-0.06,25.94,-14.39,-0.51,27.9,,,,,,,,,,,,,,,,
EXO,47726908,,,,,,,,,,,,SAFE,-12.019,0.061,0.993,1.286,0.001,0.009,0.0,0.009,0.008,0.0,0.0,0.0,0.0,0.0,0.0
IMU,47810851.0,1,0.5078,-0.0513,0.8618,0.0,0.18,0.0,-3.36,-30.45,0.46,26.9,,,,,,,,,,,,,,,,
IMU,47755066.0,2,0.2495,0.4229,0.8706,0.06,-0.31,0.06,25.94,-14.39,-0.51,27.8,,,,,,,,,,,,,,,,
EXO,47826914,,,,,,,,,,,,SAFE,-12.019,-0.305,1.0,1.286,-0.095,0.009,0.0,0.009,0.023,0.0,0.0,0.0,0.0,0.0,0.0
IMU,47910946.0,1,0.5107,-0.0498,0.8623,0.0,0.0,0.0,-3.36,-30.45,0.46,27.0,,,,,,,,,,,,,,,,
IMU,47855002.0,2,0.2456,0.4209,0.8701,0.0,0.24,-0.06,25.94,-14.39,-0.52,28.0,,,,,,,,,,,,,,,,
EXO,47926949,,,,,,,,,,,,SAFE,-12.014,0.244,0.997,1.286,-0.005,0.009,0.0,0.009,-0.008,0.0,0.0,0.0,0.0,0.0,0.0
IMU,48011176.0,1,0.5083,-0.0513,0.8682,0.0,-0.12,0.0,-3.36,-30.45,0.46,27.0,,,,,,,,,,,,,,,,
IMU,47954918.0,2,0.2451,0.4219,0.8691,0.06,0.18,-0.18,25.94,-14.39,-0.52,28.0,,,,,,,,,,,,,,,,
EXO,48027018,,,,,,,,,,,,SAFE,-12.014,0.183,0.997,1.286,-0.142,0.009,0.0,0.009,0.003,0.0,0.0,0.0,0.0,0.0,0.0
IMU,48111284.0,1,0.5117,-0.0522,0.8647,0.0,0.0,0.0,-3.36,-30.45,0.46,26.8,,,,,,,,,,,,,,,,
IMU,48054818.0,2,0.2485,0.4219,0.8701,0.0,-0.06,0.0,25.94,-14.39,-0.52,27.9,,,,,,,,,,,,,,,,
EXO,48126903,,,,,,,,,,,,SAFE,-12.014,-0.061,0.998,1.286,-0.046,0.009,0.0,0.009,0.008,0.0,0.0,0.0,0.0,0.0,0.0
IMU,48211510.0,1,0.5059,-0.0513,0.8652,0.06,0.0,0.0,-3.36,-30.45,0.46,26.9,,,,,,,,,,,,,,,,
IMU,48154769.0,2,0.2476,0.4209,0.8687,0.06,0.0,0.0,25.94,-14.39,-0.52,27.9,,,,,,,,,,,,,,,,
EXO,48226825,,,,,,,,,,,,SAFE,-12.014,0.0,0.996,1.286,0.011,0.009,0.0,0.009,-0.006,0.0,0.0,0.0,0.0,0.0,0.0
IMU,48311628.0,1,0.5059,-0.0508,0.8643,0.0,0.0,0.0,-3.36,-30.45,0.46,27.0,,,,,,,,,,,,,,,,
IMU,48254717.0,2,0.248,0.4224,0.8711,0.0,0.18,0.0,25.94,-14.39,-0.52,27.9,,,,,,,,,,,,,,,,
EXO,48326825,,,,,,,,,,,,SAFE,-12.014,0.183,0.999,1.286,0.011,0.009,0.0,0.009,-0.031,0.0,0.0,0.0,0.0,0.0,0.0
IMU,48411856.0,1,0.5068,-0.0518,0.8623,0.0,0.06,0.0,-3.36,-30.45,0.46,27.0,,,,,,,,,,,,,,,,
IMU,48354717.0,2,0.249,0.4229,0.8706,0.06,0.0,0.0,25.94,-14.39,-0.52,27.9,,,,,,,,,,,,,,,,
EXO,48426874,,,,,,,,,,,,SAFE,-12.019,0.0,0.999,1.286,0.019,0.009,0.0,0.009,0.002,0.0,0.0,0.0,0.0,0.0,0.0
IMU,48512033.0,1,0.5098,-0.0508,0.8613,0.0,0.06,0.0,-3.36,-30.45,0.46,27.0,,,,,,,,,,,,,,,,
IMU,48454583.0,2,0.251,0.4229,0.8716,0.0,0.0,0.0,25.94,-14.39,-0.52,28.1,,,,,,,,,,,,,,,,
EXO,48526831,,,,,,,,,,,,SAFE,-12.019,0.0,1.001,1.286,0.068,0.009,0.0,0.009,-0.004,0.0,0.0,0.0,0.0,0.0,0.0
IMU,48612151.0,1,0.5078,-0.0508,0.8657,0.0,0.0,0.0,-3.36,-30.45,0.46,27.0,,,,,,,,,,,,,,,,
IMU,48554565.0,2,0.2505,0.4224,0.8672,0.0,0.31,0.0,25.94,-14.39,-0.52,27.9,,,,,,,,,,,,,,,,
EXO,48626841,,,,,,,,,,,,SAFE,-12.019,0.305,0.997,1.286,0.03,0.009,0.0,0.009,0.002,0.0,0.0,0.0,0.0,0.0,0.0
IMU,48712369.0,1,0.5098,-0.0522,0.8623,0.06,0.24,0.0,-3.36,-30.45,0.46,27.0,,,,,,,,,,,,,,,,
IMU,48654413.0,2,0.2446,0.4229,0.8657,0.0,-0.12,0.0,25.94,-14.39,-0.52,27.9,,,,,,,,,,,,,,,,
EXO,48726930,,,,,,,,,,,,SAFE,-12.019,-0.122,0.994,1.286,-0.001,0.009,0.0,0.009,0.004,0.0,0.0,0.0,0.0,0.0,0.0
IMU,48812561.0,1,0.5103,-0.0488,0.8633,0.0,-0.06,0.0,-3.36,-30.45,0.46,27.0,,,,,,,,,,,,,,,,
IMU,48754337.0,2,0.2451,0.4204,0.8682,0.12,0.0,0.0,25.94,-14.39,-0.52,28.0,,,,,,,,,,,,,,,,
EXO,48826943,,,,,,,,,,,,SAFE,-12.019,0.0,0.995,1.286,-0.123,0.009,0.0,0.009,-0.015,0.0,0.0,0.0,0.0,0.0,0.0
IMU,48912747.0,1,0.5054,-0.0483,0.8628,0.0,-0.12,0.0,-3.35,-30.45,0.46,27.0,,,,,,,,,,,,,,,,
IMU,48854395.0,2,0.2461,0.4209,0.8711,0.06,-0.06,0.0,25.94,-14.39,-0.52,28.0,,,,,,,,,,,,,,,,
EXO,48927009,,,,,,,,,,,,SAFE,-12.019,-0.061,0.998,1.286,-0.119,0.009,0.0,0.009,0.008,0.0,0.0,0.0,0.0,0.0,0.0
IMU,49012909.0,1,0.5093,-0.0522,0.8574,0.06,0.31,0.0,-3.35,-30.45,0.46,27.0,,,,,,,,,,,,,,,,
IMU,48954222.0,2,0.2505,0.4229,0.8726,-0.12,0.12,0.0,25.94,-14.39,-0.52,28.0,,,,,,,,,,,,,,,,
EXO,49026934,,,,,,,,,,,,SAFE,-12.019,0.122,1.001,1.286,0.164,0.009,0.0,0.009,0.003,0.0,0.0,0.0,0.0,0.0,0.0
IMU,49113074.0,1,0.5024,-0.0488,0.8618,0.0,0.06,0.0,-3.35,-30.45,0.46,27.0,,,,,,,,,,,,,,,,
IMU,49054168.0,2,0.2544,0.4238,0.8667,0.0,0.06,0.0,25.94,-14.4,-0.52,27.8,,,,,,,,,,,,,,,,
EXO,49126806,,,,,,,,,,,,SAFE,-12.025,0.061,0.998,1.286,-0.009,0.009,0.0,0.009,-0.002,0.0,0.0,0.0,0.0,0.0,0.0
IMU,49213208.0,1,0.5117,-0.0513,0.8589,0.06,0.24,0.0,-3.35,-30.45,0.46,27.0,,,,,,,,,,,,,,,,
IMU,49154080.0,2,0.2529,0.4229,0.8706,-0.06,0.12,-0.12,25.94,-14.39,-0.52,27.9,,,,,,,,,,,,,,,,
EXO,49226996,,,,,,,,,,,,SAFE,-12.019,0.122,1.0,1.286,0.019,0.009,0.0,0.009,0.013,0.0,0.0,0.0,0.0,0.0,0.0
IMU,49313378.0,1,0.501,-0.0459,0.8599,0.06,-0.18,0.0,-3.35,-30.45,0.46,26.9,,,,,,,,,,,,,,,,
IMU,49253974.0,2,0.2563,0.4238,0.8677,0.12,-0.18,0.0,25.94,-14.39,-0.53,27.9,,,,,,,,,,,,,,,,
EXO,49326991,,,,,,,,,,,,SAFE,-12.019,-0.183,0.999,1.286,-0.013,0.009,0.0,0.009,0.003,0.0,0.0,0.0,0.0,0.0,0.0
IMU,49413468.0,1,0.5117,-0.0518,0.8618,0.0,0.0,0.0,-3.35,-30.45,0.46,27.0,,,,,,,,,,,,,,,,
IMU,49353988.0,2,0.2505,0.4214,0.875,0.0,0.31,-0.18,25.94,-14.39,-0.53,28.0,,,,,,,,,,,,,,,,
EXO,49426933,,,,,,,,,,,,SAFE,-12.014,0.305,1.003,1.286,-0.003,0.009,0.0,0.009,0.009,0.0,0.0,0.0,0.0,0.0,0.0
IMU,49513675.0,1,0.5083,-0.0498,0.8623,0.0,0.0,0.0,-3.35,-30.45,0.46,26.9,,,,,,,,,,,,,,,,
IMU,49453826.0,2,0.2485,0.4224,0.8691,0.12,-0.18,0.0,25.94,-14.39,-0.54,28.0,,,,,,,,,,,,,,,,
EXO,49526929,,,,,,,,,,,,SAFE,-12.014,-0.183,0.998,1.286,-0.021,0.009,0.0,0.009,-0.01,0.0,0.0,0.0,0.0,0.0,0.0
IMU,49613871.0,1,0.5078,-0.0513,0.8633,0.0,-0.12,0.0,-3.35,-30.45,0.46,27.0,,,,,,,,,,,,,,,,
IMU,49553767.0,2,0.2485,0.4224,0.8726,0.18,-0.18,0.0,25.94,-14.38,-0.55,27.9,,,,,,,,,,,,,,,,
EXO,49627014,,,,,,,,,,,,SAFE,-12.008,-0.183,1.001,1.286,0.049,0.009,0.0,0.009,0.029,0.0,0.0,0.0,0.0,0.0,0.0
IMU,49713994.0,1,0.5063,-0.0508,0.8652,0.0,0.0,0.0,-3.35,-30.45,0.46,27.0,,,,,,,,,,,,,,,,
IMU,49653701.0,2,0.2451,0.4243,0.8716,0.12,-0.12,0.0,25.95,-14.38,-0.55,27.9,,,,,,,,,,,,,,,,
EXO,49726906,,,,,,,,,,,,SAFE,-12.008,-0.122,1.0,1.286,-0.068,0.009,0.0,0.009,-0.0,0.0,0.0,0.0,0.0,0.0,0.0
IMU,49814153.0,1,0.5098,-0.0508,0.8604,0.0,0.0,0.0,-3.35,-30.45,0.46,27.1,,,,,,,,,,,,,,,,
IMU,49753673.0,2,0.2505,0.4209,0.8682,-0.06,0.0,-0.18,25.95,-14.38,-0.56,27.8,,,,,,,,,,,,,,,,
EXO,49827007,,,,,,,,,,,,SAFE,-12.008,0.0,0.997,1.286,0.011,0.009,0.0,0.009,-0.006,0.0,0.0,0.0,0.0,0.0,0.0
IMU,49914340.0,1,0.5059,-0.0518,0.8662,0.0,0.0,0.0,-3.36,-30.45,0.46,27.0,,,,,,,,,,,,,,,,
IMU,49853597.0,2,0.2476,0.4233,0.8662,0.0,0.0,0.0,25.95,-14.38,-0.57,27.9,,,,,,,,,,,,,,,,
EXO,49926852,,,,,,,,,,,,SAFE,-12.008,0.0,0.995,1.286,0.023,0.009,0.0,0.009,0.003,0.0,0.0,0.0,0.0,0.0,0.0
IMU,50014601.0,1,0.5308,-0.0684,0.8076,-0.12,-2.75,0.24,-3.36,-30.51,0.47,27.0,,,,,,,,,,,,,,,,
IMU,49953510.0,2,0.2368,0.4146,0.8413,-0.67,-0.61,0.43,25.94,-14.39,-0.57,27.9,,,,,,,,,,,,,,,,
EXO,50027186,,,,,,,,,,,,SAFE,-12.019,-0.61,0.967,1.286,-0.185,0.009,0.0,0.009,-0.002,0.0,0.0,0.0,0.0,0.0,0.0
IMU,50114716.0,1,0.5024,-0.0469,0.8862,0.0,0.98,-0.06,-3.38,-30.39,0.46,26.9,,,,,,,,,,,,,,,,
IMU,50053435.0,2,0.2349,0.4199,0.9204,0.0,-0.67,0.18,25.92,-14.35,-0.56,28.0,,,,,,,,,,,,,,,,
EXO,50127021,,,,,,,,,,,,SAFE,-11.975,-0.671,1.039,1.286,0.131,0.009,0.0,0.009,-0.01,0.0,0.0,0.0,0.0,0.0,0.0
IMU,50214865.0,1,0.5039,-0.0518,0.8569,-0.06,0.49,0.0,-3.38,-30.43,0.46,27.0,,,,,,,,,,,,,,,,
IMU,50153383.0,2,0.2705,0.4272,0.8408,-0.06,0.31,-0.18,25.93,-14.4,-0.58,27.8,,,,,,,,,,,,,,,,
EXO,50227106,,,,,,,,,,,,SAFE,-12.03,0.305,0.981,1.286,-0.023,0.009,0.0,0.009,0.012,0.0,0.0,0.0,0.0,0.0,0.0
IMU,50315064.0,1,0.5132,-0.0444,0.8604,-0.06,-0.18,0.06,-3.38,-30.42,0.46,27.0,,,,,,,,,,,,,,,,
IMU,50253305.0,2,0.2466,0.4126,0.8721,0.18,-0.61,0.06,25.92,-14.38,-0.57,28.0,,,,,,,,,,,,,,,,
EXO,50327120,,,,,,,,,,,,SAFE,-12.008,-0.61,0.996,1.286,-0.022,0.009,0.0,0.009,-0.004,0.0,0.0,0.0,0.0,0.0,0.0
IMU,50415151.0,1,0.5049,-0.0537,0.8696,0.0,0.0,0.0,-3.39,-30.4,0.46,26.9,,,,,,,,,,,,,,,,
IMU,50353213.0,2,0.249,0.4189,0.8813,0.0,0.12,0.0,25.91,-14.39,-0.58,27.9,,,,,,,,,,,,,,,,
EXO,50426824,,,,,,,,,,,,SAFE,-12.014,0.122,1.007,1.286,-0.058,0.009,0.0,0.009,-0.036,0.0,0.0,0.0,0.0,0.0,0.0
IMU,50515370.0,1,0.5063,-0.0508,0.8584,-0.06,0.61,0.0,-3.39,-30.4,0.46,27.0,,,,,,,,,,,,,,,,
IMU,50453133.0,2,0.2495,0.4224,0.8647,-0.24,0.43,-0.18,25.9,-14.39,-0.58,27.9,,,,,,,,,,,,,,,,
EXO,50527089,,,,,,,,,,,,SAFE,-12.019,0.427,0.994,1.286,0.013,0.009,0.0,0.009,0.009,0.0,0.0,0.0,0.0,0.0,0.0
IMU,50615532.0,1,0.5049,-0.0508,0.8657,0.0,-0.18,0.0,-3.4,-30.39,0.46,26.9,,,,,,,,,,,,,,,,
IMU,50553068.0,2,0.2554,0.4204,0.8667,0.24,-0.67,0.06,25.89,-14.39,-0.59,27.8,,,,,,,,,,,,,,,,
EXO,50627007,,,,,,,,,,,,SAFE,-12.019,-0.671,0.997,1.286,-0.075,0.009,0.0,0.009,0.013,0.0,0.0,0.0,0.0,0.0,0.0
IMU,50715722.0,1,0.5122,-0.0503,0.8618,-0.06,0.18,0.0,-3.41,-30.39,0.46,27.0,,,,,,,,,,,,,,,,
IMU,50652945.0,2,0.249,0.4165,0.8701,-0.12,0.24,0.0,25.89,-14.39,-0.59,27.9,,,,,,,,,,,,,,,,
EXO,50726985,,,,,,,,,,,,SAFE,-12.019,0.244,0.996,1.286,0.054,0.009,0.0,0.009,0.001,0.0,0.0,0.0,0.0,0.0,0.0
IMU,50815868.0,1,0.5005,-0.0527,0.8633,0.06,-0.43,0.0,-3.41,-30.38,0.46,26.9,,,,,,,,,,,,,,,,
IMU,50752876.0,2,0.2568,0.4204,0.8696,-0.06,0.0,0.0,25.88,-14.4,-0.59,28.0,,,,,,,,,,,,,,,,
EXO,50826985,,,,,,,,,,,,SAFE,-12.025,0.0,0.999,1.286,-0.017,0.009,0.0,0.009,-0.011,0.0,0.0,0.0,0.0,0.0,0.0
IMU,50916050.0,1,0.5078,-0.0532,0.8643,-0.06,0.24,0.0,-3.42,-30.38,0.46,26.8,,,,,,,,,,,,,,,,
IMU,50852841.0,2,0.2485,0.4272,0.8735,-0.06,0.0,0.0,25.86,-14.4,-0.59,28.0,,,,,,,,,,,,,,,,
EXO,50927041,,,,,,,,,,,,SAFE,-12.03,0.0,1.004,1.286,0.198,0.009,0.0,0.009,0.003,0.0,0.0,0.0,0.0,0.0,0.0
IMU,51016204.0,1,0.5098,-0.0493,0.8652,-0.06,-0.06,0.0,-3.42,-30.37,0.46,27.0,,,,,,,,,,,,,,,,
IMU,50952712.0,2,0.2451,0.4126,0.8716,0.0,0.0,0.0,25.86,-14.4,-0.59,28.0,,,,,,,,,,,,,,,,
EXO,51026995,,,,,,,,,,,,SAFE,-12.03,0.0,0.995,1.286,0.052,0.009,0.0,0.009,-0.003,0.0,0.0,0.0,0.0,0.0,0.0
IMU,51116351.0,1,0.5005,-0.0552,0.8657,0.0,-0.18,0.0,-3.42,-30.37,0.46,26.9,,,,,,,,,,,,,,,,
IMU,51052695.0,2,0.2471,0.4233,0.8711,0.12,-0.12,0.0,25.86,-14.41,-0.59,27.9,,,,,,,,,,,,,,,,
EXO,51126983,,,,,,,,,,,,SAFE,-12.036,-0.122,1.0,1.286,0.068,0.009,0.0,0.009,0.01,0.0,0.0,0.0,0.0,0.0,0.0
IMU,51216539.0,1,0.5073,-0.0527,0.8643,-0.06,0.24,0.0,-3.43,-30.36,0.46,27.0,,,,,,,,,,,,,,,,
IMU,51152620.0,2,0.2505,0.4238,0.873,-0.06,0.0,0.0,25.85,-14.41,-0.59,28.0,,,,,,,,,,,,,,,,
EXO,51227009,,,,,,,,,,,,SAFE,-12.036,0.0,1.002,1.286,0.092,0.009,0.0,0.009,0.003,0.0,0.0,0.0,0.0,0.0,0.0
IMU,51316692.0,1,0.5107,-0.0508,0.8608,0.0,-0.12,0.0,-3.43,-30.36,0.46,27.0,,,,,,,,,,,,,,,,
IMU,51252553.0,2,0.252,0.4141,0.873,0.0,-0.06,0.0,25.85,-14.41,-0.59,27.9,,,,,,,,,,,,,,,,
EXO,51326971,,,,,,,,,,,,SAFE,-12.036,-0.061,0.999,1.286,-0.042,0.009,0.0,0.009,-0.001,0.0,0.0,0.0,0.0,0.0,0.0
IMU,51416887.0,1,0.5029,-0.0542,0.8677,0.0,-0.06,0.0,-3.43,-30.36,0.46,27.0,,,,,,,,,,,,,,,,
IMU,51352409.0,2,0.2534,0.4258,0.876,0.0,0.0,0.0,25.84,-14.41,-0.59,27.9,,,,,,,,,,,,,,,,
EXO,51426939,,,,,,,,,,,,SAFE,-12.041,0.0,1.006,1.286,0.028,0.009,0.0,0.009,-0.008,0.0,0.0,0.0,0.0,0.0,0.0
IMU,51517006.0,1,0.5078,-0.0498,0.8662,0.0,0.06,0.0,-3.44,-30.36,0.46,27.0,,,,,,,,,,,,,,,,
IMU,51452399.0,2,0.2515,0.4189,0.8735,0.06,0.12,0.0,25.84,-14.41,-0.59,28.0,,,,,,,,,,,,,,,,
EXO,51526822,,,,,,,,,,,,SAFE,-12.041,0.122,1.001,1.286,0.025,0.009,0.0,0.009,0.0,0.0,0.0,0.0,0.0,0.0,0.0
IMU,51617164.0,1,0.5059,-0.0527,0.8628,0.0,0.06,0.0,-3.44,-30.37,0.46,27.0,,,,,,,,,,,,,,,,
IMU,51552349.0,2,0.2476,0.4199,0.8691,0.06,0.06,0.0,25.84,-14.42,-0.59,27.9,,,,,,,,,,,,,,,,
EXO,51626843,,,,,,,,,,,,SAFE,-12.047,0.061,0.997,1.286,0.018,0.009,0.0,0.009,-0.006,0.0,0.0,0.0,0.0,0.0,0.0
IMU,51717320.0,1,0.5068,-0.0508,0.8633,0.0,-0.12,0.0,-3.44,-30.36,0.46,27.0,,,,,,,,,,,,,,,,
IMU,51652244.0,2,0.25,0.4189,0.874,0.12,-0.12,0.0,25.84,-14.42,-0.59,27.8,,,,,,,,,,,,,,,,
EXO,51726991,,,,,,,,,,,,SAFE,-12.047,-0.122,1.001,1.286,-0.018,0.009,0.0,0.009,-0.004,0.0,0.0,0.0,0.0,0.0,0.0
IMU,51817509.0,1,0.5039,-0.0552,0.8643,0.0,-0.06,0.0,-3.44,-30.36,0.46,27.1,,,,,,,,,,,,,,,,
IMU,51752170.0,2,0.2466,0.4224,0.8726,0.06,0.0,0.0,25.84,-14.42,-0.59,27.9,,,,,,,,,,,,,,,,
EXO,51826897,,,,,,,,,,,,SAFE,-12.047,0.0,1.0,1.286,0.014,0.009,0.0,0.009,-0.002,0.0,0.0,0.0,0.0,0.0,0.0
IMU,51917605.0,1,0.5078,-0.0508,0.8643,0.0,0.0,0.0,-3.44,-30.36,0.46,27.2,,,,,,,,,,,,,,,,
IMU,51852135.0,2,0.249,0.4204,0.8716,0.0,-0.06,0.0,25.83,-14.42,-0.59,28.0,,,,,,,,,,,,,,,,
EXO,51926917,,,,,,,,,,,,SAFE,-12.047,-0.061,0.999,1.286,-0.056,0.009,0.0,0.009,0.001,0.0,0.0,0.0,0.0,0.0,0.0
IMU,52017840.0,1,0.5068,-0.0537,0.8662,0.0,0.18,0.0,-3.44,-30.36,0.46,27.0,,,,,,,,,,,,,,,,
IMU,51952048.0,2,0.2515,0.4165,0.873,0.0,0.06,0.0,25.83,-14.42,-0.59,28.0,,,,,,,,,,,,,,,,
EXO,52026796,,,,,,,,,,,,SAFE,-12.047,0.061,0.999,1.286,-0.03,0.009,0.0,0.009,-0.011,0.0,0.0,0.0,0.0,0.0,0.0
IMU,52117985.0,1,0.5059,-0.0537,0.8647,0.0,-0.06,0.0,-3.44,-30.36,0.46,27.0,,,,,,,,,,,,,,,,
IMU,52051979.0,2,0.251,0.4243,0.8667,0.18,-0.06,0.0,25.83,-14.43,-0.59,27.9,,,,,,,,,,,,,,,,
EXO,52126987,,,,,,,,,,,,SAFE,-12.052,-0.061,0.997,1.286,-0.085,0.009,0.0,0.009,-0.013,0.0,0.0,0.0,0.0,0.0,0.0
IMU,52218146.0,1,0.5078,-0.0513,0.8623,0.06,-0.24,0.0,-3.44,-30.36,0.46,26.8,,,,,,,,,,,,,,,,
IMU,52151881.0,2,0.251,0.4185,0.875,0.12,-0.12,0.0,25.83,-14.43,-0.59,27.9,,,,,,,,,,,,,,,,
EXO,52226984,,,,,,,,,,,,SAFE,-12.052,-0.122,1.002,1.286,0.01,0.009,0.0,0.009,0.003,0.0,0.0,0.0,0.0,0.0,0.0
IMU,52318315.0,1,0.5078,-0.0522,0.8662,0.06,-0.12,0.0,-3.44,-30.36,0.46,27.0,,,,,,,,,,,,,,,,
IMU,52251810.0,2,0.2476,0.418,0.877,0.0,0.24,0.0,25.83,-14.43,-0.59,28.0,,,,,,,,,,,,,,,,
EXO,52326902,,,,,,,,,,,,SAFE,-12.052,0.244,1.003,1.286,0.124,0.009,0.0,0.009,0.009,0.0,0.0,0.0,0.0,0.0,0.0
IMU,52418479.0,1,0.5039,-0.0522,0.8652,0.0,0.06,0.0,-3.44,-30.36,0.46,27.1,,,,,,,,,,,,,,,,
IMU,52351741.0,2,0.2451,0.4209,0.8687,0.0,0.06,0.0,25.83,-14.43,-0.59,28.0,,,,,,,,,,,,,,,,
EXO,52426862,,,,,,,,,,,,SAFE,-12.052,0.061,0.996,1.286,0.022,0.009,0.0,0.009,0.004,0.0,0.0,0.0,0.0,0.0,0.0
IMU,52518661.0,1,0.5073,-0.0532,0.8618,0.0,-0.12,0.0,-3.44,-30.36,0.46,27.0,,,,,,,,,,,,,,,,
IMU,52451635.0,2,0.2485,0.4199,0.875,0.0,-0.18,0.0,25.83,-14.43,-0.59,28.0,,,,,,,,,,,,,,,,
EXO,52526980,,,,,,,,,,,,SAFE,-12.052,-0.183,1.002,1.286,0.101,0.009,0.0,0.009,-0.001,0.0,0.0,0.0,0.0,0.0,0.0
IMU,52618813.0,1,0.5049,-0.0532,0.8672,0.0,-0.06,0.0,-3.45,-30.36,0.46,27.0,,,,,,,,,,,,,,,,
IMU,52551590.0,2,0.2466,0.4199,0.874,0.0,0.12,0.0,25.82,-14.43,-0.59,28.0,,,,,,,,,,,,,,,,
EXO,52626899,,,,,,,,,,,,SAFE,-12.052,0.122,1.001,1.286,0.021,0.009,0.0,0.009,-0.02,0.0,0.0,0.0,0.0,0.0,0.0
IMU,52718921.0,1,0.5073,-0.0518,0.8657,0.0,0.0,0.0,-3.45,-30.36,0.46,26.9,,,,,,,,,,,,,,,,
IMU,52651425.0,2,0.2466,0.4209,0.8687,0.0,0.0,0.0,25.82,-14.43,-0.59,28.0,,,,,,,,,,,,,,,,
EXO,52726809,,,,,,,,,,,,SAFE,-12.052,0.0,0.996,1.286,0.002,0.009,0.0,0.009,0.039,0.0,0.0,0.0,0.0,0.0,0.0
IMU,52819172.0,1,0.5073,-0.0518,0.8623,0.06,-0.06,0.0,-3.45,-30.36,0.46,27.0,,,,,,,,,,,,,,,,
IMU,52751368.0,2,0.2471,0.4204,0.8735,0.0,0.0,0.0,25.82,-14.43,-0.59,27.9,,,,,,,,,,,,,,,,
EXO,52826902,,,,,,,,,,,,SAFE,-12.052,0.0,1.0,1.286,-0.028,0.009,0.0,0.009,-0.005,0.0,0.0,0.0,0.0,0.0,0.0
IMU,52919354.0,1,0.5083,-0.0518,0.8628,0.0,-0.06,0.0,-3.45,-30.36,0.46,26.9,,,,,,,,,,,,,,,,
IMU,52851376.0,2,0.248,0.4194,0.8716,0.06,0.12,0.0,25.82,-14.43,-0.59,27.9,,,,,,,,,,,,,,,,
EXO,52926950,,,,,,,,,,,,SAFE,-12.052,0.122,0.999,1.286,0.147,0.009,0.0,0.009,0.013,0.0,0.0,0.0,0.0,0.0,0.0
IMU,53019532.0,1,0.5068,-0.0537,0.8652,0.0,0.06,0.0,-3.45,-30.36,0.46,27.0,,,,,,,,,,,,,,,,
IMU,52951270.0,2,0.2432,0.4189,0.8687,0.06,0.0,0.0,25.82,-14.43,-0.59,27.9,,,,,,,,,,,,,,,,
EXO,53026814,,,,,,,,,,,,SAFE,-12.052,0.0,0.995,1.286,-0.032,0.009,0.0,0.009,0.006,0.0,0.0,0.0,0.0,0.0,0.0
IMU,53119705.0,1,0.5054,-0.0522,0.8647,0.0,-0.06,0.0,-3.45,-30.36,0.46,27.0,,,,,,,,,,,,,,,,
IMU,53051194.0,2,0.2485,0.4204,0.8721,0.06,-0.06,0.0,25.82,-14.43,-0.59,27.9,,,,,,,,,,,,,,,,
EXO,53126994,,,,,,,,,,,,SAFE,-12.052,-0.061,1.0,1.286,-0.083,0.009,0.0,0.009,-0.003,0.0,0.0,0.0,0.0,0.0,0.0
IMU,53219815.0,1,0.5063,-0.0522,0.8647,0.0,0.0,0.0,-3.45,-30.36,0.46,27.0,,,,,,,,,,,,,,,,
IMU,53151136.0,2,0.249,0.4194,0.8721,0.0,0.12,0.0,25.82,-14.43,-0.59,27.9,,,,,,,,,,,,,,,,
EXO,53226813,,,,,,,,,,,,SAFE,-12.052,0.122,0.999,1.286,-0.138,0.009,0.0,0.009,0.001,0.0,0.0,0.0,0.0,0.0,0.0
IMU,53319997.0,1,0.5073,-0.0527,0.8628,0.0,0.0,0.0,-3.45,-30.36,0.46,27.0,,,,,,,,,,,,,,,,
IMU,53251049.0,2,0.2495,0.418,0.8696,0.06,0.0,0.0,25.82,-14.43,-0.59,28.0,,,,,,,,,,,,,,,,
EXO,53326813,,,,,,,,,,,,SAFE,-12.052,0.0,0.997,1.286,0.065,0.009,0.0,0.009,-0.026,0.0,0.0,0.0,0.0,0.0,0.0
IMU,53420173.0,1,0.5063,-0.0527,0.8657,0.0,0.0,0.0,-3.45,-30.36,0.46,27.0,,,,,,,,,,,,,,,,
IMU,53350982.0,2,0.2539,0.4204,0.875,0.0,0.18,0.0,25.82,-14.43,-0.59,27.7,,,,,,,,,,,,,,,,
EXO,53426851,,,,,,,,,,,,SAFE,-12.052,0.183,1.003,1.286,0.029,0.009,0.0,0.009,0.051,0.0,0.0,0.0,0.0,0.0,0.0
IMU,53520339.0,1,0.5059,-0.0522,0.8643,0.0,0.0,0.0,-3.45,-30.35,0.46,27.0,,,,,,,,,,,,,,,,
IMU,53450839.0,2,0.2432,0.4204,0.8687,0.0,0.0,0.0,25.82,-14.43,-0.59,27.9,,,,,,,,,,,,,,,,
EXO,53526803,,,,,,,,,,,,SAFE,-12.057,0.0,0.995,1.286,-0.021,0.009,0.0,0.009,0.01,0.0,0.0,0.0,0.0,0.0,0.0
IMU,53620513.0,1,0.5059,-0.0527,0.8672,0.0,0.0,0.0,-3.46,-30.35,0.46,27.0,,,,,,,,,,,,,,,,
IMU,53550769.0,2,0.2456,0.4199,0.8672,0.0,0.0,0.0,25.81,-14.43,-0.59,27.9,,,,,,,,,,,,,,,,
EXO,53626811,,,,,,,,,,,,SAFE,-12.057,0.0,0.994,1.286,-0.029,0.009,0.0,0.009,0.003,0.0,0.0,0.0,0.0,0.0,0.0
IMU,53720681.0,1,0.5073,-0.0532,0.8638,0.0,0.0,0.0,-3.46,-30.35,0.46,27.0,,,,,,,,,,,,,,,,
IMU,53650678.0,2,0.2466,0.4209,0.8691,0.0,0.0,0.0,25.81,-14.43,-0.59,28.0,,,,,,,,,,,,,,,,
EXO,53726803,,,,,,,,,,,,SAFE,-12.057,0.0,0.997,1.286,-0.023,0.009,0.0,0.009,0.005,0.0,0.0,0.0,0.0,0.0,0.0
IMU,53820906.0,1,0.5059,-0.0508,0.8638,0.06,-0.12,0.0,-3.46,-30.35,0.46,27.0,,,,,,,,,,,,,,,,
IMU,53750646.0,2,0.2524,0.4214,0.8687,0.24,-0.06,0.0,25.81,-14.43,-0.59,27.9,,,,,,,,,,,,,,,,
EXO,53827010,,,,,,,,,,,,SAFE,-12.057,-0.061,0.998,1.286,-0.144,0.009,0.0,0.009,-0.004,0.0,0.0,0.0,0.0,0.0,0.0
IMU,53921079.0,1,0.5063,-0.0537,0.8643,0.0,-0.12,0.0,-3.46,-30.36,0.46,27.1,,,,,,,,,,,,,,,,
IMU,53850597.0,2,0.2485,0.4204,0.8721,0.06,0.0,0.0,25.81,-14.43,-0.59,28.0,,,,,,,,,,,,,,,,
EXO,53926944,,,,,,,,,,,,SAFE,-12.057,0.0,1.0,1.286,0.107,0.009,0.0,0.009,-0.003,0.0,0.0,0.0,0.0,0.0,0.0
IMU,54021193.0,1,0.5054,-0.0518,0.8667,0.0,0.0,0.0,-3.46,-30.36,0.46,27.0,,,,,,,,,,,,,,,,
IMU,53950436.0,2,0.2495,0.418,0.8711,0.0,0.0,0.0,25.82,-14.43,-0.59,28.0,,,,,,,,,,,,,,,,
EXO,54026806,,,,,,,,,,,,SAFE,-12.057,0.0,0.998,1.286,-0.013,0.009,0.0,0.009,-0.013,0.0,0.0,0.0,0.0,0.0,0.0
IMU,54121364.0,1,0.5068,-0.0527,0.8667,0.0,0.0,0.0,-3.46,-30.36,0.46,27.0,,,,,,,,,,,,,,,,
IMU,54050364.0,2,0.251,0.4194,0.8696,0.0,0.0,0.0,25.81,-14.43,-0.59,27.9,,,,,,,,,,,,,,,,
EXO,54126804,,,,,,,,,,,,SAFE,-12.057,0.0,0.998,1.286,0.187,0.009,0.0,0.009,-0.017,0.0,0.0,0.0,0.0,0.0,0.0
IMU,54221568.0,1,0.5088,-0.0498,0.8613,0.0,-0.24,0.0,-3.46,-30.36,0.47,27.0,,,,,,,,,,,,,,,,
IMU,54150286.0,2,0.2515,0.4194,0.8706,0.0,0.0,0.0,25.81,-14.43,-0.59,27.9,,,,,,,,,,,,,,,,
EXO,54226905,,,,,,,,,,,,SAFE,-12.057,0.0,0.999,1.286,-0.112,0.009,0.0,0.009,0.014,0.0,0.0,0.0,0.0,0.0,0.0
IMU,54321670.0,1,0.5049,-0.0537,0.8662,0.0,0.0,0.0,-3.46,-30.35,0.46,27.0,,,,,,,,,,,,,,,,
IMU,54250275.0,2,0.251,0.4214,0.8706,-0.06,0.24,0.0,25.81,-14.43,-0.59,27.9,,,,,,,,,,,,,,,,
EXO,54326885,,,,,,,,,,,,SAFE,-12.057,0.244,0.999,1.286,0.115,0.009,0.0,0.009,-0.006,0.0,0.0,0.0,0.0,0.0,0.0
IMU,54421921.0,1,0.5078,-0.0518,0.8647,0.06,-0.06,0.0,-3.46,-30.36,0.47,27.0,,,,,,,,,,,,,,,,
IMU,54350187.0,2,0.2524,0.4194,0.8706,0.06,0.0,0.0,25.81,-14.43,-0.59,27.9,,,,,,,,,,,,,,,,
EXO,54426931,,,,,,,,,,,,SAFE,-12.057,0.0,0.999,1.286,-0.002,0.009,0.0,0.009,0.0,0.0,0.0,0.0,0.0,0.0,0.0
IMU,54521991.0,1,0.5049,-0.0522,0.8643,0.0,0.0,0.0,-3.46,-30.36,0.47,27.0,,,,,,,,,,,,,,,,
IMU,54450109.0,2,0.249,0.4209,0.8711,0.06,0.0,0.0,25.82,-14.43,-0.59,28.0,,,,,,,,,,,,,,,,
EXO,54526808,,,,,,,,,,,,SAFE,-12.057,0.0,0.999,1.286,0.006,0.009,0.0,0.009,-0.005,0.0,0.0,0.0,0.0,0.0,0.0
IMU,54622163.0,1,0.5068,-0.0522,0.8657,0.0,0.0,0.0,-3.46,-30.36,0.47,27.0,,,,,,,,,,,,,,,,
IMU,54550068.0,2,0.2505,0.4229,0.8716,0.0,0.06,0.0,25.82,-14.43,-0.59,27.9,,,,,,,,,,,,,,,,
EXO,54626805,,,,,,,,,,,,SAFE,-12.057,0.061,1.001,1.286,0.028,0.009,0.0,0.009,0.003,0.0,0.0,0.0,0.0,0.0,0.0
IMU,54722401.0,1,0.5073,-0.0522,0.8652,0.0,0.06,0.0,-3.46,-30.36,0.47,26.9,,,,,,,,,,,,,,,,
IMU,54650002.0,2,0.2451,0.4189,0.8667,0.06,0.06,0.0,25.82,-14.43,-0.59,27.9,,,,,,,,,,,,,,,,
EXO,54726808,,,,,,,,,,,,SAFE,-12.057,0.061,0.993,1.286,0.045,0.009,0.0,0.009,0.004,0.0,0.0,0.0,0.0,0.0,0.0
IMU,54822506.0,1,0.5093,-0.0513,0.8657,0.0,0.0,0.0,-3.46,-30.35,0.47,26.9,,,,,,,,,,,,,,,,
IMU,54749894.0,2,0.2446,0.4204,0.8691,0.0,-0.06,0.0,25.82,-14.43,-0.59,27.9,,,,,,,,,,,,,,,,
EXO,54826882,,,,,,,,,,,,SAFE,-12.057,-0.061,0.996,1.286,-0.075,0.009,0.0,0.009,-0.005,0.0,0.0,0.0,0.0,0.0,0.0
IMU,54922700.0,1,0.5083,-0.0513,0.8618,0.0,0.0,0.0,-3.46,-30.35,0.47,27.1,,,,,,,,,,,,,,,,
IMU,54849791.0,2,0.2529,0.4204,0.8701,0.0,0.0,0.0,25.81,-14.43,-0.59,27.9,,,,,,,,,,,,,,,,
EXO,54926841,,,,,,,,,,,,SAFE,-12.057,0.0,0.999,1.286,0.058,0.009,0.0,0.009,0.031,0.0,0.0,0.0,0.0,0.0,0.0
IMU,55022851.0,1,0.5078,-0.0518,0.8633,0.0,0.0,0.0,-3.46,-30.35,0.47,26.9,,,,,,,,,,,,,,,,
IMU,54949705.0,2,0.2529,0.4194,0.873,0.0,0.0,0.0,25.81,-14.43,-0.59,27.8,,,,,,,,,,,,,,,,
EXO,55026809,,,,,,,,,,,,SAFE,-12.057,0.0,1.001,1.286,-0.017,0.009,0.0,0.009,-0.01,0.0,0.0,0.0,0.0,0.0,0.0
IMU,55123093.0,1,0.5073,-0.0522,0.8652,0.0,-0.12,0.0,-3.46,-30.35,0.47,26.9,,,,,,,,,,,,,,,,
IMU,55049703.0,2,0.2505,0.4199,0.8706,0.06,0.0,0.0,25.81,-14.43,-0.59,28.0,,,,,,,,,,,,,,,,
EXO,55126903,,,,,,,,,,,,SAFE,-12.057,0.0,0.999,1.286,-0.109,0.009,0.0,0.009,0.005,0.0,0.0,0.0,0.0,0.0,0.0
IMU,55223199.0,1,0.5063,-0.0508,0.8633,0.0,0.0,0.0,-3.46,-30.35,0.47,26.9,,,,,,,,,,,,,,,,
IMU,55149627.0,2,0.2505,0.4204,0.8687,0.06,-0.06,0.0,25.81,-14.43,-0.59,27.9,,,,,,,,,,,,,,,,
EXO,55226895,,,,,,,,,,,,SAFE,-12.057,-0.061,0.997,1.286,-0.048,0.009,0.0,0.009,-0.006,0.0,0.0,0.0,0.0,0.0,0.0
IMU,55323375.0,1,0.5059,-0.0532,0.8623,0.0,0.0,0.0,-3.46,-30.35,0.47,27.0,,,,,,,,,,,,,,,,
IMU,55249500.0,2,0.249,0.4204,0.8701,0.0,0.0,0.0,25.81,-14.43,-0.59,27.9,,,,,,,,,,,,,,,,
EXO,55326798,,,,,,,,,,,,SAFE,-12.057,0.0,0.998,1.286,0.018,0.009,0.0,0.009,-0.018,0.0,0.0,0.0,0.0,0.0,0.0
IMU,55423562.0,1,0.5073,-0.0527,0.8623,0.0,0.0,0.0,-3.46,-30.35,0.47,27.0,,,,,,,,,,,,,,,,
IMU,55349436.0,2,0.2466,0.4194,0.8721,0.0,0.0,0.0,25.81,-14.43,-0.58,27.9,,,,,,,,,,,,,,,,
EXO,55426836,,,,,,,,,,,,SAFE,-12.057,0.0,0.999,1.286,0.127,0.009,0.0,0.009,-0.01,0.0,0.0,0.0,0.0,0.0,0.0
IMU,55523715.0,1,0.5063,-0.0527,0.8643,0.0,0.0,0.0,-3.46,-30.34,0.47,27.0,,,,,,,,,,,,,,,,
IMU,55449366.0,2,0.2485,0.4194,0.8711,0.0,0.0,0.0,25.81,-14.43,-0.59,27.9,,,,,,,,,,,,,,,,
EXO,55526796,,,,,,,,,,,,SAFE,-12.057,0.0,0.998,1.286,0.014,0.009,0.0,0.009,-0.002,0.0,0.0,0.0,0.0,0.0,0.0
IMU,55623958.0,1,0.5063,-0.0522,0.8638,-0.06,0.18,0.0,-3.46,-30.34,0.47,27.0,,,,,,,,,,,,,,,,
IMU,55549328.0,2,0.2471,0.4209,0.8682,0.0,0.0,0.0,25.81,-14.43,-0.59,27.9,,,,,,,,,,,,,,,,
EXO,55626917,,,,,,,,,,,,SAFE,-12.057,0.0,0.996,1.286,0.072,0.009,0.0,0.009,0.004,0.0,0.0,0.0,0.0,0.0,0.0
IMU,55623958.0,1,0.5068,-0.0522,0.8613,-0.06,0.18,0.0,-3.46,-30.34,0.47,27.0,,,,,,,,,,,,,,,,
IMU,55649308.0,2,0.2485,0.4189,0.874,0.06,0.0,0.0,25.8,-14.43,-0.58,28.0,,,,,,,,,,,,,,,,
EXO,55726906,,,,,,,,,,,,SAFE,-12.057,0.0,1.001,1.286,-0.132,0.009,0.0,0.009,-0.008,0.0,0.0,0.0,0.0,0.0,0.0
IMU,55724125.0,1,0.5068,-0.0522,0.8613,0.0,-0.18,0.0,-3.46,-30.34,0.47,27.0,,,,,,,,,,,,,,,,
IMU,55749253.0,2,0.249,0.4189,0.8745,0.0,0.12,0.0,25.8,-14.43,-0.59,28.0,,,,,,,,,,,,,,,,
EXO,55826943,,,,,,,,,,,,SAFE,-12.057,0.122,1.001,1.286,-0.019,0.009,0.0,0.009,0.001,0.0,0.0,0.0,0.0,0.0,0.0
IMU,55824288.0,1,0.5063,-0.0527,0.8623,0.0,0.0,0.0,-3.46,-30.34,0.47,26.9,,,,,,,,,,,,,,,,
IMU,55849226.0,2,0.2471,0.4204,0.8691,0.0,0.12,0.0,25.8,-14.43,-0.59,27.9,,,,,,,,,,,,,,,,
EXO,55926888,,,,,,,,,,,,SAFE,-12.057,0.122,0.997,1.286,-0.131,0.009,0.0,0.009,-0.014,0.0,0.0,0.0,0.0,0.0,0.0
IMU,55924703.0,1,0.5083,-0.0518,0.8638,-0.06,0.18,0.0,-3.46,-30.33,0.47,27.1,,,,,,,,,,,,,,,,
IMU,55949096.0,2,0.252,0.4189,0.8721,0.0,-0.06,0.0,25.8,-14.44,-0.59,28.0,,,,,,,,,,,,,,,,
EXO,56027020,,,,,,,,,,,,SAFE,-12.063,-0.061,1.0,1.286,0.116,0.009,0.0,0.009,0.003,0.0,0.0,0.0,0.0,0.0,0.0
IMU,56024727.0,1,0.5049,-0.0552,0.8672,0.0,0.06,0.0,-3.46,-30.33,0.47,27.0,,,,,,,,,,,,,,,,
IMU,56049041.0,2,0.2529,0.4199,0.8716,0.12,-0.12,0.0,25.8,-14.44,-0.59,27.9,,,,,,,,,,,,,,,,
EXO,56126929,,,,,,,,,,,,SAFE,-12.063,-0.122,1.0,1.286,-0.056,0.009,0.0,0.009,0.057,0.0,0.0,0.0,0.0,0.0,0.0
IMU,56124822.0,1,0.5068,-0.0513,0.8652,0.0,0.0,0.0,-3.46,-30.33,0.47,27.0,,,,,,,,,,,,,,,,
IMU,56148992.0,2,0.248,0.4189,0.8706,0.06,0.0,0.0,25.79,-14.44,-0.59,27.9,,,,,,,,,,,,,,,,
EXO,56226810,,,,,,,,,,,,SAFE,-12.063,0.0,0.997,1.286,-0.124,0.009,0.0,0.009,0.008,0.0,0.0,0.0,0.0,0.0,0.0
IMU,56225108.0,1,0.5059,-0.0542,0.8638,0.0,0.06,0.0,-3.46,-30.33,0.47,27.1,,,,,,,,,,,,,,,,
IMU,56248848.0,2,0.2485,0.4194,0.8721,0.0,0.0,0.0,25.79,-14.44,-0.59,27.9,,,,,,,,,,,,,,,,
EXO,56326781,,,,,,,,,,,,SAFE,-12.063,0.0,0.999,1.286,-0.069,0.009,0.0,0.009,0.0,0.0,0.0,0.0,0.0,0.0,0.0
IMU,56325263.0,1,0.5059,-0.0518,0.8667,0.0,-0.06,0.0,-3.47,-30.33,0.47,27.0,,,,,,,,,,,,,,,,
IMU,56348919.0,2,0.2466,0.4185,0.8696,0.0,0.06,0.0,25.78,-14.44,-0.59,27.9,,,,,,,,,,,,,,,,
EXO,56426921,,,,,,,,,,,,SAFE,-12.063,0.061,0.996,1.286,-0.001,0.009,0.0,0.009,0.002,0.0,0.0,0.0,0.0,0.0,0.0
IMU,56425493.0,1,0.5068,-0.0532,0.8613,0.0,-0.12,0.0,-3.47,-30.33,0.47,27.0,,,,,,,,,,,,,,,,
IMU,56448795.0,2,0.2534,0.4214,0.8716,0.0,0.12,0.0,25.78,-14.44,-0.59,28.0,,,,,,,,,,,,,,,,
EXO,56526894,,,,,,,,,,,,SAFE,-12.068,0.122,1.001,1.286,-0.033,0.009,0.0,0.009,0.0,0.0,0.0,0.0,0.0,0.0,0.0
IMU,56525612.0,1,0.5049,-0.0522,0.8677,0.0,0.0,0.0,-3.47,-30.33,0.47,27.0,,,,,,,,,,,,,,,,
IMU,56548729.0,2,0.252,0.4185,0.8706,0.18,-0.06,0.0,25.78,-14.44,-0.59,27.9,,,,,,,,,,,,,,,,
EXO,56626869,,,,,,,,,,,,SAFE,-12.068,-0.061,0.998,1.286,-0.032,0.009,0.0,0.009,-0.005,0.0,0.0,0.0,0.0,0.0,0.0
IMU,56625829.0,1,0.5083,-0.0527,0.8633,0.06,-0.12,0.0,-3.47,-30.33,0.47,26.9,,,,,,,,,,,,,,,,
IMU,56648689.0,2,0.2515,0.4214,0.873,0.06,0.12,0.0,25.79,-14.44,-0.58,27.9,,,,,,,,,,,,,,,,
EXO,56726910,,,,,,,,,,,,SAFE,-12.063,0.122,1.002,1.286,0.049,0.009,0.0,0.009,-0.005,0.0,0.0,0.0,0.0,0.0,0.0
IMU,56726005.0,1,0.5039,-0.0532,0.8647,0.06,-0.24,0.0,-3.46,-30.34,0.47,26.9,,,,,,,,,,,,,,,,
IMU,56748650.0,2,0.2471,0.4204,0.8691,0.06,0.12,0.0,25.8,-14.44,-0.58,28.0,,,,,,,,,,,,,,,,
EXO,56826891,,,,,,,,,,,,SAFE,-12.063,0.122,0.997,1.286,0.01,0.009,0.0,0.009,-0.009,0.0,0.0,0.0,0.0,0.0,0.0
IMU,56826188.0,1,0.5068,-0.0522,0.8643,0.06,-0.12,0.0,-3.46,-30.34,0.47,27.0,,,,,,,,,,,,,,,,
IMU,56848631.0,2,0.2515,0.4199,0.8696,0.06,0.0,0.0,25.8,-14.44,-0.58,28.0,,,,,,,,,,,,,,,,
EXO,56926948,,,,,,,,,,,,SAFE,-12.063,0.0,0.998,1.286,0.002,0.009,0.0,0.009,0.005,0.0,0.0,0.0,0.0,0.0,0.0
IMU,56926369.0,1,0.5054,-0.0518,0.8647,0.0,0.06,0.0,-3.46,-30.34,0.47,27.0,,,,,,,,,,,,,,,,
IMU,56948513.0,2,0.2485,0.4199,0.875,0.12,-0.06,0.0,25.8,-14.44,-0.58,28.0,,,,,,,,,,,,,,,,
EXO,57026905,,,,,,,,,,,,SAFE,-12.063,-0.061,1.002,1.286,-0.108,0.009,0.0,0.009,0.004,0.0,0.0,0.0,0.0,0.0,0.0
IMU,57026531.0,1,0.5063,-0.0513,0.8618,0.0,-0.24,0.0,-3.46,-30.35,0.47,27.0,,,,,,,,,,,,,,,,
IMU,57048430.0,2,0.2495,0.4209,0.8716,0.0,0.31,0.0,25.81,-14.44,-0.58,28.0,,,,,,,,,,,,,,,,
EXO,57126887,,,,,,,,,,,,SAFE,-12.063,0.305,1.0,1.286,-0.093,0.009,0.0,0.009,-0.035,0.0,0.0,0.0,0.0,0.0,0.0
IMU,57126747.0,1,0.5068,-0.0518,0.8652,0.0,-0.24,0.0,-3.46,-30.36,0.47,27.0,,,,,,,,,,,,,,,,
IMU,57148380.0,2,0.251,0.4199,0.8687,0.06,0.0,0.0,25.81,-14.44,-0.58,27.9,,,,,,,,,,,,,,,,
EXO,57226904,,,,,,,,,,,,SAFE,-12.063,0.0,0.997,1.286,0.07,0.009,0.0,0.009,0.0,0.0,0.0,0.0,0.0,0.0,0.0
IMU,57226891.0,1,0.5039,-0.0527,0.8662,0.0,0.12,0.0,-3.46,-30.36,0.47,27.1,,,,,,,,,,,,,,,,
IMU,57248305.0,2,0.2515,0.4209,0.8716,0.06,-0.12,0.0,25.81,-14.43,-0.58,27.9,,,,,,,,,,,,,,,,
EXO,57326886,,,,,,,,,,,,SAFE,-12.057,-0.122,1.0,1.286,-0.022,0.009,0.0,0.009,0.013,0.0,0.0,0.0,0.0,0.0,0.0
IMU,57327085.0,1,0.5073,-0.0532,0.8628,0.0,0.12,0.0,-3.46,-30.36,0.47,27.0,,,,,,,,,,,,,,,,
IMU,57348308.0,2,0.248,0.4204,0.875,0.0,0.06,0.0,25.81,-14.43,-0.58,27.9,,,,,,,,,,,,,,,,
EXO,57426828,,,,,,,,,,,,SAFE,-12.057,0.061,1.002,1.286,0.146,0.009,0.0,0.009,-0.043,0.0,0.0,0.0,0.0,0.0,0.0
IMU,57427283.0,1,0.5063,-0.0518,0.8638,0.0,-0.12,0.0,-3.46,-30.36,0.47,27.0,,,,,,,,,,,,,,,,
IMU,57448146.0,2,0.2505,0.4224,0.8691,-0.06,0.18,0.0,25.81,-14.43,-0.58,28.0,,,,,,,,,,,,,,,,
EXO,57526974,,,,,,,,,,,,SAFE,-12.057,0.183,0.998,1.286,-0.077,0.009,0.0,0.009,0.001,0.0,0.0,0.0,0.0,0.0,0.0
IMU,57527379.0,1,0.5054,-0.0527,0.8657,0.0,0.0,0.0,-3.46,-30.36,0.47,26.8,,,,,,,,,,,,,,,,
IMU,57548049.0,2,0.2461,0.4204,0.8691,0.06,0.0,0.0,25.81,-14.43,-0.58,28.1,,,,,,,,,,,,,,,,
EXO,57626782,,,,,,,,,,,,SAFE,-12.057,0.0,0.996,1.286,-0.022,0.009,0.0,0.009,0.009,0.0,0.0,0.0,0.0,0.0,0.0
IMU,57627594.0,1,0.5068,-0.0522,0.8638,0.0,0.06,0.0,-3.46,-30.35,0.47,27.0,,,,,,,,,,,,,,,,
IMU,57647996.0,2,0.2495,0.4204,0.8716,0.0,-0.06,0.0,25.81,-14.43,-0.58,28.0,,,,,,,,,,,,,,,,
EXO,57726880,,,,,,,,,,,,SAFE,-12.057,-0.061,0.999,1.286,-0.036,0.009,0.0,0.009,0.002,0.0,0.0,0.0,0.0,0.0,0.0
IMU,57727699.0,1,0.5073,-0.0527,0.8667,0.0,0.0,0.0,-3.46,-30.35,0.47,27.0,,,,,,,,,,,,,,,,
IMU,57747863.0,2,0.251,0.4224,0.8716,0.0,0.0,0.0,25.81,-14.43,-0.58,27.9,,,,,,,,,,,,,,,,
EXO,57826789,,,,,,,,,,,,SAFE,-12.057,0.0,1.001,1.286,-0.038,0.009,0.0,0.009,-0.001,0.0,0.0,0.0,0.0,0.0,0.0
IMU,57827910.0,1,0.5049,-0.0527,0.8628,0.0,-0.06,0.0,-3.46,-30.35,0.47,27.0,,,,,,,,,,,,,,,,
IMU,57847956.0,2,0.251,0.4214,0.8716,0.0,0.06,0.0,25.81,-14.43,-0.58,28.0,,,,,,,,,,,,,,,,
EXO,57926892,,,,,,,,,,,,SAFE,-12.057,0.061,1.0,1.286,-0.023,0.009,0.0,0.009,0.001,0.0,0.0,0.0,0.0,0.0,0.0
IMU,57928107.0,1,0.5068,-0.0518,0.8633,0.06,-0.18,0.0,-3.46,-30.36,0.47,27.2,,,,,,,,,,,,,,,,
IMU,57947795.0,2,0.2534,0.4209,0.8696,0.06,0.0,0.0,25.81,-14.43,-0.58,27.9,,,,,,,,,,,,,,,,
EXO,58026899,,,,,,,,,,,,SAFE,-12.057,0.0,0.999,1.286,-0.013,0.009,0.0,0.009,0.044,0.0,0.0,0.0,0.0,0.0,0.0
IMU,58028271.0,1,0.5068,-0.0537,0.8667,0.0,0.12,0.0,-3.46,-30.35,0.47,27.0,,,,,,,,,,,,,,,,
IMU,58047715.0,2,0.2495,0.4199,0.8745,0.06,-0.06,0.0,25.81,-14.43,-0.58,27.9,,,,,,,,,,,,,,,,
EXO,58126879,,,,,,,,,,,,SAFE,-12.057,-0.061,1.002,1.286,0.013,0.009,0.0,0.009,0.033,0.0,0.0,0.0,0.0,0.0,0.0
IMU,58128437.0,1,0.5068,-0.0518,0.8628,0.0,-0.06,0.0,-3.46,-30.36,0.47,26.9,,,,,,,,,,,,,,,,
IMU,58147644.0,2,0.25,0.4194,0.8706,0.0,0.06,0.0,25.81,-14.43,-0.58,28.0,,,,,,,,,,,,,,,,
EXO,58226885,,,,,,,,,,,,SAFE,-12.057,0.061,0.998,1.286,-0.037,0.009,0.0,0.009,-0.025,0.0,0.0,0.0,0.0,0.0,0.0
IMU,58228622.0,1,0.5088,-0.0522,0.8618,0.0,-0.06,0.0,-3.46,-30.35,0.47,27.1,,,,,,,,,,,,,,,,
IMU,58247539.0,2,0.25,0.4209,0.8735,0.0,0.0,0.0,25.81,-14.43,-0.58,28.0,,,,,,,,,,,,,,,,
EXO,58326881,,,,,,,,,,,,SAFE,-12.057,0.0,1.001,1.286,-0.077,0.009,0.0,0.009,0.007,0.0,0.0,0.0,0.0,0.0,0.0
IMU,58328785.0,1,0.5073,-0.0508,0.8618,0.0,-0.06,0.0,-3.46,-30.35,0.47,27.0,,,,,,,,,,,,,,,,
IMU,58347653.0,2,0.2539,0.4199,0.873,-0.06,0.06,0.0,25.81,-14.43,-0.58,28.0,,,,,,,,,,,,,,,,
EXO,58426997,,,,,,,,,,,,SAFE,-12.057,0.061,1.002,1.286,0.038,0.009,0.0,0.009,0.006,0.0,0.0,0.0,0.0,0.0,0.0
IMU,58428960.0,1,0.5073,-0.0518,0.8628,0.0,-0.12,0.0,-3.46,-30.35,0.47,27.0,,,,,,,,,,,,,,,,
IMU,58447416.0,2,0.2476,0.4209,0.8677,0.0,0.0,0.0,25.81,-14.44,-0.58,28.0,,,,,,,,,,,,,,,,
EXO,58526885,,,,,,,,,,,,SAFE,-12.063,0.0,0.996,1.286,0.07,0.009,0.0,0.009,0.001,0.0,0.0,0.0,0.0,0.0,0.0
IMU,58529074.0,1,0.5063,-0.0522,0.8647,0.0,0.0,0.0,-3.46,-30.35,0.47,27.1,,,,,,,,,,,,,,,,
IMU,58547357.0,2,0.248,0.4194,0.8711,0.0,0.0,0.0,25.81,-14.43,-0.58,27.9,,,,,,,,,,,,,,,,
EXO,58626781,,,,,,,,,,,,SAFE,-12.057,0.0,0.998,1.286,0.06,0.009,0.0,0.009,-0.02,0.0,0.0,0.0,0.0,0.0,0.0
IMU,58629252.0,1,0.5063,-0.0527,0.8657,0.0,0.0,0.0,-3.46,-30.35,0.47,27.1,,,,,,,,,,,,,,,,
IMU,58647359.0,2,0.25,0.4189,0.8745,0.0,0.12,0.0,25.81,-14.43,-0.58,27.7,,,,,,,,,,,,,,,,
EXO,58726782,,,,,,,,,,,,SAFE,-12.057,0.122,1.001,1.286,0.056,0.009,0.0,0.009,-0.025,0.0,0.0,0.0,0.0,0.0,0.0
IMU,58729432.0,1,0.5078,-0.0522,0.8638,0.0,0.0,0.0,-3.46,-30.35,0.47,27.0,,,,,,,,,,,,,,,,
IMU,58747307.0,2,0.2485,0.4199,0.8721,0.06,0.06,0.0,25.81,-14.43,-0.58,28.2,,,,,,,,,,,,,,,,
EXO,58826778,,,,,,,,,,,,SAFE,-12.057,0.061,0.999,1.286,-0.049,0.009,0.0,0.009,-0.004,0.0,0.0,0.0,0.0,0.0,0.0
IMU,58829624.0,1,0.5078,-0.0518,0.8618,0.0,0.0,0.0,-3.46,-30.34,0.47,27.0,,,,,,,,,,,,,,,,
IMU,58847350.0,2,0.2451,0.4199,0.8687,-0.06,0.06,0.0,25.81,-14.44,-0.58,28.0,,,,,,,,,,,,,,,,
EXO,58926912,,,,,,,,,,,,SAFE,-12.063,0.061,0.995,1.286,-0.08,0.009,0.0,0.009,-0.033,0.0,0.0,0.0,0.0,0.0,0.0
IMU,58929801.0,1,0.5073,-0.0527,0.8633,0.0,0.0,0.0,-3.46,-30.34,0.47,27.0,,,,,,,,,,,,,,,,
IMU,58947112.0,2,0.2495,0.4194,0.8687,0.0,0.0,0.0,25.81,-14.44,-0.58,27.9,,,,,,,,,,,,,,,,
EXO,59026784,,,,,,,,,,,,SAFE,-12.063,0.0,0.996,1.286,-0.017,0.009,0.0,0.009,-0.007,0.0,0.0,0.0,0.0,0.0,0.0
IMU,59029985.0,1,0.5068,-0.0532,0.8647,0.0,0.0,0.0,-3.47,-30.34,0.47,27.0,,,,,,,,,,,,,,,,
IMU,59047060.0,2,0.249,0.4194,0.8701,0.0,0.0,0.0,25.81,-14.43,-0.58,27.9,,,,,,,,,,,,,,,,
EXO,59126800,,,,,,,,,,,,SAFE,-12.057,0.0,0.998,1.286,-0.14,0.009,0.0,0.009,-0.026,0.0,0.0,0.0,0.0,0.0,0.0
IMU,59130139.0,1,0.5083,-0.0513,0.8662,0.0,0.0,0.0,-3.47,-30.34,0.47,27.0,,,,,,,,,,,,,,,,
IMU,59147053.0,2,0.2515,0.4204,0.8721,0.0,0.06,0.0,25.81,-14.43,-0.58,27.9,,,,,,,,,,,,,,,,
EXO,59226785,,,,,,,,,,,,SAFE,-12.057,0.061,1.0,1.286,-0.083,0.009,0.0,0.009,0.004,0.0,0.0,0.0,0.0,0.0,0.0
IMU,59230332.0,1,0.5078,-0.0508,0.8647,0.0,0.0,0.0,-3.47,-30.34,0.47,27.0,,,,,,,,,,,,,,,,
IMU,59246971.0,2,0.2544,0.4209,0.8706,0.06,0.0,0.0,25.81,-14.44,-0.58,27.9,,,,,,,,,,,,,,,,
EXO,59326793,,,,,,,,,,,,SAFE,-12.063,0.0,1.0,1.286,-0.006,0.009,0.0,0.009,-0.004,0.0,0.0,0.0,0.0,0.0,0.0
IMU,59330483.0,1,0.5059,-0.0513,0.8628,0.0,0.0,0.0,-3.47,-30.34,0.47,27.0,,,,,,,,,,,,,,,,
IMU,59347100.0,2,0.2554,0.4194,0.8682,0.06,0.0,0.0,25.81,-14.44,-0.58,28.0,,,,,,,,,,,,,,,,
EXO,59426765,,,,,,,,,,,,SAFE,-12.063,0.0,0.997,1.286,-0.093,0.009,0.0,0.009,0.001,0.0,0.0,0.0,0.0,0.0,0.0
IMU,59430691.0,1,0.5068,-0.0522,0.8618,0.0,0.0,0.0,-3.47,-30.34,0.47,27.0,,,,,,,,,,,,,,,,
IMU,59446864.0,2,0.2544,0.4189,0.8667,0.12,-0.06,0.0,25.81,-14.43,-0.58,27.9,,,,,,,,,,,,,,,,
EXO,59526864,,,,,,,,,,,,SAFE,-12.057,-0.061,0.996,1.286,0.064,0.009,0.0,0.009,0.005,0.0,0.0,0.0,0.0,0.0,0.0
IMU,59530817.0,1,0.5034,-0.0537,0.8638,0.0,0.0,0.0,-3.47,-30.34,0.47,27.0,,,,,,,,,,,,,,,,
IMU,59546790.0,2,0.249,0.4199,0.8716,0.24,-0.06,0.0,25.81,-14.43,-0.58,27.9,,,,,,,,,,,,,,,,
EXO,59626867,,,,,,,,,,,,SAFE,-12.057,-0.061,0.999,1.286,-0.112,0.009,0.0,0.009,0.004,0.0,0.0,0.0,0.0,0.0,0.0
IMU,59630993.0,1,0.5068,-0.0518,0.8647,0.0,0.0,0.0,-3.47,-30.34,0.47,27.0,,,,,,,,,,,,,,,,
IMU,59646718.0,2,0.2461,0.4204,0.8726,0.18,-0.12,0.0,25.81,-14.43,-0.58,28.0,,,,,,,,,,,,,,,,
EXO,59726869,,,,,,,,,,,,SAFE,-12.057,-0.122,0.999,1.286,-0.001,0.009,0.0,0.009,0.006,0.0,0.0,0.0,0.0,0.0,0.0
IMU,59731172.0,1,0.5059,-0.0522,0.8667,0.0,0.0,0.0,-3.47,-30.34,0.47,27.0,,,,,,,,,,,,,,,,
IMU,59746667.0,2,0.2466,0.4199,0.874,0.12,-0.06,0.0,25.81,-14.43,-0.58,27.9,,,,,,,,,,,,,,,,
EXO,59826877,,,,,,,,,,,,SAFE,-12.057,-0.061,1.001,1.286,-0.026,0.009,0.0,0.009,0.001,0.0,0.0,0.0,0.0,0.0,0.0
IMU,59831359.0,1,0.5049,-0.0532,0.8638,0.0,0.0,0.0,-3.47,-30.34,0.47,27.0,,,,,,,,,,,,,,,,
IMU,59846625.0,2,0.2529,0.4204,0.8745,0.0,0.0,0.0,25.81,-14.44,-0.58,28.0,,,,,,,,,,,,,,,,
EXO,59926774,,,,,,,,,,,,SAFE,-12.063,0.0,1.003,1.286,0.014,0.009,0.0,0.009,0.003,0.0,0.0,0.0,0.0,0.0,0.0
IMU,59931554.0,1,0.5063,-0.0513,0.8628,0.0,0.0,0.0,-3.47,-30.34,0.47,27.1,,,,,,,,,,,,,,,,
IMU,59946481.0,2,0.2485,0.4204,0.8701,0.0,0.0,0.0,25.81,-14.44,-0.58,28.0,,,,,,,,,,,,,,,,
EXO,60026772,,,,,,,,,,,,SAFE,-12.063,0.0,0.998,1.286,-0.018,0.009,0.0,0.009,-0.004,0.0,0.0,0.0,0.0,0.0,0.0
IMU,60031726.0,1,0.5059,-0.0527,0.8647,0.0,0.0,0.0,-3.47,-30.34,0.47,27.0,,,,,,,,,,,,,,,,
IMU,60046413.0,2,0.2466,0.4194,0.8696,0.0,0.0,0.0,25.81,-14.44,-0.58,27.9,,,,,,,,,,,,,,,,
EXO,60126787,,,,,,,,,,,,SAFE,-12.063,0.0,0.996,1.286,-0.04,0.009,0.0,0.009,-0.003,0.0,0.0,0.0,0.0,0.0,0.0
IMU,60131887.0,1,0.5073,-0.0518,0.8643,0.0,0.0,0.0,-3.47,-30.34,0.47,27.1,,,,,,,,,,,,,,,,
IMU,60146321.0,2,0.2456,0.4209,0.8711,0.0,0.0,0.0,25.81,-14.44,-0.58,27.9,,,,,,,,,,,,,,,,
EXO,60226774,,,,,,,,,,,,SAFE,-12.063,0.0,0.998,1.286,0.06,0.009,0.0,0.009,-0.005,0.0,0.0,0.0,0.0,0.0,0.0
IMU,60232085.0,1,0.5059,-0.0527,0.8657,0.0,0.0,0.0,-3.47,-30.34,0.47,27.0,,,,,,,,,,,,,,,,
IMU,60246272.0,2,0.2524,0.4189,0.8765,0.0,0.0,0.0,25.81,-14.44,-0.58,28.0,,,,,,,,,,,,,,,,
EXO,60326791,,,,,,,,,,,,SAFE,-12.063,0.0,1.004,1.286,0.065,0.009,0.0,0.009,0.0,0.0,0.0,0.0,0.0,0.0,0.0
IMU,60332220.0,1,0.5059,-0.0527,0.8633,0.0,0.0,0.0,-3.47,-30.34,0.47,27.1,,,,,,,,,,,,,,,,
IMU,60346309.0,2,0.2524,0.4209,0.873,0.0,0.0,0.0,25.81,-14.44,-0.58,27.9,,,,,,,,,,,,,,,,
EXO,60426750,,,,,,,,,,,,SAFE,-12.063,0.0,1.002,1.286,-0.058,0.009,0.0,0.009,-0.005,0.0,0.0,0.0,0.0,0.0,0.0
IMU,60432386.0,1,0.5068,-0.0518,0.8657,0.0,0.0,0.0,-3.47,-30.34,0.47,26.9,,,,,,,,,,,,,,,,
IMU,60446227.0,2,0.2534,0.4209,0.8711,0.06,-0.12,0.0,25.81,-14.44,-0.58,28.1,,,,,,,,,,,,,,,,
EXO,60526869,,,,,,,,,,,,SAFE,-12.063,-0.122,1.0,1.286,-0.15,0.009,0.0,0.009,-0.004,0.0,0.0,0.0,0.0,0.0,0.0
IMU,60532572.0,1,0.5068,-0.0522,0.8682,0.0,0.0,0.0,-3.47,-30.33,0.47,27.1,,,,,,,,,,,,,,,,
IMU,60546145.0,2,0.2476,0.4204,0.876,0.06,0.0,0.0,25.81,-14.43,-0.57,28.1,,,,,,,,,,,,,,,,
EXO,60626778,,,,,,,,,,,,SAFE,-12.057,0.0,1.003,1.286,-0.017,0.009,0.0,0.009,-0.045,0.0,0.0,0.0,0.0,0.0,0.0
IMU,60632716.0,1,0.5049,-0.0522,0.8643,0.0,0.0,0.0,-3.47,-30.33,0.47,27.0,,,,,,,,,,,,,,,,
IMU,60646098.0,2,0.2446,0.4204,0.8721,-0.06,0.06,0.0,25.81,-14.44,-0.57,28.0,,,,,,,,,,,,,,,,
EXO,60726868,,,,,,,,,,,,SAFE,-12.063,0.061,0.999,1.286,0.003,0.009,0.0,0.009,-0.016,0.0,0.0,0.0,0.0,0.0,0.0
IMU,60732881.0,1,0.5068,-0.0527,0.8662,0.0,0.0,0.0,-3.47,-30.33,0.47,27.0,,,,,,,,,,,,,,,,
IMU,60746001.0,2,0.2476,0.4199,0.8726,0.12,-0.06,0.0,25.81,-14.44,-0.57,28.0,,,,,,,,,,,,,,,,
EXO,60826853,,,,,,,,,,,,SAFE,-12.063,-0.061,0.999,1.286,-0.076,0.009,0.0,0.009,-0.001,0.0,0.0,0.0,0.0,0.0,0.0
IMU,60833041.0,1,0.5073,-0.0527,0.8638,0.0,0.0,0.0,-3.47,-30.33,0.47,27.0,,,,,,,,,,,,,,,,
IMU,60846053.0,2,0.2456,0.4219,0.8711,0.12,0.0,0.0,25.81,-14.43,-0.57,27.9,,,,,,,,,,,,,,,,
EXO,60926762,,,,,,,,,,,,SAFE,-12.057,0.0,0.999,1.286,0.038,0.009,0.0,0.009,-0.006,0.0,0.0,0.0,0.0,0.0,0.0
IMU,60933219.0,1,0.5059,-0.0527,0.8657,0.0,0.0,0.0,-3.47,-30.33,0.47,27.0,,,,,,,,,,,,,,,,
IMU,60945834.0,2,0.2471,0.4199,0.8721,0.0,0.0,0.0,25.81,-14.43,-0.57,28.0,,,,,,,,,,,,,,,,
EXO,61026766,,,,,,,,,,,,SAFE,-12.057,0.0,0.999,1.286,-0.056,0.009,0.0,0.009,0.012,0.0,0.0,0.0,0.0,0.0,0.0
IMU,61033362.0,1,0.5068,-0.0527,0.8623,0.0,0.0,0.0,-3.47,-30.33,0.47,27.2,,,,,,,,,,,,,,,,
IMU,61045777.0,2,0.2466,0.4194,0.8687,0.0,0.0,0.0,25.81,-14.43,-0.57,27.8,,,,,,,,,,,,,,,,
EXO,61126788,,,,,,,,,,,,SAFE,-12.057,0.0,0.996,1.286,0.058,0.009,0.0,0.009,-0.006,0.0,0.0,0.0,0.0,0.0,0.0
IMU,61133529.0,1,0.5078,-0.0518,0.8643,0.0,0.0,0.0,-3.47,-30.33,0.47,27.0,,,,,,,,,,,,,,,,
IMU,61145750.0,2,0.2515,0.4214,0.8735,0.12,-0.06,0.0,25.81,-14.44,-0.57,28.0,,,,,,,,,,,,,,,,
EXO,61226845,,,,,,,,,,,,SAFE,-12.063,-0.061,1.002,1.286,0.002,0.009,0.0,0.009,0.005,0.0,0.0,0.0,0.0,0.0,0.0
IMU,61233692.0,1,0.5088,-0.0522,0.8638,0.0,0.0,0.0,-3.47,-30.33,0.47,27.0,,,,,,,,,,,,,,,,
IMU,61245707.0,2,0.249,0.4189,0.8711,0.06,0.0,0.0,25.81,-14.43,-0.57,28.0,,,,,,,,,,,,,,,,
EXO,61326811,,,,,,,,,,,,SAFE,-12.057,0.0,0.998,1.286,0.028,0.009,0.0,0.009,-0.009,0.0,0.0,0.0,0.0,0.0,0.0
IMU,61333857.0,1,0.5059,-0.0532,0.8667,0.0,0.0,0.0,-3.47,-30.33,0.47,27.1,,,,,,,,,,,,,,,,
IMU,61345722.0,2,0.248,0.4199,0.8745,0.06,0.0,0.0,25.81,-14.43,-0.57,28.0,,,,,,,,,,,,,,,,
EXO,61426748,,,,,,,,,,,,SAFE,-12.057,0.0,1.001,1.286,0.052,0.009,0.0,0.009,-0.012,0.0,0.0,0.0,0.0,0.0,0.0
IMU,61434029.0,1,0.5073,-0.0522,0.8647,0.0,0.0,0.0,-3.47,-30.33,0.47,26.9,,,,,,,,,,,,,,,,
IMU,61445567.0,2,0.248,0.4199,0.8696,0.12,0.0,0.0,25.81,-14.44,-0.57,28.0,,,,,,,,,,,,,,,,
EXO,61526776,,,,,,,,,,,,SAFE,-12.063,0.0,0.997,1.286,0.07,0.009,0.0,0.009,0.003,0.0,0.0,0.0,0.0,0.0,0.0
IMU,61534202.0,1,0.5044,-0.0527,0.8643,0.0,0.0,0.0,-3.47,-30.33,0.47,27.2,,,,,,,,,,,,,,,,
IMU,61545501.0,2,0.25,0.4204,0.8726,0.12,0.0,0.0,25.81,-14.44,-0.57,27.9,,,,,,,,,,,,,,,,
EXO,61626775,,,,,,,,,,,,SAFE,-12.063,0.0,1.0,1.286,0.052,0.009,0.0,0.009,-0.002,0.0,0.0,0.0,0.0,0.0,0.0
IMU,61634350.0,1,0.5078,-0.0522,0.8613,0.0,0.0,0.0,-3.47,-30.33,0.47,27.0,,,,,,,,,,,,,,,,
IMU,61645447.0,2,0.2476,0.4194,0.874,0.12,-0.06,0.0,25.81,-14.44,-0.57,28.0,,,,,,,,,,,,,,,,
EXO,61726856,,,,,,,,,,,,SAFE,-12.063,-0.061,1.001,1.286,-0.1,0.009,0.0,0.009,-0.012,0.0,0.0,0.0,0.0,0.0,0.0
IMU,61734499.0,1,0.5044,-0.0527,0.8657,0.0,0.0,0.0,-3.47,-30.33,0.47,27.0,,,,,,,,,,,,,,,,
IMU,61745376.0,2,0.252,0.4204,0.876,0.12,0.0,0.0,25.81,-14.44,-0.57,28.0,,,,,,,,,,,,,,,,
EXO,61826779,,,,,,,,,,,,SAFE,-12.063,0.0,1.004,1.286,-0.014,0.009,0.0,0.009,0.008,0.0,0.0,0.0,0.0,0.0,0.0
IMU,61834692.0,1,0.5068,-0.0532,0.8662,0.0,0.0,0.0,-3.47,-30.33,0.47,27.0,,,,,,,,,,,,,,,,
IMU,61845446.0,2,0.2461,0.4204,0.8721,0.18,0.06,0.0,25.81,-14.44,-0.57,28.0,,,,,,,,,,,,,,,,
EXO,61926780,,,,,,,,,,,,SAFE,-12.063,0.061,0.999,1.286,-0.01,0.009,0.0,0.009,-0.0,0.0,0.0,0.0,0.0,0.0,0.0
IMU,61934879.0,1,0.5073,-0.0508,0.8657,0.0,0.0,0.0,-3.47,-30.33,0.47,27.1,,,,,,,,,,,,,,,,
IMU,61945256.0,2,0.2539,0.4185,0.8735,0.12,0.0,0.0,25.81,-14.44,-0.57,27.9,,,,,,,,,,,,,,,,
EXO,62026773,,,,,,,,,,,,SAFE,-12.063,0.0,1.001,1.286,0.058,0.009,0.0,0.009,-0.01,0.0,0.0,0.0,0.0,0.0,0.0
IMU,62035036.0,1,0.5083,-0.0522,0.8633,0.0,0.0,0.0,-3.47,-30.33,0.47,27.0,,,,,,,,,,,,,,,,
IMU,62045223.0,2,0.248,0.4204,0.8691,0.18,-0.06,0.0,25.81,-14.44,-0.57,27.9,,,,,,,,,,,,,,,,
EXO,62126889,,,,,,,,,,,,SAFE,-12.063,-0.061,0.997,1.286,-0.029,0.009,0.0,0.009,0.006,0.0,0.0,0.0,0.0,0.0,0.0
IMU,62135218.0,1,0.5054,-0.0518,0.8613,0.0,0.0,0.0,-3.47,-30.33,0.47,27.1,,,,,,,,,,,,,,,,
IMU,62145089.0,2,0.249,0.4199,0.8711,0.0,0.0,0.0,25.81,-14.44,-0.57,28.0,,,,,,,,,,,,,,,,
EXO,62226770,,,,,,,,,,,,SAFE,-12.063,0.0,0.999,1.286,-0.025,0.009,0.0,0.009,-0.009,0.0,0.0,0.0,0.0,0.0,0.0
IMU,62235355.0,1,0.5073,-0.0527,0.8643,0.0,0.0,0.0,-3.47,-30.33,0.47,27.1,,,,,,,,,,,,,,,,
IMU,62245043.0,2,0.249,0.4189,0.8745,0.0,0.0,0.0,25.81,-14.44,-0.57,28.0,,,,,,,,,,,,,,,,
EXO,62326798,,,,,,,,,,,,SAFE,-12.063,0.0,1.001,1.286,0.025,0.009,0.0,0.009,-0.001,0.0,0.0,0.0,0.0,0.0,0.0
IMU,62335528.0,1,0.5059,-0.0518,0.8647,0.0,0.0,0.0,-3.47,-30.33,0.47,27.0,,,,,,,,,,,,,,,,
IMU,62345073.0,2,0.2495,0.4209,0.8726,0.0,0.0,0.0,25.81,-14.44,-0.57,28.0,,,,,,,,,,,,,,,,
EXO,62426736,,,,,,,,,,,,SAFE,-12.063,0.0,1.0,1.286,0.056,0.009,0.0,0.009,0.002,0.0,0.0,0.0,0.0,0.0,0.0
IMU,62435826.0,1,0.5063,-0.0532,0.8623,0.0,0.0,0.0,-3.47,-30.33,0.47,27.1,,,,,,,,,,,,,,,,
IMU,62444981.0,2,0.2534,0.4199,0.873,0.0,0.06,0.0,25.81,-14.43,-0.57,28.0,,,,,,,,,,,,,,,,
EXO,62526782,,,,,,,,,,,,SAFE,-12.057,0.061,1.001,1.286,0.04,0.009,0.0,0.009,0.001,0.0,0.0,0.0,0.0,0.0,0.0
IMU,62535917.0,1,0.5068,-0.0522,0.8638,0.0,0.0,0.0,-3.47,-30.33,0.47,27.0,,,,,,,,,,,,,,,,
IMU,62544844.0,2,0.2461,0.4194,0.8701,0.0,0.0,0.0,25.81,-14.44,-0.57,28.0,,,,,,,,,,,,,,,,
EXO,62626775,,,,,,,,,,,,SAFE,-12.063,0.0,0.997,1.286,0.05,0.009,0.0,0.009,-0.003,0.0,0.0,0.0,0.0,0.0,0.0
IMU,62636115.0,1,0.5059,-0.0527,0.8647,0.0,0.0,0.0,-3.47,-30.33,0.47,27.0,,,,,,,,,,,,,,,,
IMU,62644813.0,2,0.2485,0.4209,0.8716,0.06,0.0,0.0,25.81,-14.44,-0.57,28.0,,,,,,,,,,,,,,,,
EXO,62726780,,,,,,,,,,,,SAFE,-12.063,0.0,0.999,1.286,0.056,0.009,0.0,0.009,-0.011,0.0,0.0,0.0,0.0,0.0,0.0
IMU,62736329.0,1,0.5068,-0.0522,0.8643,0.0,0.0,0.0,-3.47,-30.33,0.47,27.0,,,,,,,,,,,,,,,,
IMU,62744770.0,2,0.25,0.4209,0.8701,0.0,0.12,0.0,25.81,-14.43,-0.57,27.9,,,,,,,,,,,,,,,,
EXO,62826780,,,,,,,,,,,,SAFE,-12.057,0.122,0.998,1.286,-0.064,0.009,0.0,0.009,-0.036,0.0,0.0,0.0,0.0,0.0,0.0
IMU,62836608.0,1,0.5063,-0.0527,0.8623,0.0,0.0,0.0,-3.47,-30.33,0.47,27.0,,,,,,,,,,,,,,,,
IMU,62844697.0,2,0.2505,0.4199,0.8711,0.12,0.0,0.0,25.81,-14.44,-0.57,28.0,,,,,,,,,,,,,,,,
EXO,62926754,,,,,,,,,,,,SAFE,-12.063,0.0,0.999,1.286,0.006,0.009,0.0,0.009,-0.003,0.0,0.0,0.0,0.0,0.0,0.0
IMU,62936584.0,1,0.5083,-0.0522,0.8638,0.0,0.12,0.0,-3.47,-30.33,0.47,27.1,,,,,,,,,,,,,,,,
IMU,62944647.0,2,0.2471,0.4204,0.8735,0.0,0.06,0.0,25.81,-14.43,-0.57,28.0,,,,,,,,,,,,,,,,
EXO,63026805,,,,,,,,,,,,SAFE,-12.057,0.061,1.0,1.286,-0.025,0.009,0.0,0.009,-0.001,0.0,0.0,0.0,0.0,0.0,0.0
IMU,63036675.0,1,0.5073,-0.0532,0.8643,0.0,0.0,0.0,-3.47,-30.33,0.47,27.1,,,,,,,,,,,,,,,,
IMU,63044561.0,2,0.2515,0.4199,0.8701,0.0,0.0,0.0,25.81,-14.44,-0.57,27.9,,,,,,,,,,,,,,,,
EXO,63126784,,,,,,,,,,,,SAFE,-12.063,0.0,0.998,1.286,0.014,0.009,0.0,0.009,-0.001,0.0,0.0,0.0,0.0,0.0,0.0
IMU,63136901.0,1,0.5059,-0.0532,0.8643,0.0,0.06,0.0,-3.47,-30.33,0.47,27.1,,,,,,,,,,,,,,,,
IMU,63144518.0,2,0.2539,0.4204,0.8745,0.12,0.0,0.0,25.81,-14.44,-0.57,28.0,,,,,,,,,,,,,,,,
EXO,63226792,,,,,,,,,,,,SAFE,-12.063,0.0,1.003,1.286,-0.007,0.009,0.0,0.009,-0.014,0.0,0.0,0.0,0.0,0.0,0.0
IMU,63237062.0,1,0.5044,-0.0527,0.8643,0.0,0.12,0.0,-3.47,-30.33,0.47,27.0,,,,,,,,,,,,,,,,
IMU,63244423.0,2,0.2505,0.4194,0.874,0.0,0.06,0.0,25.8,-14.44,-0.57,28.0,,,,,,,,,,,,,,,,
EXO,63326790,,,,,,,,,,,,SAFE,-12.063,0.061,1.001,1.286,-0.056,0.009,0.0,0.009,-0.033,0.0,0.0,0.0,0.0,0.0,0.0
IMU,63337189.0,1,0.5063,-0.0532,0.8643,0.0,0.0,0.0,-3.47,-30.33,0.47,27.0,,,,,,,,,,,,,,,,
IMU,63344367.0,2,0.251,0.4204,0.8726,0.06,0.06,0.0,25.8,-14.44,-0.57,28.0,,,,,,,,,,,,,,,,
EXO,63426737,,,,,,,,,,,,SAFE,-12.063,0.061,1.001,1.286,-0.056,0.009,0.0,0.009,0.002,0.0,0.0,0.0,0.0,0.0,0.0
IMU,63437381.0,1,0.5078,-0.0518,0.8618,0.0,0.0,0.0,-3.47,-30.33,0.47,27.0,,,,,,,,,,,,,,,,
IMU,63444229.0,2,0.2485,0.4189,0.8701,0.0,0.0,0.0,25.8,-14.44,-0.57,27.9,,,,,,,,,,,,,,,,
EXO,63526779,,,,,,,,,,,,SAFE,-12.063,0.0,0.997,1.286,0.028,0.009,0.0,0.009,-0.006,0.0,0.0,0.0,0.0,0.0,0.0
IMU,63537530.0,1,0.5078,-0.0518,0.8643,0.0,0.0,0.0,-3.47,-30.33,0.47,27.0,,,,,,,,,,,,,,,,
IMU,63544165.0,2,0.2451,0.4214,0.8691,0.0,0.0,0.0,25.8,-14.44,-0.57,28.0,,,,,,,,,,,,,,,,
EXO,63626774,,,,,,,,,,,,SAFE,-12.063,0.0,0.997,1.286,-0.013,0.009,0.0,0.009,-0.005,0.0,0.0,0.0,0.0,0.0,0.0
IMU,63637729.0,1,0.5068,-0.0522,0.8638,0.0,0.0,0.0,-3.47,-30.33,0.47,27.1,,,,,,,,,,,,,,,,
IMU,63644096.0,2,0.25,0.4189,0.873,0.0,0.0,0.0,25.8,-14.44,-0.57,27.9,,,,,,,,,,,,,,,,
EXO,63726782,,,,,,,,,,,,SAFE,-12.063,0.0,1.0,1.286,0.007,0.009,0.0,0.009,0.002,0.0,0.0,0.0,0.0,0.0,0.0
IMU,63737856.0,1,0.5068,-0.0527,0.8667,0.0,0.0,0.0,-3.47,-30.33,0.47,27.1,,,,,,,,,,,,,,,,
IMU,63744027.0,2,0.2471,0.4204,0.8726,0.0,0.0,0.0,25.81,-14.44,-0.57,28.0,,,,,,,,,,,,,,,,
EXO,63826764,,,,,,,,,,,,SAFE,-12.063,0.0,1.0,1.286,0.014,0.009,0.0,0.009,0.002,0.0,0.0,0.0,0.0,0.0,0.0
IMU,63838113.0,1,0.5054,-0.0518,0.8647,0.0,0.06,0.0,-3.47,-30.34,0.47,27.0,,,,,,,,,,,,,,,,
IMU,63844038.0,2,0.249,0.4199,0.8696,0.06,0.12,0.0,25.81,-14.43,-0.57,28.0,,,,,,,,,,,,,,,,
EXO,63926750,,,,,,,,,,,,SAFE,-12.057,0.122,0.997,1.286,0.087,0.009,0.0,0.009,-0.002,0.0,0.0,0.0,0.0,0.0,0.0
IMU,63938224.0,1,0.5083,-0.0522,0.8608,0.0,0.0,0.0,-3.47,-30.34,0.47,27.0,,,,,,,,,,,,,,,,
IMU,63943931.0,2,0.2505,0.4194,0.8672,0.12,0.0,0.0,25.81,-14.44,-0.57,27.9,,,,,,,,,,,,,,,,
EXO,64026790,,,,,,,,,,,,SAFE,-12.063,0.0,0.995,1.286,-0.013,0.009,0.0,0.009,-0.001,0.0,0.0,0.0,0.0,0.0,0.0
IMU,64038355.0,1,0.5059,-0.0527,0.8638,0.0,0.0,0.0,-3.47,-30.34,0.47,27.0,,,,,,,,,,,,,,,,
IMU,64043882.0,2,0.2495,0.4199,0.8706,0.06,-0.06,0.0,25.81,-14.43,-0.57,28.0,,,,,,,,,,,,,,,,
EXO,64126866,,,,,,,,,,,,SAFE,-12.057,-0.061,0.998,1.286,0.061,0.009,0.0,0.009,0.004,0.0,0.0,0.0,0.0,0.0,0.0
IMU,64138542.0,1,0.5078,-0.0527,0.8633,0.0,0.0,0.0,-3.47,-30.34,0.47,27.1,,,,,,,,,,,,,,,,
IMU,64143838.0,2,0.2471,0.4185,0.8721,-0.06,0.0,0.0,25.81,-14.43,-0.57,28.0,,,,,,,,,,,,,,,,
EXO,64226870,,,,,,,,,,,,SAFE,-12.057,0.0,0.998,1.286,0.054,0.009,0.0,0.009,0.026,0.0,0.0,0.0,0.0,0.0,0.0
IMU,64238693.0,1,0.5093,-0.0513,0.8618,0.0,0.0,0.0,-3.47,-30.34,0.47,27.0,,,,,,,,,,,,,,,,
IMU,64243793.0,2,0.2466,0.4199,0.8677,-0.06,0.06,0.0,25.8,-14.44,-0.57,28.1,,,,,,,,,,,,,,,,
EXO,64326854,,,,,,,,,,,,SAFE,-12.063,0.061,0.995,1.286,-0.066,0.009,0.0,0.009,0.002,0.0,0.0,0.0,0.0,0.0,0.0
IMU,64338876.0,1,0.5049,-0.0537,0.8647,0.0,0.0,0.0,-3.47,-30.34,0.47,27.0,,,,,,,,,,,,,,,,
IMU,64343735.0,2,0.2534,0.4204,0.8706,0.06,-0.06,0.0,25.8,-14.44,-0.57,28.0,,,,,,,,,,,,,,,,
EXO,64426830,,,,,,,,,,,,SAFE,-12.063,-0.061,0.999,1.286,-0.066,0.009,0.0,0.009,-0.008,0.0,0.0,0.0,0.0,0.0,0.0
IMU,64439038.0,1,0.5063,-0.0518,0.8667,0.0,0.0,0.0,-3.47,-30.34,0.47,27.0,,,,,,,,,,,,,,,,
IMU,64443608.0,2,0.2461,0.4185,0.8711,0.0,0.0,0.0,25.8,-14.44,-0.57,28.0,,,,,,,,,,,,,,,,
EXO,64526796,,,,,,,,,,,,SAFE,-12.063,0.0,0.997,1.286,-0.095,0.009,0.0,0.009,0.001,0.0,0.0,0.0,0.0,0.0,0.0
IMU,64539213.0,1,0.5054,-0.0537,0.8647,0.0,0.0,0.0,-3.47,-30.34,0.47,27.1,,,,,,,,,,,,,,,,
IMU,64543605.0,2,0.2485,0.4199,0.8711,0.0,0.12,0.0,25.8,-14.44,-0.57,28.0,,,,,,,,,,,,,,,,
EXO,64626777,,,,,,,,,,,,SAFE,-12.063,0.122,0.998,1.286,0.011,0.009,0.0,0.009,-0.009,0.0,0.0,0.0,0.0,0.0,0.0
IMU,64639389.0,1,0.5063,-0.0518,0.8633,0.0,0.0,0.0,-3.47,-30.33,0.47,27.0,,,,,,,,,,,,,,,,
IMU,64643526.0,2,0.25,0.4204,0.8701,0.06,0.0,0.0,25.8,-14.44,-0.57,28.0,,,,,,,,,,,,,,,,
EXO,64726808,,,,,,,,,,,,SAFE,-12.063,0.0,0.998,1.286,-0.019,0.009,0.0,0.009,-0.056,0.0,0.0,0.0,0.0,0.0,0.0
IMU,64739542.0,1,0.5078,-0.0522,0.8633,0.0,0.0,0.0,-3.47,-30.33,0.47,27.0,,,,,,,,,,,,,,,,
IMU,64743455.0,2,0.25,0.4189,0.874,0.06,0.0,0.0,25.8,-14.44,-0.57,27.9,,,,,,,,,,,,,,,,
EXO,64826763,,,,,,,,,,,,SAFE,-12.063,0.0,1.001,1.286,0.099,0.009,0.0,0.009,-0.018,0.0,0.0,0.0,0.0,0.0,0.0
IMU,64839760.0,1,0.5059,-0.0518,0.8647,0.0,0.0,0.0,-3.47,-30.33,0.47,27.1,,,,,,,,,,,,,,,,
IMU,64843394.0,2,0.2495,0.4204,0.8706,0.0,0.12,0.0,25.81,-14.43,-0.57,28.0,,,,,,,,,,,,,,,,
EXO,64926761,,,,,,,,,,,,SAFE,-12.057,0.122,0.998,1.286,0.015,0.009,0.0,0.009,-0.002,0.0,0.0,0.0,0.0,0.0,0.0
IMU,64939896.0,1,0.5059,-0.0522,0.8643,0.0,0.0,0.0,-3.47,-30.33,0.47,27.1,,,,,,,,,,,,,,,,
IMU,64943309.0,2,0.2524,0.4209,0.8691,0.06,0.0,0.0,25.81,-14.44,-0.57,28.1,,,,,,,,,,,,,,,,
EXO,65026806,,,,,,,,,,,,SAFE,-12.063,0.0,0.998,1.286,-0.096,0.009,0.0,0.009,-0.002,0.0,0.0,0.0,0.0,0.0,0.0
IMU,65040036.0,1,0.5059,-0.0527,0.8652,0.0,0.0,0.0,-3.47,-30.33,0.47,27.0,,,,,,,,,,,,,,,,
IMU,65043163.0,2,0.2485,0.4204,0.874,0.0,0.0,0.0,25.81,-14.43,-0.57,28.0,,,,,,,,,,,,,,,,
EXO,65126784,,,,,,,,,,,,SAFE,-12.057,0.0,1.001,1.286,0.001,0.009,0.0,0.009,0.006,0.0,0.0,0.0,0.0,0.0,0.0
IMU,65140215.0,1,0.5039,-0.0532,0.8657,0.0,0.0,0.0,-3.47,-30.33,0.47,27.0,,,,,,,,,,,,,,,,
IMU,65143176.0,2,0.2495,0.4199,0.8706,0.0,0.06,0.0,25.81,-14.43,-0.57,27.9,,,,,,,,,,,,,,,,
EXO,65226803,,,,,,,,,,,,SAFE,-12.057,0.061,0.998,1.286,-0.162,0.009,0.0,0.009,0.001,0.0,0.0,0.0,0.0,0.0,0.0
IMU,65240364.0,1,0.5068,-0.0522,0.8623,0.0,0.0,0.0,-3.47,-30.33,0.47,27.1,,,,,,,,,,,,,,,,
IMU,65243089.0,2,0.2485,0.4199,0.8672,0.12,-0.06,0.0,25.81,-14.43,-0.57,28.1,,,,,,,,,,,,,,,,
EXO,65326878,,,,,,,,,,,,SAFE,-12.057,-0.061,0.995,1.286,-0.13,0.009,0.0,0.009,-0.002,0.0,0.0,0.0,0.0,0.0,0.0
IMU,65340564.0,1,0.5059,-0.0518,0.8657,0.0,0.0,0.0,-3.47,-30.33,0.47,27.0,,,,,,,,,,,,,,,,
IMU,65343013.0,2,0.249,0.4194,0.8721,0.12,0.0,0.0,25.81,-14.43,-0.57,28.0,,,,,,,,,,,,,,,,
EXO,65426738,,,,,,,,,,,,SAFE,-12.057,0.0,0.999,1.286,0.011,0.009,0.0,0.009,-0.001,0.0,0.0,0.0,0.0,0.0,0.0
IMU,65440717.0,1,0.5073,-0.0518,0.8652,0.0,0.0,0.0,-3.47,-30.33,0.47,27.0,,,,,,,,,,,,,,,,
IMU,65442885.0,2,0.2446,0.4219,0.8711,0.0,0.0,0.0,25.81,-14.43,-0.57,28.0,,,,,,,,,,,,,,,,
EXO,65526794,,,,,,,,,,,,SAFE,-12.057,0.0,0.998,1.286,-0.065,0.009,0.0,0.009,0.003,0.0,0.0,0.0,0.0,0.0,0.0
IMU,65540851.0,1,0.5063,-0.0522,0.8638,0.0,0.0,0.0,-3.47,-30.33,0.47,27.0,,,,,,,,,,,,,,,,
IMU,65542900.0,2,0.251,0.4209,0.8706,0.0,0.06,0.0,25.81,-14.43,-0.57,27.9,,,,,,,,,,,,,,,,
EXO,65626793,,,,,,,,,,,,SAFE,-12.057,0.061,0.999,1.286,-0.038,0.009,0.0,0.009,-0.06,0.0,0.0,0.0,0.0,0.0,0.0
IMU,65641020.0,1,0.5063,-0.0537,0.8647,0.0,0.0,0.0,-3.47,-30.33,0.47,26.8,,,,,,,,,,,,,,,,
IMU,65642814.0,2,0.2422,0.4214,0.8706,0.06,-0.06,0.0,25.81,-14.43,-0.57,27.8,,,,,,,,,,,,,,,,
EXO,65726878,,,,,,,,,,,,SAFE,-12.057,-0.061,0.997,1.286,-0.064,0.009,0.0,0.009,-0.001,0.0,0.0,0.0,0.0,0.0,0.0
IMU,65741173.0,1,0.5044,-0.0532,0.8652,0.0,0.0,0.0,-3.47,-30.33,0.47,27.1,,,,,,,,,,,,,,,,
IMU,65742666.0,2,0.2466,0.4194,0.8721,0.0,0.0,0.0,25.81,-14.43,-0.57,27.9,,,,,,,,,,,,,,,,
EXO,65826783,,,,,,,,,,,,SAFE,-12.057,0.0,0.999,1.286,-0.135,0.009,0.0,0.009,-0.017,0.0,0.0,0.0,0.0,0.0,0.0
IMU,65841380.0,1,0.5073,-0.0518,0.8618,0.0,0.0,0.0,-3.47,-30.33,0.47,27.0,,,,,,,,,,,,,,,,
IMU,65842699.0,2,0.25,0.4214,0.8701,0.06,0.06,0.0,25.82,-14.43,-0.57,27.9,,,,,,,,,,,,,,,,
EXO,65926751,,,,,,,,,,,,SAFE,-12.057,0.061,0.999,1.286,-0.036,0.009,0.0,0.009,-0.006,0.0,0.0,0.0,0.0,0.0,0.0
IMU,65941518.0,1,0.5063,-0.0532,0.8672,0.0,0.0,0.0,-3.47,-30.33,0.47,27.0,,,,,,,,,,,,,,,,
IMU,65942614.0,2,0.2456,0.4204,0.8682,0.06,-0.18,0.0,25.81,-14.43,-0.57,28.0,,,,,,,,,,,,,,,,
EXO,66026873,,,,,,,,,,,,SAFE,-12.057,-0.183,0.995,1.286,-0.014,0.009,0.0,0.009,0.037,0.0,0.0,0.0,0.0,0.0,0.0
IMU,66041723.0,1,0.5059,-0.0522,0.8657,0.0,0.06,0.0,-3.47,-30.33,0.47,27.0,,,,,,,,,,,,,,,,
IMU,66042559.0,2,0.251,0.4194,0.873,0.06,0.0,0.0,25.81,-14.43,-0.56,28.0,,,,,,,,,,,,,,,,
EXO,66126790,,,,,,,,,,,,SAFE,-12.057,0.0,1.001,1.286,0.006,0.009,0.0,0.009,0.0,0.0,0.0,0.0,0.0,0.0,0.0
IMU,66141901.0,1,0.5068,-0.0527,0.8657,0.0,0.06,0.0,-3.47,-30.33,0.47,26.9,,,,,,,,,,,,,,,,
IMU,66142410.0,2,0.2461,0.4209,0.8677,0.0,0.0,0.0,25.81,-14.43,-0.57,28.0,,,,,,,,,,,,,,,,
EXO,66226789,,,,,,,,,,,,SAFE,-12.057,0.0,0.995,1.286,-0.053,0.009,0.0,0.009,0.004,0.0,0.0,0.0,0.0,0.0,0.0
IMU,66241990.0,1,0.5078,-0.0532,0.8628,0.0,0.0,0.0,-3.47,-30.32,0.47,27.0,,,,,,,,,,,,,,,,
IMU,66242372.0,2,0.2495,0.4199,0.8716,0.0,0.0,0.0,25.81,-14.43,-0.57,28.0,,,,,,,,,,,,,,,,
EXO,66326756,,,,,,,,,,,,SAFE,-12.057,0.0,0.999,1.286,0.089,0.009,0.0,0.009,0.002,0.0,0.0,0.0,0.0,0.0,0.0
IMU,66342171.0,1,0.5054,-0.0527,0.8667,0.0,0.0,0.0,-3.46,-30.32,0.47,27.2,,,,,,,,,,,,,,,,
IMU,66342362.0,2,0.2524,0.4199,0.8721,0.06,0.0,0.0,25.81,-14.43,-0.56,28.0,,,,,,,,,,,,,,,,
EXO,66426766,,,,,,,,,,,,SAFE,-12.057,0.0,1.0,1.286,0.155,0.009,0.0,0.009,0.004,0.0,0.0,0.0,0.0,0.0,0.0
IMU,66442345.0,1,0.5112,-0.0503,0.8599,0.0,0.0,0.0,-3.46,-30.32,0.47,27.1,,,,,,,,,,,,,,,,
IMU,66442498.0,2,0.251,0.4224,0.8687,0.06,0.0,0.0,25.81,-14.43,-0.56,28.0,,,,,,,,,,,,,,,,
EXO,66526777,,,,,,,,,,,,SAFE,-12.057,0.0,0.998,1.286,-0.123,0.009,0.0,0.009,-0.032,0.0,0.0,0.0,0.0,0.0,0.0
IMU,66542446.0,1,0.5054,-0.0537,0.8643,0.06,-0.12,0.0,-3.46,-30.32,0.47,27.0,,,,,,,,,,,,,,,,
IMU,66542249.0,2,0.2495,0.4185,0.8711,0.0,0.0,0.0,25.81,-14.43,-0.56,28.0,,,,,,,,,,,,,,,,
EXO,66626877,,,,,,,,,,,,SAFE,-12.052,0.0,0.998,1.286,-0.08,0.009,0.0,0.009,0.035,0.0,0.0,0.0,0.0,0.0,0.0
IMU,66642612.0,1,0.5068,-0.0513,0.8628,0.0,0.06,0.0,-3.46,-30.32,0.47,27.0,,,,,,,,,,,,,,,,
IMU,66642282.0,2,0.2456,0.4204,0.8716,-0.06,0.06,0.0,25.81,-14.43,-0.56,27.9,,,,,,,,,,,,,,,,
EXO,66726885,,,,,,,,,,,,SAFE,-12.057,0.061,0.998,1.286,0.115,0.009,0.0,0.009,-0.003,0.0,0.0,0.0,0.0,0.0,0.0
IMU,66742704.0,1,0.5059,-0.0542,0.8672,0.0,0.0,0.0,-3.46,-30.31,0.47,27.0,,,,,,,,,,,,,,,,
IMU,66742119.0,2,0.251,0.4199,0.8721,0.0,0.0,0.0,25.81,-14.43,-0.56,28.0,,,,,,,,,,,,,,,,
EXO,66826766,,,,,,,,,,,,SAFE,-12.057,0.0,1.0,1.286,-0.03,0.009,0.0,0.009,-0.011,0.0,0.0,0.0,0.0,0.0,0.0
IMU,66842882.0,1,0.5088,-0.0503,0.8618,0.0,0.0,0.0,-3.46,-30.31,0.47,27.0,,,,,,,,,,,,,,,,
IMU,66842150.0,2,0.2476,0.4209,0.8721,0.06,-0.12,0.0,25.81,-14.43,-0.56,28.0,,,,,,,,,,,,,,,,
EXO,66926854,,,,,,,,,,,,SAFE,-12.057,-0.122,0.999,1.286,-0.116,0.009,0.0,0.009,0.003,0.0,0.0,0.0,0.0,0.0,0.0
IMU,66943110.0,1,0.5068,-0.0527,0.8633,0.0,0.12,0.0,-3.46,-30.31,0.47,27.1,,,,,,,,,,,,,,,,
IMU,66942032.0,2,0.2466,0.4209,0.874,0.0,0.0,0.0,25.81,-14.43,-0.56,28.0,,,,,,,,,,,,,,,,
EXO,67026779,,,,,,,,,,,,SAFE,-12.057,0.0,1.001,1.286,-0.075,0.009,0.0,0.009,-0.003,0.0,0.0,0.0,0.0,0.0,0.0
IMU,67043216.0,1,0.5073,-0.0522,0.8633,0.0,0.0,0.0,-3.46,-30.31,0.47,27.0,,,,,,,,,,,,,,,,
IMU,67042020.0,2,0.252,0.4194,0.8735,-0.06,0.06,0.0,25.81,-14.43,-0.56,28.0,,,,,,,,,,,,,,,,
EXO,67126861,,,,,,,,,,,,SAFE,-12.057,0.061,1.001,1.286,-0.152,0.009,0.0,0.009,0.001,0.0,0.0,0.0,0.0,0.0,0.0
IMU,67143382.0,1,0.5078,-0.0522,0.8638,0.0,0.0,0.0,-3.46,-30.31,0.47,27.1,,,,,,,,,,,,,,,,
IMU,67141892.0,2,0.25,0.4214,0.8696,0.0,0.0,0.0,25.81,-14.43,-0.56,27.9,,,,,,,,,,,,,,,,
EXO,67226791,,,,,,,,,,,,SAFE,-12.057,0.0,0.998,1.286,0.023,0.009,0.0,0.009,-0.009,0.0,0.0,0.0,0.0,0.0,0.0
IMU,67243565.0,1,0.5054,-0.0522,0.8652,0.0,0.0,0.0,-3.46,-30.31,0.47,27.1,,,,,,,,,,,,,,,,
IMU,67241894.0,2,0.2485,0.4189,0.8711,0.12,-0.06,0.0,25.81,-14.43,-0.56,28.0,,,,,,,,,,,,,,,,
EXO,67326866,,,,,,,,,,,,SAFE,-12.057,-0.061,0.998,1.286,0.006,0.009,0.0,0.009,0.005,0.0,0.0,0.0,0.0,0.0,0.0
IMU,67343732.0,1,0.5073,-0.0522,0.8657,0.0,0.0,0.0,-3.46,-30.31,0.47,27.0,,,,,,,,,,,,,,,,
IMU,67341846.0,2,0.2495,0.4214,0.8721,0.0,0.12,0.0,25.81,-14.43,-0.56,28.0,,,,,,,,,,,,,,,,
EXO,67426757,,,,,,,,,,,,SAFE,-12.057,0.122,1.0,1.286,-0.097,0.009,0.0,0.009,0.012,0.0,0.0,0.0,0.0,0.0,0.0
IMU,67443902.0,1,0.5083,-0.0522,0.8638,0.0,0.0,0.0,-3.46,-30.31,0.47,27.0,,,,,,,,,,,,,,,,
IMU,67441731.0,2,0.251,0.4209,0.8701,0.0,0.0,0.0,25.81,-14.43,-0.56,28.0,,,,,,,,,,,,,,,,
EXO,67526796,,,,,,,,,,,,SAFE,-12.057,0.0,0.999,1.286,0.056,0.009,0.0,0.009,-0.018,0.0,0.0,0.0,0.0,0.0,0.0
IMU,67544084.0,1,0.5059,-0.0527,0.8628,0.0,0.0,0.0,-3.46,-30.32,0.47,27.0,,,,,,,,,,,,,,,,
IMU,67541701.0,2,0.2461,0.4194,0.8716,0.0,-0.06,0.0,25.81,-14.43,-0.56,28.0,,,,,,,,,,,,,,,,
EXO,67626867,,,,,,,,,,,,SAFE,-12.057,-0.061,0.998,1.286,0.175,0.009,0.0,0.009,0.007,0.0,0.0,0.0,0.0,0.0,0.0
IMU,67644232.0,1,0.5068,-0.0522,0.8677,0.0,0.0,0.0,-3.46,-30.32,0.47,27.0,,,,,,,,,,,,,,,,
IMU,67641605.0,2,0.2495,0.4194,0.874,0.0,0.0,0.0,25.81,-14.43,-0.56,27.9,,,,,,,,,,,,,,,,
EXO,67726798,,,,,,,,,,,,SAFE,-12.057,0.0,1.001,1.286,0.061,0.009,0.0,0.009,0.02,0.0,0.0,0.0,0.0,0.0,0.0
IMU,67744539.0,1,0.5083,-0.0508,0.8652,0.0,0.12,0.0,-3.46,-30.32,0.47,26.9,,,,,,,,,,,,,,,,
IMU,67741583.0,2,0.2441,0.4199,0.8696,-0.06,0.18,0.0,25.81,-14.43,-0.56,27.9,,,,,,,,,,,,,,,,
EXO,67826872,,,,,,,,,,,,SAFE,-12.057,0.183,0.996,1.286,0.146,0.009,0.0,0.009,-0.008,0.0,0.0,0.0,0.0,0.0,0.0
IMU,67844577.0,1,0.5049,-0.0522,0.8633,0.0,0.0,0.0,-3.46,-30.32,0.47,27.0,,,,,,,,,,,,,,,,
IMU,67841478.0,2,0.25,0.4219,0.8691,0.0,0.0,0.0,25.81,-14.43,-0.56,27.9,,,,,,,,,,,,,,,,
EXO,67926764,,,,,,,,,,,,SAFE,-12.057,0.0,0.998,1.286,-0.072,0.009,0.0,0.009,0.001,0.0,0.0,0.0,0.0,0.0,0.0
IMU,67944740.0,1,0.5059,-0.0547,0.8662,0.0,0.0,0.0,-3.46,-30.32,0.47,27.0,,,,,,,,,,,,,,,,
IMU,67941416.0,2,0.252,0.4199,0.8745,0.0,0.0,0.0,25.81,-14.43,-0.56,28.0,,,,,,,,,,,,,,,,
EXO,68026790,,,,,,,,,,,,SAFE,-12.057,0.0,1.002,1.286,0.013,0.009,0.0,0.009,-0.002,0.0,0.0,0.0,0.0,0.0,0.0
IMU,68044908.0,1,0.5068,-0.0527,0.8657,0.0,0.0,0.0,-3.46,-30.32,0.47,27.0,,,,,,,,,,,,,,,,
IMU,68041336.0,2,0.252,0.4209,0.8716,0.0,0.0,0.0,25.81,-14.43,-0.56,28.1,,,,,,,,,,,,,,,,
EXO,68126783,,,,,,,,,,,,SAFE,-12.057,0.0,1.0,1.286,-0.045,0.009,0.0,0.009,0.003,0.0,0.0,0.0,0.0,0.0,0.0
IMU,68145093.0,1,0.5073,-0.0522,0.8643,0.0,0.0,0.0,-3.46,-30.33,0.47,27.0,,,,,,,,,,,,,,,,
IMU,68141292.0,2,0.2476,0.4199,0.8687,0.0,0.0,0.0,25.81,-14.43,-0.56,28.2,,,,,,,,,,,,,,,,
EXO,68226790,,,,,,,,,,,,SAFE,-12.057,0.0,0.996,1.286,-0.154,0.009,0.0,0.009,-0.01,0.0,0.0,0.0,0.0,0.0,0.0
IMU,68245314.0,1,0.5049,-0.0522,0.8638,0.06,0.0,0.0,-3.46,-30.33,0.47,27.0,,,,,,,,,,,,,,,,
IMU,68241266.0,2,0.2515,0.4194,0.8745,0.12,0.0,0.0,25.81,-14.43,-0.55,28.1,,,,,,,,,,,,,,,,
EXO,68326786,,,,,,,,,,,,SAFE,-12.057,0.0,1.002,1.286,0.105,0.009,0.0,0.009,-0.014,0.0,0.0,0.0,0.0,0.0,0.0
IMU,68345411.0,1,0.5063,-0.0522,0.8647,0.0,0.0,0.0,-3.47,-30.33,0.47,27.1,,,,,,,,,,,,,,,,
IMU,68341231.0,2,0.2485,0.4209,0.8721,0.0,0.06,0.0,25.81,-14.43,-0.55,28.0,,,,,,,,,,,,,,,,
EXO,68426763,,,,,,,,,,,,SAFE,-12.057,0.061,1.0,1.286,0.041,0.009,0.0,0.009,0.033,0.0,0.0,0.0,0.0,0.0,0.0
IMU,68445574.0,1,0.5088,-0.0518,0.8604,0.0,0.0,0.0,-3.46,-30.33,0.47,27.0,,,,,,,,,,,,,,,,
IMU,68441197.0,2,0.2529,0.4219,0.8691,0.0,0.06,0.0,25.81,-14.43,-0.55,28.0,,,,,,,,,,,,,,,,
EXO,68526808,,,,,,,,,,,,SAFE,-12.057,0.061,0.999,1.286,0.018,0.009,0.0,0.009,0.005,0.0,0.0,0.0,0.0,0.0,0.0
IMU,68545744.0,1,0.5034,-0.0547,0.8638,0.0,0.0,0.0,-3.46,-30.33,0.47,27.1,,,,,,,,,,,,,,,,
IMU,68541095.0,2,0.2534,0.4194,0.8682,0.0,-0.06,0.0,25.81,-14.43,-0.55,28.0,,,,,,,,,,,,,,,,
EXO,68626866,,,,,,,,,,,,SAFE,-12.057,-0.061,0.997,1.286,0.003,0.009,0.0,0.009,0.001,0.0,0.0,0.0,0.0,0.0,0.0
IMU,68645968.0,1,0.5068,-0.0522,0.8638,0.0,0.06,0.0,-3.46,-30.33,0.47,27.1,,,,,,,,,,,,,,,,
IMU,68641039.0,2,0.249,0.4204,0.8701,0.06,0.0,0.0,25.81,-14.43,-0.55,28.0,,,,,,,,,,,,,,,,
EXO,68726824,,,,,,,,,,,,SAFE,-12.057,0.0,0.998,1.286,0.009,0.009,0.0,0.009,0.006,0.0,0.0,0.0,0.0,0.0,0.0
IMU,68746090.0,1,0.5068,-0.0518,0.8633,0.0,0.0,0.0,-3.46,-30.33,0.47,27.0,,,,,,,,,,,,,,,,
IMU,68741000.0,2,0.252,0.4199,0.8691,0.0,0.06,0.0,25.81,-14.43,-0.55,28.0,,,,,,,,,,,,,,,,
EXO,68826784,,,,,,,,,,,,SAFE,-12.057,0.061,0.998,1.286,-0.009,0.009,0.0,0.009,0.006,0.0,0.0,0.0,0.0,0.0,0.0
IMU,68846272.0,1,0.5054,-0.0522,0.8662,0.0,0.0,0.0,-3.46,-30.33,0.47,27.1,,,,,,,,,,,,,,,,
IMU,68840958.0,2,0.2485,0.4204,0.8711,0.24,-0.06,0.0,25.82,-14.43,-0.55,28.0,,,,,,,,,,,,,,,,
EXO,68926827,,,,,,,,,,,,SAFE,-12.057,-0.061,0.999,1.286,0.01,0.009,0.0,0.009,-0.054,0.0,0.0,0.0,0.0,0.0,0.0
IMU,68946430.0,1,0.5078,-0.0513,0.8618,0.0,0.0,0.0,-3.46,-30.33,0.47,27.0,,,,,,,,,,,,,,,,
IMU,68940874.0,2,0.2466,0.4199,0.8696,0.06,-0.06,0.0,25.82,-14.43,-0.55,28.0,,,,,,,,,,,,,,,,
EXO,69026866,,,,,,,,,,,,SAFE,-12.057,-0.061,0.997,1.286,0.093,0.009,0.0,0.009,0.008,0.0,0.0,0.0,0.0,0.0,0.0
IMU,69046615.0,1,0.5083,-0.0522,0.8643,0.0,0.0,0.0,-3.46,-30.33,0.47,27.0,,,,,,,,,,,,,,,,
IMU,69040779.0,2,0.2476,0.4209,0.8701,0.12,0.0,0.0,25.82,-14.43,-0.55,28.1,,,,,,,,,,,,,,,,
EXO,69126775,,,,,,,,,,,,SAFE,-12.057,0.0,0.998,1.286,-0.119,0.009,0.0,0.009,-0.001,0.0,0.0,0.0,0.0,0.0,0.0
IMU,69146776.0,1,0.5068,-0.0522,0.8657,0.0,0.0,0.0,-3.46,-30.33,0.47,27.3,,,,,,,,,,,,,,,,
IMU,69140684.0,2,0.2515,0.4204,0.8696,0.0,0.0,0.0,25.82,-14.43,-0.55,27.9,,,,,,,,,,,,,,,,
EXO,69226777,,,,,,,,,,,,SAFE,-12.057,0.0,0.998,1.286,-0.065,0.009,0.0,0.009,0.016,0.0,0.0,0.0,0.0,0.0,0.0
IMU,69246962.0,1,0.5088,-0.0522,0.8638,0.0,0.0,0.0,-3.46,-30.33,0.47,27.0,,,,,,,,,,,,,,,,
IMU,69240641.0,2,0.2505,0.4204,0.873,0.0,-0.12,0.0,25.81,-14.43,-0.55,28.0,,,,,,,,,,,,,,,,
EXO,69326855,,,,,,,,,,,,SAFE,-12.057,-0.122,1.001,1.286,0.109,0.009,0.0,0.009,0.003,0.0,0.0,0.0,0.0,0.0,0.0
IMU,69347119.0,1,0.5063,-0.0522,0.8618,0.0,0.0,0.0,-3.46,-30.33,0.47,27.0,,,,,,,,,,,,,,,,
IMU,69340585.0,2,0.2417,0.4209,0.8682,0.0,-0.06,0.0,25.81,-14.43,-0.55,28.1,,,,,,,,,,,,,,,,
EXO,69426852,,,,,,,,,,,,SAFE,-12.057,-0.061,0.995,1.286,-0.036,0.009,0.0,0.009,0.002,0.0,0.0,0.0,0.0,0.0,0.0
IMU,69447272.0,1,0.5078,-0.0522,0.8613,0.0,0.0,0.0,-3.46,-30.33,0.47,27.1,,,,,,,,,,,,,,,,
IMU,69440537.0,2,0.2495,0.4214,0.8696,-0.06,0.06,0.0,25.81,-14.43,-0.55,27.9,,,,,,,,,,,,,,,,
EXO,69526880,,,,,,,,,,,,SAFE,-12.057,0.061,0.998,1.286,-0.06,0.009,0.0,0.009,0.007,0.0,0.0,0.0,0.0,0.0,0.0
IMU,69547438.0,1,0.5073,-0.0518,0.8643,0.0,0.0,0.0,-3.46,-30.33,0.47,27.1,,,,,,,,,,,,,,,,
IMU,69540352.0,2,0.2485,0.4199,0.8682,0.0,0.0,0.0,25.81,-14.43,-0.55,27.9,,,,,,,,,,,,,,,,
EXO,69626771,,,,,,,,,,,,SAFE,-12.057,0.0,0.996,1.286,0.023,0.009,0.0,0.009,-0.005,0.0,0.0,0.0,0.0,0.0,0.0
IMU,69647621.0,1,0.5088,-0.0518,0.8599,0.0,0.0,0.0,-3.46,-30.33,0.47,27.1,,,,,,,,,,,,,,,,
IMU,69640353.0,2,0.25,0.4185,0.8682,0.0,-0.06,0.0,25.81,-14.43,-0.55,28.1,,,,,,,,,,,,,,,,
EXO,69726880,,,,,,,,,,,,SAFE,-12.057,-0.061,0.996,1.286,-0.005,0.009,0.0,0.009,-0.005,0.0,0.0,0.0,0.0,0.0,0.0
IMU,69747780.0,1,0.5059,-0.0527,0.8643,0.0,0.0,0.0,-3.46,-30.33,0.47,27.0,,,,,,,,,,,,,,,,
IMU,69740269.0,2,0.2524,0.4209,0.8721,0.0,-0.12,0.0,25.81,-14.43,-0.55,27.9,,,,,,,,,,,,,,,,
EXO,69826853,,,,,,,,,,,,SAFE,-12.057,-0.122,1.001,1.286,-0.1,0.009,0.0,0.009,-0.006,0.0,0.0,0.0,0.0,0.0,0.0
IMU,69847958.0,1,0.5068,-0.0527,0.8623,0.0,0.0,0.0,-3.46,-30.33,0.47,27.1,,,,,,,,,,,,,,,,
IMU,69840185.0,2,0.2495,0.4204,0.8696,0.0,0.0,0.0,25.81,-14.43,-0.55,27.9,,,,,,,,,,,,,,,,
EXO,69926754,,,,,,,,,,,,SAFE,-12.057,0.0,0.998,1.286,0.068,0.009,0.0,0.009,0.005,0.0,0.0,0.0,0.0,0.0,0.0
IMU,69948110.0,1,0.5093,-0.0518,0.8604,0.0,0.0,0.0,-3.46,-30.33,0.47,27.0,,,,,,,,,,,,,,,,
IMU,69940110.0,2,0.2568,0.4199,0.8716,0.0,0.0,0.0,25.82,-14.43,-0.55,28.0,,,,,,,,,,,,,,,,
EXO,70026789,,,,,,,,,,,,SAFE,-12.057,0.0,1.001,1.286,-0.037,0.009,0.0,0.009,-0.0,0.0,0.0,0.0,0.0,0.0,0.0
IMU,70048283.0,1,0.5068,-0.0508,0.8633,0.0,0.0,0.0,-3.46,-30.33,0.47,27.0,,,,,,,,,,,,,,,,
IMU,70040032.0,2,0.2544,0.4224,0.8716,0.12,-0.12,0.0,25.82,-14.43,-0.55,28.2,,,,,,,,,,,,,,,,
EXO,70126907,,,,,,,,,,,,SAFE,-12.057,-0.122,1.001,1.286,-0.046,0.009,0.0,0.009,0.003,0.0,0.0,0.0,0.0,0.0,0.0
IMU,70148445.0,1,0.5068,-0.0527,0.8652,0.0,0.0,0.0,-3.46,-30.33,0.47,27.0,,,,,,,,,,,,,,,,
IMU,70139983.0,2,0.2456,0.4199,0.8711,0.06,0.0,0.0,25.82,-14.43,-0.55,28.0,,,,,,,,,,,,,,,,
EXO,70226798,,,,,,,,,,,,SAFE,-12.057,0.0,0.998,1.286,-0.06,0.009,0.0,0.009,-0.007,0.0,0.0,0.0,0.0,0.0,0.0
IMU,70248623.0,1,0.5049,-0.0522,0.8608,0.0,0.0,0.0,-3.46,-30.33,0.47,27.0,,,,,,,,,,,,,,,,
IMU,70239891.0,2,0.249,0.4204,0.8691,0.0,-0.06,0.0,25.81,-14.43,-0.55,28.0,,,,,,,,,,,,,,,,
EXO,70326874,,,,,,,,,,,,SAFE,-12.057,-0.061,0.997,1.286,-0.03,0.009,0.0,0.009,0.004,0.0,0.0,0.0,0.0,0.0,0.0
IMU,70348797.0,1,0.5054,-0.0537,0.8657,0.0,0.0,0.0,-3.46,-30.33,0.47,27.0,,,,,,,,,,,,,,,,
IMU,70339840.0,2,0.2539,0.4214,0.8735,0.18,-0.12,0.0,25.81,-14.43,-0.55,28.0,,,,,,,,,,,,,,,,
EXO,70426855,,,,,,,,,,,,SAFE,-12.057,-0.122,1.003,1.286,0.062,0.009,0.0,0.009,0.009,0.0,0.0,0.0,0.0,0.0,0.0
IMU,70448956.0,1,0.5068,-0.0518,0.8677,0.0,0.0,0.0,-3.46,-30.33,0.47,26.9,,,,,,,,,,,,,,,,
IMU,70439776.0,2,0.2471,0.4199,0.875,0.12,0.0,0.0,25.81,-14.43,-0.55,27.8,,,,,,,,,,,,,,,,
EXO,70526805,,,,,,,,,,,,SAFE,-12.057,0.0,1.002,1.286,-0.032,0.009,0.0,0.009,0.004,0.0,0.0,0.0,0.0,0.0,0.0
IMU,70549177.0,1,0.5063,-0.0532,0.8662,0.0,0.06,0.0,-3.46,-30.34,0.47,27.0,,,,,,,,,,,,,,,,
IMU,70539637.0,2,0.2549,0.4185,0.873,0.0,0.0,0.0,25.81,-14.44,-0.55,28.1,,,,,,,,,,,,,,,,
EXO,70626780,,,,,,,,,,,,SAFE,-12.063,0.0,1.001,1.286,0.029,0.009,0.0,0.009,0.003,0.0,0.0,0.0,0.0,0.0,0.0
IMU,70649370.0,1,0.5083,-0.0518,0.8608,0.0,-0.06,0.0,-3.46,-30.34,0.47,27.0,,,,,,,,,,,,,,,,
IMU,70639650.0,2,0.252,0.4199,0.8726,0.0,-0.12,0.0,25.81,-14.44,-0.55,28.1,,,,,,,,,,,,,,,,
EXO,70726984,,,,,,,,,,,,SAFE,-12.063,-0.122,1.001,1.286,0.019,0.009,0.0,0.009,0.057,0.0,0.0,0.0,0.0,0.0,0.0
IMU,70749540.0,1,0.5078,-0.0518,0.8647,0.0,-0.06,0.0,-3.46,-30.34,0.47,27.0,,,,,,,,,,,,,,,,
IMU,70739481.0,2,0.249,0.4209,0.8711,0.0,0.0,0.0,25.81,-14.43,-0.55,28.1,,,,,,,,,,,,,,,,
EXO,70826875,,,,,,,,,,,,SAFE,-12.057,0.0,0.999,1.286,0.017,0.009,0.0,0.009,-0.014,0.0,0.0,0.0,0.0,0.0,0.0
IMU,70849637.0,1,0.5054,-0.0527,0.8652,0.0,0.0,0.0,-3.46,-30.34,0.47,27.0,,,,,,,,,,,,,,,,
IMU,70839504.0,2,0.2485,0.4199,0.8716,0.0,0.12,0.0,25.81,-14.43,-0.55,27.9,,,,,,,,,,,,,,,,
EXO,70926777,,,,,,,,,,,,SAFE,-12.057,0.122,0.999,1.286,-0.08,0.009,0.0,0.009,-0.004,0.0,0.0,0.0,0.0,0.0,0.0
IMU,70949789.0,1,0.5049,-0.0527,0.8657,0.0,0.0,0.0,-3.46,-30.34,0.47,27.1,,,,,,,,,,,,,,,,
IMU,70939408.0,2,0.25,0.4204,0.8716,0.12,-0.06,0.0,25.81,-14.44,-0.55,28.0,,,,,,,,,,,,,,,,
EXO,71026883,,,,,,,,,,,,SAFE,-12.063,-0.061,0.999,1.286,0.095,0.009,0.0,0.009,-0.0,0.0,0.0,0.0,0.0,0.0,0.0
IMU,71049964.0,1,0.5083,-0.0513,0.8608,0.0,0.0,0.0,-3.46,-30.34,0.47,27.0,,,,,,,,,,,,,,,,
IMU,71039273.0,2,0.2456,0.4214,0.8701,0.0,0.0,0.0,25.81,-14.44,-0.55,28.0,,,,,,,,,,,,,,,,
EXO,71126799,,,,,,,,,,,,SAFE,-12.063,0.0,0.997,1.286,-0.01,0.009,0.0,0.009,-0.006,0.0,0.0,0.0,0.0,0.0,0.0
IMU,71150145.0,1,0.5083,-0.0527,0.8628,0.0,0.0,0.0,-3.46,-30.34,0.47,27.0,,,,,,,,,,,,,,,,
IMU,71139219.0,2,0.25,0.4194,0.8696,0.0,0.0,0.0,25.81,-14.44,-0.55,28.1,,,,,,,,,,,,,,,,
EXO,71226796,,,,,,,,,,,,SAFE,-12.063,0.0,0.997,1.286,-0.048,0.009,0.0,0.009,-0.008,0.0,0.0,0.0,0.0,0.0,0.0
IMU,71250320.0,1,0.5068,-0.0518,0.8643,0.0,0.0,0.0,-3.46,-30.34,0.47,27.1,,,,,,,,,,,,,,,,
IMU,71239108.0,2,0.2495,0.4204,0.8726,0.0,0.0,0.0,25.81,-14.44,-0.55,28.1,,,,,,,,,,,,,,,,
EXO,71326786,,,,,,,,,,,,SAFE,-12.063,0.0,1.0,1.286,0.049,0.009,0.0,0.009,-0.005,0.0,0.0,0.0,0.0,0.0,0.0
IMU,71350516.0,1,0.5063,-0.0527,0.8657,0.0,0.0,0.0,-3.46,-30.34,0.47,27.1,,,,,,,,,,,,,,,,
IMU,71339144.0,2,0.2471,0.4199,0.8711,0.0,0.12,0.0,25.81,-14.44,-0.55,28.1,,,,,,,,,,,,,,,,
EXO,71426772,,,,,,,,,,,,SAFE,-12.063,0.122,0.998,1.286,-0.013,0.009,0.0,0.009,-0.005,0.0,0.0,0.0,0.0,0.0,0.0
IMU,71450743.0,1,0.5063,-0.0532,0.8638,0.0,0.06,0.0,-3.46,-30.34,0.47,27.2,,,,,,,,,,,,,,,,
IMU,71439052.0,2,0.252,0.4204,0.8696,0.0,-0.06,0.0,25.81,-14.44,-0.55,27.9,,,,,,,,,,,,,,,,
EXO,71526903,,,,,,,,,,,,SAFE,-12.063,-0.061,0.998,1.286,0.064,0.009,0.0,0.009,0.007,0.0,0.0,0.0,0.0,0.0,0.0
IMU,71550875.0,1,0.5054,-0.0527,0.8657,0.0,0.0,0.0,-3.46,-30.34,0.47,27.0,,,,,,,,,,,,,,,,
IMU,71538914.0,2,0.2485,0.4199,0.8755,0.0,0.0,0.0,25.81,-14.43,-0.55,27.9,,,,,,,,,,,,,,,,
EXO,71626788,,,,,,,,,,,,SAFE,-12.057,0.0,1.002,1.286,0.112,0.009,0.0,0.009,-0.009,0.0,0.0,0.0,0.0,0.0,0.0
IMU,71651046.0,1,0.5068,-0.0532,0.8647,0.0,0.0,0.0,-3.46,-30.34,0.47,27.1,,,,,,,,,,,,,,,,
IMU,71638933.0,2,0.2476,0.4189,0.8716,0.0,0.12,0.0,25.81,-14.44,-0.55,28.0,,,,,,,,,,,,,,,,
EXO,71726804,,,,,,,,,,,,SAFE,-12.063,0.122,0.998,1.286,-0.033,0.009,0.0,0.009,-0.003,0.0,0.0,0.0,0.0,0.0,0.0
IMU,71751224.0,1,0.5063,-0.0522,0.8647,0.0,0.0,0.0,-3.46,-30.34,0.47,27.0,,,,,,,,,,,,,,,,
IMU,71738845.0,2,0.2476,0.4204,0.8696,0.06,0.0,0.0,25.81,-14.44,-0.55,28.0,,,,,,,,,,,,,,,,
EXO,71826783,,,,,,,,,,,,SAFE,-12.063,0.0,0.997,1.286,0.023,0.009,0.0,0.009,0.002,0.0,0.0,0.0,0.0,0.0,0.0
IMU,71851410.0,1,0.5059,-0.0542,0.8638,0.0,0.0,0.0,-3.46,-30.33,0.47,27.1,,,,,,,,,,,,,,,,
IMU,71838790.0,2,0.2524,0.4194,0.8726,0.12,-0.06,0.0,25.81,-14.44,-0.55,28.0,,,,,,,,,,,,,,,,
EXO,71926852,,,,,,,,,,,,SAFE,-12.063,-0.061,1.001,1.286,-0.01,0.009,0.0,0.009,0.004,0.0,0.0,0.0,0.0,0.0,0.0
IMU,71951582.0,1,0.5059,-0.0522,0.8672,0.0,0.0,0.0,-3.46,-30.33,0.47,27.0,,,,,,,,,,,,,,,,
IMU,71938749.0,2,0.2456,0.4214,0.8735,0.0,0.06,0.0,25.81,-14.44,-0.55,27.9,,,,,,,,,,,,,,,,
EXO,72026798,,,,,,,,,,,,SAFE,-12.063,0.061,1.0,1.286,0.023,0.009,0.0,0.009,0.005,0.0,0.0,0.0,0.0,0.0,0.0
IMU,72051766.0,1,0.5073,-0.0513,0.8623,0.0,0.0,0.0,-3.46,-30.33,0.47,27.0,,,,,,,,,,,,,,,,
IMU,72038635.0,2,0.2485,0.4209,0.873,0.0,-0.06,0.0,25.8,-14.44,-0.55,28.0,,,,,,,,,,,,,,,,
EXO,72126875,,,,,,,,,,,,SAFE,-12.063,-0.061,1.001,1.286,0.006,0.009,0.0,0.009,-0.005,0.0,0.0,0.0,0.0,0.0,0.0
IMU,72151961.0,1,0.5059,-0.0522,0.8652,0.0,-0.24,0.0,-3.46,-30.33,0.47,27.0,,,,,,,,,,,,,,,,
IMU,72138596.0,2,0.2495,0.4209,0.8774,0.0,0.12,0.0,25.8,-14.43,-0.55,28.0,,,,,,,,,,,,,,,,
EXO,72226891,,,,,,,,,,,,SAFE,-12.057,0.122,1.005,1.286,0.021,0.009,0.0,0.009,0.002,0.0,0.0,0.0,0.0,0.0,0.0
IMU,72252077.0,1,0.5068,-0.0522,0.8657,0.0,0.0,0.0,-3.46,-30.34,0.47,27.0,,,,,,,,,,,,,,,,
IMU,72238503.0,2,0.2466,0.4219,0.8701,0.0,0.18,0.0,25.81,-14.44,-0.55,28.0,,,,,,,,,,,,,,,,
EXO,72326785,,,,,,,,,,,,SAFE,-12.063,0.183,0.998,1.286,0.07,0.009,0.0,0.009,0.005,0.0,0.0,0.0,0.0,0.0,0.0
IMU,72352314.0,1,0.5059,-0.0522,0.8657,0.0,-0.06,0.0,-3.46,-30.34,0.47,27.0,,,,,,,,,,,,,,,,
IMU,72338431.0,2,0.2524,0.4194,0.8711,0.06,-0.12,0.0,25.8,-14.44,-0.55,28.1,,,,,,,,,,,,,,,,
EXO,72426959,,,,,,,,,,,,SAFE,-12.063,-0.122,0.999,1.286,-0.045,0.009,0.0,0.009,-0.003,0.0,0.0,0.0,0.0,0.0,0.0
IMU,72452484.0,1,0.5063,-0.0522,0.8638,0.0,-0.06,0.0,-3.46,-30.34,0.47,27.1,,,,,,,,,,,,,,,,
IMU,72438369.0,2,0.248,0.4199,0.8706,0.12,0.0,0.0,25.81,-14.44,-0.55,27.9,,,,,,,,,,,,,,,,
EXO,72526893,,,,,,,,,,,,SAFE,-12.063,0.0,0.998,1.286,0.079,0.009,0.0,0.009,-0.024,0.0,0.0,0.0,0.0,0.0,0.0
IMU,72552636.0,1,0.5068,-0.0522,0.8643,0.06,-0.12,0.0,-3.46,-30.34,0.47,27.0,,,,,,,,,,,,,,,,
IMU,72538274.0,2,0.2485,0.4194,0.8687,0.12,0.0,0.0,25.81,-14.43,-0.55,28.0,,,,,,,,,,,,,,,,
EXO,72626890,,,,,,,,,,,,SAFE,-12.057,0.0,0.996,1.286,-0.018,0.009,0.0,0.009,-0.002,0.0,0.0,0.0,0.0,0.0,0.0
IMU,72652721.0,1,0.5073,-0.0522,0.8633,0.0,0.0,0.0,-3.46,-30.34,0.47,27.0,,,,,,,,,,,,,,,,
IMU,72638207.0,2,0.2471,0.4199,0.8687,0.24,-0.18,0.0,25.81,-14.43,-0.55,28.0,,,,,,,,,,,,,,,,
EXO,72726898,,,,,,,,,,,,SAFE,-12.057,-0.183,0.996,1.286,-0.052,0.009,0.0,0.009,0.001,0.0,0.0,0.0,0.0,0.0,0.0
IMU,72752966.0,1,0.5044,-0.0532,0.8613,0.0,-0.24,0.0,-3.46,-30.35,0.47,27.0,,,,,,,,,,,,,,,,
IMU,72738113.0,2,0.2461,0.4199,0.877,0.24,-0.12,0.0,25.81,-14.43,-0.55,28.0,,,,,,,,,,,,,,,,
EXO,72826959,,,,,,,,,,,,SAFE,-12.057,-0.122,1.003,1.286,0.076,0.009,0.0,0.009,-0.01,0.0,0.0,0.0,0.0,0.0,0.0
IMU,72853108.0,1,0.5029,-0.0532,0.8657,0.0,0.06,0.0,-3.46,-30.34,0.47,27.0,,,,,,,,,,,,,,,,
IMU,72838070.0,2,0.2412,0.4204,0.8735,-0.12,0.0,0.0,25.81,-14.43,-0.55,28.0,,,,,,,,,,,,,,,,
EXO,72926864,,,,,,,,,,,,SAFE,-12.057,0.0,0.999,1.286,-0.075,0.009,0.0,0.009,-0.006,0.0,0.0,0.0,0.0,0.0,0.0
IMU,72953262.0,1,0.5059,-0.0537,0.8696,0.0,-0.12,0.0,-3.46,-30.34,0.47,27.1,,,,,,,,,,,,,,,,
IMU,72938005.0,2,0.2524,0.4189,0.8765,-0.12,0.12,0.0,25.81,-14.43,-0.55,28.1,,,,,,,,,,,,,,,,
EXO,73026977,,,,,,,,,,,,SAFE,-12.057,0.122,1.004,1.286,0.036,0.009,0.0,0.009,-0.001,0.0,0.0,0.0,0.0,0.0,0.0
IMU,73053363.0,1,0.5044,-0.0522,0.8657,0.0,0.0,0.0,-3.46,-30.34,0.47,26.9,,,,,,,,,,,,,,,,
IMU,73037904.0,2,0.2529,0.4209,0.8662,-0.06,0.06,0.0,25.81,-14.44,-0.55,28.0,,,,,,,,,,,,,,,,
EXO,73126863,,,,,,,,,,,,SAFE,-12.063,0.061,0.996,1.286,-0.033,0.009,0.0,0.009,0.001,0.0,0.0,0.0,0.0,0.0,0.0
IMU,73153528.0,1,0.5063,-0.0527,0.8628,0.0,0.0,0.0,-3.46,-30.34,0.47,27.0,,,,,,,,,,,,,,,,
IMU,73137837.0,2,0.251,0.4209,0.8687,0.06,-0.06,0.0,25.81,-14.44,-0.55,28.1,,,,,,,,,,,,,,,,
EXO,73226880,,,,,,,,,,,,SAFE,-12.063,-0.061,0.997,1.286,-0.042,0.009,0.0,0.009,-0.013,0.0,0.0,0.0,0.0,0.0,0.0
IMU,73253686.0,1,0.5068,-0.0522,0.8618,0.0,0.0,0.0,-3.46,-30.34,0.47,27.1,,,,,,,,,,,,,,,,
IMU,73237736.0,2,0.2471,0.4199,0.8687,0.06,0.0,0.0,25.81,-14.44,-0.55,28.0,,,,,,,,,,,,,,,,
EXO,73326769,,,,,,,,,,,,SAFE,-12.063,0.0,0.996,1.286,0.018,0.009,0.0,0.009,0.012,0.0,0.0,0.0,0.0,0.0,0.0
IMU,73353941.0,1,0.5059,-0.0522,0.8652,-0.06,-0.06,0.0,-3.46,-30.34,0.47,27.1,,,,,,,,,,,,,,,,
IMU,73337627.0,2,0.2554,0.4199,0.873,0.0,0.0,0.0,25.81,-14.44,-0.55,28.0,,,,,,,,,,,,,,,,
EXO,73426970,,,,,,,,,,,,SAFE,-12.063,0.0,1.002,1.286,0.038,0.009,0.0,0.009,0.006,0.0,0.0,0.0,0.0,0.0,0.0
IMU,73454117.0,1,0.5063,-0.0518,0.8643,0.0,-0.06,0.0,-3.46,-30.34,0.47,27.0,,,,,,,,,,,,,,,,
IMU,73437614.0,2,0.2461,0.4214,0.8701,0.12,0.0,0.0,25.81,-14.44,-0.55,28.0,,,,,,,,,,,,,,,,
EXO,73526886,,,,,,,,,,,,SAFE,-12.063,0.0,0.998,1.286,-0.014,0.009,0.0,0.009,-0.011,0.0,0.0,0.0,0.0,0.0,0.0
IMU,73554293.0,1,0.5054,-0.0537,0.8662,0.0,-0.06,0.0,-3.46,-30.34,0.47,27.2,,,,,,,,,,,,,,,,
IMU,73537501.0,2,0.2505,0.4189,0.8716,0.12,0.0,0.0,25.81,-14.44,-0.55,27.9,,,,,,,,,,,,,,,,
EXO,73626879,,,,,,,,,,,,SAFE,-12.063,0.0,0.999,1.286,0.081,0.009,0.0,0.009,0.053,0.0,0.0,0.0,0.0,0.0,0.0
IMU,73654357.0,1,0.5054,-0.0522,0.8628,0.0,0.0,0.0,-3.46,-30.34,0.47,27.1,,,,,,,,,,,,,,,,
IMU,73637440.0,2,0.2471,0.4199,0.873,0.12,-0.12,0.0,25.81,-14.44,-0.55,28.0,,,,,,,,,,,,,,,,
EXO,73726888,,,,,,,,,,,,SAFE,-12.063,-0.122,1.0,1.286,0.032,0.009,0.0,0.009,-0.012,0.0,0.0,0.0,0.0,0.0,0.0
IMU,73754602.0,1,0.5078,-0.0522,0.8633,0.0,-0.18,0.0,-3.46,-30.34,0.47,27.1,,,,,,,,,,,,,,,,
IMU,73737361.0,2,0.248,0.4204,0.875,0.06,-0.06,0.0,25.81,-14.43,-0.55,28.0,,,,,,,,,,,,,,,,
EXO,73826968,,,,,,,,,,,,SAFE,-12.057,-0.061,1.002,1.286,-0.026,0.009,0.0,0.009,0.008,0.0,0.0,0.0,0.0,0.0,0.0
IMU,73854790.0,1,0.5054,-0.0527,0.8667,0.0,-0.12,0.0,-3.46,-30.34,0.47,27.0,,,,,,,,,,,,,,,,
IMU,73837332.0,2,0.2471,0.4209,0.8721,0.0,0.12,0.0,25.81,-14.43,-0.55,27.9,,,,,,,,,,,,,,,,
EXO,73926880,,,,,,,,,,,,SAFE,-12.057,0.122,0.999,1.286,0.03,0.009,0.0,0.009,0.026,0.0,0.0,0.0,0.0,0.0,0.0
IMU,73954857.0,1,0.5054,-0.0527,0.8638,0.0,0.0,0.0,-3.46,-30.34,0.47,27.0,,,,,,,,,,,,,,,,
IMU,73937252.0,2,0.248,0.4185,0.8706,-0.06,0.0,0.0,25.81,-14.44,-0.55,27.9,,,,,,,,,,,,,,,,
EXO,74026888,,,,,,,,,,,,SAFE,-12.063,0.0,0.997,1.286,0.005,0.009,0.0,0.009,0.006,0.0,0.0,0.0,0.0,0.0,0.0
IMU,74055094.0,1,0.5063,-0.0522,0.8662,0.0,0.12,0.0,-3.47,-30.33,0.47,27.0,,,,,,,,,,,,,,,,
IMU,74037136.0,2,0.2441,0.4204,0.8706,-0.12,0.06,0.0,25.8,-14.44,-0.55,28.0,,,,,,,,,,,,,,,,
EXO,74126877,,,,,,,,,,,,SAFE,-12.063,0.061,0.997,1.286,-0.019,0.009,0.0,0.009,0.002,0.0,0.0,0.0,0.0,0.0,0.0
IMU,74155225.0,1,0.5044,-0.0527,0.8638,0.0,0.0,0.0,-3.47,-30.34,0.47,27.1,,,,,,,,,,,,,,,,
IMU,74137092.0,2,0.2524,0.4185,0.875,0.06,-0.06,0.0,25.8,-14.43,-0.55,28.1,,,,,,,,,,,,,,,,
EXO,74226881,,,,,,,,,,,,SAFE,-12.057,-0.061,1.002,1.286,-0.073,0.009,0.0,0.009,-0.016,0.0,0.0,0.0,0.0,0.0,0.0
IMU,74255449.0,1,0.5073,-0.0527,0.8613,0.06,-0.06,0.0,-3.47,-30.34,0.47,27.3,,,,,,,,,,,,,,,,
IMU,74237006.0,2,0.2471,0.4229,0.8696,0.06,0.0,0.0,25.8,-14.44,-0.55,28.1,,,,,,,,,,,,,,,,
EXO,74326884,,,,,,,,,,,,SAFE,-12.063,0.0,0.998,1.286,0.005,0.009,0.0,0.009,-0.007,0.0,0.0,0.0,0.0,0.0,0.0
IMU,74355679.0,1,0.5063,-0.0513,0.8652,0.06,-0.12,0.0,-3.46,-30.34,0.47,27.1,,,,,,,,,,,,,,,,
IMU,74336961.0,2,0.2451,0.4189,0.8706,0.12,0.06,0.0,25.81,-14.43,-0.55,28.0,,,,,,,,,,,,,,,,
EXO,74426876,,,,,,,,,,,,SAFE,-12.057,0.061,0.997,1.286,0.014,0.009,0.0,0.009,0.002,0.0,0.0,0.0,0.0,0.0,0.0
IMU,74455801.0,1,0.5059,-0.0537,0.8662,0.12,-0.37,0.0,-3.46,-30.35,0.47,27.0,,,,,,,,,,,,,,,,
IMU,74436890.0,2,0.252,0.4199,0.875,0.12,0.12,0.0,25.81,-14.43,-0.55,28.0,,,,,,,,,,,,,,,,
EXO,74526892,,,,,,,,,,,,SAFE,-12.057,0.122,1.003,1.286,-0.013,0.009,0.0,0.009,-0.02,0.0,0.0,0.0,0.0,0.0,0.0
IMU,74555972.0,1,0.5098,-0.0498,0.8662,0.12,0.12,0.0,-3.45,-30.36,0.47,27.0,,,,,,,,,,,,,,,,
IMU,74536798.0,2,0.252,0.4204,0.8672,0.06,0.06,0.0,25.82,-14.43,-0.55,28.0,,,,,,,,,,,,,,,,
EXO,74626789,,,,,,,,,,,,SAFE,-12.057,0.061,0.996,1.286,-0.04,0.009,0.0,0.009,0.008,0.0,0.0,0.0,0.0,0.0,0.0
IMU,74656128.0,1,0.5083,-0.0547,0.8569,0.0,0.37,0.0,-3.44,-30.38,0.47,27.0,,,,,,,,,,,,,,,,
IMU,74636710.0,2,0.251,0.4199,0.8667,0.31,-0.55,0.0,25.84,-14.43,-0.55,28.0,,,,,,,,,,,,,,,,
EXO,74726882,,,,,,,,,,,,SAFE,-12.052,-0.549,0.995,1.286,0.003,0.009,0.0,0.009,-0.038,0.0,0.0,0.0,0.0,0.0,0.0
IMU,74756341.0,1,0.5098,-0.0474,0.8613,0.12,-0.24,0.0,-3.43,-30.39,0.47,27.1,,,,,,,,,,,,,,,,
IMU,74736665.0,2,0.2471,0.4238,0.8755,0.18,0.06,-0.06,25.85,-14.41,-0.56,28.0,,,,,,,,,,,,,,,,
EXO,74826968,,,,,,,,,,,,SAFE,-12.041,0.061,1.004,1.286,0.007,0.009,0.0,0.009,0.0,0.0,0.0,0.0,0.0,0.0,0.0
IMU,74856561.0,1,0.5068,-0.0566,0.8584,0.0,0.37,0.0,-3.42,-30.4,0.48,27.0,,,,,,,,,,,,,,,,
IMU,74836735.0,2,0.2476,0.417,0.8682,0.12,-0.31,0.0,25.87,-14.41,-0.56,28.1,,,,,,,,,,,,,,,,
EXO,74926873,,,,,,,,,,,,SAFE,-12.036,-0.305,0.994,1.286,0.084,0.009,0.0,0.009,0.001,0.0,0.0,0.0,0.0,0.0,0.0
IMU,74956671.0,1,0.5083,-0.0508,0.8643,0.12,-0.37,0.0,-3.42,-30.4,0.48,27.0,,,,,,,,,,,,,,,,
IMU,74936564.0,2,0.2485,0.4243,0.8774,0.0,0.18,-0.18,25.87,-14.4,-0.57,27.9,,,,,,,,,,,,,,,,
EXO,75026982,,,,,,,,,,,,SAFE,-12.03,0.183,1.006,1.286,0.005,0.009,0.0,0.009,0.01,0.0,0.0,0.0,0.0,0.0,0.0
IMU,75056796.0,1,0.5039,-0.0571,0.8687,0.0,0.79,0.0,-3.39,-30.43,0.48,26.9,,,,,,,,,,,,,,,,
IMU,75036475.0,2,0.2505,0.4175,0.853,0.12,-0.31,0.0,25.91,-14.4,-0.59,28.0,,,,,,,,,,,,,,,,
EXO,75126908,,,,,,,,,,,,SAFE,-12.025,-0.305,0.982,1.286,-0.028,0.009,0.0,0.009,0.04,0.0,0.0,0.0,0.0,0.0,0.0
IMU,75156970.0,1,0.5112,-0.0469,0.8594,0.06,-0.06,0.0,-3.39,-30.43,0.48,27.0,,,,,,,,,,,,,,,,
IMU,75136383.0,2,0.2427,0.4287,0.8696,0.18,-0.31,0.06,25.91,-14.39,-0.59,27.9,,,,,,,,,,,,,,,,
EXO,75226989,,,,,,,,,,,,SAFE,-12.014,-0.305,0.999,1.286,0.025,0.009,0.0,0.009,-0.003,0.0,0.0,0.0,0.0,0.0,0.0
IMU,75257125.0,1,0.5083,-0.0513,0.8623,0.0,-0.24,0.0,-3.39,-30.43,0.48,27.1,,,,,,,,,,,,,,,,
IMU,75236380.0,2,0.2485,0.4165,0.8779,0.06,0.0,-0.06,25.91,-14.39,-0.59,27.9,,,,,,,,,,,,,,,,
EXO,75326991,,,,,,,,,,,,SAFE,-12.014,0.0,1.003,1.286,0.029,0.009,0.0,0.009,-0.002,0.0,0.0,0.0,0.0,0.0,0.0
IMU,75357371.0,1,0.5068,-0.0483,0.8657,0.0,-0.12,0.0,-3.39,-30.43,0.48,27.1,,,,,,,,,,,,,,,,
IMU,75336354.0,2,0.2456,0.4233,0.8706,0.0,0.24,-0.12,25.91,-14.39,-0.6,28.0,,,,,,,,,,,,,,,,
EXO,75426996,,,,,,,,,,,,SAFE,-12.014,0.244,0.999,1.286,-0.001,0.009,0.0,0.009,0.003,0.0,0.0,0.0,0.0,0.0,0.0
IMU,75457442.0,1,0.5107,-0.0483,0.8647,0.0,0.24,0.0,-3.39,-30.43,0.48,27.0,,,,,,,,,,,,,,,,
IMU,75436208.0,2,0.2515,0.4229,0.8657,0.0,-0.06,-0.06,25.92,-14.39,-0.6,28.0,,,,,,,,,,,,,,,,
EXO,75526976,,,,,,,,,,,,SAFE,-12.014,-0.061,0.996,1.286,-0.028,0.009,0.0,0.009,0.005,0.0,0.0,0.0,0.0,0.0,0.0
IMU,75557568.0,1,0.5073,-0.0493,0.8657,0.0,0.0,0.0,-3.38,-30.43,0.48,27.1,,,,,,,,,,,,,,,,
IMU,75536095.0,2,0.2471,0.4233,0.873,0.0,-0.06,-0.06,25.92,-14.38,-0.61,28.0,,,,,,,,,,,,,,,,
EXO,75626960,,,,,,,,,,,,SAFE,-12.008,-0.061,1.001,1.286,0.017,0.009,0.0,0.009,-0.025,0.0,0.0,0.0,0.0,0.0,0.0
IMU,75657801.0,1,0.5088,-0.0479,0.8633,0.0,0.06,0.0,-3.38,-30.43,0.48,26.9,,,,,,,,,,,,,,,,
IMU,75635980.0,2,0.251,0.4229,0.8716,0.06,0.0,0.0,25.92,-14.38,-0.62,28.0,,,,,,,,,,,,,,,,
EXO,75726802,,,,,,,,,,,,SAFE,-12.008,0.0,1.001,1.286,0.046,0.009,0.0,0.009,-0.0,0.0,0.0,0.0,0.0,0.0,0.0
IMU,75757962.0,1,0.5083,-0.0527,0.8618,0.0,-0.06,0.0,-3.38,-30.43,0.48,27.0,,,,,,,,,,,,,,,,
IMU,75735877.0,2,0.249,0.4209,0.8701,0.0,0.0,0.0,25.92,-14.38,-0.62,28.0,,,,,,,,,,,,,,,,
EXO,75826886,,,,,,,,,,,,SAFE,-12.008,0.0,0.998,1.286,0.015,0.009,0.0,0.009,0.005,0.0,0.0,0.0,0.0,0.0,0.0
IMU,75858151.0,1,0.5049,-0.0498,0.8677,0.0,0.0,0.0,-3.38,-30.43,0.48,27.1,,,,,,,,,,,,,,,,
IMU,75835892.0,2,0.2485,0.4209,0.8682,0.0,0.06,0.0,25.92,-14.38,-0.62,27.9,,,,,,,,,,,,,,,,
EXO,75926816,,,,,,,,,,,,SAFE,-12.008,0.061,0.996,1.286,-0.026,0.009,0.0,0.009,0.008,0.0,0.0,0.0,0.0,0.0,0.0
IMU,75958299.0,1,0.5088,-0.0527,0.8628,0.0,0.06,0.0,-3.38,-30.43,0.48,27.1,,,,,,,,,,,,,,,,
IMU,75935755.0,2,0.2505,0.4199,0.8696,0.12,-0.06,0.0,25.92,-14.38,-0.62,28.2,,,,,,,,,,,,,,,,
EXO,76026874,,,,,,,,,,,,SAFE,-12.008,-0.061,0.998,1.286,-0.002,0.009,0.0,0.009,-0.001,0.0,0.0,0.0,0.0,0.0,0.0
IMU,76058481.0,1,0.5093,-0.0488,0.8618,0.0,0.06,0.0,-3.38,-30.43,0.48,27.2,,,,,,,,,,,,,,,,
IMU,76035654.0,2,0.2432,0.4248,0.8652,0.06,-0.12,0.0,25.92,-14.39,-0.62,27.9,,,,,,,,,,,,,,,,
EXO,76126881,,,,,,,,,,,,SAFE,-12.014,-0.122,0.994,1.286,0.065,0.009,0.0,0.009,-0.015,0.0,0.0,0.0,0.0,0.0,0.0
IMU,76158594.0,1,0.5088,-0.0513,0.8618,0.0,0.0,0.0,-3.38,-30.44,0.48,27.0,,,,,,,,,,,,,,,,
IMU,76135603.0,2,0.251,0.4209,0.8701,0.12,-0.12,0.0,25.92,-14.39,-0.62,28.0,,,,,,,,,,,,,,,,
EXO,76226879,,,,,,,,,,,,SAFE,-12.014,-0.122,0.999,1.286,-0.023,0.009,0.0,0.009,-0.007,0.0,0.0,0.0,0.0,0.0,0.0
IMU,76258755.0,1,0.5054,-0.0513,0.8647,0.0,0.0,0.0,-3.38,-30.43,0.48,27.0,,,,,,,,,,,,,,,,
IMU,76235529.0,2,0.2495,0.4199,0.8745,0.06,0.12,0.0,25.92,-14.39,-0.62,28.0,,,,,,,,,,,,,,,,
EXO,76326786,,,,,,,,,,,,SAFE,-12.014,0.122,1.002,1.286,0.126,0.009,0.0,0.009,0.005,0.0,0.0,0.0,0.0,0.0,0.0
IMU,76358984.0,1,0.5093,-0.0498,0.8608,0.0,0.0,0.0,-3.38,-30.43,0.48,27.0,,,,,,,,,,,,,,,,
IMU,76335423.0,2,0.252,0.4233,0.8721,0.12,0.0,0.0,25.92,-14.39,-0.62,27.9,,,,,,,,,,,,,,,,
EXO,76426856,,,,,,,,,,,,SAFE,-12.014,0.0,1.002,1.286,-0.013,0.009,0.0,0.009,0.0,0.0,0.0,0.0,0.0,0.0,0.0
IMU,76459120.0,1,0.5093,-0.0513,0.8647,0.0,0.0,0.0,-3.37,-30.43,0.48,27.0,,,,,,,,,,,,,,,,
IMU,76435292.0,2,0.2495,0.4204,0.8696,0.0,0.0,0.0,25.92,-14.39,-0.61,28.1,,,,,,,,,,,,,,,,
EXO,76526804,,,,,,,,,,,,SAFE,-12.014,0.0,0.998,1.286,-0.001,0.009,0.0,0.009,0.004,0.0,0.0,0.0,0.0,0.0,0.0
IMU,76559250.0,1,0.5083,-0.0508,0.8647,0.0,0.0,0.0,-3.37,-30.43,0.48,27.1,,,,,,,,,,,,,,,,
IMU,76535291.0,2,0.2432,0.4224,0.8682,0.12,-0.06,0.0,25.92,-14.39,-0.61,27.9,,,,,,,,,,,,,,,,
EXO,76626905,,,,,,,,,,,,SAFE,-12.014,-0.061,0.996,1.286,-0.001,0.009,0.0,0.009,0.009,0.0,0.0,0.0,0.0,0.0,0.0
IMU,76659434.0,1,0.5088,-0.0518,0.8618,0.0,0.0,0.0,-3.37,-30.43,0.48,27.1,,,,,,,,,,,,,,,,
IMU,76635240.0,2,0.2476,0.4219,0.8726,0.06,-0.06,0.0,25.92,-14.39,-0.61,28.0,,,,,,,,,,,,,,,,
EXO,76726895,,,,,,,,,,,,SAFE,-12.014,-0.061,1.0,1.286,0.084,0.009,0.0,0.009,-0.004,0.0,0.0,0.0,0.0,0.0,0.0
IMU,76759576.0,1,0.5083,-0.0493,0.8643,0.0,0.0,0.0,-3.37,-30.43,0.48,27.0,,,,,,,,,,,,,,,,
IMU,76735166.0,2,0.2466,0.4214,0.8696,0.0,0.06,0.0,25.92,-14.39,-0.61,28.0,,,,,,,,,,,,,,,,
EXO,76826803,,,,,,,,,,,,SAFE,-12.019,0.061,0.997,1.286,0.083,0.009,0.0,0.009,0.006,0.0,0.0,0.0,0.0,0.0,0.0
IMU,76859842.0,1,0.5059,-0.0513,0.8667,0.0,0.12,0.0,-3.37,-30.43,0.48,27.1,,,,,,,,,,,,,,,,
IMU,76835098.0,2,0.2515,0.4214,0.8677,0.06,0.0,0.0,25.92,-14.39,-0.62,27.9,,,,,,,,,,,,,,,,
EXO,76926851,,,,,,,,,,,,SAFE,-12.019,0.0,0.997,1.286,0.034,0.009,0.0,0.009,0.0,0.0,0.0,0.0,0.0,0.0,0.0
IMU,76959946.0,1,0.5078,-0.0508,0.8618,0.0,0.06,0.0,-3.37,-30.43,0.48,27.0,,,,,,,,,,,,,,,,
IMU,76935009.0,2,0.248,0.4229,0.8696,0.06,-0.18,0.0,25.92,-14.39,-0.61,28.0,,,,,,,,,,,,,,,,
EXO,77026905,,,,,,,,,,,,SAFE,-12.019,-0.183,0.998,1.286,-0.041,0.009,0.0,0.009,-0.018,0.0,0.0,0.0,0.0,0.0,0.0
IMU,77060111.0,1,0.5112,-0.0488,0.8623,0.06,0.0,0.0,-3.37,-30.43,0.48,27.0,,,,,,,,,,,,,,,,
IMU,77034959.0,2,0.2446,0.4219,0.8716,0.06,0.0,0.0,25.92,-14.39,-0.61,28.1,,,,,,,,,,,,,,,,
EXO,77126811,,,,,,,,,,,,SAFE,-12.019,0.0,0.999,1.286,0.046,0.009,0.0,0.009,0.002,0.0,0.0,0.0,0.0,0.0,0.0
IMU,77160301.0,1,0.5083,-0.0503,0.8623,0.0,-0.18,0.0,-3.37,-30.43,0.48,27.0,,,,,,,,,,,,,,,,
IMU,77134908.0,2,0.2427,0.4219,0.8726,-0.06,0.06,0.0,25.92,-14.39,-0.61,28.0,,,,,,,,,,,,,,,,
EXO,77226992,,,,,,,,,,,,SAFE,-12.019,0.061,0.999,1.286,0.076,0.009,0.0,0.009,0.015,0.0,0.0,0.0,0.0,0.0,0.0
IMU,77260469.0,1,0.5049,-0.0518,0.8618,0.0,-0.12,0.0,-3.37,-30.43,0.48,27.2,,,,,,,,,,,,,,,,
IMU,77234827.0,2,0.25,0.4229,0.8706,-0.12,0.12,0.0,25.92,-14.39,-0.61,28.1,,,,,,,,,,,,,,,,
EXO,77327003,,,,,,,,,,,,SAFE,-12.019,0.122,1.0,1.286,0.003,0.009,0.0,0.009,-0.003,0.0,0.0,0.0,0.0,0.0,0.0
IMU,77360606.0,1,0.5059,-0.0527,0.8652,0.0,0.0,0.0,-3.37,-30.43,0.48,27.0,,,,,,,,,,,,,,,,
IMU,77334708.0,2,0.2524,0.4219,0.8672,0.0,0.0,0.0,25.92,-14.39,-0.61,28.0,,,,,,,,,,,,,,,,
EXO,77426864,,,,,,,,,,,,SAFE,-12.019,0.0,0.997,1.286,-0.026,0.009,0.0,0.009,0.019,0.0,0.0,0.0,0.0,0.0,0.0
IMU,77460719.0,1,0.5063,-0.0508,0.8643,0.0,0.0,0.0,-3.37,-30.44,0.48,27.1,,,,,,,,,,,,,,,,
IMU,77434689.0,2,0.2534,0.4219,0.8701,0.12,-0.12,0.0,25.92,-14.39,-0.61,27.9,,,,,,,,,,,,,,,,
EXO,77526896,,,,,,,,,,,,SAFE,-12.019,-0.122,1.0,1.286,-0.084,0.009,0.0,0.009,-0.008,0.0,0.0,0.0,0.0,0.0,0.0
IMU,77560880.0,1,0.5078,-0.0522,0.8628,0.0,0.0,0.0,-3.37,-30.44,0.48,27.0,,,,,,,,,,,,,,,,
IMU,77534642.0,2,0.2485,0.4224,0.8706,0.0,0.06,0.0,25.92,-14.39,-0.61,28.0,,,,,,,,,,,,,,,,
EXO,77626813,,,,,,,,,,,,SAFE,-12.019,0.061,0.999,1.286,0.045,0.009,0.0,0.009,-0.004,0.0,0.0,0.0,0.0,0.0,0.0
IMU,77661125.0,1,0.5073,-0.0503,0.8647,0.0,-0.06,0.0,-3.37,-30.43,0.48,27.0,,,,,,,,,,,,,,,,
IMU,77634562.0,2,0.2471,0.4229,0.8716,0.0,0.06,0.0,25.92,-14.39,-0.61,28.0,,,,,,,,,,,,,,,,
EXO,77726922,,,,,,,,,,,,SAFE,-12.019,0.061,1.0,1.286,0.166,0.009,0.0,0.009,-0.006,0.0,0.0,0.0,0.0,0.0,0.0
IMU,77761287.0,1,0.5073,-0.0508,0.8638,0.0,0.06,0.0,-3.37,-30.44,0.48,27.0,,,,,,,,,,,,,,,,
IMU,77734517.0,2,0.25,0.4214,0.8687,0.12,-0.06,0.0,25.92,-14.4,-0.61,28.0,,,,,,,,,,,,,,,,
EXO,77826913,,,,,,,,,,,,SAFE,-12.025,-0.061,0.997,1.286,0.096,0.009,0.0,0.009,0.012,0.0,0.0,0.0,0.0,0.0,0.0
IMU,77861460.0,1,0.5083,-0.0513,0.8638,0.0,0.0,0.0,-3.37,-30.44,0.48,27.0,,,,,,,,,,,,,,,,
IMU,77834432.0,2,0.252,0.4229,0.8735,0.12,0.0,0.0,25.92,-14.4,-0.61,28.0,,,,,,,,,,,,,,,,
EXO,77926844,,,,,,,,,,,,SAFE,-12.025,0.0,1.003,1.286,-0.057,0.009,0.0,0.009,-0.06,0.0,0.0,0.0,0.0,0.0,0.0
IMU,77961580.0,1,0.5093,-0.0503,0.8623,0.0,0.0,0.0,-3.37,-30.44,0.48,27.1,,,,,,,,,,,,,,,,
IMU,77934388.0,2,0.25,0.4214,0.873,0.0,0.06,0.0,25.92,-14.4,-0.61,27.9,,,,,,,,,,,,,,,,
EXO,78026814,,,,,,,,,,,,SAFE,-12.025,0.061,1.001,1.286,-0.036,0.009,0.0,0.009,-0.018,0.0,0.0,0.0,0.0,0.0,0.0
IMU,78061732.0,1,0.5044,-0.0518,0.8652,0.0,0.0,0.0,-3.37,-30.43,0.48,27.1,,,,,,,,,,,,,,,,
IMU,78034290.0,2,0.248,0.4209,0.8735,0.12,0.0,0.0,25.92,-14.4,-0.61,28.0,,,,,,,,,,,,,,,,
EXO,78126816,,,,,,,,,,,,SAFE,-12.025,0.0,1.001,1.286,0.007,0.009,0.0,0.009,0.014,0.0,0.0,0.0,0.0,0.0,0.0
IMU,78161899.0,1,0.5093,-0.0508,0.8608,0.0,0.0,0.0,-3.37,-30.43,0.48,27.0,,,,,,,,,,,,,,,,
IMU,78134170.0,2,0.25,0.4229,0.8745,0.0,0.0,0.0,25.92,-14.4,-0.61,28.0,,,,,,,,,,,,,,,,
EXO,78226813,,,,,,,,,,,,SAFE,-12.025,0.0,1.003,1.286,0.052,0.009,0.0,0.009,-0.008,0.0,0.0,0.0,0.0,0.0,0.0
IMU,78262045.0,1,0.5059,-0.0522,0.8633,0.0,0.0,0.0,-3.37,-30.43,0.48,27.0,,,,,,,,,,,,,,,,
IMU,78234196.0,2,0.2529,0.4214,0.875,0.0,0.06,0.0,25.92,-14.4,-0.61,28.0,,,,,,,,,,,,,,,,
EXO,78326823,,,,,,,,,,,,SAFE,-12.025,0.061,1.004,1.286,-0.011,0.009,0.0,0.009,0.005,0.0,0.0,0.0,0.0,0.0,0.0
IMU,78362272.0,1,0.5098,-0.0493,0.8643,0.0,0.0,0.0,-3.37,-30.43,0.48,26.9,,,,,,,,,,,,,,,,
IMU,78334048.0,2,0.2485,0.4219,0.8716,0.0,0.0,0.0,25.92,-14.4,-0.61,28.0,,,,,,,,,,,,,,,,
EXO,78426850,,,,,,,,,,,,SAFE,-12.025,0.0,1.0,1.286,-0.128,0.009,0.0,0.009,-0.002,0.0,0.0,0.0,0.0,0.0,0.0
IMU,78462380.0,1,0.5083,-0.0498,0.8623,0.0,0.0,0.0,-3.36,-30.43,0.48,27.0,,,,,,,,,,,,,,,,
IMU,78434004.0,2,0.252,0.4233,0.873,0.0,0.0,0.0,25.92,-14.4,-0.61,28.0,,,,,,,,,,,,,,,,
EXO,78526810,,,,,,,,,,,,SAFE,-12.025,0.0,1.002,1.286,0.12,0.009,0.0,0.009,-0.026,0.0,0.0,0.0,0.0,0.0,0.0
IMU,78562537.0,1,0.5093,-0.0508,0.8638,0.0,0.0,0.0,-3.36,-30.43,0.48,27.0,,,,,,,,,,,,,,,,
IMU,78534009.0,2,0.2441,0.4224,0.8716,0.06,0.06,0.0,25.92,-14.4,-0.61,28.1,,,,,,,,,,,,,,,,
EXO,78626809,,,,,,,,,,,,SAFE,-12.025,0.061,0.999,1.286,0.084,0.009,0.0,0.009,-0.006,0.0,0.0,0.0,0.0,0.0,0.0
IMU,78662718.0,1,0.5093,-0.0508,0.8613,0.0,0.0,0.0,-3.36,-30.43,0.48,27.1,,,,,,,,,,,,,,,,
IMU,78633847.0,2,0.2461,0.4224,0.8711,0.0,0.0,0.0,25.92,-14.4,-0.61,28.1,,,,,,,,,,,,,,,,
EXO,78726821,,,,,,,,,,,,SAFE,-12.025,0.0,0.999,1.286,-0.019,0.009,0.0,0.009,0.006,0.0,0.0,0.0,0.0,0.0,0.0
IMU,78762911.0,1,0.5063,-0.0518,0.8652,0.0,0.0,0.0,-3.36,-30.43,0.48,27.0,,,,,,,,,,,,,,,,
IMU,78733859.0,2,0.2471,0.4224,0.8726,0.0,0.06,0.0,25.92,-14.4,-0.61,28.0,,,,,,,,,,,,,,,,
EXO,78826815,,,,,,,,,,,,SAFE,-12.025,0.061,1.0,1.286,0.022,0.009,0.0,0.009,0.001,0.0,0.0,0.0,0.0,0.0,0.0
IMU,78863108.0,1,0.5093,-0.0503,0.8628,0.0,0.0,0.0,-3.36,-30.43,0.48,27.1,,,,,,,,,,,,,,,,
IMU,78833799.0,2,0.2446,0.4224,0.8687,-0.06,0.06,0.0,25.92,-14.4,-0.61,28.0,,,,,,,,,,,,,,,,
EXO,78926923,,,,,,,,,,,,SAFE,-12.025,0.061,0.996,1.286,0.14,0.009,0.0,0.009,-0.003,0.0,0.0,0.0,0.0,0.0,0.0
IMU,78963215.0,1,0.5073,-0.0508,0.8628,0.0,0.0,0.0,-3.36,-30.43,0.48,27.1,,,,,,,,,,,,,,,,
IMU,78933725.0,2,0.25,0.4219,0.8706,0.0,0.06,0.0,25.92,-14.4,-0.61,27.9,,,,,,,,,,,,,,,,
EXO,79026826,,,,,,,,,,,,SAFE,-12.025,0.061,0.999,1.286,0.044,0.009,0.0,0.009,0.001,0.0,0.0,0.0,0.0,0.0,0.0
IMU,79063374.0,1,0.5083,-0.0503,0.8643,0.0,0.0,0.0,-3.36,-30.43,0.48,27.1,,,,,,,,,,,,,,,,
IMU,79033663.0,2,0.251,0.4224,0.8701,0.0,0.06,0.0,25.92,-14.4,-0.61,28.0,,,,,,,,,,,,,,,,
EXO,79126830,,,,,,,,,,,,SAFE,-12.025,0.061,0.999,1.286,-0.04,0.009,0.0,0.009,-0.003,0.0,0.0,0.0,0.0,0.0,0.0
IMU,79163537.0,1,0.5078,-0.0513,0.8647,0.0,0.0,0.0,-3.36,-30.43,0.48,27.0,,,,,,,,,,,,,,,,
IMU,79133585.0,2,0.2529,0.4224,0.8701,0.06,0.0,0.0,25.92,-14.4,-0.61,27.9,,,,,,,,,,,,,,,,
EXO,79226814,,,,,,,,,,,,SAFE,-12.025,0.0,1.0,1.286,-0.002,0.009,0.0,0.009,-0.02,0.0,0.0,0.0,0.0,0.0,0.0
IMU,79263718.0,1,0.5059,-0.0508,0.8633,0.0,0.0,0.0,-3.36,-30.43,0.48,27.1,,,,,,,,,,,,,,,,
IMU,79233434.0,2,0.249,0.4214,0.8691,0.0,0.0,0.0,25.92,-14.4,-0.61,28.0,,,,,,,,,,,,,,,,
EXO,79326813,,,,,,,,,,,,SAFE,-12.025,0.0,0.997,1.286,0.058,0.009,0.0,0.009,0.005,0.0,0.0,0.0,0.0,0.0,0.0
IMU,79363932.0,1,0.5063,-0.0513,0.8647,0.0,0.0,0.0,-3.36,-30.43,0.48,27.0,,,,,,,,,,,,,,,,
IMU,79333420.0,2,0.248,0.4224,0.8716,0.0,0.12,0.0,25.92,-14.4,-0.61,28.0,,,,,,,,,,,,,,,,
EXO,79426858,,,,,,,,,,,,SAFE,-12.025,0.122,1.0,1.286,-0.019,0.009,0.0,0.009,-0.011,0.0,0.0,0.0,0.0,0.0,0.0
IMU,79464042.0,1,0.5078,-0.0498,0.8652,0.0,0.0,0.0,-3.36,-30.43,0.48,27.0,,,,,,,,,,,,,,,,
IMU,79433317.0,2,0.2466,0.4229,0.8677,0.0,0.0,0.0,25.92,-14.4,-0.61,27.9,,,,,,,,,,,,,,,,
EXO,79526806,,,,,,,,,,,,SAFE,-12.025,0.0,0.996,1.286,0.041,0.009,0.0,0.009,-0.002,0.0,0.0,0.0,0.0,0.0,0.0
IMU,79564215.0,1,0.5068,-0.0508,0.8633,0.0,0.0,0.0,-3.36,-30.43,0.48,27.0,,,,,,,,,,,,,,,,
IMU,79533270.0,2,0.2461,0.4224,0.8701,0.06,0.0,0.0,25.92,-14.4,-0.61,28.0,,,,,,,,,,,,,,,,
EXO,79626814,,,,,,,,,,,,SAFE,-12.025,0.0,0.998,1.286,-0.045,0.009,0.0,0.009,0.002,0.0,0.0,0.0,0.0,0.0,0.0
IMU,79664383.0,1,0.5093,-0.0508,0.8618,0.0,0.0,0.0,-3.36,-30.43,0.48,27.0,,,,,,,,,,,,,,,,
IMU,79633228.0,2,0.2432,0.4224,0.8682,0.0,0.12,0.0,25.92,-14.4,-0.61,28.0,,,,,,,,,,,,,,,,
EXO,79726814,,,,,,,,,,,,SAFE,-12.025,0.122,0.996,1.286,-0.085,0.009,0.0,0.009,0.016,0.0,0.0,0.0,0.0,0.0,0.0
IMU,79764615.0,1,0.5068,-0.0513,0.8652,0.0,0.0,0.0,-3.36,-30.43,0.48,27.0,,,,,,,,,,,,,,,,
IMU,79733072.0,2,0.2485,0.4224,0.8687,0.0,0.0,0.0,25.92,-14.4,-0.61,28.1,,,,,,,,,,,,,,,,
EXO,79826819,,,,,,,,,,,,SAFE,-12.025,0.0,0.997,1.286,0.006,0.009,0.0,0.009,-0.01,0.0,0.0,0.0,0.0,0.0,0.0
IMU,79864781.0,1,0.5063,-0.0508,0.8647,0.0,0.0,0.0,-3.36,-30.43,0.48,27.1,,,,,,,,,,,,,,,,
IMU,79833018.0,2,0.2485,0.4209,0.8701,0.0,0.0,0.0,25.92,-14.4,-0.61,28.0,,,,,,,,,,,,,,,,
EXO,79926821,,,,,,,,,,,,SAFE,-12.025,0.0,0.998,1.286,0.033,0.009,0.0,0.009,0.005,0.0,0.0,0.0,0.0,0.0,0.0
IMU,79964884.0,1,0.5068,-0.0518,0.8662,0.0,0.0,0.0,-3.36,-30.43,0.48,27.0,,,,,,,,,,,,,,,,
IMU,79933020.0,2,0.2495,0.4219,0.8687,0.06,0.06,0.0,25.92,-14.4,-0.61,28.0,,,,,,,,,,,,,,,,
EXO,80026814,,,,,,,,,,,,SAFE,-12.025,0.061,0.997,1.286,-0.032,0.009,0.0,0.009,0.0,0.0,0.0,0.0,0.0,0.0,0.0
IMU,80065066.0,1,0.5078,-0.0513,0.8633,0.0,0.0,0.0,-3.36,-30.42,0.48,27.1,,,,,,,,,,,,,,,,
IMU,80032920.0,2,0.2495,0.4229,0.8706,0.0,-0.06,0.0,25.92,-14.4,-0.61,27.9,,,,,,,,,,,,,,,,
EXO,80126893,,,,,,,,,,,,SAFE,-12.025,-0.061,1.0,1.286,0.095,0.009,0.0,0.009,-0.002,0.0,0.0,0.0,0.0,0.0,0.0
IMU,80165236.0,1,0.5093,-0.0498,0.8633,0.0,0.0,0.0,-3.36,-30.42,0.48,27.1,,,,,,,,,,,,,,,,
IMU,80132797.0,2,0.2485,0.4214,0.8682,0.0,0.0,0.0,25.92,-14.4,-0.61,28.1,,,,,,,,,,,,,,,,
EXO,80226810,,,,,,,,,,,,SAFE,-12.025,0.0,0.997,1.286,-0.096,0.009,0.0,0.009,-0.019,0.0,0.0,0.0,0.0,0.0,0.0
IMU,80265430.0,1,0.5078,-0.0508,0.8647,0.0,0.0,0.0,-3.36,-30.42,0.48,27.0,,,,,,,,,,,,,,,,
IMU,80232761.0,2,0.2485,0.4214,0.8696,0.12,-0.06,0.0,25.92,-14.4,-0.61,28.0,,,,,,,,,,,,,,,,
EXO,80326897,,,,,,,,,,,,SAFE,-12.025,-0.061,0.998,1.286,-0.033,0.009,0.0,0.009,0.001,0.0,0.0,0.0,0.0,0.0,0.0
IMU,80365649.0,1,0.5093,-0.0498,0.8628,0.0,0.0,0.0,-3.36,-30.42,0.48,27.0,,,,,,,,,,,,,,,,
IMU,80332702.0,2,0.249,0.4229,0.8677,0.06,0.0,0.0,25.92,-14.4,-0.61,28.1,,,,,,,,,,,,,,,,
EXO,80426839,,,,,,,,,,,,SAFE,-12.025,0.0,0.997,1.286,-0.079,0.009,0.0,0.009,0.01,0.0,0.0,0.0,0.0,0.0,0.0
IMU,80465750.0,1,0.5078,-0.0508,0.8657,0.0,0.0,0.0,-3.36,-30.42,0.48,27.2,,,,,,,,,,,,,,,,
IMU,80432597.0,2,0.2485,0.4233,0.8696,0.12,-0.18,0.0,25.92,-14.4,-0.6,28.2,,,,,,,,,,,,,,,,
EXO,80526898,,,,,,,,,,,,SAFE,-12.025,-0.183,0.999,1.286,-0.045,0.009,0.0,0.009,0.013,0.0,0.0,0.0,0.0,0.0,0.0
IMU,80565928.0,1,0.5078,-0.0508,0.8638,0.0,0.0,0.0,-3.36,-30.42,0.48,26.9,,,,,,,,,,,,,,,,
IMU,80532515.0,2,0.25,0.4224,0.8726,0.06,0.0,0.0,25.92,-14.4,-0.6,28.1,,,,,,,,,,,,,,,,
EXO,80626797,,,,,,,,,,,,SAFE,-12.025,0.0,1.001,1.286,0.083,0.009,0.0,0.009,0.011,0.0,0.0,0.0,0.0,0.0,0.0
IMU,80666100.0,1,0.5083,-0.0513,0.8643,0.0,0.0,0.0,-3.36,-30.42,0.48,27.0,,,,,,,,,,,,,,,,
IMU,80632379.0,2,0.2485,0.4224,0.8701,0.0,0.0,0.0,25.92,-14.4,-0.6,28.0,,,,,,,,,,,,,,,,
EXO,80726794,,,,,,,,,,,,SAFE,-12.025,0.0,0.999,1.286,0.12,0.009,0.0,0.009,-0.002,0.0,0.0,0.0,0.0,0.0,0.0
IMU,80766275.0,1,0.5078,-0.0503,0.8633,0.0,0.0,0.0,-3.36,-30.42,0.48,27.1,,,,,,,,,,,,,,,,
IMU,80732381.0,2,0.2524,0.4224,0.8706,0.0,-0.12,0.0,25.92,-14.4,-0.6,27.9,,,,,,,,,,,,,,,,
EXO,80826894,,,,,,,,,,,,SAFE,-12.025,-0.122,1.0,1.286,0.002,0.009,0.0,0.009,-0.01,0.0,0.0,0.0,0.0,0.0,0.0
IMU,80866498.0,1,0.5083,-0.0508,0.8628,0.0,0.0,0.0,-3.37,-30.42,0.48,27.0,,,,,,,,,,,,,,,,
IMU,80832265.0,2,0.249,0.4219,0.8721,0.12,0.0,0.0,25.92,-14.4,-0.6,28.0,,,,,,,,,,,,,,,,
EXO,80926819,,,,,,,,,,,,SAFE,-12.025,0.0,1.0,1.286,0.003,0.009,0.0,0.009,0.006,0.0,0.0,0.0,0.0,0.0,0.0
IMU,80966621.0,1,0.5078,-0.0513,0.8618,0.0,0.0,0.0,-3.37,-30.42,0.48,27.0,,,,,,,,,,,,,,,,
IMU,80932149.0,2,0.249,0.4219,0.8691,0.0,0.0,0.0,25.92,-14.4,-0.6,28.1,,,,,,,,,,,,,,,,
EXO,81026807,,,,,,,,,,,,SAFE,-12.025,0.0,0.998,1.286,0.033,0.009,0.0,0.009,0.009,0.0,0.0,0.0,0.0,0.0,0.0
IMU,81066781.0,1,0.5083,-0.0503,0.8638,0.0,0.0,0.0,-3.37,-30.42,0.48,27.0,,,,,,,,,,,,,,,,
IMU,81032098.0,2,0.2466,0.4224,0.8706,0.06,0.0,0.0,25.92,-14.4,-0.6,28.0,,,,,,,,,,,,,,,,
EXO,81126799,,,,,,,,,,,,SAFE,-12.025,0.0,0.999,1.286,0.015,0.009,0.0,0.009,-0.006,0.0,0.0,0.0,0.0,0.0,0.0
IMU,81166956.0,1,0.5078,-0.0508,0.8647,0.0,0.0,0.0,-3.36,-30.42,0.48,26.9,,,,,,,,,,,,,,,,
IMU,81132030.0,2,0.25,0.4209,0.873,0.06,0.0,0.0,25.92,-14.4,-0.6,28.0,,,,,,,,,,,,,,,,
EXO,81226810,,,,,,,,,,,,SAFE,-12.025,0.0,1.001,1.286,-0.06,0.009,0.0,0.009,0.012,0.0,0.0,0.0,0.0,0.0,0.0
IMU,81267129.0,1,0.5059,-0.0518,0.8633,0.0,0.0,0.0,-3.36,-30.42,0.48,27.0,,,,,,,,,,,,,,,,
IMU,81231937.0,2,0.2451,0.4224,0.8677,-0.12,0.0,0.0,25.92,-14.4,-0.6,28.1,,,,,,,,,,,,,,,,
EXO,81326908,,,,,,,,,,,,SAFE,-12.03,0.0,0.996,1.286,-0.049,0.009,0.0,0.009,0.009,0.0,0.0,0.0,0.0,0.0,0.0
IMU,81367357.0,1,0.5068,-0.0508,0.8638,0.0,0.0,0.0,-3.36,-30.42,0.48,27.0,,,,,,,,,,,,,,,,
IMU,81331829.0,2,0.249,0.4219,0.8691,0.06,0.0,0.0,25.92,-14.4,-0.6,28.1,,,,,,,,,,,,,,,,
EXO,81426808,,,,,,,,,,,,SAFE,-12.025,0.0,0.998,1.286,0.089,0.009,0.0,0.009,0.003,0.0,0.0,0.0,0.0,0.0,0.0
IMU,81467471.0,1,0.5068,-0.0513,0.8643,0.0,0.0,0.0,-3.36,-30.42,0.48,27.1,,,,,,,,,,,,,,,,
IMU,81431717.0,2,0.2471,0.4214,0.8711,0.0,0.0,0.0,25.92,-14.4,-0.6,28.0,,,,,,,,,,,,,,,,
EXO,81526798,,,,,,,,,,,,SAFE,-12.025,0.0,0.999,1.286,-0.007,0.009,0.0,0.009,0.013,0.0,0.0,0.0,0.0,0.0,0.0
IMU,81567651.0,1,0.5088,-0.0503,0.8623,0.0,0.0,0.0,-3.36,-30.42,0.48,27.1,,,,,,,,,,,,,,,,
IMU,81531638.0,2,0.2471,0.4209,0.8687,0.0,0.0,0.0,25.92,-14.4,-0.6,27.9,,,,,,,,,,,,,,,,
EXO,81626808,,,,,,,,,,,,SAFE,-12.025,0.0,0.996,1.286,0.014,0.009,0.0,0.009,-0.01,0.0,0.0,0.0,0.0,0.0,0.0
IMU,81667810.0,1,0.5073,-0.0513,0.8657,0.0,0.0,0.0,-3.36,-30.42,0.48,27.2,,,,,,,,,,,,,,,,
IMU,81631542.0,2,0.2471,0.4219,0.8677,0.0,0.0,0.0,25.92,-14.4,-0.6,28.1,,,,,,,,,,,,,,,,
EXO,81726832,,,,,,,,,,,,SAFE,-12.025,0.0,0.996,1.286,-0.017,0.009,0.0,0.009,0.003,0.0,0.0,0.0,0.0,0.0,0.0
IMU,81767978.0,1,0.5098,-0.0503,0.8643,0.0,0.0,0.0,-3.37,-30.42,0.48,27.0,,,,,,,,,,,,,,,,
IMU,81731509.0,2,0.2476,0.4214,0.8701,0.0,-0.06,0.0,25.92,-14.4,-0.6,27.9,,,,,,,,,,,,,,,,
EXO,81826886,,,,,,,,,,,,SAFE,-12.025,-0.061,0.998,1.286,0.045,0.009,0.0,0.009,0.008,0.0,0.0,0.0,0.0,0.0,0.0
IMU,81868205.0,1,0.5068,-0.0508,0.8638,0.0,0.0,0.0,-3.37,-30.42,0.48,27.0,,,,,,,,,,,,,,,,
IMU,81831385.0,2,0.2461,0.4224,0.8721,0.0,0.0,0.0,25.92,-14.4,-0.6,28.0,,,,,,,,,,,,,,,,
EXO,81926817,,,,,,,,,,,,SAFE,-12.025,0.0,1.0,1.286,0.034,0.009,0.0,0.009,0.008,0.0,0.0,0.0,0.0,0.0,0.0
IMU,81968325.0,1,0.5078,-0.0503,0.8623,0.0,0.0,0.0,-3.36,-30.42,0.48,27.0,,,,,,,,,,,,,,,,
IMU,81931363.0,2,0.2476,0.4224,0.8687,0.06,0.0,0.0,25.92,-14.4,-0.6,28.0,,,,,,,,,,,,,,,,
EXO,82026805,,,,,,,,,,,,SAFE,-12.025,0.0,0.997,1.286,-0.08,0.009,0.0,0.009,0.013,0.0,0.0,0.0,0.0,0.0,0.0
IMU,82068503.0,1,0.5073,-0.0503,0.8647,0.0,0.0,0.0,-3.36,-30.42,0.48,27.1,,,,,,,,,,,,,,,,
IMU,82031274.0,2,0.2485,0.4219,0.8716,0.06,-0.06,0.0,25.92,-14.4,-0.6,28.2,,,,,,,,,,,,,,,,
EXO,82126901,,,,,,,,,,,,SAFE,-12.025,-0.061,1.0,1.286,-0.05,0.009,0.0,0.009,-0.004,0.0,0.0,0.0,0.0,0.0,0.0
IMU,82168687.0,1,0.5098,-0.0503,0.8604,0.0,0.0,0.0,-3.36,-30.42,0.48,27.0,,,,,,,,,,,,,,,,
IMU,82131143.0,2,0.249,0.4224,0.8716,0.0,0.0,0.0,25.92,-14.4,-0.6,28.0,,,,,,,,,,,,,,,,
EXO,82226813,,,,,,,,,,,,SAFE,-12.025,0.0,1.0,1.286,-0.05,0.009,0.0,0.009,-0.01,0.0,0.0,0.0,0.0,0.0,0.0
IMU,82268856.0,1,0.5083,-0.0513,0.8633,0.0,0.0,0.0,-3.36,-30.42,0.48,26.9,,,,,,,,,,,,,,,,
IMU,82231066.0,2,0.2485,0.4219,0.8701,0.0,0.0,0.0,25.92,-14.4,-0.6,28.1,,,,,,,,,,,,,,,,
EXO,82326815,,,,,,,,,,,,SAFE,-12.025,0.0,0.998,1.286,0.087,0.009,0.0,0.009,-0.003,0.0,0.0,0.0,0.0,0.0,0.0
IMU,82369083.0,1,0.5093,-0.0503,0.8628,0.0,0.0,0.0,-3.36,-30.42,0.48,27.0,,,,,,,,,,,,,,,,
IMU,82331041.0,2,0.2471,0.4219,0.8687,0.06,-0.06,0.0,25.92,-14.4,-0.6,28.0,,,,,,,,,,,,,,,,
EXO,82426915,,,,,,,,,,,,SAFE,-12.025,-0.061,0.997,1.286,-0.046,0.009,0.0,0.009,-0.001,0.0,0.0,0.0,0.0,0.0,0.0
IMU,82469201.0,1,0.5068,-0.0513,0.8657,0.0,0.0,0.0,-3.36,-30.42,0.48,27.1,,,,,,,,,,,,,,,,
IMU,82430913.0,2,0.2446,0.4224,0.8701,0.0,0.0,0.0,25.91,-14.4,-0.6,28.1,,,,,,,,,,,,,,,,
EXO,82526827,,,,,,,,,,,,SAFE,-12.025,0.0,0.998,1.286,0.025,0.009,0.0,0.009,-0.017,0.0,0.0,0.0,0.0,0.0,0.0
IMU,82569368.0,1,0.5103,-0.0508,0.8638,0.0,0.0,0.0,-3.36,-30.42,0.48,27.1,,,,,,,,,,,,,,,,
IMU,82530815.0,2,0.2441,0.4224,0.8687,0.0,0.0,0.0,25.91,-14.4,-0.6,28.2,,,,,,,,,,,,,,,,
EXO,82626801,,,,,,,,,,,,SAFE,-12.025,0.0,0.996,1.286,-0.06,0.009,0.0,0.009,0.006,0.0,0.0,0.0,0.0,0.0,0.0
IMU,82669530.0,1,0.5088,-0.0498,0.8628,0.0,0.0,0.0,-3.36,-30.42,0.48,27.1,,,,,,,,,,,,,,,,
IMU,82630817.0,2,0.2437,0.4224,0.8682,0.06,0.0,0.0,25.91,-14.4,-0.6,28.2,,,,,,,,,,,,,,,,
EXO,82726807,,,,,,,,,,,,SAFE,-12.025,0.0,0.996,1.286,-0.058,0.009,0.0,0.009,0.005,0.0,0.0,0.0,0.0,0.0,0.0
IMU,82769698.0,1,0.5063,-0.0518,0.8628,0.0,0.0,0.0,-3.36,-30.42,0.48,27.1,,,,,,,,,,,,,,,,
IMU,82730698.0,2,0.249,0.4209,0.8687,0.0,0.0,0.0,25.91,-14.4,-0.6,28.0,,,,,,,,,,,,,,,,
EXO,82826808,,,,,,,,,,,,SAFE,-12.025,0.0,0.997,1.286,-0.092,0.009,0.0,0.009,-0.001,0.0,0.0,0.0,0.0,0.0,0.0
IMU,82869904.0,1,0.5083,-0.0518,0.8643,0.0,0.0,0.0,-3.36,-30.42,0.48,27.0,,,,,,,,,,,,,,,,
IMU,82830615.0,2,0.2476,0.4224,0.8711,0.0,0.0,0.0,25.91,-14.4,-0.6,28.1,,,,,,,,,,,,,,,,
EXO,82926799,,,,,,,,,,,,SAFE,-12.025,0.0,0.999,1.286,0.06,0.009,0.0,0.009,-0.027,0.0,0.0,0.0,0.0,0.0,0.0
IMU,82970013.0,1,0.5068,-0.0508,0.8667,0.0,0.0,0.0,-3.36,-30.42,0.48,27.0,,,,,,,,,,,,,,,,
IMU,82930588.0,2,0.2505,0.4229,0.8691,0.0,-0.12,0.0,25.91,-14.4,-0.6,28.0,,,,,,,,,,,,,,,,
EXO,83026919,,,,,,,,,,,,SAFE,-12.025,-0.122,0.998,1.286,-0.015,0.009,0.0,0.009,-0.002,0.0,0.0,0.0,0.0,0.0,0.0
IMU,83070209.0,1,0.5049,-0.0522,0.8657,0.0,0.0,0.0,-3.36,-30.42,0.48,27.0,,,,,,,,,,,,,,,,
IMU,83030513.0,2,0.2471,0.4229,0.8682,0.06,-0.12,0.0,25.91,-14.4,-0.6,28.0,,,,,,,,,,,,,,,,
EXO,83126891,,,,,,,,,,,,SAFE,-12.025,-0.122,0.997,1.286,-0.034,0.009,0.0,0.009,0.003,0.0,0.0,0.0,0.0,0.0,0.0
IMU,83170342.0,1,0.5103,-0.0503,0.8657,0.0,0.0,0.0,-3.36,-30.42,0.48,27.0,,,,,,,,,,,,,,,,
IMU,83130382.0,2,0.248,0.4209,0.8721,0.0,0.0,0.0,25.91,-14.4,-0.6,28.1,,,,,,,,,,,,,,,,
EXO,83226810,,,,,,,,,,,,SAFE,-12.025,0.0,1.0,1.286,0.034,0.009,0.0,0.009,-0.033,0.0,0.0,0.0,0.0,0.0,0.0
IMU,83270514.0,1,0.5083,-0.0513,0.8638,0.0,0.0,0.0,-3.36,-30.42,0.48,27.0,,,,,,,,,,,,,,,,
IMU,83230313.0,2,0.2476,0.4219,0.8691,0.0,0.0,0.0,25.91,-14.4,-0.6,28.0,,,,,,,,,,,,,,,,
EXO,83326813,,,,,,,,,,,,SAFE,-12.025,0.0,0.997,1.286,-0.01,0.009,0.0,0.009,0.009,0.0,0.0,0.0,0.0,0.0,0.0
IMU,83370730.0,1,0.5073,-0.0503,0.8633,0.0,0.0,0.0,-3.36,-30.42,0.48,27.0,,,,,,,,,,,,,,,,
IMU,83330279.0,2,0.2529,0.4229,0.8711,0.12,0.0,0.0,25.91,-14.4,-0.6,27.9,,,,,,,,,,,,,,,,
EXO,83426839,,,,,,,,,,,,SAFE,-12.025,0.0,1.001,1.286,-0.01,0.009,0.0,0.009,-0.004,0.0,0.0,0.0,0.0,0.0,0.0
IMU,83470837.0,1,0.5093,-0.0503,0.8638,0.0,0.0,0.0,-3.36,-30.42,0.48,27.0,,,,,,,,,,,,,,,,
IMU,83430232.0,2,0.2485,0.4229,0.8726,0.18,0.0,0.0,25.91,-14.4,-0.6,28.0,,,,,,,,,,,,,,,,
EXO,83526809,,,,,,,,,,,,SAFE,-12.025,0.0,1.001,1.286,-0.1,0.009,0.0,0.009,0.0,0.0,0.0,0.0,0.0,0.0,0.0
IMU,83571003.0,1,0.5063,-0.0518,0.8657,0.0,0.0,0.0,-3.36,-30.42,0.48,27.0,,,,,,,,,,,,,,,,
IMU,83530075.0,2,0.2471,0.4219,0.8706,0.0,0.0,0.0,25.91,-14.4,-0.6,28.1,,,,,,,,,,,,,,,,
EXO,83626820,,,,,,,,,,,,SAFE,-12.025,0.0,0.998,1.286,-0.152,0.009,0.0,0.009,-0.006,0.0,0.0,0.0,0.0,0.0,0.0
IMU,83671197.0,1,0.5068,-0.0513,0.8652,0.0,0.0,0.0,-3.36,-30.42,0.48,27.1,,,,,,,,,,,,,,,,
IMU,83630019.0,2,0.2534,0.4224,0.8721,0.0,0.0,0.0,25.91,-14.4,-0.6,28.0,,,,,,,,,,,,,,,,
EXO,83726814,,,,,,,,,,,,SAFE,-12.025,0.0,1.002,1.286,-0.056,0.009,0.0,0.009,0.002,0.0,0.0,0.0,0.0,0.0,0.0
IMU,83771363.0,1,0.5078,-0.0508,0.8652,0.0,0.0,0.0,-3.36,-30.42,0.48,27.1,,,,,,,,,,,,,,,,
IMU,83730002.0,2,0.2466,0.4219,0.8701,0.06,0.0,0.0,25.91,-14.4,-0.6,28.1,,,,,,,,,,,,,,,,
EXO,83826814,,,,,,,,,,,,SAFE,-12.025,0.0,0.998,1.286,-0.002,0.009,0.0,0.009,0.0,0.0,0.0,0.0,0.0,0.0,0.0
IMU,83871538.0,1,0.5068,-0.0508,0.8643,0.0,0.0,0.0,-3.36,-30.42,0.48,27.0,,,,,,,,,,,,,,,,
IMU,83829869.0,2,0.25,0.4224,0.8726,0.0,0.0,0.0,25.91,-14.4,-0.6,28.2,,,,,,,,,,,,,,,,
EXO,83926820,,,,,,,,,,,,SAFE,-12.025,0.0,1.001,1.286,0.013,0.009,0.0,0.009,-0.002,0.0,0.0,0.0,0.0,0.0,0.0
IMU,83971662.0,1,0.5078,-0.0503,0.8652,0.0,0.0,0.0,-3.36,-30.42,0.48,27.1,,,,,,,,,,,,,,,,
IMU,83929789.0,2,0.2524,0.4219,0.8721,0.0,0.0,0.0,25.91,-14.4,-0.6,28.0,,,,,,,,,,,,,,,,
EXO,84026817,,,,,,,,,,,,SAFE,-12.025,0.0,1.001,1.286,0.1,0.009,0.0,0.009,0.008,0.0,0.0,0.0,0.0,0.0,0.0
IMU,84071817.0,1,0.5068,-0.0508,0.8657,0.0,0.0,0.0,-3.36,-30.42,0.48,27.1,,,,,,,,,,,,,,,,
IMU,84029770.0,2,0.2446,0.4224,0.8716,0.06,0.0,0.0,25.91,-14.4,-0.6,28.0,,,,,,,,,,,,,,,,
EXO,84126807,,,,,,,,,,,,SAFE,-12.025,0.0,0.999,1.286,-0.013,0.009,0.0,0.009,0.013,0.0,0.0,0.0,0.0,0.0,0.0
IMU,84171989.0,1,0.5063,-0.0508,0.8638,0.0,0.0,0.0,-3.36,-30.42,0.48,27.1,,,,,,,,,,,,,,,,
IMU,84129704.0,2,0.2505,0.4224,0.876,0.0,0.06,0.0,25.91,-14.4,-0.6,28.1,,,,,,,,,,,,,,,,
EXO,84226828,,,,,,,,,,,,SAFE,-12.025,0.061,1.004,1.286,0.032,0.009,0.0,0.009,0.023,0.0,0.0,0.0,0.0,0.0,0.0
IMU,84272158.0,1,0.5059,-0.0508,0.8638,0.0,0.0,0.0,-3.36,-30.42,0.48,27.1,,,,,,,,,,,,,,,,
IMU,84229632.0,2,0.2485,0.4224,0.8696,0.0,0.12,0.0,25.91,-14.4,-0.6,28.0,,,,,,,,,,,,,,,,
EXO,84326838,,,,,,,,,,,,SAFE,-12.025,0.122,0.998,1.286,0.066,0.009,0.0,0.009,0.0,0.0,0.0,0.0,0.0,0.0,0.0
IMU,84372371.0,1,0.5078,-0.0498,0.8638,0.0,0.0,0.0,-3.36,-30.42,0.48,27.0,,,,,,,,,,,,,,,,
IMU,84329512.0,2,0.2495,0.4224,0.8721,0.06,0.0,0.0,25.91,-14.4,-0.6,28.0,,,,,,,,,,,,,,,,
EXO,84426797,,,,,,,,,,,,SAFE,-12.025,0.0,1.001,1.286,0.038,0.009,0.0,0.009,-0.002,0.0,0.0,0.0,0.0,0.0,0.0
IMU,84472492.0,1,0.5083,-0.0513,0.8638,0.0,0.0,0.0,-3.36,-30.42,0.48,27.0,,,,,,,,,,,,,,,,
IMU,84429381.0,2,0.2432,0.4209,0.873,0.0,0.0,0.0,25.91,-14.4,-0.6,28.1,,,,,,,,,,,,,,,,
EXO,84526823,,,,,,,,,,,,SAFE,-12.025,0.0,0.999,1.286,0.079,0.009,0.0,0.009,0.016,0.0,0.0,0.0,0.0,0.0,0.0
IMU,84572678.0,1,0.5098,-0.0503,0.8633,0.0,0.0,0.0,-3.36,-30.42,0.48,27.1,,,,,,,,,,,,,,,,
IMU,84529383.0,2,0.2524,0.4219,0.8726,0.0,0.06,0.0,25.91,-14.4,-0.6,28.0,,,,,,,,,,,,,,,,
EXO,84626803,,,,,,,,,,,,SAFE,-12.025,0.061,1.002,1.286,-0.194,0.009,0.0,0.009,0.037,0.0,0.0,0.0,0.0,0.0,0.0
IMU,84672843.0,1,0.5093,-0.0503,0.8623,0.0,0.0,0.0,-3.36,-30.42,0.48,26.9,,,,,,,,,,,,,,,,
IMU,84629303.0,2,0.2495,0.4219,0.8687,0.0,0.06,0.0,25.91,-14.4,-0.6,28.0,,,,,,,,,,,,,,,,
EXO,84726814,,,,,,,,,,,,SAFE,-12.025,0.061,0.997,1.286,-0.005,0.009,0.0,0.009,0.009,0.0,0.0,0.0,0.0,0.0,0.0
IMU,84773029.0,1,0.5093,-0.0508,0.8623,0.0,0.0,0.0,-3.36,-30.42,0.48,27.1,,,,,,,,,,,,,,,,
IMU,84729207.0,2,0.2432,0.4224,0.8691,0.06,-0.06,0.0,25.91,-14.4,-0.6,28.0,,,,,,,,,,,,,,,,
EXO,84826892,,,,,,,,,,,,SAFE,-12.025,-0.061,0.996,1.286,-0.009,0.009,0.0,0.009,-0.003,0.0,0.0,0.0,0.0,0.0,0.0
IMU,84873256.0,1,0.5098,-0.0503,0.8623,0.0,0.0,0.0,-3.36,-30.42,0.48,27.0,,,,,,,,,,,,,,,,
IMU,84829143.0,2,0.2432,0.4224,0.8677,0.0,0.06,0.0,25.91,-14.4,-0.6,28.1,,,,,,,,,,,,,,,,
EXO,84926850,,,,,,,,,,,,SAFE,-12.025,0.061,0.995,1.286,0.095,0.009,0.0,0.009,-0.004,0.0,0.0,0.0,0.0,0.0,0.0
IMU,84973390.0,1,0.5093,-0.0503,0.8633,0.0,0.0,0.0,-3.36,-30.42,0.48,27.0,,,,,,,,,,,,,,,,
IMU,84929016.0,2,0.2466,0.4209,0.8687,0.0,0.0,0.0,25.91,-14.4,-0.6,28.1,,,,,,,,,,,,,,,,
EXO,85026821,,,,,,,,,,,,SAFE,-12.025,0.0,0.996,1.286,-0.023,0.009,0.0,0.009,0.001,0.0,0.0,0.0,0.0,0.0,0.0
IMU,85073603.0,1,0.5073,-0.0518,0.8628,0.0,0.0,0.0,-3.36,-30.42,0.48,27.0,,,,,,,,,,,,,,,,
IMU,85028975.0,2,0.248,0.4229,0.8711,0.06,0.0,0.0,25.91,-14.4,-0.6,28.0,,,,,,,,,,,,,,,,
EXO,85126820,,,,,,,,,,,,SAFE,-12.025,0.0,1.0,1.286,-0.032,0.009,0.0,0.009,-0.005,0.0,0.0,0.0,0.0,0.0,0.0
IMU,85173750.0,1,0.5063,-0.0513,0.8652,0.0,0.0,0.0,-3.36,-30.42,0.48,27.1,,,,,,,,,,,,,,,,
IMU,85128858.0,2,0.2476,0.4219,0.8701,0.0,0.0,0.0,25.91,-14.4,-0.6,28.1,,,,,,,,,,,,,,,,
EXO,85226819,,,,,,,,,,,,SAFE,-12.025,0.0,0.998,1.286,-0.048,0.009,0.0,0.009,0.002,0.0,0.0,0.0,0.0,0.0,0.0
IMU,85273917.0,1,0.5083,-0.0503,0.8608,0.0,0.0,0.0,-3.36,-30.42,0.48,27.0,,,,,,,,,,,,,,,,
IMU,85228842.0,2,0.25,0.4229,0.8701,0.06,0.0,0.0,25.92,-14.4,-0.6,28.1,,,,,,,,,,,,,,,,
EXO,85326822,,,,,,,,,,,,SAFE,-12.025,0.0,0.999,1.286,0.036,0.009,0.0,0.009,-0.006,0.0,0.0,0.0,0.0,0.0,0.0
IMU,85374161.0,1,0.5078,-0.0513,0.8628,0.0,0.0,0.0,-3.36,-30.42,0.48,27.1,,,,,,,,,,,,,,,,
IMU,85328701.0,2,0.2461,0.4214,0.8687,0.0,0.0,0.0,25.91,-14.4,-0.6,28.1,,,,,,,,,,,,,,,,
EXO,85426832,,,,,,,,,,,,SAFE,-12.025,0.0,0.996,1.286,0.062,0.009,0.0,0.009,0.007,0.0,0.0,0.0,0.0,0.0,0.0
IMU,85474269.0,1,0.5083,-0.0508,0.8643,0.0,0.0,0.0,-3.36,-30.42,0.48,27.0,,,,,,,,,,,,,,,,
IMU,85428690.0,2,0.2456,0.4219,0.8687,0.06,0.0,0.0,25.91,-14.4,-0.6,28.1,,,,,,,,,,,,,,,,
EXO,85526818,,,,,,,,,,,,SAFE,-12.025,0.0,0.996,1.286,0.079,0.009,0.0,0.009,-0.012,0.0,0.0,0.0,0.0,0.0,0.0
IMU,85574418.0,1,0.5088,-0.0503,0.8633,0.0,0.0,0.0,-3.36,-30.42,0.48,27.1,,,,,,,,,,,,,,,,
IMU,85528632.0,2,0.2466,0.4219,0.8691,0.06,0.0,0.0,25.91,-14.4,-0.6,28.1,,,,,,,,,,,,,,,,
EXO,85626819,,,,,,,,,,,,SAFE,-12.025,0.0,0.997,1.286,0.101,0.009,0.0,0.009,0.015,0.0,0.0,0.0,0.0,0.0,0.0
IMU,85674643.0,1,0.5068,-0.0508,0.8633,0.0,0.0,0.0,-3.36,-30.42,0.48,27.0,,,,,,,,,,,,,,,,
IMU,85628553.0,2,0.251,0.4224,0.8716,0.0,0.12,0.0,25.91,-14.4,-0.6,28.0,,,,,,,,,,,,,,,,
EXO,85726821,,,,,,,,,,,,SAFE,-12.025,0.122,1.001,1.286,0.097,0.009,0.0,0.009,0.008,0.0,0.0,0.0,0.0,0.0,0.0
IMU,85774764.0,1,0.5093,-0.0508,0.8623,0.0,0.0,0.0,-3.36,-30.42,0.48,27.0,,,,,,,,,,,,,,,,
IMU,85728470.0,2,0.2451,0.4224,0.8696,0.0,0.06,0.0,25.91,-14.4,-0.6,28.1,,,,,,,,,,,,,,,,
EXO,85826818,,,,,,,,,,,,SAFE,-12.025,0.061,0.997,1.286,-0.038,0.009,0.0,0.009,-0.019,0.0,0.0,0.0,0.0,0.0,0.0
IMU,85874988.0,1,0.5078,-0.0513,0.8633,0.0,0.0,0.0,-3.36,-30.42,0.48,27.0,,,,,,,,,,,,,,,,
IMU,85828390.0,2,0.2505,0.4214,0.8701,0.0,0.12,0.0,25.92,-14.4,-0.6,28.1,,,,,,,,,,,,,,,,
EXO,85926846,,,,,,,,,,,,SAFE,-12.025,0.122,0.999,1.286,-0.006,0.009,0.0,0.009,0.012,0.0,0.0,0.0,0.0,0.0,0.0
IMU,85975102.0,1,0.5068,-0.0518,0.8633,0.0,0.0,0.0,-3.36,-30.42,0.48,27.0,,,,,,,,,,,,,,,,
IMU,85928287.0,2,0.2495,0.4214,0.8696,0.0,-0.06,0.0,25.92,-14.4,-0.6,28.2,,,,,,,,,,,,,,,,
EXO,86026897,,,,,,,,,,,,SAFE,-12.025,-0.061,0.998,1.286,0.029,0.009,0.0,0.009,-0.0,0.0,0.0,0.0,0.0,0.0,0.0
IMU,86075267.0,1,0.5078,-0.0508,0.8633,0.0,0.0,0.0,-3.36,-30.42,0.48,27.0,,,,,,,,,,,,,,,,
IMU,86028221.0,2,0.25,0.4199,0.8696,0.0,0.06,0.0,25.92,-14.4,-0.6,27.9,,,,,,,,,,,,,,,,
EXO,86126815,,,,,,,,,,,,SAFE,-12.025,0.061,0.998,1.286,-0.007,0.009,0.0,0.009,0.056,0.0,0.0,0.0,0.0,0.0,0.0
IMU,86175441.0,1,0.5078,-0.0513,0.8613,0.0,0.0,0.0,-3.36,-30.42,0.48,27.1,,,,,,,,,,,,,,,,
IMU,86128108.0,2,0.2476,0.4214,0.8687,0.12,0.0,0.0,25.92,-14.4,-0.6,28.0,,,,,,,,,,,,,,,,
EXO,86226812,,,,,,,,,,,,SAFE,-12.025,0.0,0.997,1.286,-0.017,0.009,0.0,0.009,0.008,0.0,0.0,0.0,0.0,0.0,0.0
IMU,86275615.0,1,0.5068,-0.0508,0.8662,0.0,0.0,0.0,-3.36,-30.42,0.48,27.2,,,,,,,,,,,,,,,,
IMU,86228037.0,2,0.2485,0.4209,0.8691,0.12,-0.12,0.0,25.92,-14.4,-0.6,28.0,,,,,,,,,,,,,,,,
EXO,86326901,,,,,,,,,,,,SAFE,-12.025,-0.122,0.997,1.286,-0.06,0.009,0.0,0.009,0.013,0.0,0.0,0.0,0.0,0.0,0.0
IMU,86375835.0,1,0.5059,-0.0518,0.8657,0.0,0.0,0.0,-3.36,-30.42,0.48,27.0,,,,,,,,,,,,,,,,
IMU,86327940.0,2,0.2485,0.4224,0.8701,0.12,0.0,0.0,25.92,-14.4,-0.6,28.0,,,,,,,,,,,,,,,,
EXO,86426848,,,,,,,,,,,,SAFE,-12.025,0.0,0.999,1.286,0.028,0.009,0.0,0.009,0.002,0.0,0.0,0.0,0.0,0.0,0.0
IMU,86475937.0,1,0.5093,-0.0503,0.8628,0.0,0.0,0.0,-3.36,-30.42,0.48,27.0,,,,,,,,,,,,,,,,
IMU,86427813.0,2,0.2456,0.4219,0.8691,0.0,0.0,0.0,25.92,-14.4,-0.6,28.1,,,,,,,,,,,,,,,,
EXO,86526821,,,,,,,,,,,,SAFE,-12.025,0.0,0.997,1.286,0.036,0.009,0.0,0.009,-0.005,0.0,0.0,0.0,0.0,0.0,0.0
IMU,86576100.0,1,0.5098,-0.0498,0.8618,0.0,0.0,0.0,-3.36,-30.42,0.48,26.9,,,,,,,,,,,,,,,,
IMU,86527825.0,2,0.2476,0.4219,0.8696,0.06,0.0,0.0,25.92,-14.4,-0.6,28.1,,,,,,,,,,,,,,,,
EXO,86626823,,,,,,,,,,,,SAFE,-12.025,0.0,0.998,1.286,0.015,0.009,0.0,0.009,0.006,0.0,0.0,0.0,0.0,0.0,0.0
IMU,86676256.0,1,0.5073,-0.0498,0.8652,0.0,0.0,0.0,-3.36,-30.42,0.48,27.0,,,,,,,,,,,,,,,,
IMU,86627778.0,2,0.2466,0.4219,0.8687,0.06,-0.06,0.0,25.92,-14.4,-0.6,28.0,,,,,,,,,,,,,,,,
EXO,86726904,,,,,,,,,,,,SAFE,-12.025,-0.061,0.997,1.286,-0.038,0.009,0.0,0.009,0.011,0.0,0.0,0.0,0.0,0.0,0.0
IMU,86776414.0,1,0.5093,-0.0508,0.8643,0.0,0.0,0.0,-3.36,-30.42,0.48,27.0,,,,,,,,,,,,,,,,
IMU,86727703.0,2,0.2495,0.4219,0.8701,0.06,-0.12,0.0,25.92,-14.4,-0.6,28.0,,,,,,,,,,,,,,,,
EXO,86826917,,,,,,,,,,,,SAFE,-12.025,-0.122,0.999,1.286,0.087,0.009,0.0,0.009,0.05,0.0,0.0,0.0,0.0,0.0,0.0
IMU,86876634.0,1,0.5083,-0.0503,0.8638,0.0,0.0,0.0,-3.36,-30.42,0.48,27.1,,,,,,,,,,,,,,,,
IMU,86827621.0,2,0.2515,0.4224,0.8696,0.0,-0.06,0.0,25.92,-14.39,-0.6,28.0,,,,,,,,,,,,,,,,
EXO,86926909,,,,,,,,,,,,SAFE,-12.019,-0.061,0.999,1.286,-0.019,0.009,0.0,0.009,0.004,0.0,0.0,0.0,0.0,0.0,0.0
IMU,86976734.0,1,0.5083,-0.0513,0.8623,0.0,0.0,0.0,-3.36,-30.42,0.48,27.0,,,,,,,,,,,,,,,,
IMU,86927511.0,2,0.2495,0.4214,0.8721,0.0,0.0,0.0,25.92,-14.39,-0.59,27.8,,,,,,,,,,,,,,,,
EXO,87026808,,,,,,,,,,,,SAFE,-12.019,0.0,1.0,1.286,0.036,0.009,0.0,0.009,-0.021,0.0,0.0,0.0,0.0,0.0,0.0
IMU,87076939.0,1,0.5112,-0.0493,0.8628,0.0,-0.18,0.0,-3.36,-30.42,0.48,27.0,,,,,,,,,,,,,,,,
IMU,87027492.0,2,0.2471,0.4219,0.8672,0.12,-0.06,0.0,25.92,-14.39,-0.6,28.1,,,,,,,,,,,,,,,,
EXO,87126983,,,,,,,,,,,,SAFE,-12.019,-0.061,0.996,1.286,0.005,0.009,0.0,0.009,0.008,0.0,0.0,0.0,0.0,0.0,0.0
IMU,87177100.0,1,0.5063,-0.0508,0.8643,0.0,-0.12,0.0,-3.36,-30.42,0.48,27.1,,,,,,,,,,,,,,,,
IMU,87127446.0,2,0.2495,0.4219,0.873,0.0,-0.12,0.0,25.91,-14.39,-0.59,28.1,,,,,,,,,,,,,,,,
EXO,87226987,,,,,,,,,,,,SAFE,-12.019,-0.122,1.001,1.286,-0.03,0.009,0.0,0.009,0.002,0.0,0.0,0.0,0.0,0.0,0.0
IMU,87277213.0,1,0.5044,-0.0522,0.8638,0.0,0.0,0.0,-3.36,-30.43,0.48,26.9,,,,,,,,,,,,,,,,
IMU,87227403.0,2,0.249,0.4229,0.8735,0.0,0.06,0.0,25.92,-14.39,-0.59,28.2,,,,,,,,,,,,,,,,
EXO,87326783,,,,,,,,,,,,SAFE,-12.019,0.061,1.002,1.286,-0.049,0.009,0.0,0.009,0.003,0.0,0.0,0.0,0.0,0.0,0.0
IMU,87377490.0,1,0.5068,-0.0503,0.8657,0.0,-0.06,0.0,-3.36,-30.43,0.48,27.0,,,,,,,,,,,,,,,,
IMU,87327301.0,2,0.2515,0.4214,0.8687,0.06,0.0,0.0,25.92,-14.39,-0.59,28.0,,,,,,,,,,,,,,,,
EXO,87426934,,,,,,,,,,,,SAFE,-12.019,0.0,0.998,1.286,0.028,0.009,0.0,0.009,-0.008,0.0,0.0,0.0,0.0,0.0,0.0
IMU,87477642.0,1,0.5078,-0.0513,0.8633,0.0,-0.12,0.0,-3.36,-30.43,0.48,27.0,,,,,,,,,,,,,,,,
IMU,87427250.0,2,0.2476,0.4219,0.8696,0.12,-0.06,0.0,25.92,-14.39,-0.59,28.1,,,,,,,,,,,,,,,,
EXO,87526989,,,,,,,,,,,,SAFE,-12.019,-0.061,0.998,1.286,-0.002,0.009,0.0,0.009,0.005,0.0,0.0,0.0,0.0,0.0,0.0
IMU,87577737.0,1,0.5103,-0.0498,0.8623,0.0,0.0,0.0,-3.36,-30.43,0.48,27.0,,,,,,,,,,,,,,,,
IMU,87527209.0,2,0.25,0.4219,0.876,0.06,-0.12,0.0,25.92,-14.39,-0.59,28.0,,,,,,,,,,,,,,,,
EXO,87626872,,,,,,,,,,,,SAFE,-12.019,-0.122,1.004,1.286,0.046,0.009,0.0,0.009,0.013,0.0,0.0,0.0,0.0,0.0,0.0
IMU,87677920.0,1,0.5059,-0.0513,0.8657,0.0,0.0,0.0,-3.36,-30.43,0.48,27.2,,,,,,,,,,,,,,,,
IMU,87627111.0,2,0.2451,0.4229,0.8716,0.06,0.0,0.0,25.92,-14.39,-0.59,28.0,,,,,,,,,,,,,,,,
EXO,87726807,,,,,,,,,,,,SAFE,-12.019,0.0,0.999,1.286,0.061,0.009,0.0,0.009,0.001,0.0,0.0,0.0,0.0,0.0,0.0
IMU,87778050.0,1,0.5073,-0.0518,0.8643,0.0,0.0,0.0,-3.36,-30.43,0.48,27.0,,,,,,,,,,,,,,,,
IMU,87727072.0,2,0.2466,0.4214,0.8687,0.06,0.0,0.0,25.92,-14.39,-0.59,28.1,,,,,,,,,,,,,,,,
EXO,87826789,,,,,,,,,,,,SAFE,-12.019,0.0,0.996,1.286,-0.021,0.009,0.0,0.009,-0.001,0.0,0.0,0.0,0.0,0.0,0.0
IMU,87878261.0,1,0.5059,-0.0513,0.8643,0.0,0.0,0.0,-3.36,-30.43,0.48,27.0,,,,,,,,,,,,,,,,
IMU,87826976.0,2,0.25,0.4219,0.8696,0.0,0.0,0.0,25.92,-14.39,-0.59,28.1,,,,,,,,,,,,,,,,
EXO,87926820,,,,,,,,,,,,SAFE,-12.019,0.0,0.998,1.286,-0.128,0.009,0.0,0.009,0.005,0.0,0.0,0.0,0.0,0.0,0.0
IMU,87978430.0,1,0.5083,-0.0503,0.8638,0.0,0.0,0.0,-3.36,-30.43,0.48,27.1,,,,,,,,,,,,,,,,
IMU,87926856.0,2,0.2461,0.4229,0.8687,0.0,0.0,0.0,25.92,-14.4,-0.59,28.1,,,,,,,,,,,,,,,,
EXO,88026795,,,,,,,,,,,,SAFE,-12.025,0.0,0.997,1.286,0.143,0.009,0.0,0.009,-0.002,0.0,0.0,0.0,0.0,0.0,0.0
IMU,88078616.0,1,0.5068,-0.0498,0.8667,0.0,0.0,0.0,-3.36,-30.43,0.48,27.1,,,,,,,,,,,,,,,,
IMU,88026793.0,2,0.25,0.4224,0.8687,0.0,0.0,0.0,25.92,-14.4,-0.59,28.0,,,,,,,,,,,,,,,,
EXO,88126807,,,,,,,,,,,,SAFE,-12.025,0.0,0.998,1.286,-0.068,0.009,0.0,0.009,0.005,0.0,0.0,0.0,0.0,0.0,0.0
IMU,88178770.0,1,0.5073,-0.0522,0.8667,0.0,0.0,0.0,-3.36,-30.43,0.48,27.0,,,,,,,,,,,,,,,,
IMU,88126771.0,2,0.2539,0.4219,0.8696,0.12,-0.06,0.0,25.92,-14.4,-0.59,28.0,,,,,,,,,,,,,,,,
EXO,88226905,,,,,,,,,,,,SAFE,-12.025,-0.061,0.999,1.286,-0.081,0.009,0.0,0.009,0.003,0.0,0.0,0.0,0.0,0.0,0.0
IMU,88278947.0,1,0.5078,-0.0503,0.8623,0.0,0.0,0.0,-3.36,-30.43,0.48,27.1,,,,,,,,,,,,,,,,
IMU,88226729.0,2,0.2495,0.4229,0.8701,0.06,0.06,0.0,25.92,-14.4,-0.59,28.1,,,,,,,,,,,,,,,,
EXO,88326797,,,,,,,,,,,,SAFE,-12.025,0.061,0.999,1.286,-0.062,0.009,0.0,0.009,-0.01,0.0,0.0,0.0,0.0,0.0,0.0
IMU,88379131.0,1,0.5078,-0.0503,0.8638,0.0,0.0,0.0,-3.36,-30.43,0.48,27.1,,,,,,,,,,,,,,,,
IMU,88326601.0,2,0.2476,0.4224,0.8677,0.0,0.0,0.0,25.92,-14.4,-0.59,28.2,,,,,,,,,,,,,,,,
EXO,88426845,,,,,,,,,,,,SAFE,-12.025,0.0,0.996,1.286,-0.015,0.009,0.0,0.009,-0.023,0.0,0.0,0.0,0.0,0.0,0.0
IMU,88479280.0,1,0.5059,-0.0508,0.8623,0.0,0.0,0.0,-3.36,-30.43,0.48,27.0,,,,,,,,,,,,,,,,
IMU,88426594.0,2,0.2432,0.4229,0.8701,0.24,0.0,0.0,25.92,-14.4,-0.59,28.0,,,,,,,,,,,,,,,,
EXO,88526811,,,,,,,,,,,,SAFE,-12.025,0.0,0.998,1.286,-0.014,0.009,0.0,0.009,0.006,0.0,0.0,0.0,0.0,0.0,0.0
IMU,88579445.0,1,0.5059,-0.0503,0.8643,0.0,0.0,0.0,-3.36,-30.43,0.48,27.0,,,,,,,,,,,,,,,,
IMU,88526458.0,2,0.248,0.4209,0.8691,0.0,0.0,0.0,25.92,-14.4,-0.59,28.0,,,,,,,,,,,,,,,,
EXO,88626797,,,,,,,,,,,,SAFE,-12.025,0.0,0.997,1.286,0.091,0.009,0.0,0.009,-0.003,0.0,0.0,0.0,0.0,0.0,0.0
IMU,88679627.0,1,0.5078,-0.0508,0.8662,0.0,0.0,0.0,-3.36,-30.43,0.48,27.1,,,,,,,,,,,,,,,,
IMU,88626378.0,2,0.2515,0.4214,0.8696,0.0,0.0,0.0,25.92,-14.4,-0.59,28.0,,,,,,,,,,,,,,,,
EXO,88726810,,,,,,,,,,,,SAFE,-12.025,0.0,0.999,1.286,0.07,0.009,0.0,0.009,-0.02,0.0,0.0,0.0,0.0,0.0,0.0
IMU,88779817.0,1,0.5073,-0.0513,0.8652,0.0,0.0,0.0,-3.36,-30.43,0.48,27.0,,,,,,,,,,,,,,,,
IMU,88726376.0,2,0.248,0.4219,0.8677,0.06,0.06,0.0,25.92,-14.4,-0.59,28.0,,,,,,,,,,,,,,,,
EXO,88826798,,,,,,,,,,,,SAFE,-12.025,0.061,0.996,1.286,-0.029,0.009,0.0,0.009,0.009,0.0,0.0,0.0,0.0,0.0,0.0
IMU,88880017.0,1,0.5093,-0.0498,0.8633,0.0,0.0,0.0,-3.36,-30.43,0.48,27.1,,,,,,,,,,,,,,,,
IMU,88826274.0,2,0.2505,0.4224,0.8662,0.06,0.0,0.0,25.92,-14.4,-0.59,28.0,,,,,,,,,,,,,,,,
EXO,88926855,,,,,,,,,,,,SAFE,-12.025,0.0,0.996,1.286,0.054,0.009,0.0,0.009,0.004,0.0,0.0,0.0,0.0,0.0,0.0
IMU,88980147.0,1,0.5083,-0.0508,0.8638,0.0,0.0,0.0,-3.36,-30.43,0.48,27.1,,,,,,,,,,,,,,,,
IMU,88926246.0,2,0.2505,0.4229,0.8701,0.06,0.06,0.0,25.92,-14.4,-0.59,28.2,,,,,,,,,,,,,,,,
EXO,89026812,,,,,,,,,,,,SAFE,-12.025,0.061,0.999,1.286,0.022,0.009,0.0,0.009,0.004,0.0,0.0,0.0,0.0,0.0,0.0
IMU,89080314.0,1,0.5083,-0.0508,0.8643,0.0,0.0,0.0,-3.36,-30.43,0.48,27.1,,,,,,,,,,,,,,,,
IMU,89026178.0,2,0.2495,0.4224,0.8721,0.06,0.06,0.0,25.92,-14.4,-0.59,28.1,,,,,,,,,,,,,,,,
EXO,89126802,,,,,,,,,,,,SAFE,-12.025,0.061,1.001,1.286,-0.119,0.009,0.0,0.009,0.017,0.0,0.0,0.0,0.0,0.0,0.0
IMU,89180488.0,1,0.5088,-0.0508,0.8638,0.0,0.0,0.0,-3.36,-30.43,0.48,27.1,,,,,,,,,,,,,,,,
IMU,89126117.0,2,0.2485,0.4209,0.8706,0.12,0.06,0.0,25.92,-14.4,-0.59,28.1,,,,,,,,,,,,,,,,
EXO,89226824,,,,,,,,,,,,SAFE,-12.025,0.061,0.998,1.286,-0.093,0.009,0.0,0.009,-0.011,0.0,0.0,0.0,0.0,0.0,0.0
IMU,89280661.0,1,0.5068,-0.0522,0.8647,0.0,0.0,0.0,-3.36,-30.43,0.48,27.0,,,,,,,,,,,,,,,,
IMU,89226053.0,2,0.2451,0.4229,0.8696,0.0,0.06,0.0,25.92,-14.4,-0.59,28.1,,,,,,,,,,,,,,,,
EXO,89326807,,,,,,,,,,,,SAFE,-12.025,0.061,0.998,1.286,-0.001,0.009,0.0,0.009,-0.015,0.0,0.0,0.0,0.0,0.0,0.0
IMU,89380854.0,1,0.5073,-0.0518,0.8652,0.0,0.0,0.0,-3.36,-30.43,0.48,27.0,,,,,,,,,,,,,,,,
IMU,89325976.0,2,0.2451,0.4214,0.8672,0.12,0.0,0.0,25.92,-14.4,-0.59,28.0,,,,,,,,,,,,,,,,
EXO,89426838,,,,,,,,,,,,SAFE,-12.025,0.0,0.995,1.286,0.028,0.009,0.0,0.009,-0.008,0.0,0.0,0.0,0.0,0.0,0.0
IMU,89480987.0,1,0.5059,-0.0503,0.8647,0.0,0.0,0.0,-3.36,-30.43,0.48,27.1,,,,,,,,,,,,,,,,
IMU,89425835.0,2,0.2505,0.4219,0.8716,0.0,0.0,0.0,25.92,-14.4,-0.59,28.1,,,,,,,,,,,,,,,,
EXO,89526812,,,,,,,,,,,,SAFE,-12.025,0.0,1.0,1.286,-0.026,0.009,0.0,0.009,0.006,0.0,0.0,0.0,0.0,0.0,0.0
IMU,89581174.0,1,0.5088,-0.0503,0.8633,0.0,0.0,0.0,-3.36,-30.42,0.48,27.0,,,,,,,,,,,,,,,,
IMU,89525847.0,2,0.2437,0.4224,0.8706,0.0,0.12,0.0,25.92,-14.4,-0.59,28.1,,,,,,,,,,,,,,,,
EXO,89626801,,,,,,,,,,,,SAFE,-12.025,0.122,0.998,1.286,-0.002,0.009,0.0,0.009,0.003,0.0,0.0,0.0,0.0,0.0,0.0
IMU,89681309.0,1,0.5073,-0.0508,0.8638,0.0,0.0,0.0,-3.36,-30.42,0.48,27.0,,,,,,,,,,,,,,,,
IMU,89625727.0,2,0.251,0.4219,0.8691,0.0,0.0,0.0,25.92,-14.4,-0.59,28.1,,,,,,,,,,,,,,,,
EXO,89726817,,,,,,,,,,,,SAFE,-12.025,0.0,0.998,1.286,-0.009,0.009,0.0,0.009,-0.011,0.0,0.0,0.0,0.0,0.0,0.0
IMU,89781477.0,1,0.5083,-0.0508,0.8613,0.0,0.0,0.0,-3.36,-30.42,0.48,27.2,,,,,,,,,,,,,,,,
IMU,89725664.0,2,0.2456,0.4209,0.8696,0.0,0.0,0.0,25.92,-14.4,-0.59,27.9,,,,,,,,,,,,,,,,
EXO,89826806,,,,,,,,,,,,SAFE,-12.025,0.0,0.997,1.286,-0.037,0.009,0.0,0.009,0.006,0.0,0.0,0.0,0.0,0.0,0.0
IMU,89881674.0,1,0.5083,-0.0508,0.8633,0.0,0.0,0.0,-3.36,-30.42,0.48,27.0,,,,,,,,,,,,,,,,
IMU,89825662.0,2,0.2451,0.4229,0.8716,0.0,0.06,0.0,25.92,-14.4,-0.59,28.1,,,,,,,,,,,,,,,,
EXO,89926822,,,,,,,,,,,,SAFE,-12.025,0.061,0.999,1.286,0.046,0.009,0.0,0.009,-0.008,0.0,0.0,0.0,0.0,0.0,0.0
IMU,89981810.0,1,0.5073,-0.0508,0.8633,0.0,0.0,0.0,-3.36,-30.42,0.48,27.0,,,,,,,,,,,,,,,,
IMU,89925569.0,2,0.2529,0.4224,0.8701,-0.06,0.0,0.0,25.92,-14.4,-0.59,28.1,,,,,,,,,,,,,,,,
EXO,90026888,,,,,,,,,,,,SAFE,-12.025,0.0,1.0,1.286,0.033,0.009,0.0,0.009,-0.018,0.0,0.0,0.0,0.0,0.0,0.0
IMU,90081973.0,1,0.5063,-0.0513,0.8638,0.0,0.0,0.0,-3.36,-30.42,0.48,27.0,,,,,,,,,,,,,,,,
IMU,90025520.0,2,0.252,0.4224,0.8691,0.0,0.06,0.0,25.92,-14.4,-0.59,28.1,,,,,,,,,,,,,,,,
EXO,90126790,,,,,,,,,,,,SAFE,-12.025,0.061,0.999,1.286,0.044,0.009,0.0,0.009,-0.007,0.0,0.0,0.0,0.0,0.0,0.0
IMU,90182141.0,1,0.5083,-0.0518,0.8647,0.0,0.0,0.0,-3.36,-30.42,0.48,27.0,,,,,,,,,,,,,,,,
IMU,90125370.0,2,0.2427,0.4214,0.8687,0.0,0.0,0.0,25.92,-14.4,-0.59,28.2,,,,,,,,,,,,,,,,
EXO,90226789,,,,,,,,,,,,SAFE,-12.025,0.0,0.995,1.286,0.038,0.009,0.0,0.009,-0.005,0.0,0.0,0.0,0.0,0.0,0.0
IMU,90282312.0,1,0.5063,-0.0508,0.8638,0.0,0.0,0.0,-3.36,-30.42,0.48,27.0,,,,,,,,,,,,,,,,
IMU,90225324.0,2,0.2534,0.4224,0.8721,0.0,0.0,0.0,25.92,-14.4,-0.59,28.0,,,,,,,,,,,,,,,,
EXO,90326795,,,,,,,,,,,,SAFE,-12.025,0.0,1.002,1.286,-0.015,0.009,0.0,0.009,-0.0,0.0,0.0,0.0,0.0,0.0,0.0
IMU,90382505.0,1,0.5093,-0.0493,0.8613,0.0,0.0,0.0,-3.36,-30.42,0.48,27.0,,,,,,,,,,,,,,,,
IMU,90325246.0,2,0.2446,0.4214,0.8691,0.0,0.0,0.0,25.92,-14.4,-0.59,28.0,,,,,,,,,,,,,,,,
EXO,90426831,,,,,,,,,,,,SAFE,-12.025,0.0,0.996,1.286,-0.045,0.009,0.0,0.009,0.0,0.0,0.0,0.0,0.0,0.0,0.0
IMU,90482671.0,1,0.5088,-0.0503,0.8633,0.0,0.0,0.0,-3.36,-30.42,0.48,27.0,,,,,,,,,,,,,,,,
IMU,90425207.0,2,0.249,0.4224,0.8696,0.0,0.0,0.0,25.92,-14.4,-0.59,28.1,,,,,,,,,,,,,,,,
EXO,90526812,,,,,,,,,,,,SAFE,-12.025,0.0,0.998,1.286,-0.065,0.009,0.0,0.009,0.003,0.0,0.0,0.0,0.0,0.0,0.0
IMU,90582831.0,1,0.5073,-0.0513,0.8662,0.0,0.0,0.0,-3.36,-30.42,0.48,27.0,,,,,,,,,,,,,,,,
IMU,90525137.0,2,0.248,0.4224,0.8706,0.0,0.0,0.0,25.92,-14.4,-0.59,28.1,,,,,,,,,,,,,,,,
EXO,90626803,,,,,,,,,,,,SAFE,-12.025,0.0,0.999,1.286,0.088,0.009,0.0,0.009,0.002,0.0,0.0,0.0,0.0,0.0,0.0
IMU,90683004.0,1,0.5073,-0.0508,0.8638,0.0,0.0,0.0,-3.36,-30.42,0.48,27.0,,,,,,,,,,,,,,,,
IMU,90625131.0,2,0.2495,0.4224,0.8696,0.06,0.0,0.0,25.92,-14.4,-0.59,28.0,,,,,,,,,,,,,,,,
EXO,90726805,,,,,,,,,,,,SAFE,-12.025,0.0,0.998,1.286,0.019,0.009,0.0,0.009,0.013,0.0,0.0,0.0,0.0,0.0,0.0
IMU,90783177.0,1,0.5073,-0.0513,0.8628,0.0,0.0,0.0,-3.36,-30.42,0.48,27.1,,,,,,,,,,,,,,,,
IMU,90725051.0,2,0.25,0.4219,0.873,0.06,0.0,0.0,25.92,-14.4,-0.59,28.0,,,,,,,,,,,,,,,,
EXO,90826804,,,,,,,,,,,,SAFE,-12.03,0.0,1.001,1.286,-0.028,0.009,0.0,0.009,-0.006,0.0,0.0,0.0,0.0,0.0,0.0
IMU,90883363.0,1,0.5063,-0.0513,0.8643,0.0,0.0,0.0,-3.36,-30.42,0.48,26.9,,,,,,,,,,,,,,,,
IMU,90825017.0,2,0.2485,0.4224,0.873,0.06,0.0,0.0,25.92,-14.4,-0.59,28.2,,,,,,,,,,,,,,,,
EXO,90926872,,,,,,,,,,,,SAFE,-12.025,0.0,1.001,1.286,-0.011,0.009,0.0,0.009,0.002,0.0,0.0,0.0,0.0,0.0,0.0
IMU,90983564.0,1,0.5088,-0.0508,0.8618,0.0,0.0,0.0,-3.36,-30.42,0.48,27.0,,,,,,,,,,,,,,,,
IMU,90924873.0,2,0.2476,0.4224,0.8691,0.0,0.0,0.0,25.92,-14.4,-0.59,28.0,,,,,,,,,,,,,,,,
EXO,91026842,,,,,,,,,,,,SAFE,-12.025,0.0,0.998,1.286,-0.029,0.009,0.0,0.009,0.011,0.0,0.0,0.0,0.0,0.0,0.0
IMU,91083695.0,1,0.5103,-0.0508,0.8618,0.0,0.0,0.0,-3.36,-30.42,0.48,27.0,,,,,,,,,,,,,,,,
IMU,91024872.0,2,0.2495,0.4214,0.8687,0.0,-0.06,0.0,25.92,-14.4,-0.59,28.1,,,,,,,,,,,,,,,,
EXO,91126901,,,,,,,,,,,,SAFE,-12.025,-0.061,0.997,1.286,0.046,0.009,0.0,0.009,-0.002,0.0,0.0,0.0,0.0,0.0,0.0
IMU,91183868.0,1,0.5078,-0.0508,0.8657,0.0,0.0,0.0,-3.36,-30.42,0.48,27.0,,,,,,,,,,,,,,,,
IMU,91124770.0,2,0.2456,0.4229,0.8711,0.12,-0.06,0.0,25.92,-14.4,-0.59,28.0,,,,,,,,,,,,,,,,
EXO,91226920,,,,,,,,,,,,SAFE,-12.025,-0.061,0.999,1.286,-0.061,0.009,0.0,0.009,-0.002,0.0,0.0,0.0,0.0,0.0,0.0
IMU,91284033.0,1,0.5083,-0.0503,0.8647,0.0,0.0,0.0,-3.36,-30.42,0.48,27.0,,,,,,,,,,,,,,,,
IMU,91224727.0,2,0.2412,0.4219,0.8716,0.0,0.12,0.0,25.91,-14.4,-0.59,28.1,,,,,,,,,,,,,,,,
EXO,91326825,,,,,,,,,,,,SAFE,-12.025,0.122,0.998,1.286,-0.069,0.009,0.0,0.009,-0.017,0.0,0.0,0.0,0.0,0.0,0.0
IMU,91384226.0,1,0.5083,-0.0508,0.8599,0.0,0.0,0.0,-3.36,-30.42,0.48,27.0,,,,,,,,,,,,,,,,
IMU,91324717.0,2,0.2505,0.4224,0.8682,0.0,0.06,0.0,25.91,-14.4,-0.59,28.1,,,,,,,,,,,,,,,,
EXO,91426867,,,,,,,,,,,,SAFE,-12.025,0.061,0.997,1.286,-0.053,0.009,0.0,0.009,-0.002,0.0,0.0,0.0,0.0,0.0,0.0
IMU,91484421.0,1,0.5103,-0.0493,0.8599,0.06,-0.18,0.0,-3.36,-30.42,0.48,27.1,,,,,,,,,,,,,,,,
IMU,91424689.0,2,0.2505,0.4224,0.8711,0.12,-0.18,0.0,25.91,-14.4,-0.59,27.9,,,,,,,,,,,,,,,,
EXO,91527041,,,,,,,,,,,,SAFE,-12.025,-0.183,1.0,1.286,0.025,0.009,0.0,0.009,-0.009,0.0,0.0,0.0,0.0,0.0,0.0
IMU,91584588.0,1,0.5073,-0.0508,0.8638,0.0,0.0,0.0,-3.36,-30.42,0.48,27.1,,,,,,,,,,,,,,,,
IMU,91524638.0,2,0.2451,0.4214,0.873,-0.06,0.12,0.0,25.91,-14.4,-0.59,28.0,,,,,,,,,,,,,,,,
EXO,91626924,,,,,,,,,,,,SAFE,-12.025,0.122,1.0,1.286,0.081,0.009,0.0,0.009,0.002,0.0,0.0,0.0,0.0,0.0,0.0
IMU,91684749.0,1,0.5088,-0.0503,0.8643,0.0,0.18,0.0,-3.36,-30.42,0.48,27.1,,,,,,,,,,,,,,,,
IMU,91624578.0,2,0.2437,0.4214,0.8667,-0.12,0.12,0.0,25.91,-14.4,-0.59,28.0,,,,,,,,,,,,,,,,
EXO,91726947,,,,,,,,,,,,SAFE,-12.025,0.122,0.994,1.286,-0.04,0.009,0.0,0.009,0.001,0.0,0.0,0.0,0.0,0.0,0.0
IMU,91784857.0,1,0.5098,-0.0498,0.8584,0.0,0.0,0.0,-3.36,-30.43,0.48,27.0,,,,,,,,,,,,,,,,
IMU,91724328.0,2,0.249,0.4219,0.8657,0.0,0.0,0.0,25.91,-14.4,-0.59,28.1,,,,,,,,,,,,,,,,
EXO,91826812,,,,,,,,,,,,SAFE,-12.025,0.0,0.995,1.286,-0.042,0.009,0.0,0.009,0.006,0.0,0.0,0.0,0.0,0.0,0.0
IMU,91885090.0,1,0.5088,-0.0498,0.8604,0.0,-0.06,0.0,-3.36,-30.43,0.48,27.0,,,,,,,,,,,,,,,,
IMU,91824290.0,2,0.2471,0.4209,0.8682,0.0,-0.18,0.0,25.91,-14.4,-0.59,28.0,,,,,,,,,,,,,,,,
EXO,91927033,,,,,,,,,,,,SAFE,-12.025,-0.183,0.996,1.286,0.186,0.009,0.0,0.009,0.008,0.0,0.0,0.0,0.0,0.0,0.0
IMU,91985195.0,1,0.5078,-0.0513,0.8643,0.0,0.0,0.0,-3.36,-30.43,0.48,27.2,,,,,,,,,,,,,,,,
IMU,91924166.0,2,0.2485,0.4219,0.8706,0.0,0.0,0.0,25.91,-14.39,-0.59,28.0,,,,,,,,,,,,,,,,
EXO,92026847,,,,,,,,,,,,SAFE,-12.019,0.0,0.999,1.286,0.002,0.009,0.0,0.009,-0.008,0.0,0.0,0.0,0.0,0.0,0.0
IMU,92085366.0,1,0.5093,-0.0498,0.8638,0.0,0.0,0.0,-3.36,-30.43,0.48,27.1,,,,,,,,,,,,,,,,
IMU,92024160.0,2,0.2466,0.4224,0.8691,0.06,0.0,0.0,25.92,-14.4,-0.59,28.0,,,,,,,,,,,,,,,,
EXO,92126844,,,,,,,,,,,,SAFE,-12.025,0.0,0.997,1.286,-0.099,0.009,0.0,0.009,-0.007,0.0,0.0,0.0,0.0,0.0,0.0
IMU,92185534.0,1,0.5103,-0.0493,0.8594,0.0,0.0,0.0,-3.36,-30.43,0.48,27.0,,,,,,,,,,,,,,,,
IMU,92224039.0,2,0.2495,0.4224,0.8716,0.06,0.0,0.0,25.91,-14.39,-0.59,28.1,,,,,,,,,,,,,,,,
EXO,92226833,,,,,,,,,,,,SAFE,-12.019,0.0,1.0,1.286,-0.142,0.009,0.0,0.009,-0.005,0.0,0.0,0.0,0.0,0.0,0.0
IMU,92285710.0,1,0.5073,-0.0503,0.8643,0.0,0.0,0.0,-3.36,-30.43,0.48,27.0,,,,,,,,,,,,,,,,
IMU,92323919.0,2,0.2485,0.4224,0.8726,0.0,0.0,0.0,25.91,-14.39,-0.59,28.1,,,,,,,,,,,,,,,,
EXO,92326812,,,,,,,,,,,,SAFE,-12.019,0.0,1.001,1.286,0.135,0.009,0.0,0.009,-0.005,0.0,0.0,0.0,0.0,0.0,0.0
IMU,92385893.0,1,0.5063,-0.0508,0.8662,0.0,0.0,0.0,-3.36,-30.43,0.48,27.1,,,,,,,,,,,,,,,,
IMU,92423858.0,2,0.25,0.4229,0.8691,0.0,0.0,0.0,25.91,-14.39,-0.59,28.0,,,,,,,,,,,,,,,,
EXO,92426851,,,,,,,,,,,,SAFE,-12.019,0.0,0.998,1.286,0.088,0.009,0.0,0.009,-0.013,0.0,0.0,0.0,0.0,0.0,0.0
IMU,92486124.0,1,0.5088,-0.0508,0.8643,0.0,0.06,0.0,-3.36,-30.43,0.48,27.0,,,,,,,,,,,,,,,,
IMU,92523849.0,2,0.2476,0.4229,0.8687,0.06,-0.06,0.0,25.91,-14.39,-0.59,28.1,,,,,,,,,,,,,,,,
EXO,92526911,,,,,,,,,,,,SAFE,-12.019,-0.061,0.997,1.286,0.026,0.009,0.0,0.009,-0.002,0.0,0.0,0.0,0.0,0.0,0.0
IMU,92586232.0,1,0.5093,-0.0498,0.8633,0.0,0.0,0.0,-3.36,-30.43,0.48,27.1,,,,,,,,,,,,,,,,
IMU,92623795.0,2,0.25,0.4229,0.8682,0.06,0.0,0.0,25.92,-14.39,-0.59,28.1,,,,,,,,,,,,,,,,
EXO,92626830,,,,,,,,,,,,SAFE,-12.019,0.0,0.998,1.286,0.119,0.009,0.0,0.009,0.005,0.0,0.0,0.0,0.0,0.0,0.0
IMU,92686407.0,1,0.5088,-0.0508,0.8633,0.0,0.0,0.0,-3.36,-30.43,0.48,27.0,,,,,,,,,,,,,,,,
IMU,92723674.0,2,0.248,0.4214,0.8701,0.0,0.0,0.0,25.92,-14.39,-0.59,28.0,,,,,,,,,,,,,,,,
EXO,92726833,,,,,,,,,,,,SAFE,-12.019,0.0,0.998,1.286,-0.045,0.009,0.0,0.009,-0.02,0.0,0.0,0.0,0.0,0.0,0.0
IMU,92786573.0,1,0.5103,-0.0493,0.8628,0.0,0.0,0.0,-3.36,-30.43,0.48,27.0,,,,,,,,,,,,,,,,
IMU,92823617.0,2,0.2456,0.4219,0.8701,0.0,0.0,0.0,25.92,-14.39,-0.59,28.0,,,,,,,,,,,,,,,,
EXO,92826834,,,,,,,,,,,,SAFE,-12.019,0.0,0.998,1.286,0.021,0.009,0.0,0.009,0.025,0.0,0.0,0.0,0.0,0.0,0.0
IMU,92886772.0,1,0.5078,-0.0503,0.8623,0.0,0.0,0.0,-3.36,-30.43,0.48,27.1,,,,,,,,,,,,,,,,
IMU,92923596.0,2,0.249,0.4229,0.8701,0.0,-0.06,0.0,25.92,-14.4,-0.59,28.0,,,,,,,,,,,,,,,,
EXO,92926923,,,,,,,,,,,,SAFE,-12.025,-0.061,0.999,1.286,0.003,0.009,0.0,0.009,0.003,0.0,0.0,0.0,0.0,0.0,0.0
IMU,92986888.0,1,0.5078,-0.0508,0.8638,0.0,0.0,0.0,-3.36,-30.43,0.48,27.1,,,,,,,,,,,,,,,,
IMU,93023447.0,2,0.2495,0.4219,0.8721,0.0,0.0,0.0,25.91,-14.39,-0.59,28.1,,,,,,,,,,,,,,,,
EXO,93026842,,,,,,,,,,,,SAFE,-12.019,0.0,1.0,1.286,-0.049,0.009,0.0,0.009,-0.057,0.0,0.0,0.0,0.0,0.0,0.0
IMU,93087051.0,1,0.5103,-0.0508,0.8628,0.0,0.0,0.0,-3.36,-30.43,0.48,26.9,,,,,,,,,,,,,,,,
IMU,93123457.0,2,0.248,0.4229,0.8691,-0.06,0.0,0.0,25.91,-14.39,-0.59,28.0,,,,,,,,,,,,,,,,
EXO,93126892,,,,,,,,,,,,SAFE,-12.019,0.0,0.998,1.286,0.081,0.009,0.0,0.009,0.001,0.0,0.0,0.0,0.0,0.0,0.0
IMU,93187211.0,1,0.5093,-0.0498,0.8604,0.0,0.0,0.0,-3.36,-30.43,0.48,27.2,,,,,,,,,,,,,,,,
IMU,93223326.0,2,0.2485,0.4219,0.8691,0.0,0.0,0.0,25.91,-14.39,-0.59,28.1,,,,,,,,,,,,,,,,
EXO,93226812,,,,,,,,,,,,SAFE,-12.019,0.0,0.998,1.286,-0.05,0.009,0.0,0.009,0.005,0.0,0.0,0.0,0.0,0.0,0.0
IMU,93287377.0,1,0.5088,-0.0498,0.8618,0.0,0.0,0.0,-3.36,-30.43,0.48,27.0,,,,,,,,,,,,,,,,
IMU,93323298.0,2,0.2466,0.4214,0.8696,0.0,-0.06,0.0,25.91,-14.39,-0.58,28.0,,,,,,,,,,,,,,,,
EXO,93326895,,,,,,,,,,,,SAFE,-12.019,-0.061,0.997,1.286,0.032,0.009,0.0,0.009,0.003,0.0,0.0,0.0,0.0,0.0,0.0
IMU,93387554.0,1,0.5088,-0.0503,0.8628,0.0,0.0,0.0,-3.36,-30.43,0.48,27.1,,,,,,,,,,,,,,,,
IMU,93423249.0,2,0.2485,0.4224,0.8706,0.06,0.0,0.0,25.91,-14.39,-0.58,28.0,,,,,,,,,,,,,,,,
EXO,93426851,,,,,,,,,,,,SAFE,-12.019,0.0,0.999,1.286,0.066,0.009,0.0,0.009,0.005,0.0,0.0,0.0,0.0,0.0,0.0
IMU,93487705.0,1,0.5073,-0.0518,0.8638,0.0,0.0,0.0,-3.36,-30.43,0.48,27.2,,,,,,,,,,,,,,,,
IMU,93523171.0,2,0.2422,0.4214,0.8687,0.18,-0.06,0.0,25.91,-14.4,-0.58,28.0,,,,,,,,,,,,,,,,
EXO,93526926,,,,,,,,,,,,SAFE,-12.025,-0.061,0.995,1.286,-0.032,0.009,0.0,0.009,0.003,0.0,0.0,0.0,0.0,0.0,0.0
IMU,93587853.0,1,0.5098,-0.0508,0.8643,0.0,0.0,0.0,-3.36,-30.43,0.48,27.0,,,,,,,,,,,,,,,,
IMU,93623134.0,2,0.2534,0.4199,0.877,0.12,-0.06,0.0,25.91,-14.39,-0.58,28.1,,,,,,,,,,,,,,,,
EXO,93626925,,,,,,,,,,,,SAFE,-12.019,-0.061,1.005,1.286,-0.096,0.009,0.0,0.009,0.0,0.0,0.0,0.0,0.0,0.0,0.0
IMU,93688105.0,1,0.5127,-0.0493,0.8696,0.06,-0.18,0.0,-3.36,-30.43,0.48,27.0,,,,,,,,,,,,,,,,
IMU,93723073.0,2,0.2437,0.4248,0.8726,0.0,0.12,0.0,25.92,-14.39,-0.58,28.0,,,,,,,,,,,,,,,,
EXO,93726954,,,,,,,,,,,,SAFE,-12.019,0.122,1.001,1.286,0.147,0.009,0.0,0.009,-0.007,0.0,0.0,0.0,0.0,0.0,0.0
IMU,93788232.0,1,0.5093,-0.0488,0.8633,0.06,-0.12,0.0,-3.36,-30.43,0.48,27.1,,,,,,,,,,,,,,,,
IMU,93822974.0,2,0.2432,0.4243,0.8711,0.18,-0.06,0.0,25.92,-14.39,-0.58,28.0,,,,,,,,,,,,,,,,
EXO,93827022,,,,,,,,,,,,SAFE,-12.019,-0.061,0.999,1.286,0.015,0.009,0.0,0.009,0.004,0.0,0.0,0.0,0.0,0.0,0.0
IMU,93888422.0,1,0.5083,-0.0508,0.8652,0.06,-0.06,0.0,-3.36,-30.43,0.48,27.1,,,,,,,,,,,,,,,,
IMU,93922932.0,2,0.2427,0.4224,0.8706,0.18,0.06,0.0,25.92,-14.39,-0.58,28.1,,,,,,,,,,,,,,,,
EXO,93926983,,,,,,,,,,,,SAFE,-12.019,0.061,0.998,1.286,0.113,0.009,0.0,0.009,0.008,0.0,0.0,0.0,0.0,0.0,0.0
IMU,93988477.0,1,0.5112,-0.0479,0.8608,0.0,0.0,0.0,-3.36,-30.43,0.48,27.0,,,,,,,,,,,,,,,,
IMU,94022838.0,2,0.2466,0.4214,0.8687,0.0,0.18,0.0,25.92,-14.39,-0.58,28.0,,,,,,,,,,,,,,,,
EXO,94026822,,,,,,,,,,,,SAFE,-12.019,0.183,0.996,1.286,-0.028,0.009,0.0,0.009,0.006,0.0,0.0,0.0,0.0,0.0,0.0
IMU,94088670.0,1,0.5073,-0.0498,0.8613,0.0,0.0,0.0,-3.36,-30.43,0.48,27.0,,,,,,,,,,,,,,,,
IMU,94122718.0,2,0.2461,0.4224,0.8701,0.0,0.0,0.0,25.92,-14.39,-0.58,28.1,,,,,,,,,,,,,,,,
EXO,94126824,,,,,,,,,,,,SAFE,-12.019,0.0,0.998,1.286,-0.018,0.009,0.0,0.009,0.038,0.0,0.0,0.0,0.0,0.0,0.0
IMU,94188796.0,1,0.5068,-0.0527,0.8628,0.0,0.0,0.0,-3.36,-30.43,0.48,27.1,,,,,,,,,,,,,,,,
IMU,94222694.0,2,0.2471,0.4224,0.874,0.06,0.0,0.0,25.92,-14.39,-0.58,28.1,,,,,,,,,,,,,,,,
EXO,94226812,,,,,,,,,,,,SAFE,-12.019,0.0,1.002,1.286,0.007,0.009,0.0,0.009,0.004,0.0,0.0,0.0,0.0,0.0,0.0
IMU,94288958.0,1,0.5078,-0.0508,0.8652,0.0,0.0,0.0,-3.36,-30.43,0.48,27.1,,,,,,,,,,,,,,,,
IMU,94322678.0,2,0.249,0.4219,0.8711,0.06,0.06,0.0,25.92,-14.4,-0.58,28.0,,,,,,,,,,,,,,,,
EXO,94326823,,,,,,,,,,,,SAFE,-12.025,0.061,0.999,1.286,-0.015,0.009,0.0,0.009,0.0,0.0,0.0,0.0,0.0,0.0,0.0
IMU,94389190.0,1,0.5063,-0.0513,0.8652,0.06,0.0,0.0,-3.36,-30.43,0.48,27.0,,,,,,,,,,,,,,,,
IMU,94422576.0,2,0.2495,0.4214,0.8711,0.06,0.0,0.0,25.92,-14.4,-0.58,28.1,,,,,,,,,,,,,,,,
EXO,94426829,,,,,,,,,,,,SAFE,-12.025,0.0,0.999,1.286,-0.079,0.009,0.0,0.009,-0.004,0.0,0.0,0.0,0.0,0.0,0.0
IMU,94489288.0,1,0.5083,-0.0493,0.8633,0.0,0.0,0.0,-3.36,-30.43,0.48,27.1,,,,,,,,,,,,,,,,
IMU,94522507.0,2,0.2456,0.4214,0.8755,0.06,0.0,0.0,25.92,-14.39,-0.58,28.1,,,,,,,,,,,,,,,,
EXO,94526827,,,,,,,,,,,,SAFE,-12.019,0.0,1.002,1.286,0.021,0.009,0.0,0.009,-0.006,0.0,0.0,0.0,0.0,0.0,0.0
IMU,94589505.0,1,0.5073,-0.0518,0.8677,0.0,-0.18,0.0,-3.36,-30.43,0.48,27.1,,,,,,,,,,,,,,,,
IMU,94622461.0,2,0.2466,0.4214,0.8701,-0.06,0.12,0.0,25.92,-14.39,-0.58,28.0,,,,,,,,,,,,,,,,
EXO,94626990,,,,,,,,,,,,SAFE,-12.019,0.122,0.998,1.286,-0.07,0.009,0.0,0.009,-0.01,0.0,0.0,0.0,0.0,0.0,0.0
IMU,94689628.0,1,0.5068,-0.0508,0.8647,0.0,0.0,0.0,-3.36,-30.43,0.48,27.0,,,,,,,,,,,,,,,,
IMU,94722403.0,2,0.2466,0.4214,0.8716,0.0,0.18,0.0,25.92,-14.39,-0.58,28.1,,,,,,,,,,,,,,,,
EXO,94726830,,,,,,,,,,,,SAFE,-12.019,0.183,0.999,1.286,0.007,0.009,0.0,0.009,-0.04,0.0,0.0,0.0,0.0,0.0,0.0
IMU,94789776.0,1,0.5098,-0.0498,0.8633,0.0,0.0,0.0,-3.36,-30.43,0.48,27.3,,,,,,,,,,,,,,,,
IMU,94822339.0,2,0.2432,0.4229,0.8647,-0.06,0.06,0.0,25.92,-14.39,-0.58,28.0,,,,,,,,,,,,,,,,
EXO,94826903,,,,,,,,,,,,SAFE,-12.019,0.061,0.993,1.286,0.007,0.009,0.0,0.009,0.005,0.0,0.0,0.0,0.0,0.0,0.0
IMU,94889951.0,1,0.5039,-0.0513,0.8647,0.0,0.0,0.0,-3.36,-30.43,0.48,27.1,,,,,,,,,,,,,,,,
IMU,94922256.0,2,0.2471,0.4199,0.8706,0.06,0.0,0.0,25.92,-14.39,-0.58,28.1,,,,,,,,,,,,,,,,
EXO,94926840,,,,,,,,,,,,SAFE,-12.019,0.0,0.998,1.286,0.046,0.009,0.0,0.009,-0.004,0.0,0.0,0.0,0.0,0.0,0.0
IMU,94990110.0,1,0.5083,-0.0503,0.8618,0.0,0.0,0.0,-3.36,-30.43,0.48,27.1,,,,,,,,,,,,,,,,
IMU,95022129.0,2,0.2466,0.4214,0.875,0.0,0.0,0.0,25.92,-14.39,-0.58,28.0,,,,,,,,,,,,,,,,
EXO,95026815,,,,,,,,,,,,SAFE,-12.019,0.0,1.002,1.286,-0.104,0.009,0.0,0.009,-0.012,0.0,0.0,0.0,0.0,0.0,0.0
IMU,95090292.0,1,0.5083,-0.0518,0.8633,0.0,0.0,0.0,-3.36,-30.43,0.48,27.2,,,,,,,,,,,,,,,,
IMU,95122122.0,2,0.2471,0.4233,0.8696,0.0,0.06,0.0,25.92,-14.4,-0.58,28.0,,,,,,,,,,,,,,,,
EXO,95126810,,,,,,,,,,,,SAFE,-12.025,0.061,0.998,1.286,0.146,0.009,0.0,0.009,-0.01,0.0,0.0,0.0,0.0,0.0,0.0
IMU,95190436.0,1,0.5068,-0.0522,0.8652,0.0,0.0,0.0,-3.36,-30.43,0.48,27.0,,,,,,,,,,,,,,,,
IMU,95221992.0,2,0.2495,0.4229,0.8696,0.0,0.0,0.0,25.92,-14.4,-0.58,28.0,,,,,,,,,,,,,,,,
EXO,95226819,,,,,,,,,,,,SAFE,-12.025,0.0,0.999,1.286,-0.003,0.009,0.0,0.009,0.005,0.0,0.0,0.0,0.0,0.0,0.0
IMU,95290667.0,1,0.5083,-0.0498,0.8643,0.0,0.18,0.0,-3.36,-30.43,0.48,27.2,,,,,,,,,,,,,,,,
IMU,95321970.0,2,0.2471,0.4214,0.8711,0.06,-0.06,0.0,25.92,-14.4,-0.58,28.1,,,,,,,,,,,,,,,,
EXO,95326925,,,,,,,,,,,,SAFE,-12.025,-0.061,0.999,1.286,0.207,0.009,0.0,0.009,-0.005,0.0,0.0,0.0,0.0,0.0,0.0
IMU,95390841.0,1,0.5093,-0.0513,0.8613,0.0,-0.06,0.0,-3.36,-30.43,0.48,27.0,,,,,,,,,,,,,,,,
IMU,95421856.0,2,0.249,0.4233,0.874,0.0,0.0,0.0,25.92,-14.39,-0.58,28.1,,,,,,,,,,,,,,,,
EXO,95426924,,,,,,,,,,,,SAFE,-12.019,0.0,1.003,1.286,0.052,0.009,0.0,0.009,0.023,0.0,0.0,0.0,0.0,0.0,0.0
IMU,95491003.0,1,0.5078,-0.0498,0.8633,0.0,-0.06,0.0,-3.36,-30.43,0.48,27.0,,,,,,,,,,,,,,,,
IMU,95521793.0,2,0.2471,0.4224,0.8682,0.0,0.0,0.0,25.92,-14.4,-0.58,28.0,,,,,,,,,,,,,,,,
EXO,95526917,,,,,,,,,,,,SAFE,-12.025,0.0,0.997,1.286,0.037,0.009,0.0,0.009,0.008,0.0,0.0,0.0,0.0,0.0,0.0
IMU,95591136.0,1,0.5059,-0.0508,0.8643,0.0,0.0,0.0,-3.36,-30.43,0.48,27.0,,,,,,,,,,,,,,,,
IMU,95621780.0,2,0.2495,0.4214,0.8711,0.0,0.06,0.0,25.91,-14.39,-0.58,28.1,,,,,,,,,,,,,,,,
EXO,95626798,,,,,,,,,,,,SAFE,-12.019,0.061,0.999,1.286,0.015,0.009,0.0,0.009,0.006,0.0,0.0,0.0,0.0,0.0,0.0
IMU,95691356.0,1,0.5093,-0.0503,0.8647,0.0,-0.06,0.0,-3.36,-30.43,0.48,27.2,,,,,,,,,,,,,,,,
IMU,95721651.0,2,0.2476,0.4224,0.8701,0.0,0.0,0.0,25.91,-14.39,-0.58,28.2,,,,,,,,,,,,,,,,
EXO,95726893,,,,,,,,,,,,SAFE,-12.019,0.0,0.998,1.286,-0.037,0.009,0.0,0.009,0.001,0.0,0.0,0.0,0.0,0.0,0.0
IMU,95791488.0,1,0.5078,-0.0503,0.8652,0.0,0.0,0.0,-3.36,-30.43,0.48,27.1,,,,,,,,,,,,,,,,
IMU,95821585.0,2,0.248,0.4233,0.8682,0.0,0.0,0.0,25.92,-14.39,-0.58,28.0,,,,,,,,,,,,,,,,
EXO,95826794,,,,,,,,,,,,SAFE,-12.019,0.0,0.997,1.286,-0.028,0.009,0.0,0.009,-0.001,0.0,0.0,0.0,0.0,0.0,0.0
IMU,95891647.0,1,0.5063,-0.0508,0.8657,0.0,0.0,0.0,-3.36,-30.43,0.48,27.1,,,,,,,,,,,,,,,,
IMU,95921506.0,2,0.2471,0.4209,0.8696,0.0,0.0,0.0,25.92,-14.39,-0.58,28.1,,,,,,,,,,,,,,,,
EXO,95926845,,,,,,,,,,,,SAFE,-12.019,0.0,0.997,1.286,0.105,0.009,0.0,0.009,-0.001,0.0,0.0,0.0,0.0,0.0,0.0
IMU,95991832.0,1,0.5083,-0.0503,0.8647,0.0,0.0,0.0,-3.36,-30.43,0.48,27.1,,,,,,,,,,,,,,,,
IMU,96021418.0,2,0.2485,0.4214,0.8687,0.0,0.0,0.0,25.92,-14.39,-0.58,28.1,,,,,,,,,,,,,,,,
EXO,96026809,,,,,,,,,,,,SAFE,-12.019,0.0,0.997,1.286,0.162,0.009,0.0,0.009,-0.005,0.0,0.0,0.0,0.0,0.0,0.0
IMU,96091999.0,1,0.5073,-0.0508,0.8643,0.0,0.0,0.0,-3.36,-30.43,0.48,27.1,,,,,,,,,,,,,,,,
IMU,96121436.0,2,0.2485,0.4219,0.8657,0.0,0.06,0.0,25.92,-14.39,-0.58,28.1,,,,,,,,,,,,,,,,
EXO,96126794,,,,,,,,,,,,SAFE,-12.019,0.061,0.995,1.286,0.037,0.009,0.0,0.009,-0.005,0.0,0.0,0.0,0.0,0.0,0.0
IMU,96192216.0,1,0.5088,-0.0503,0.8628,0.0,0.06,0.0,-3.36,-30.43,0.48,27.0,,,,,,,,,,,,,,,,
IMU,96221300.0,2,0.2461,0.4219,0.8687,0.0,0.0,0.0,25.92,-14.39,-0.58,28.2,,,,,,,,,,,,,,,,
EXO,96226810,,,,,,,,,,,,SAFE,-12.019,0.0,0.997,1.286,0.14,0.009,0.0,0.009,-0.01,0.0,0.0,0.0,0.0,0.0,0.0
IMU,96292358.0,1,0.5112,-0.0493,0.8613,0.0,0.0,0.0,-3.36,-30.43,0.48,27.0,,,,,,,,,,,,,,,,
IMU,96321299.0,2,0.248,0.4224,0.8687,0.0,-0.06,0.0,25.91,-14.39,-0.58,28.0,,,,,,,,,,,,,,,,
EXO,96326900,,,,,,,,,,,,SAFE,-12.019,-0.061,0.997,1.286,0.009,0.009,0.0,0.009,0.013,0.0,0.0,0.0,0.0,0.0,0.0
IMU,96392512.0,1,0.5083,-0.0498,0.8643,0.0,0.0,0.0,-3.36,-30.43,0.48,27.0,,,,,,,,,,,,,,,,
IMU,96421178.0,2,0.249,0.4209,0.8696,0.0,0.0,0.0,25.92,-14.39,-0.58,28.0,,,,,,,,,,,,,,,,
EXO,96426828,,,,,,,,,,,,SAFE,-12.019,0.0,0.998,1.286,-0.006,0.009,0.0,0.009,-0.029,0.0,0.0,0.0,0.0,0.0,0.0
IMU,96492679.0,1,0.5073,-0.0508,0.8657,0.0,0.0,0.0,-3.36,-30.43,0.48,27.1,,,,,,,,,,,,,,,,
IMU,96521166.0,2,0.249,0.4219,0.8677,0.06,0.0,0.0,25.92,-14.39,-0.58,28.1,,,,,,,,,,,,,,,,
EXO,96526835,,,,,,,,,,,,SAFE,-12.019,0.0,0.996,1.286,0.1,0.009,0.0,0.009,0.008,0.0,0.0,0.0,0.0,0.0,0.0
IMU,96592840.0,1,0.5088,-0.0508,0.8628,0.0,0.0,0.0,-3.36,-30.43,0.48,27.0,,,,,,,,,,,,,,,,
IMU,96621095.0,2,0.2471,0.4199,0.8687,0.06,0.0,0.0,25.92,-14.39,-0.58,28.0,,,,,,,,,,,,,,,,
EXO,96626813,,,,,,,,,,,,SAFE,-12.019,0.0,0.996,1.286,0.07,0.009,0.0,0.009,-0.006,0.0,0.0,0.0,0.0,0.0,0.0
IMU,96692999.0,1,0.5088,-0.0498,0.8643,0.0,0.0,0.0,-3.36,-30.43,0.48,27.0,,,,,,,,,,,,,,,,
IMU,96721031.0,2,0.2524,0.4219,0.8682,0.12,-0.06,0.0,25.91,-14.39,-0.58,28.2,,,,,,,,,,,,,,,,
EXO,96726915,,,,,,,,,,,,SAFE,-12.019,-0.061,0.998,1.286,0.06,0.009,0.0,0.009,0.006,0.0,0.0,0.0,0.0,0.0,0.0
IMU,96793174.0,1,0.5083,-0.0518,0.8618,0.0,0.0,0.0,-3.36,-30.43,0.48,27.0,,,,,,,,,,,,,,,,
IMU,96820961.0,2,0.248,0.4219,0.8711,0.06,0.0,0.0,25.92,-14.39,-0.58,28.1,,,,,,,,,,,,,,,,
EXO,96826823,,,,,,,,,,,,SAFE,-12.019,0.0,0.999,1.286,0.018,0.009,0.0,0.009,-0.001,0.0,0.0,0.0,0.0,0.0,0.0
IMU,96893347.0,1,0.5073,-0.0508,0.8652,0.0,0.0,0.0,-3.36,-30.43,0.48,27.0,,,,,,,,,,,,,,,,
IMU,96920839.0,2,0.2446,0.4214,0.8711,0.0,0.0,0.0,25.92,-14.39,-0.58,28.0,,,,,,,,,,,,,,,,
EXO,96926839,,,,,,,,,,,,SAFE,-12.019,0.0,0.998,1.286,-0.022,0.009,0.0,0.009,-0.03,0.0,0.0,0.0,0.0,0.0,0.0
IMU,96993513.0,1,0.5088,-0.0503,0.8638,0.0,0.0,0.0,-3.36,-30.43,0.48,27.0,,,,,,,,,,,,,,,,
IMU,97020789.0,2,0.2524,0.4233,0.8721,0.0,0.0,0.0,25.92,-14.39,-0.58,28.2,,,,,,,,,,,,,,,,
EXO,97026811,,,,,,,,,,,,SAFE,-12.019,0.0,1.002,1.286,0.033,0.009,0.0,0.009,-0.016,0.0,0.0,0.0,0.0,0.0,0.0
IMU,97093716.0,1,0.5049,-0.0522,0.8657,0.0,0.0,0.0,-3.36,-30.43,0.48,27.1,,,,,,,,,,,,,,,,
IMU,97120795.0,2,0.2471,0.4219,0.8726,0.0,-0.12,0.0,25.92,-14.39,-0.58,28.1,,,,,,,,,,,,,,,,
EXO,97126897,,,,,,,,,,,,SAFE,-12.019,-0.122,1.0,1.286,0.053,0.009,0.0,0.009,-0.012,0.0,0.0,0.0,0.0,0.0,0.0
IMU,97193855.0,1,0.5068,-0.0518,0.8638,0.0,0.0,0.0,-3.36,-30.43,0.48,27.0,,,,,,,,,,,,,,,,
IMU,97220734.0,2,0.2485,0.4219,0.8721,0.0,-0.06,0.0,25.92,-14.39,-0.58,28.1,,,,,,,,,,,,,,,,
EXO,97226903,,,,,,,,,,,,SAFE,-12.019,-0.061,1.0,1.286,-0.037,0.009,0.0,0.009,0.004,0.0,0.0,0.0,0.0,0.0,0.0
IMU,97294031.0,1,0.5063,-0.0513,0.8662,0.0,0.0,0.0,-3.36,-30.43,0.48,27.0,,,,,,,,,,,,,,,,
IMU,97320679.0,2,0.249,0.4229,0.8721,0.0,0.06,0.0,25.92,-14.39,-0.58,28.1,,,,,,,,,,,,,,,,
EXO,97326815,,,,,,,,,,,,SAFE,-12.019,0.061,1.001,1.286,0.026,0.009,0.0,0.009,0.028,0.0,0.0,0.0,0.0,0.0,0.0
IMU,97394231.0,1,0.5093,-0.0503,0.8628,0.0,0.0,0.0,-3.36,-30.43,0.48,27.1,,,,,,,,,,,,,,,,
IMU,97420625.0,2,0.2524,0.4219,0.8711,0.06,0.0,0.0,25.92,-14.39,-0.58,28.1,,,,,,,,,,,,,,,,
EXO,97426814,,,,,,,,,,,,SAFE,-12.019,0.0,1.0,1.286,-0.018,0.009,0.0,0.009,0.026,0.0,0.0,0.0,0.0,0.0,0.0
IMU,97494379.0,1,0.5068,-0.0518,0.8647,0.0,0.0,0.0,-3.36,-30.43,0.48,27.1,,,,,,,,,,,,,,,,
IMU,97520568.0,2,0.2451,0.4209,0.8706,0.06,0.0,0.0,25.92,-14.39,-0.58,28.2,,,,,,,,,,,,,,,,
EXO,97526819,,,,,,,,,,,,SAFE,-12.019,0.0,0.998,1.286,-0.252,0.009,0.0,0.009,-0.003,0.0,0.0,0.0,0.0,0.0,0.0
IMU,97594647.0,1,0.5078,-0.0493,0.8604,0.0,0.0,0.0,-3.36,-30.43,0.48,27.1,,,,,,,,,,,,,,,,
IMU,97620426.0,2,0.249,0.4229,0.8726,0.0,0.0,0.0,25.92,-14.39,-0.58,28.1,,,,,,,,,,,,,,,,
EXO,97626800,,,,,,,,,,,,SAFE,-12.019,0.0,1.001,1.286,-0.064,0.009,0.0,0.009,0.004,0.0,0.0,0.0,0.0,0.0,0.0
IMU,97694728.0,1,0.5088,-0.0513,0.8623,0.0,0.0,0.0,-3.36,-30.43,0.48,27.1,,,,,,,,,,,,,,,,
IMU,97720390.0,2,0.25,0.4219,0.8721,0.0,0.0,0.0,25.92,-14.39,-0.58,28.1,,,,,,,,,,,,,,,,
EXO,97726818,,,,,,,,,,,,SAFE,-12.019,0.0,1.0,1.286,0.07,0.009,0.0,0.009,0.009,0.0,0.0,0.0,0.0,0.0,0.0
IMU,97794903.0,1,0.5088,-0.0498,0.8638,0.0,0.0,0.0,-3.36,-30.43,0.48,26.9,,,,,,,,,,,,,,,,
IMU,97820339.0,2,0.2446,0.4219,0.8711,0.0,0.0,0.0,25.92,-14.39,-0.57,28.0,,,,,,,,,,,,,,,,
EXO,97826808,,,,,,,,,,,,SAFE,-12.019,0.0,0.998,1.286,-0.07,0.009,0.0,0.009,0.01,0.0,0.0,0.0,0.0,0.0,0.0
IMU,97895083.0,1,0.5054,-0.0518,0.8638,0.0,0.0,0.0,-3.36,-30.43,0.48,27.0,,,,,,,,,,,,,,,,
IMU,97920348.0,2,0.2485,0.4229,0.8726,-0.06,0.06,0.0,25.92,-14.39,-0.57,28.1,,,,,,,,,,,,,,,,
EXO,97926942,,,,,,,,,,,,SAFE,-12.019,0.061,1.001,1.286,-0.01,0.009,0.0,0.009,0.028,0.0,0.0,0.0,0.0,0.0,0.0
IMU,97995270.0,1,0.5098,-0.0503,0.8643,0.0,0.0,0.0,-3.36,-30.43,0.48,27.0,,,,,,,,,,,,,,,,
IMU,98020266.0,2,0.2515,0.4214,0.8706,0.06,-0.06,0.0,25.92,-14.39,-0.57,28.1,,,,,,,,,,,,,,,,
EXO,98026900,,,,,,,,,,,,SAFE,-12.019,-0.061,0.999,1.286,-0.01,0.009,0.0,0.009,-0.004,0.0,0.0,0.0,0.0,0.0,0.0
IMU,98095406.0,1,0.5083,-0.0508,0.8608,0.0,0.0,0.0,-3.36,-30.43,0.48,27.0,,,,,,,,,,,,,,,,
IMU,98120190.0,2,0.25,0.4214,0.8716,0.0,-0.06,0.0,25.92,-14.39,-0.57,28.1,,,,,,,,,,,,,,,,
EXO,98126917,,,,,,,,,,,,SAFE,-12.019,-0.061,1.0,1.286,0.075,0.009,0.0,0.009,0.006,0.0,0.0,0.0,0.0,0.0,0.0
IMU,98195593.0,1,0.5078,-0.0503,0.8633,0.0,0.0,0.0,-3.36,-30.43,0.48,27.1,,,,,,,,,,,,,,,,
IMU,98220160.0,2,0.2529,0.4229,0.875,0.12,0.06,0.0,25.92,-14.39,-0.57,28.0,,,,,,,,,,,,,,,,
EXO,98226824,,,,,,,,,,,,SAFE,-12.019,0.061,1.004,1.286,0.002,0.009,0.0,0.009,-0.016,0.0,0.0,0.0,0.0,0.0,0.0
IMU,98295762.0,1,0.5088,-0.0508,0.8608,0.0,0.0,0.0,-3.36,-30.43,0.48,27.2,,,,,,,,,,,,,,,,
IMU,98320064.0,2,0.2441,0.4224,0.8721,0.12,0.0,0.0,25.92,-14.39,-0.57,28.2,,,,,,,,,,,,,,,,
EXO,98326816,,,,,,,,,,,,SAFE,-12.019,0.0,0.999,1.286,0.038,0.009,0.0,0.009,-0.012,0.0,0.0,0.0,0.0,0.0,0.0
IMU,98395933.0,1,0.5103,-0.0498,0.8618,0.0,0.0,0.0,-3.36,-30.43,0.48,27.1,,,,,,,,,,,,,,,,
IMU,98420030.0,2,0.2495,0.4209,0.8696,-0.06,0.06,0.0,25.92,-14.39,-0.57,28.1,,,,,,,,,,,,,,,,
EXO,98426945,,,,,,,,,,,,SAFE,-12.019,0.061,0.998,1.286,-0.081,0.009,0.0,0.009,0.009,0.0,0.0,0.0,0.0,0.0,0.0
IMU,98496100.0,1,0.5083,-0.0508,0.8638,0.0,0.0,0.0,-3.36,-30.43,0.48,27.1,,,,,,,,,,,,,,,,
IMU,98519948.0,2,0.2471,0.4224,0.8711,0.0,0.06,0.0,25.92,-14.39,-0.57,28.2,,,,,,,,,,,,,,,,
EXO,98526809,,,,,,,,,,,,SAFE,-12.019,0.061,0.999,1.286,0.101,0.009,0.0,0.009,0.062,0.0,0.0,0.0,0.0,0.0,0.0
IMU,98596268.0,1,0.5078,-0.0513,0.8643,0.0,0.0,0.0,-3.36,-30.42,0.48,27.1,,,,,,,,,,,,,,,,
IMU,98619818.0,2,0.2476,0.4219,0.8667,0.0,0.0,0.0,25.92,-14.39,-0.57,28.1,,,,,,,,,,,,,,,,
EXO,98626814,,,,,,,,,,,,SAFE,-12.019,0.0,0.995,1.286,-0.006,0.009,0.0,0.009,-0.003,0.0,0.0,0.0,0.0,0.0,0.0
IMU,98696446.0,1,0.5078,-0.0498,0.8638,0.0,0.0,0.0,-3.36,-30.42,0.48,27.0,,,,,,,,,,,,,,,,
IMU,98719758.0,2,0.2495,0.4209,0.8706,0.0,0.0,0.0,25.92,-14.39,-0.57,28.3,,,,,,,,,,,,,,,,
EXO,98726825,,,,,,,,,,,,SAFE,-12.019,0.0,0.999,1.286,-0.029,0.009,0.0,0.009,-0.007,0.0,0.0,0.0,0.0,0.0,0.0
IMU,98796629.0,1,0.5088,-0.0503,0.8618,0.0,0.0,0.0,-3.36,-30.42,0.48,27.0,,,,,,,,,,,,,,,,
IMU,98819687.0,2,0.2427,0.4214,0.8721,0.0,0.0,0.0,25.92,-14.39,-0.57,28.0,,,,,,,,,,,,,,,,
EXO,98826818,,,,,,,,,,,,SAFE,-12.019,0.0,0.998,1.286,0.037,0.009,0.0,0.009,-0.047,0.0,0.0,0.0,0.0,0.0,0.0
IMU,98896835.0,1,0.5098,-0.0493,0.8618,0.0,0.0,0.0,-3.36,-30.42,0.48,27.0,,,,,,,,,,,,,,,,
IMU,98919635.0,2,0.251,0.4224,0.8716,0.0,0.0,0.0,25.92,-14.4,-0.57,28.0,,,,,,,,,,,,,,,,
EXO,98926850,,,,,,,,,,,,SAFE,-12.025,0.0,1.001,1.286,0.023,0.009,0.0,0.009,-0.005,0.0,0.0,0.0,0.0,0.0,0.0
IMU,98997001.0,1,0.5098,-0.0508,0.8643,0.0,0.0,0.0,-3.36,-30.42,0.48,27.1,,,,,,,,,,,,,,,,
IMU,99019640.0,2,0.2495,0.4214,0.8696,0.06,-0.18,0.0,25.92,-14.4,-0.57,28.1,,,,,,,,,,,,,,,,
EXO,99026925,,,,,,,,,,,,SAFE,-12.025,-0.183,0.998,1.286,0.068,0.009,0.0,0.009,0.0,0.0,0.0,0.0,0.0,0.0,0.0
IMU,99097157.0,1,0.5068,-0.0508,0.8633,0.0,0.0,0.0,-3.36,-30.42,0.48,27.0,,,,,,,,,,,,,,,,
IMU,99119556.0,2,0.2461,0.4219,0.8716,0.12,0.0,0.0,25.92,-14.4,-0.57,28.0,,,,,,,,,,,,,,,,
EXO,99126852,,,,,,,,,,,,SAFE,-12.025,0.0,0.999,1.286,-0.029,0.009,0.0,0.009,0.01,0.0,0.0,0.0,0.0,0.0,0.0
IMU,99197315.0,1,0.5078,-0.0503,0.8628,0.0,0.0,0.0,-3.36,-30.42,0.48,27.0,,,,,,,,,,,,,,,,
IMU,99219494.0,2,0.2446,0.4224,0.8711,0.0,0.12,0.0,25.92,-14.4,-0.57,28.2,,,,,,,,,,,,,,,,
EXO,99226840,,,,,,,,,,,,SAFE,-12.025,0.122,0.999,1.286,0.022,0.009,0.0,0.009,-0.008,0.0,0.0,0.0,0.0,0.0,0.0
IMU,99297494.0,1,0.5059,-0.0527,0.8657,0.0,0.0,0.0,-3.36,-30.42,0.48,27.0,,,,,,,,,,,,,,,,
IMU,99319364.0,2,0.2446,0.4209,0.8677,0.0,0.0,0.0,25.92,-14.39,-0.57,28.2,,,,,,,,,,,,,,,,
EXO,99326851,,,,,,,,,,,,SAFE,-12.019,0.0,0.995,1.286,0.096,0.009,0.0,0.009,0.006,0.0,0.0,0.0,0.0,0.0,0.0
IMU,99397670.0,1,0.5083,-0.0503,0.8638,0.0,0.0,0.0,-3.36,-30.42,0.48,27.1,,,,,,,,,,,,,,,,
IMU,99419313.0,2,0.2466,0.4229,0.8672,0.0,0.0,0.0,25.92,-14.39,-0.57,28.0,,,,,,,,,,,,,,,,
EXO,99426872,,,,,,,,,,,,SAFE,-12.019,0.0,0.996,1.286,-0.062,0.009,0.0,0.009,0.008,0.0,0.0,0.0,0.0,0.0,0.0
IMU,99497828.0,1,0.5088,-0.0508,0.8643,0.0,0.0,0.0,-3.36,-30.42,0.48,27.1,,,,,,,,,,,,,,,,
IMU,99519298.0,2,0.2476,0.4229,0.8687,0.0,0.06,0.0,25.92,-14.39,-0.57,28.2,,,,,,,,,,,,,,,,
EXO,99526820,,,,,,,,,,,,SAFE,-12.019,0.061,0.997,1.286,0.056,0.009,0.0,0.009,0.004,0.0,0.0,0.0,0.0,0.0,0.0
IMU,99597993.0,1,0.5093,-0.0493,0.8618,0.0,0.0,0.0,-3.36,-30.42,0.48,26.9,,,,,,,,,,,,,,,,
IMU,99619234.0,2,0.251,0.4214,0.8735,0.0,0.06,0.0,25.92,-14.39,-0.57,28.1,,,,,,,,,,,,,,,,
EXO,99626816,,,,,,,,,,,,SAFE,-12.019,0.061,1.002,1.286,0.032,0.009,0.0,0.009,-0.003,0.0,0.0,0.0,0.0,0.0,0.0
IMU,99698174.0,1,0.5083,-0.0508,0.8633,0.0,0.0,0.0,-3.36,-30.42,0.48,27.1,,,,,,,,,,,,,,,,
IMU,99719110.0,2,0.2466,0.4224,0.8691,0.0,0.0,0.0,25.92,-14.4,-0.57,28.2,,,,,,,,,,,,,,,,
EXO,99726839,,,,,,,,,,,,SAFE,-12.025,0.0,0.997,1.286,-0.006,0.009,0.0,0.009,-0.008,0.0,0.0,0.0,0.0,0.0,0.0
IMU,99798329.0,1,0.5083,-0.0508,0.8643,0.0,0.0,0.0,-3.36,-30.42,0.48,27.0,,,,,,,,,,,,,,,,
IMU,99819047.0,2,0.2446,0.4224,0.8687,0.0,0.0,0.0,25.92,-14.4,-0.57,28.2,,,,,,,,,,,,,,,,
EXO,99826852,,,,,,,,,,,,SAFE,-12.025,0.0,0.996,1.286,0.003,0.009,0.0,0.009,0.006,0.0,0.0,0.0,0.0,0.0,0.0
IMU,99898507.0,1,0.5088,-0.0503,0.8643,0.0,0.0,0.0,-3.36,-30.42,0.48,27.1,,,,,,,,,,,,,,,,
IMU,99919036.0,2,0.2456,0.4219,0.8711,0.06,0.0,0.0,25.92,-14.4,-0.57,28.0,,,,,,,,,,,,,,,,
EXO,99926868,,,,,,,,,,,,SAFE,-12.025,0.0,0.999,1.286,0.131,0.009,0.0,0.009,-0.012,0.0,0.0,0.0,0.0,0.0,0.0
IMU,99998676.0,1,0.5088,-0.0508,0.8638,0.0,0.0,0.0,-3.36,-30.42,0.48,27.1,,,,,,,,,,,,,,,,
IMU,100018887.0,2,0.249,0.4214,0.8726,0.0,0.0,0.0,25.92,-14.4,-0.57,28.2,,,,,,,,,,,,,,,,
EXO,100026919,,,,,,,,,,,,SAFE,-12.025,0.0,1.0,1.286,-0.041,0.009,0.0,0.009,0.008,0.0,0.0,0.0,0.0,0.0,0.0
IMU,100098827.0,1,0.5088,-0.0503,0.8623,0.0,0.0,0.0,-3.36,-30.42,0.48,27.1,,,,,,,,,,,,,,,,
IMU,100118891.0,2,0.25,0.4224,0.8735,0.0,0.06,0.0,25.92,-14.4,-0.57,28.0,,,,,,,,,,,,,,,,
EXO,100127009,,,,,,,,,,,,SAFE,-12.025,0.061,1.002,1.286,0.049,0.009,0.0,0.009,0.003,0.0,0.0,0.0,0.0,0.0,0.0
IMU,100198988.0,1,0.5073,-0.0508,0.8643,0.0,0.0,0.0,-3.36,-30.42,0.48,27.0,,,,,,,,,,,,,,,,
IMU,100218776.0,2,0.2505,0.4224,0.8716,0.0,0.0,0.0,25.92,-14.4,-0.57,28.1,,,,,,,,,,,,,,,,
EXO,100227013,,,,,,,,,,,,SAFE,-12.025,0.0,1.0,1.286,-0.044,0.009,0.0,0.009,0.02,0.0,0.0,0.0,0.0,0.0,0.0
IMU,100299160.0,1,0.5098,-0.0498,0.8633,0.0,0.0,0.0,-3.36,-30.42,0.48,27.0,,,,,,,,,,,,,,,,
IMU,100318716.0,2,0.2456,0.4229,0.8701,0.0,0.0,0.0,25.92,-14.4,-0.57,28.2,,,,,,,,,,,,,,,,
EXO,100327019,,,,,,,,,,,,SAFE,-12.025,0.0,0.998,1.286,-0.011,0.009,0.0,0.009,0.027,0.0,0.0,0.0,0.0,0.0,0.0
IMU,100399318.0,1,0.5073,-0.0508,0.8647,0.0,0.0,0.0,-3.36,-30.42,0.48,27.1,,,,,,,,,,,,,,,,
IMU,100418718.0,2,0.2495,0.4229,0.8711,0.0,0.06,0.0,25.91,-14.4,-0.57,28.1,,,,,,,,,,,,,,,,
EXO,100427064,,,,,,,,,,,,SAFE,-12.025,0.061,1.0,1.286,0.038,0.009,0.0,0.009,0.011,0.0,0.0,0.0,0.0,0.0,0.0
IMU,100499476.0,1,0.5073,-0.0513,0.8628,0.0,0.0,0.0,-3.36,-30.42,0.48,27.1,,,,,,,,,,,,,,,,
IMU,100518657.0,2,0.249,0.4219,0.8687,0.06,0.06,0.0,25.92,-14.4,-0.57,28.1,,,,,,,,,,,,,,,,
EXO,100527019,,,,,,,,,,,,SAFE,-12.025,0.061,0.997,1.286,0.05,0.009,0.0,0.009,-0.008,0.0,0.0,0.0,0.0,0.0,0.0
IMU,100599638.0,1,0.5068,-0.0513,0.8647,0.0,0.0,0.0,-3.36,-30.42,0.48,27.1,,,,,,,,,,,,,,,,
IMU,100618572.0,2,0.249,0.4219,0.8711,0.12,-0.06,0.0,25.92,-14.4,-0.57,28.1,,,,,,,,,,,,,,,,
EXO,100627103,,,,,,,,,,,,SAFE,-12.025,-0.061,0.999,1.286,-0.006,0.009,0.0,0.009,-0.008,0.0,0.0,0.0,0.0,0.0,0.0
IMU,100699793.0,1,0.5078,-0.0513,0.8643,0.0,0.0,0.0,-3.36,-30.42,0.48,27.0,,,,,,,,,,,,,,,,
IMU,100718509.0,2,0.2495,0.4219,0.8735,0.06,0.0,0.0,25.92,-14.4,-0.57,28.0,,,,,,,,,,,,,,,,
EXO,100727020,,,,,,,,,,,,SAFE,-12.025,0.0,1.002,1.286,-0.002,0.009,0.0,0.009,-0.007,0.0,0.0,0.0,0.0,0.0,0.0
IMU,100799957.0,1,0.5103,-0.0493,0.8638,0.0,0.0,0.0,-3.36,-30.42,0.48,27.1,,,,,,,,,,,,,,,,
IMU,100818427.0,2,0.249,0.4229,0.8696,0.06,-0.06,0.0,25.91,-14.4,-0.57,28.0,,,,,,,,,,,,,,,,
EXO,100827120,,,,,,,,,,,,SAFE,-12.025,-0.061,0.999,1.286,0.062,0.009,0.0,0.009,-0.017,0.0,0.0,0.0,0.0,0.0,0.0
IMU,100900131.0,1,0.5088,-0.0508,0.8638,0.0,0.0,0.0,-3.36,-30.42,0.48,27.1,,,,,,,,,,,,,,,,
IMU,100918367.0,2,0.2485,0.4219,0.8711,0.06,-0.06,0.0,25.92,-14.4,-0.57,28.2,,,,,,,,,,,,,,,,
EXO,100927101,,,,,,,,,,,,SAFE,-12.025,-0.061,0.999,1.286,-0.005,0.009,0.0,0.009,-0.002,0.0,0.0,0.0,0.0,0.0,0.0
IMU,101000285.0,1,0.5093,-0.0503,0.8623,0.0,0.0,0.0,-3.36,-30.42,0.48,27.0,,,,,,,,,,,,,,,,
IMU,101018248.0,2,0.2476,0.4224,0.8701,0.0,0.0,0.0,25.91,-14.4,-0.57,28.0,,,,,,,,,,,,,,,,
EXO,101026999,,,,,,,,,,,,SAFE,-12.025,0.0,0.998,1.286,0.073,0.009,0.0,0.009,-0.001,0.0,0.0,0.0,0.0,0.0,0.0
IMU,101100446.0,1,0.5093,-0.0508,0.8608,0.0,0.0,0.0,-3.36,-30.42,0.48,27.1,,,,,,,,,,,,,,,,
IMU,101118225.0,2,0.2471,0.4233,0.8706,0.0,-0.06,0.0,25.91,-14.4,-0.57,28.1,,,,,,,,,,,,,,,,
EXO,101127080,,,,,,,,,,,,SAFE,-12.025,-0.061,0.999,1.286,-0.053,0.009,0.0,0.009,0.006,0.0,0.0,0.0,0.0,0.0,0.0
IMU,101200629.0,1,0.5059,-0.0518,0.8662,0.0,0.0,0.0,-3.36,-30.42,0.48,27.3,,,,,,,,,,,,,,,,
IMU,101218164.0,2,0.2461,0.4214,0.8701,0.06,0.0,0.0,25.91,-14.4,-0.57,28.1,,,,,,,,,,,,,,,,
EXO,101226998,,,,,,,,,,,,SAFE,-12.025,0.0,0.998,1.286,-0.08,0.009,0.0,0.009,-0.0,0.0,0.0,0.0,0.0,0.0,0.0
IMU,101300783.0,1,0.5073,-0.0503,0.8638,0.0,0.0,0.0,-3.36,-30.42,0.48,27.1,,,,,,,,,,,,,,,,
IMU,101318073.0,2,0.2461,0.4224,0.8706,0.0,0.0,0.0,25.91,-14.4,-0.57,28.0,,,,,,,,,,,,,,,,
EXO,101327007,,,,,,,,,,,,SAFE,-12.025,0.0,0.998,1.286,0.025,0.009,0.0,0.009,-0.009,0.0,0.0,0.0,0.0,0.0,0.0
IMU,101400962.0,1,0.5068,-0.0518,0.8643,0.0,0.0,0.0,-3.36,-30.42,0.48,27.0,,,,,,,,,,,,,,,,
IMU,101418064.0,2,0.2515,0.4224,0.8711,0.0,0.06,0.0,25.91,-14.4,-0.57,28.1,,,,,,,,,,,,,,,,
EXO,101427002,,,,,,,,,,,,SAFE,-12.025,0.061,1.0,1.286,0.042,0.009,0.0,0.009,0.001,0.0,0.0,0.0,0.0,0.0,0.0
IMU,101501129.0,1,0.5083,-0.0503,0.8647,0.0,0.0,0.0,-3.36,-30.42,0.48,27.0,,,,,,,,,,,,,,,,
IMU,101518003.0,2,0.251,0.4229,0.8701,0.06,0.06,0.0,25.91,-14.4,-0.57,28.0,,,,,,,,,,,,,,,,
EXO,101527001,,,,,,,,,,,,SAFE,-12.025,0.061,0.999,1.286,0.139,0.009,0.0,0.009,0.008,0.0,0.0,0.0,0.0,0.0,0.0
IMU,101601324.0,1,0.5063,-0.0518,0.8677,0.0,0.0,0.0,-3.36,-30.42,0.48,27.0,,,,,,,,,,,,,,,,
IMU,101617913.0,2,0.2534,0.4219,0.8706,0.12,-0.06,0.0,25.92,-14.4,-0.57,28.1,,,,,,,,,,,,,,,,
EXO,101627077,,,,,,,,,,,,SAFE,-12.025,-0.061,1.0,1.286,0.007,0.009,0.0,0.009,-0.015,0.0,0.0,0.0,0.0,0.0,0.0
IMU,101701492.0,1,0.5083,-0.0508,0.8647,0.0,0.0,0.0,-3.36,-30.42,0.48,27.1,,,,,,,,,,,,,,,,
IMU,101717839.0,2,0.248,0.4219,0.8721,0.12,-0.18,0.0,25.91,-14.4,-0.57,28.0,,,,,,,,,,,,,,,,
EXO,101727086,,,,,,,,,,,,SAFE,-12.025,-0.183,1.0,1.286,0.095,0.009,0.0,0.009,-0.003,0.0,0.0,0.0,0.0,0.0,0.0
IMU,101801647.0,1,0.5078,-0.0508,0.8628,0.0,0.0,0.0,-3.36,-30.42,0.48,27.0,,,,,,,,,,,,,,,,
IMU,101817801.0,2,0.2476,0.4219,0.8716,0.06,0.06,0.0,25.91,-14.4,-0.57,28.0,,,,,,,,,,,,,,,,
EXO,101826989,,,,,,,,,,,,SAFE,-12.025,0.061,0.999,1.286,-0.037,0.009,0.0,0.009,-0.002,0.0,0.0,0.0,0.0,0.0,0.0
IMU,101901822.0,1,0.5088,-0.0508,0.8618,0.0,0.0,0.0,-3.36,-30.42,0.48,27.1,,,,,,,,,,,,,,,,
IMU,101917763.0,2,0.2505,0.4229,0.8711,0.06,0.06,0.0,25.91,-14.4,-0.57,28.0,,,,,,,,,,,,,,,,
EXO,101927032,,,,,,,,,,,,SAFE,-12.025,0.061,1.0,1.286,-0.006,0.009,0.0,0.009,-0.011,0.0,0.0,0.0,0.0,0.0,0.0
IMU,102001988.0,1,0.5073,-0.0493,0.8633,0.0,0.0,0.0,-3.36,-30.42,0.48,27.0,,,,,,,,,,,,,,,,
IMU,102017670.0,2,0.249,0.4224,0.8726,0.06,0.0,0.0,25.91,-14.4,-0.57,28.2,,,,,,,,,,,,,,,,
EXO,102027009,,,,,,,,,,,,SAFE,-12.025,0.0,1.001,1.286,0.015,0.009,0.0,0.009,0.007,0.0,0.0,0.0,0.0,0.0,0.0
IMU,102102165.0,1,0.5078,-0.0508,0.8623,0.0,0.0,0.0,-3.36,-30.42,0.48,27.1,,,,,,,,,,,,,,,,
IMU,102117644.0,2,0.2495,0.4214,0.8682,0.0,0.06,0.0,25.91,-14.4,-0.57,28.1,,,,,,,,,,,,,,,,
EXO,102127015,,,,,,,,,,,,SAFE,-12.025,0.061,0.997,1.286,-0.062,0.009,0.0,0.009,-0.007,0.0,0.0,0.0,0.0,0.0,0.0
IMU,102202342.0,1,0.5068,-0.0508,0.8633,0.0,0.0,0.0,-3.36,-30.42,0.48,27.1,,,,,,,,,,,,,,,,
IMU,102217515.0,2,0.25,0.4204,0.8726,0.0,0.0,0.0,25.91,-14.4,-0.57,28.1,,,,,,,,,,,,,,,,
EXO,102227007,,,,,,,,,,,,SAFE,-12.025,0.0,1.0,1.286,-0.021,0.009,0.0,0.009,0.025,0.0,0.0,0.0,0.0,0.0,0.0
IMU,102302513.0,1,0.5078,-0.0503,0.8628,0.0,0.0,0.0,-3.36,-30.42,0.48,27.2,,,,,,,,,,,,,,,,
IMU,102317460.0,2,0.2505,0.4224,0.8716,0.0,0.0,0.0,25.91,-14.4,-0.57,28.0,,,,,,,,,,,,,,,,
EXO,102327011,,,,,,,,,,,,SAFE,-12.025,0.0,1.0,1.286,-0.079,0.009,0.0,0.009,0.005,0.0,0.0,0.0,0.0,0.0,0.0
IMU,102402720.0,1,0.5088,-0.0503,0.8628,0.0,0.0,0.0,-3.36,-30.42,0.48,27.0,,,,,,,,,,,,,,,,
IMU,102417400.0,2,0.2466,0.4224,0.8696,0.0,0.0,0.0,25.92,-14.4,-0.57,28.1,,,,,,,,,,,,,,,,
EXO,102427007,,,,,,,,,,,,SAFE,-12.025,0.0,0.998,1.286,0.072,0.009,0.0,0.009,-0.018,0.0,0.0,0.0,0.0,0.0,0.0
IMU,102502872.0,1,0.5093,-0.0503,0.8643,0.0,0.0,0.0,-3.36,-30.42,0.48,27.0,,,,,,,,,,,,,,,,
IMU,102517400.0,2,0.2471,0.4209,0.8721,0.12,0.0,0.0,25.91,-14.4,-0.57,28.0,,,,,,,,,,,,,,,,
EXO,102527004,,,,,,,,,,,,SAFE,-12.025,0.0,0.999,1.286,-0.093,0.009,0.0,0.009,-0.011,0.0,0.0,0.0,0.0,0.0,0.0
IMU,102603055.0,1,0.5073,-0.0508,0.8647,0.0,0.0,0.0,-3.36,-30.42,0.48,27.1,,,,,,,,,,,,,,,,
IMU,102617326.0,2,0.2495,0.4219,0.873,0.12,-0.06,0.0,25.92,-14.4,-0.57,28.1,,,,,,,,,,,,,,,,
EXO,102627078,,,,,,,,,,,,SAFE,-12.025,-0.061,1.001,1.286,-0.077,0.009,0.0,0.009,0.003,0.0,0.0,0.0,0.0,0.0,0.0
IMU,102703232.0,1,0.5083,-0.0493,0.8643,0.0,0.0,0.0,-3.36,-30.42,0.48,27.0,,,,,,,,,,,,,,,,
IMU,102717278.0,2,0.25,0.4224,0.8726,0.06,0.0,0.0,25.92,-14.4,-0.57,28.0,,,,,,,,,,,,,,,,
EXO,102727011,,,,,,,,,,,,SAFE,-12.025,0.0,1.001,1.286,0.101,0.009,0.0,0.009,0.005,0.0,0.0,0.0,0.0,0.0,0.0
IMU,102803413.0,1,0.5078,-0.0503,0.8643,0.0,0.0,0.0,-3.36,-30.42,0.48,27.0,,,,,,,,,,,,,,,,
IMU,102817210.0,2,0.2471,0.4209,0.8711,0.06,0.0,0.0,25.92,-14.4,-0.57,28.0,,,,,,,,,,,,,,,,
EXO,102826994,,,,,,,,,,,,SAFE,-12.025,0.0,0.999,1.286,0.169,0.009,0.0,0.009,0.001,0.0,0.0,0.0,0.0,0.0,0.0
IMU,102903607.0,1,0.5083,-0.0508,0.8643,0.0,0.0,0.0,-3.36,-30.42,0.48,27.0,,,,,,,,,,,,,,,,
IMU,102917135.0,2,0.25,0.4233,0.8716,0.06,-0.06,0.0,25.92,-14.4,-0.57,28.0,,,,,,,,,,,,,,,,
EXO,102927113,,,,,,,,,,,,SAFE,-12.025,-0.061,1.001,1.286,0.081,0.009,0.0,0.009,0.003,0.0,0.0,0.0,0.0,0.0,0.0
IMU,103003774.0,1,0.5068,-0.0518,0.8667,0.0,0.0,0.0,-3.36,-30.42,0.48,27.0,,,,,,,,,,,,,,,,
IMU,103017006.0,2,0.25,0.4209,0.8716,0.0,0.0,0.0,25.92,-14.4,-0.57,28.3,,,,,,,,,,,,,,,,
EXO,103027003,,,,,,,,,,,,SAFE,-12.025,0.0,1.0,1.286,0.062,0.009,0.0,0.009,-0.003,0.0,0.0,0.0,0.0,0.0,0.0
IMU,103103936.0,1,0.5073,-0.0503,0.8638,0.0,0.0,0.0,-3.36,-30.42,0.48,27.0,,,,,,,,,,,,,,,,
IMU,103117022.0,2,0.2495,0.4224,0.8687,0.06,-0.06,0.0,25.92,-14.4,-0.57,28.1,,,,,,,,,,,,,,,,
EXO,103127078,,,,,,,,,,,,SAFE,-12.025,-0.061,0.998,1.286,0.028,0.009,0.0,0.009,0.013,0.0,0.0,0.0,0.0,0.0,0.0
IMU,103204139.0,1,0.5093,-0.0503,0.8638,0.0,0.0,0.0,-3.36,-30.42,0.48,27.0,,,,,,,,,,,,,,,,
IMU,103216967.0,2,0.2515,0.4224,0.8701,0.12,0.0,0.0,25.92,-14.4,-0.57,28.1,,,,,,,,,,,,,,,,
EXO,103227000,,,,,,,,,,,,SAFE,-12.025,0.0,0.999,1.286,-0.03,0.009,0.0,0.009,0.001,0.0,0.0,0.0,0.0,0.0,0.0
IMU,103304306.0,1,0.5093,-0.0498,0.8652,0.0,0.0,0.0,-3.36,-30.42,0.48,27.3,,,,,,,,,,,,,,,,
IMU,103316894.0,2,0.2495,0.4229,0.8721,0.0,-0.06,0.0,25.92,-14.4,-0.57,28.0,,,,,,,,,,,,,,,,
EXO,103327097,,,,,,,,,,,,SAFE,-12.025,-0.061,1.001,1.286,-0.077,0.009,0.0,0.009,-0.075,0.0,0.0,0.0,0.0,0.0,0.0
IMU,103404554.0,1,0.5088,-0.0488,0.8643,0.0,0.0,0.0,-3.36,-30.42,0.48,27.0,,,,,,,,,,,,,,,,
IMU,103416871.0,2,0.2495,0.4229,0.8735,0.0,-0.06,0.0,25.92,-14.4,-0.57,28.1,,,,,,,,,,,,,,,,
EXO,103427109,,,,,,,,,,,,SAFE,-12.025,-0.061,1.002,1.286,0.025,0.009,0.0,0.009,0.011,0.0,0.0,0.0,0.0,0.0,0.0
IMU,103504709.0,1,0.5073,-0.0513,0.8623,0.0,0.0,0.0,-3.36,-30.42,0.48,27.1,,,,,,,,,,,,,,,,
IMU,103516721.0,2,0.2441,0.4219,0.8667,0.0,0.0,0.0,25.92,-14.39,-0.57,28.1,,,,,,,,,,,,,,,,
EXO,103527004,,,,,,,,,,,,SAFE,-12.019,0.0,0.994,1.286,-0.052,0.009,0.0,0.009,-0.0,0.0,0.0,0.0,0.0,0.0,0.0
IMU,103604835.0,1,0.5068,-0.0508,0.8667,0.0,0.0,0.0,-3.36,-30.42,0.48,27.1,,,,,,,,,,,,,,,,
IMU,103616738.0,2,0.251,0.4219,0.8682,-0.06,0.0,0.0,25.92,-14.4,-0.57,28.2,,,,,,,,,,,,,,,,
EXO,103627089,,,,,,,,,,,,SAFE,-12.025,0.0,0.997,1.286,-0.03,0.009,0.0,0.009,-0.008,0.0,0.0,0.0,0.0,0.0,0.0
IMU,103705019.0,1,0.5073,-0.0503,0.8643,0.0,0.0,0.0,-3.36,-30.42,0.48,27.0,,,,,,,,,,,,,,,,
IMU,103716632.0,2,0.2476,0.4209,0.8721,0.0,0.0,0.0,25.92,-14.39,-0.57,28.2,,,,,,,,,,,,,,,,
EXO,103726999,,,,,,,,,,,,SAFE,-12.019,0.0,0.999,1.286,-0.049,0.009,0.0,0.009,0.008,0.0,0.0,0.0,0.0,0.0,0.0
IMU,103805208.0,1,0.5068,-0.0518,0.8633,0.0,0.0,0.0,-3.36,-30.42,0.48,27.2,,,,,,,,,,,,,,,,
IMU,103816540.0,2,0.2446,0.4219,0.8691,0.0,0.0,0.0,25.92,-14.39,-0.57,28.2,,,,,,,,,,,,,,,,
EXO,103827000,,,,,,,,,,,,SAFE,-12.019,0.0,0.997,1.286,-0.054,0.009,0.0,0.009,-0.013,0.0,0.0,0.0,0.0,0.0,0.0
IMU,103905386.0,1,0.5098,-0.0498,0.8628,0.0,0.0,0.0,-3.36,-30.42,0.48,27.0,,,,,,,,,,,,,,,,
IMU,103916566.0,2,0.252,0.4224,0.8721,0.12,0.0,0.0,25.92,-14.4,-0.57,28.1,,,,,,,,,,,,,,,,
EXO,103927041,,,,,,,,,,,,SAFE,-12.025,0.0,1.001,1.286,-0.091,0.009,0.0,0.009,0.006,0.0,0.0,0.0,0.0,0.0,0.0
IMU,104005572.0,1,0.5098,-0.0493,0.8623,0.0,0.0,0.0,-3.36,-30.42,0.48,27.1,,,,,,,,,,,,,,,,
IMU,104016488.0,2,0.251,0.4214,0.8721,0.12,0.0,0.0,25.92,-14.39,-0.57,28.3,,,,,,,,,,,,,,,,
EXO,104026985,,,,,,,,,,,,SAFE,-12.019,0.0,1.001,1.286,0.044,0.009,0.0,0.009,-0.005,0.0,0.0,0.0,0.0,0.0,0.0
IMU,104105745.0,1,0.5098,-0.0498,0.8638,0.0,0.0,0.0,-3.36,-30.42,0.48,27.1,,,,,,,,,,,,,,,,
IMU,104116427.0,2,0.249,0.4219,0.873,0.06,0.0,0.0,25.92,-14.39,-0.57,28.0,,,,,,,,,,,,,,,,
EXO,104126996,,,,,,,,,,,,SAFE,-12.019,0.0,1.001,1.286,-0.097,0.009,0.0,0.009,-0.001,0.0,0.0,0.0,0.0,0.0,0.0
IMU,104205940.0,1,0.5073,-0.0508,0.8647,0.0,0.0,0.0,-3.36,-30.42,0.48,27.0,,,,,,,,,,,,,,,,
IMU,104216343.0,2,0.252,0.4219,0.8721,0.0,-0.06,0.0,25.92,-14.39,-0.57,28.0,,,,,,,,,,,,,,,,
EXO,104227083,,,,,,,,,,,,SAFE,-12.019,-0.061,1.001,1.286,-0.045,0.009,0.0,0.009,-0.006,0.0,0.0,0.0,0.0,0.0,0.0
IMU,104306098.0,1,0.5088,-0.0503,0.8633,0.0,0.0,0.0,-3.36,-30.42,0.48,27.3,,,,,,,,,,,,,,,,
IMU,104316248.0,2,0.248,0.4229,0.8711,0.0,0.0,0.0,25.91,-14.39,-0.57,28.1,,,,,,,,,,,,,,,,
EXO,104326995,,,,,,,,,,,,SAFE,-12.019,0.0,1.0,1.286,0.044,0.009,0.0,0.009,-0.033,0.0,0.0,0.0,0.0,0.0,0.0
IMU,104406286.0,1,0.5088,-0.0508,0.8638,0.0,0.0,0.0,-3.36,-30.42,0.48,27.1,,,,,,,,,,,,,,,,
IMU,104416261.0,2,0.2495,0.4219,0.8721,0.06,0.06,0.0,25.91,-14.39,-0.57,28.0,,,,,,,,,,,,,,,,
EXO,104427061,,,,,,,,,,,,SAFE,-12.019,0.061,1.0,1.286,-0.002,0.009,0.0,0.009,0.004,0.0,0.0,0.0,0.0,0.0,0.0
IMU,104506457.0,1,0.5054,-0.0518,0.8647,0.0,0.0,0.0,-3.36,-30.42,0.48,27.1,,,,,,,,,,,,,,,,
IMU,104516177.0,2,0.2466,0.4214,0.8706,0.06,0.0,0.0,25.91,-14.39,-0.57,28.2,,,,,,,,,,,,,,,,
EXO,104526995,,,,,,,,,,,,SAFE,-12.019,0.0,0.998,1.286,0.003,0.009,0.0,0.009,-0.017,0.0,0.0,0.0,0.0,0.0,0.0
IMU,104606633.0,1,0.5093,-0.0503,0.8608,0.0,0.0,0.0,-3.36,-30.42,0.48,27.0,,,,,,,,,,,,,,,,
IMU,104616111.0,2,0.25,0.4224,0.8726,0.06,0.0,0.0,25.91,-14.39,-0.57,28.0,,,,,,,,,,,,,,,,
EXO,104627002,,,,,,,,,,,,SAFE,-12.019,0.0,1.001,1.286,-0.087,0.009,0.0,0.009,0.002,0.0,0.0,0.0,0.0,0.0,0.0
IMU,104706793.0,1,0.5088,-0.0503,0.8628,0.0,0.0,0.0,-3.36,-30.42,0.48,27.0,,,,,,,,,,,,,,,,
IMU,104715961.0,2,0.251,0.4224,0.8726,0.0,0.0,0.0,25.91,-14.39,-0.57,28.2,,,,,,,,,,,,,,,,
EXO,104726996,,,,,,,,,,,,SAFE,-12.019,0.0,1.001,1.286,-0.006,0.009,0.0,0.009,-0.026,0.0,0.0,0.0,0.0,0.0,0.0
IMU,104806968.0,1,0.5063,-0.0518,0.8623,0.0,0.0,0.0,-3.36,-30.42,0.48,26.9,,,,,,,,,,,,,,,,
IMU,104815954.0,2,0.2417,0.4224,0.8687,0.06,0.0,0.0,25.91,-14.39,-0.57,28.2,,,,,,,,,,,,,,,,
EXO,104827026,,,,,,,,,,,,SAFE,-12.019,0.0,0.996,1.286,-0.007,0.009,0.0,0.009,-0.006,0.0,0.0,0.0,0.0,0.0,0.0
IMU,104907154.0,1,0.5073,-0.0513,0.8638,0.0,0.0,0.0,-3.36,-30.42,0.48,27.1,,,,,,,,,,,,,,,,
IMU,104915914.0,2,0.2485,0.4219,0.8701,0.0,0.06,0.0,25.91,-14.39,-0.57,28.1,,,,,,,,,,,,,,,,
EXO,104927060,,,,,,,,,,,,SAFE,-12.019,0.061,0.998,1.286,0.065,0.009,0.0,0.009,-0.008,0.0,0.0,0.0,0.0,0.0,0.0
IMU,105007316.0,1,0.5088,-0.0503,0.8613,0.0,0.0,0.0,-3.36,-30.42,0.48,27.1,,,,,,,,,,,,,,,,
IMU,105015774.0,2,0.2505,0.4224,0.8706,0.0,0.0,0.0,25.91,-14.4,-0.57,28.1,,,,,,,,,,,,,,,,
EXO,105026991,,,,,,,,,,,,SAFE,-12.025,0.0,1.0,1.286,0.036,0.009,0.0,0.009,0.011,0.0,0.0,0.0,0.0,0.0,0.0
IMU,105107513.0,1,0.5093,-0.0493,0.8613,0.0,0.0,0.0,-3.36,-30.42,0.48,27.1,,,,,,,,,,,,,,,,
IMU,105115760.0,2,0.248,0.4224,0.8687,0.06,-0.06,0.0,25.91,-14.39,-0.57,28.0,,,,,,,,,,,,,,,,
EXO,105127120,,,,,,,,,,,,SAFE,-12.019,-0.061,0.997,1.286,0.026,0.009,0.0,0.009,-0.019,0.0,0.0,0.0,0.0,0.0,0.0
IMU,105207669.0,1,0.5098,-0.0503,0.8618,0.0,0.0,0.0,-3.36,-30.42,0.48,27.0,,,,,,,,,,,,,,,,
IMU,105215614.0,2,0.251,0.4214,0.8745,0.0,0.0,0.0,25.91,-14.39,-0.57,28.2,,,,,,,,,,,,,,,,
EXO,105226982,,,,,,,,,,,,SAFE,-12.019,0.0,1.003,1.286,0.112,0.009,0.0,0.009,0.006,0.0,0.0,0.0,0.0,0.0,0.0
IMU,105307852.0,1,0.5078,-0.0513,0.8628,0.0,0.0,0.0,-3.36,-30.42,0.48,27.2,,,,,,,,,,,,,,,,
IMU,105315634.0,2,0.2466,0.4219,0.8696,0.06,0.12,0.0,25.91,-14.39,-0.56,28.1,,,,,,,,,,,,,,,,
EXO,105326997,,,,,,,,,,,,SAFE,-12.019,0.122,0.998,1.286,-0.092,0.009,0.0,0.009,-0.001,0.0,0.0,0.0,0.0,0.0,0.0
IMU,105408041.0,1,0.5083,-0.0503,0.8633,0.0,0.0,0.0,-3.36,-30.42,0.48,27.1,,,,,,,,,,,,,,,,
IMU,105415513.0,2,0.251,0.4229,0.8696,0.06,0.0,0.0,25.91,-14.39,-0.56,28.1,,,,,,,,,,,,,,,,
EXO,105427021,,,,,,,,,,,,SAFE,-12.019,0.0,0.999,1.286,-0.015,0.009,0.0,0.009,0.005,0.0,0.0,0.0,0.0,0.0,0.0
IMU,105508211.0,1,0.5083,-0.0508,0.8613,0.0,0.0,0.0,-3.36,-30.42,0.48,27.1,,,,,,,,,,,,,,,,
IMU,105515470.0,2,0.2485,0.4229,0.8706,0.06,-0.06,0.0,25.91,-14.39,-0.56,28.1,,,,,,,,,,,,,,,,
EXO,105527078,,,,,,,,,,,,SAFE,-12.019,-0.061,0.999,1.286,-0.036,0.009,0.0,0.009,0.013,0.0,0.0,0.0,0.0,0.0,0.0
IMU,105608419.0,1,0.5088,-0.0518,0.8647,0.0,0.0,0.0,-3.36,-30.42,0.48,27.0,,,,,,,,,,,,,,,,
IMU,105615388.0,2,0.2485,0.4214,0.8716,-0.06,0.06,0.0,25.91,-14.4,-0.57,28.1,,,,,,,,,,,,,,,,
EXO,105627066,,,,,,,,,,,,SAFE,-12.025,0.061,0.999,1.286,0.002,0.009,0.0,0.009,0.001,0.0,0.0,0.0,0.0,0.0,0.0
IMU,105708576.0,1,0.5073,-0.0513,0.8643,0.0,0.0,0.0,-3.36,-30.42,0.48,27.1,,,,,,,,,,,,,,,,
IMU,105715307.0,2,0.249,0.4214,0.8711,0.06,0.06,0.0,25.91,-14.39,-0.56,28.0,,,,,,,,,,,,,,,,
EXO,105727011,,,,,,,,,,,,SAFE,-12.019,0.061,0.999,1.286,-0.041,0.009,0.0,0.009,0.003,0.0,0.0,0.0,0.0,0.0,0.0
IMU,105808759.0,1,0.5073,-0.0513,0.8647,0.0,0.0,0.0,-3.36,-30.42,0.48,27.0,,,,,,,,,,,,,,,,
IMU,105815222.0,2,0.2524,0.4214,0.8721,0.0,0.06,0.0,25.91,-14.39,-0.56,28.1,,,,,,,,,,,,,,,,
EXO,105826985,,,,,,,,,,,,SAFE,-12.019,0.061,1.001,1.286,-0.034,0.009,0.0,0.009,-0.066,0.0,0.0,0.0,0.0,0.0,0.0
IMU,105908958.0,1,0.5083,-0.0513,0.8628,0.0,0.0,0.0,-3.36,-30.42,0.48,27.0,,,,,,,,,,,,,,,,
IMU,105915079.0,2,0.249,0.4214,0.8691,0.0,0.0,0.0,25.91,-14.4,-0.56,28.1,,,,,,,,,,,,,,,,
EXO,105927043,,,,,,,,,,,,SAFE,-12.025,0.0,0.997,1.286,0.005,0.009,0.0,0.009,-0.041,0.0,0.0,0.0,0.0,0.0,0.0
IMU,106009100.0,1,0.5103,-0.0498,0.8628,0.0,0.0,0.0,-3.36,-30.42,0.48,27.1,,,,,,,,,,,,,,,,
IMU,106015060.0,2,0.249,0.4219,0.8672,0.06,0.0,0.0,25.91,-14.4,-0.56,28.0,,,,,,,,,,,,,,,,
EXO,106026998,,,,,,,,,,,,SAFE,-12.025,0.0,0.996,1.286,0.101,0.009,0.0,0.009,0.001,0.0,0.0,0.0,0.0,0.0,0.0
IMU,106109272.0,1,0.5068,-0.0498,0.8647,0.0,0.0,0.0,-3.36,-30.42,0.48,27.1,,,,,,,,,,,,,,,,
IMU,106114932.0,2,0.249,0.4219,0.8706,0.0,0.0,0.0,25.91,-14.39,-0.56,28.1,,,,,,,,,,,,,,,,
EXO,106127000,,,,,,,,,,,,SAFE,-12.019,0.0,0.999,1.286,-0.001,0.009,0.0,0.009,-0.004,0.0,0.0,0.0,0.0,0.0,0.0
IMU,106209447.0,1,0.5088,-0.0513,0.8638,0.0,0.0,0.0,-3.36,-30.42,0.48,27.0,,,,,,,,,,,,,,,,
IMU,106214928.0,2,0.2456,0.4219,0.8687,0.0,0.06,0.0,25.91,-14.39,-0.56,28.1,,,,,,,,,,,,,,,,
EXO,106227004,,,,,,,,,,,,SAFE,-12.019,0.061,0.996,1.286,0.014,0.009,0.0,0.009,0.001,0.0,0.0,0.0,0.0,0.0,0.0
IMU,106309637.0,1,0.5078,-0.0508,0.8628,0.0,0.0,0.0,-3.36,-30.42,0.48,27.0,,,,,,,,,,,,,,,,
IMU,106314858.0,2,0.248,0.4214,0.8711,0.0,0.06,0.0,25.91,-14.39,-0.56,28.1,,,,,,,,,,,,,,,,
EXO,106326987,,,,,,,,,,,,SAFE,-12.019,0.061,0.999,1.286,-0.068,0.009,0.0,0.009,-0.006,0.0,0.0,0.0,0.0,0.0,0.0
IMU,106409822.0,1,0.5078,-0.0503,0.8638,0.0,0.0,0.0,-3.36,-30.42,0.48,27.0,,,,,,,,,,,,,,,,
IMU,106414785.0,2,0.251,0.4219,0.8687,0.0,-0.06,0.0,25.91,-14.4,-0.56,28.0,,,,,,,,,,,,,,,,
EXO,106427135,,,,,,,,,,,,SAFE,-12.025,-0.061,0.998,1.286,-0.023,0.009,0.0,0.009,-0.007,0.0,0.0,0.0,0.0,0.0,0.0
IMU,106510001.0,1,0.5083,-0.0513,0.8652,0.0,0.0,0.0,-3.36,-30.42,0.48,27.0,,,,,,,,,,,,,,,,
IMU,106514722.0,2,0.2476,0.4229,0.8716,0.06,-0.06,0.0,25.91,-14.4,-0.56,28.1,,,,,,,,,,,,,,,,
EXO,106527100,,,,,,,,,,,,SAFE,-12.025,-0.061,1.0,1.286,0.005,0.009,0.0,0.009,0.001,0.0,0.0,0.0,0.0,0.0,0.0
IMU,106610174.0,1,0.5088,-0.0508,0.8623,0.0,0.0,0.0,-3.36,-30.42,0.48,27.0,,,,,,,,,,,,,,,,
IMU,106614663.0,2,0.249,0.4219,0.8716,0.0,0.12,0.0,25.91,-14.39,-0.56,28.1,,,,,,,,,,,,,,,,
EXO,106627008,,,,,,,,,,,,SAFE,-12.019,0.122,1.0,1.286,0.006,0.009,0.0,0.009,0.01,0.0,0.0,0.0,0.0,0.0,0.0
IMU,106710353.0,1,0.5073,-0.0513,0.8662,0.0,0.0,0.0,-3.36,-30.42,0.48,27.1,,,,,,,,,,,,,,,,
IMU,106714573.0,2,0.2471,0.4224,0.8687,0.0,0.0,0.0,25.91,-14.39,-0.56,28.3,,,,,,,,,,,,,,,,
EXO,106727013,,,,,,,,,,,,SAFE,-12.019,0.0,0.997,1.286,-0.001,0.009,0.0,0.009,-0.001,0.0,0.0,0.0,0.0,0.0,0.0
IMU,106810531.0,1,0.5083,-0.0503,0.8633,0.0,0.0,0.0,-3.36,-30.42,0.48,27.1,,,,,,,,,,,,,,,,
IMU,106814589.0,2,0.2524,0.4229,0.8687,0.06,0.0,0.0,25.91,-14.39,-0.56,28.0,,,,,,,,,,,,,,,,
EXO,106827014,,,,,,,,,,,,SAFE,-12.019,0.0,0.999,1.286,0.131,0.009,0.0,0.009,-0.003,0.0,0.0,0.0,0.0,0.0,0.0
IMU,106910724.0,1,0.5093,-0.0508,0.8633,0.0,0.0,0.0,-3.36,-30.42,0.48,27.1,,,,,,,,,,,,,,,,
IMU,106914553.0,2,0.251,0.4219,0.8701,0.06,-0.06,0.0,25.91,-14.39,-0.56,28.2,,,,,,,,,,,,,,,,
EXO,106927110,,,,,,,,,,,,SAFE,-12.019,-0.061,0.999,1.286,-0.077,0.009,0.0,0.009,-0.008,0.0,0.0,0.0,0.0,0.0,0.0
IMU,107010881.0,1,0.5078,-0.0508,0.8638,0.0,0.0,0.0,-3.36,-30.42,0.48,27.1,,,,,,,,,,,,,,,,
IMU,107014402.0,2,0.25,0.4224,0.8716,0.06,-0.18,0.0,25.91,-14.39,-0.56,28.1,,,,,,,,,,,,,,,,
EXO,107027096,,,,,,,,,,,,SAFE,-12.019,-0.183,1.0,1.286,-0.061,0.009,0.0,0.009,0.047,0.0,0.0,0.0,0.0,0.0,0.0
IMU,107111045.0,1,0.5083,-0.0508,0.8633,0.0,0.0,0.0,-3.36,-30.43,0.48,27.1,,,,,,,,,,,,,,,,
IMU,107114354.0,2,0.251,0.4229,0.8677,0.12,0.0,0.0,25.91,-14.4,-0.56,28.1,,,,,,,,,,,,,,,,
EXO,107126973,,,,,,,,,,,,SAFE,-12.025,0.0,0.997,1.286,-0.052,0.009,0.0,0.009,0.005,0.0,0.0,0.0,0.0,0.0,0.0
IMU,107211314.0,1,0.502,-0.0542,0.8564,-0.12,1.4,-0.24,-3.37,-30.36,0.48,27.0,,,,,,,,,,,,,,,,
IMU,107214303.0,2,0.2686,0.4155,0.8599,-4.27,1.89,-1.53,25.73,-14.33,-0.59,28.0,,,,,,,,,,,,,,,,
EXO,107227379,,,,,,,,,,,,SAFE,-11.959,1.892,0.992,1.286,-0.038,0.009,0.0,0.009,-0.013,0.0,0.0,0.0,0.0,0.0,0.0
IMU,107311509.0,1,0.5054,-0.0503,0.8877,-0.49,5.68,-0.31,-3.36,-30.23,0.46,27.1,,,,,,,,,,,,,,,,
IMU,107314228.0,2,0.2314,0.4253,0.9224,-5.98,6.35,-1.77,25.66,-14.16,-0.53,28.2,,,,,,,,,,,,,,,,
EXO,107327380,,,,,,,,,,,,SAFE,-11.783,6.348,1.042,1.286,0.026,0.009,0.0,0.009,0.007,0.0,0.0,0.0,0.0,0.0,0.0
IMU,107411705.0,1,0.5273,-0.0425,0.8203,0.12,-0.06,-0.85,-3.33,-30.35,0.42,27.0,,,,,,,,,,,,,,,,
IMU,107414165.0,2,0.2241,0.4297,0.8296,6.04,-3.78,-0.98,25.92,-14.3,-0.66,28.1,,,,,,,,,,,,,,,,
EXO,107427401,,,,,,,,,,,,SAFE,-11.931,-3.784,0.961,1.286,-0.064,0.009,0.0,0.009,0.006,0.0,0.0,0.0,0.0,0.0,0.0
IMU,107511874.0,1,0.498,-0.0532,0.9009,1.04,-10.01,-0.79,-3.32,-30.42,0.43,27.1,,,,,,,,,,,,,,,,
IMU,107514087.0,2,0.2466,0.4238,0.9253,13.73,-11.17,0.12,26.15,-14.47,-0.7,28.1,,,,,,,,,,,,,,,,
EXO,107527563,,,,,,,,,,,,SAFE,-12.101,-11.169,1.047,1.286,0.08,0.009,0.0,0.009,-0.004,0.0,0.0,0.0,0.0,0.0,0.0
IMU,107612045.0,1,0.4746,-0.0669,0.98,-0.61,7.57,-0.06,-3.27,-31.0,0.43,27.1,,,,,,,,,,,,,,,,
IMU,107614035.0,2,0.2505,0.4351,0.8188,-1.16,5.92,-2.26,26.71,-14.75,-0.87,28.1,,,,,,,,,,,,,,,,
EXO,107627398,,,,,,,,,,,,SAFE,-12.376,5.92,0.96,1.286,0.023,0.009,0.0,0.009,0.003,0.0,0.0,0.0,0.0,0.0,0.0
IMU,107712218.0,1,0.4897,-0.0596,0.8755,-0.37,2.99,-1.53,-3.31,-30.61,0.4,27.2,,,,,,,,,,,,,,,,
IMU,107713977.0,2,0.2456,0.4233,0.8994,-2.14,2.87,-2.32,26.24,-14.5,-0.79,28.1,,,,,,,,,,,,,,,,
EXO,107727352,,,,,,,,,,,,SAFE,-12.129,2.869,1.024,1.286,-0.03,0.009,0.0,0.009,-0.006,0.0,0.0,0.0,0.0,0.0,0.0
IMU,107812382.0,1,0.4473,-0.0522,0.7793,3.48,0.0,-1.89,-3.41,-30.79,0.38,27.1,,,,,,,,,,,,,,,,
IMU,107813912.0,2,0.2759,0.4434,0.8838,1.4,1.22,-0.49,26.35,-14.74,-0.88,28.1,,,,,,,,,,,,,,,,
EXO,107827174,,,,,,,,,,,,SAFE,-12.365,1.221,1.027,1.286,-0.117,0.009,0.0,0.009,0.007,0.0,0.0,0.0,0.0,0.0,0.0
IMU,107912583.0,1,0.4976,-0.0562,0.9038,1.28,-7.32,0.61,-3.32,-31.0,0.25,27.1,,,,,,,,,,,,,,,,
IMU,107913853.0,2,0.25,0.4282,0.9629,7.02,-1.46,1.65,26.5,-14.73,-0.95,28.1,,,,,,,,,,,,,,,,
EXO,107927197,,,,,,,,,,,,SAFE,-12.36,-1.465,1.083,1.285,0.062,0.009,0.0,0.009,0.024,0.0,0.0,0.0,0.0,0.0,0.0
IMU,108012727.0,1,0.6201,-0.0244,0.8691,-3.66,-17.03,0.0,-3.22,-32.88,0.22,27.0,,,,,,,,,,,,,,,,
IMU,108013794.0,2,0.2495,0.4473,0.9043,5.19,-9.64,1.95,27.27,-15.52,-1.23,28.1,,,,,,,,,,,,,,,,
EXO,108027360,,,,,,,,,,,,SAFE,-13.151,-9.644,1.039,1.285,-0.023,0.009,0.0,0.009,-0.056,0.0,0.0,0.0,0.0,0.0,0.0
IMU,108112915.0,1,0.6313,-0.0273,0.8418,-5.13,11.11,6.84,-5.05,-34.5,1.48,27.1,,,,,,,,,,,,,,,,
IMU,108113728.0,2,0.3169,0.54,0.9097,-14.77,-1.53,6.35,27.25,-17.07,-1.4,28.1,,,,,,,,,,,,,,,,
EXO,108127452,,,,,,,,,,,,SAFE,-14.7,-1.526,1.104,1.285,-0.138,0.009,0.0,0.009,0.008,0.0,0.0,0.0,0.0,0.0,0.0
IMU,108213098.0,1,0.6509,-0.0693,0.9976,-0.85,65.12,14.65,-4.8,-30.88,1.79,27.2,,,,,,,,,,,,,,,,
IMU,108213678.0,2,0.3125,0.459,0.9287,-49.74,22.64,15.62,23.65,-15.92,0.19,28.3,,,,,,,,,,,,,,,,
EXO,108227567,,,,,,,,,,,,SAFE,-13.546,22.644,1.082,1.285,-0.122,0.009,0.0,0.009,-0.001,0.0,0.0,0.0,0.0,0.0,0.0
IMU,108313279.0,1,0.4907,-0.1294,0.8745,-52.86,-1.16,34.97,-9.01,-28.25,4.43,27.0,,,,,,,,,,,,,,,,
IMU,108313628.0,2,0.3242,0.3242,0.918,-24.54,-49.26,30.94,19.78,-18.64,1.79,28.1,,,,,,,,,,,,,,,,
EXO,108327757,,,,,,,,,,,,SAFE,-16.271,-49.255,1.026,1.285,0.073,0.009,0.0,0.009,-0.005,0.0,0.0,0.0,0.0,0.0,0.0
IMU,108413484.0,1,0.5459,-0.2598,0.8086,-27.59,30.94,41.44,-14.97,-26.92,8.48,27.0,,,,,,,,,,,,,,,,
IMU,108413641.0,2,0.4429,0.291,0.8657,-35.64,-14.89,39.67,16.48,-22.96,3.84,28.0,,,,,,,,,,,,,,,,
EXO,108427838,,,,,,,,,,,,SAFE,-20.588,-14.893,1.015,1.285,-0.036,0.009,0.0,0.009,0.005,0.0,0.0,0.0,0.0,0.0,0.0
IMU,108513751.0,1,0.4541,-0.3125,0.8862,-25.94,1.77,42.36,-18.58,-24.26,12.27,27.1,,,,,,,,,,,,,,,,
IMU,108513597.0,2,0.4277,0.1865,0.8994,-17.03,-28.44,46.08,12.47,-25.39,7.73,28.0,,,,,,,,,,,,,,,,
EXO,108527813,,,,,,,,,,,,SAFE,-23.022,-28.442,1.013,1.285,0.077,0.01,0.0,0.01,0.002,0.0,0.0,0.0,0.0,0.0,0.0
IMU,108613741.0,1,0.3501,-0.3521,0.9561,-41.2,1.4,33.45,-24.7,-23.62,17.23,27.1,,,,,,,,,,,,,,,,
IMU,108613496.0,2,0.4536,0.0732,0.772,-11.17,-33.75,31.31,9.77,-30.64,11.58,28.0,,,,,,,,,,,,,,,,
EXO,108627821,,,,,,,,,,,,SAFE,-28.262,-33.752,0.898,1.285,-0.068,0.01,0.0,0.01,0.023,0.0,0.0,0.0,0.0,0.0,0.0
IMU,108713918.0,1,0.3198,-0.4189,0.7993,-44.49,-7.08,37.84,-30.06,-22.43,21.31,27.0,,,,,,,,,,,,,,,,
IMU,108713439.0,2,0.5332,0.0703,0.8169,-8.61,-40.41,36.25,6.84,-34.88,15.05,28.1,,,,,,,,,,,,,,,,
EXO,108727819,,,,,,,,,,,,SAFE,-32.509,-40.405,0.978,1.285,0.108,0.01,0.0,0.01,0.015,0.0,0.0,0.0,0.0,0.0,0.0
IMU,108814087.0,1,0.3066,-0.4839,0.7427,-45.41,-12.63,33.08,-36.19,-21.49,25.42,27.1,,,,,,,,,,,,,,,,
IMU,108813371.0,2,0.5786,0.022,0.7661,-10.07,-45.84,30.88,3.72,-39.86,18.71,28.1,,,,,,,,,,,,,,,,
EXO,108828021,,,,,,,,,,,,SAFE,-37.485,-45.837,0.96,1.285,0.032,0.009,0.0,0.009,0.003,0.0,0.0,0.0,0.0,0.0,0.0
IMU,108914269.0,1,0.2798,-0.5679,0.6255,-31.01,-11.17,12.94,-40.37,-20.22,27.94,27.1,,,,,,,,,,,,,,,,
IMU,108913315.0,2,0.6885,0.0181,0.7554,-3.23,-33.63,13.24,0.59,-43.21,21.67,28.0,,,,,,,,,,,,,,,,
EXO,108927935,,,,,,,,,,,,SAFE,-40.842,-33.63,1.022,1.285,0.115,0.009,0.0,0.009,0.001,0.0,0.0,0.0,0.0,0.0,0.0
IMU,109014479.0,1,0.4272,-0.6973,0.7041,-22.16,-21.67,37.23,-43.18,-20.41,31.04,27.0,,,,,,,,,,,,,,,,
IMU,109013243.0,2,0.7319,-0.0249,0.686,9.4,-29.66,35.28,-0.48,-45.72,24.27,28.2,,,,,,,,,,,,,,,,
EXO,109027995,,,,,,,,,,,,SAFE,-43.347,-29.663,1.003,1.285,0.014,0.009,0.0,0.009,-0.012,0.0,0.0,0.0,0.0,0.0,0.0
IMU,109114647.0,1,0.2593,-0.7065,0.6387,-20.51,-7.26,44.74,-47.12,-18.67,35.52,27.0,,,,,,,,,,,,,,,,
IMU,109113173.0,2,0.7397,-0.1299,0.6401,5.13,-18.19,44.92,-4.41,-48.55,30.48,28.2,,,,,,,,,,,,,,,,
EXO,109127923,,,,,,,,,,,,SAFE,-46.176,-18.188,0.987,1.284,0.037,0.008,0.0,0.008,0.016,0.0,0.0,0.0,0.0,0.0,0.0
IMU,109214747.0,1,0.3745,-0.8179,0.585,-35.64,-29.3,39.98,-50.88,-17.14,39.46,27.3,,,,,,,,,,,,,,,,
IMU,109213119.0,2,0.8262,-0.1431,0.562,12.02,-42.42,34.0,-8.44,-51.21,36.12,28.1,,,,,,,,,,,,,,,,
EXO,109228085,,,,,,,,,,,,SAFE,-48.834,-42.419,1.009,1.285,0.033,0.008,0.0,0.008,-0.035,0.0,0.0,0.0,0.0,0.0,0.0
IMU,109314908.0,1,0.3252,-0.7808,0.585,-37.96,-16.3,40.28,-55.69,-15.47,44.57,27.0,,,,,,,,,,,,,,,,
IMU,109313072.0,2,0.8164,-0.252,0.5347,8.91,-39.18,48.22,-14.04,-54.55,44.48,28.1,,,,,,,,,,,,,,,,
EXO,109328099,,,,,,,,,,,,SAFE,-52.174,-39.185,1.008,1.284,0.122,0.007,0.0,0.007,0.073,0.0,0.0,0.0,0.0,0.0,0.0
IMU,109415049.0,1,0.2173,-0.8589,0.416,-54.2,-20.02,51.64,-61.3,-12.69,48.55,27.0,,,,,,,,,,,,,,,,
IMU,109413035.0,2,0.8115,-0.2734,0.4805,-10.31,-58.72,48.22,-23.08,-58.11,54.64,28.1,,,,,,,,,,,,,,,,
EXO,109428283,,,,,,,,,,,,SAFE,-55.734,-58.716,0.982,1.284,-0.062,0.007,0.0,0.007,-0.065,0.0,0.0,0.0,0.0,0.0,0.0
IMU,109515204.0,1,0.1279,-0.8892,0.3237,-43.15,-19.78,37.41,-66.82,-9.77,52.46,27.2,,,,,,,,,,,,,,,,
IMU,109512959.0,2,0.8145,-0.3228,0.3936,-3.48,-49.56,37.05,-34.08,-60.8,66.94,28.3,,,,,,,,,,,,,,,,
EXO,109528095,,,,,,,,,,,,SAFE,-58.431,-49.561,0.96,1.284,-0.113,0.006,0.0,0.006,0.033,0.0,0.0,0.0,0.0,0.0,0.0
IMU,109615363.0,1,0.0469,-0.8887,0.2808,-34.61,-27.34,34.3,-70.72,-7.15,55.92,27.0,,,,,,,,,,,,,,,,
IMU,109612890.0,2,0.813,-0.3828,0.3154,5.92,-43.21,35.34,-43.65,-61.67,78.16,28.0,,,,,,,,,,,,,,,,
EXO,109628005,,,,,,,,,,,,SAFE,-59.299,-43.213,0.952,1.284,0.042,0.006,0.0,0.006,0.01,0.0,0.0,0.0,0.0,0.0,0.0
IMU,109715520.0,1,0.061,-0.9312,0.2188,-28.2,-21.18,37.11,-74.43,-4.8,60.12,27.0,,,,,,,,,,,,,,,,
IMU,109712834.0,2,0.7759,-0.4419,0.269,4.64,-36.56,38.39,-53.03,-61.94,90.01,28.1,,,,,,,,,,,,,,,,
EXO,109728133,,,,,,,,,,,,SAFE,-59.568,-36.56,0.933,1.28,-0.101,0.006,0.0,0.006,-0.02,0.0,0.0,0.0,0.0,0.0,0.0
IMU,109815689.0,1,-0.0273,-1.0151,0.1587,-2.08,-9.22,6.65,-75.57,-2.02,61.69,27.1,,,,,,,,,,,,,,,,
IMU,109812778.0,2,0.8726,-0.4189,0.2881,-0.79,-6.35,42.91,-58.55,-59.54,96.51,28.2,,,,,,,,,,,,,,,,
EXO,109827864,,,,,,,,,,,,SAFE,-57.167,-6.348,1.01,1.215,-1.025,0.006,0.0,0.006,0.153,0.0,0.0,0.0,0.0,0.0,0.0
IMU,109915841.0,1,0.0283,-0.9854,0.1777,12.02,-0.92,-3.11,-74.94,-2.18,62.03,27.1,,,,,,,,,,,,,,,,
IMU,109912724.0,2,0.8027,-0.561,0.2227,5.07,9.64,64.45,-61.84,-54.56,100.56,28.1,,,,,,,,,,,,,,,,
EXO,109927754,,,,,,,,,,,,SAFE,-52.191,9.644,1.004,1.091,-1.382,0.007,0.0,0.007,0.1,0.0,0.0,0.0,0.0,0.0,0.0
IMU,110015998.0,1,-0.0151,-0.9307,0.2476,-23.44,-34.24,-3.91,-75.2,-2.62,62.93,27.0,,,,,,,,,,,,,,,,
IMU,110012662.0,2,0.665,-0.6406,0.1987,5.92,-37.78,73.18,-66.21,-48.41,106.02,28.4,,,,,,,,,,,,,,,,
EXO,110028154,,,,,,,,,,,,SAFE,-46.033,-37.781,0.945,0.952,-1.327,0.008,0.0,0.008,-0.066,0.0,0.0,0.0,0.0,0.0,0.0
IMU,110116158.0,1,0.0107,-0.9961,0.1401,-29.85,-43.64,-9.95,-78.44,-4.02,66.75,27.1,,,,,,,,,,,,,,,,
IMU,110112599.0,2,0.6836,-0.7578,0.2358,4.33,-53.41,63.35,-73.14,-43.71,115.89,28.2,,,,,,,,,,,,,,,,
EXO,110128075,,,,,,,,,,,,SAFE,-41.342,-53.406,1.047,0.824,-1.215,0.009,0.0,0.009,-0.01,0.0,0.0,0.0,0.0,0.0,0.0
IMU,110216316.0,1,0.0195,-0.9697,0.1577,-21.85,-32.84,-8.3,-80.85,-5.44,69.94,27.0,,,,,,,,,,,,,,,,
IMU,110212522.0,2,0.5073,-0.8247,0.168,-2.32,-36.8,61.4,-77.76,-38.98,122.85,28.2,,,,,,,,,,,,,,,,
EXO,110228176,,,,,,,,,,,,SAFE,-36.612,-36.804,0.983,0.704,-1.22,0.009,0.0,0.009,-0.029,0.0,0.0,0.0,0.0,0.0,0.0
IMU,110316485.0,1,0.0571,-1.0234,0.0747,-14.28,-16.72,-11.23,-83.51,-6.36,73.52,27.1,,,,,,,,,,,,,,,,
IMU,110312445.0,2,0.48,-0.8989,0.0806,-7.57,-24.6,46.2,-82.12,-34.13,129.19,28.1,,,,,,,,,,,,,,,,
EXO,110328273,,,,,,,,,,,,SAFE,-31.756,-24.597,1.022,0.603,-0.965,0.01,0.0,0.01,-0.085,0.0,0.0,0.0,0.0,0.0,0.0
IMU,110416657.0,1,0.0908,-1.0205,0.0586,-5.98,-2.56,-15.08,-84.36,-7.43,74.03,26.9,,,,,,,,,,,,,,,,
IMU,110412382.0,2,0.4468,-0.9233,0.0889,-6.47,-2.32,36.01,-83.52,-30.23,130.53,28.0,,,,,,,,,,,,,,,,
EXO,110428052,,,,,,,,,,,,SAFE,-27.861,-2.319,1.03,0.526,-0.518,0.01,0.0,0.01,-0.011,0.0,0.0,0.0,0.0,0.0,0.0
IMU,110516808.0,1,0.1235,-0.9897,0.0806,-7.81,9.77,8.85,-84.83,-7.38,73.56,27.0,,,,,,,,,,,,,,,,
IMU,110512302.0,2,0.4038,-0.9502,0.0239,-11.11,6.29,42.24,-84.53,-26.47,130.5,28.2,,,,,,,,,,,,,,,,
EXO,110527754,,,,,,,,,,,,SAFE,-24.093,6.287,1.033,0.476,-0.385,0.01,0.0,0.01,0.044,0.0,0.0,0.0,0.0,0.0,0.0
IMU,110616971.0,1,0.0781,-1.0024,0.0112,-6.47,1.65,32.23,-85.71,-5.07,73.09,27.0,,,,,,,,,,,,,,,,
IMU,110612231.0,2,0.3145,-0.9551,0.0073,-11.41,-0.18,33.81,-85.94,-22.35,130.29,28.1,,,,,,,,,,,,,,,,
EXO,110627944,,,,,,,,,,,,SAFE,-19.973,-0.183,1.006,0.469,0.049,0.009,0.0,0.009,0.032,0.0,0.0,0.0,0.0,0.0,0.0
IMU,110717143.0,1,0.0186,-0.9956,-0.0039,-14.28,-42.54,-1.1,-86.67,-2.75,74.57,27.0,,,,,,,,,,,,,,,,
IMU,110712144.0,2,0.335,-0.9399,-0.0151,6.41,-46.02,41.26,-86.82,-18.95,131.73,28.2,,,,,,,,,,,,,,,,
EXO,110728292,,,,,,,,,,,,SAFE,-16.578,-46.021,0.998,0.394,-1.303,0.009,0.0,0.009,0.105,0.0,0.0,0.0,0.0,0.0,0.0
IMU,110817312.0,1,0.0361,-0.9561,0.0674,4.88,31.86,-20.87,-86.83,-4.55,74.89,27.0,,,,,,,,,,,,,,,,
IMU,110812070.0,2,0.0977,-0.959,0.0986,-2.62,31.68,43.76,-87.25,-15.06,132.62,28.1,,,,,,,,,,,,,,,,
EXO,110827950,,,,,,,,,,,,SAFE,-12.689,31.677,0.969,0.275,-1.245,0.009,0.0,0.009,0.009,0.0,0.0,0.0,0.0,0.0,0.0
IMU,110917463.0,1,0.1006,-0.9434,0.0088,12.08,13.73,-6.47,-85.53,-5.49,73.09,27.0,,,,,,,,,,,,,,,,
IMU,110911985.0,2,0.0938,-0.9478,-0.0171,10.74,16.91,61.04,-86.29,-9.13,130.52,28.3,,,,,,,,,,,,,,,,
EXO,110927971,,,,,,,,,,,,SAFE,-6.757,16.907,0.953,0.158,-1.092,0.008,0.0,0.008,-0.039,0.0,0.0,0.0,0.0,0.0,0.0
IMU,111017629.0,1,0.1094,-1.0078,-0.0029,-0.49,18.49,-6.77,-84.86,-6.0,71.47,27.1,,,,,,,,,,,,,,,,
IMU,111011916.0,2,0.0649,-1.0215,-0.083,-4.39,19.71,40.47,-86.04,-3.64,129.02,28.0,,,,,,,,,,,,,,,,
EXO,111028007,,,,,,,,,,,,SAFE,-1.269,19.714,1.027,0.081,-0.413,0.007,0.0,0.007,-0.029,0.0,0.0,0.0,0.0,0.0,0.0
IMU,111117785.0,1,0.062,-0.9585,0.0269,-21.73,36.8,-8.0,-85.67,-6.55,68.01,27.0,,,,,,,,,,,,,,,,
IMU,111111831.0,2,-0.0156,-0.9907,-0.0464,-16.36,43.76,-9.16,-87.14,-1.85,125.41,28.1,,,,,,,,,,,,,,,,
EXO,111128169,,,,,,,,,,,,SAFE,0.527,43.762,0.992,0.078,-0.069,0.007,0.0,0.007,0.011,0.0,0.0,0.0,0.0,0.0,0.0
IMU,111217957.0,1,0.0845,-0.9443,0.0566,-17.58,10.38,-24.96,-87.67,-8.46,66.53,27.0,,,,,,,,,,,,,,,,
IMU,111211764.0,2,-0.084,-0.9692,0.0791,-15.44,11.35,-26.98,-88.98,-3.94,123.41,28.1,,,,,,,,,,,,,,,,
EXO,111228272,,,,,,,,,,,,SAFE,-1.566,11.353,0.976,0.078,-0.201,0.007,0.0,0.007,0.014,0.0,0.0,0.0,0.0,0.0,0.0
IMU,111318111.0,1,0.189,-1.0122,0.0361,6.1,1.53,-1.34,-87.89,-9.27,65.35,27.1,,,,,,,,,,,,,,,,
IMU,111311679.0,2,0.0386,-1.0415,0.0679,1.1,6.16,-0.98,-89.18,-4.74,121.94,28.1,,,,,,,,,,,,,,,,
EXO,111327480,,,,,,,,,,,,SAFE,-2.368,6.165,1.044,0.078,-0.014,0.007,0.0,0.007,0.013,0.0,0.0,0.0,0.0,0.0,0.0
IMU,111418270.0,1,0.1577,-0.979,0.0542,1.95,-21.61,-1.95,-87.87,-9.45,67.02,27.0,,,,,,,,,,,,,,,,
IMU,111411613.0,2,0.0439,-0.9985,0.0142,0.06,-22.71,-2.32,-89.21,-4.69,123.34,28.1,,,,,,,,,,,,,,,,
EXO,111427810,,,,,,,,,,,,SAFE,-2.318,-22.705,1.0,0.078,-0.136,0.007,0.0,0.007,0.001,0.0,0.0,0.0,0.0,0.0,0.0
IMU,111518430.0,1,0.2388,-0.9951,0.0527,2.38,-8.12,6.77,-87.82,-9.48,68.41,27.1,,,,,,,,,,,,,,,,
IMU,111511524.0,2,0.0522,-1.0312,0.0068,-6.59,-12.15,5.49,-89.45,-4.6,124.78,28.1,,,,,,,,,,,,,,,,
EXO,111527668,,,,,,,,,,,,SAFE,-2.225,-12.146,1.033,0.078,-0.075,0.007,0.0,0.007,0.004,0.0,0.0,0.0,0.0,0.0,0.0
IMU,111618592.0,1,0.1797,-1.0088,0.0063,-0.18,18.62,19.47,-87.8,-8.15,67.34,27.0,,,,,,,,,,,,,,,,
IMU,111611465.0,2,-0.002,-1.0322,-0.0513,-2.87,18.49,18.98,-89.68,-3.05,123.77,28.0,,,,,,,,,,,,,,,,
EXO,111628006,,,,,,,,,,,,SAFE,-0.676,18.494,1.034,0.078,0.034,0.007,0.0,0.007,-0.004,0.0,0.0,0.0,0.0,0.0,0.0
IMU,111718747.0,1,0.0752,-0.9902,0.0073,0.12,0.92,21.97,-87.86,-6.15,66.51,27.1,,,,,,,,,,,,,,,,
IMU,111711374.0,2,-0.0317,-0.9922,-0.0293,2.2,0.37,22.46,-89.7,-0.83,122.67,28.1,,,,,,,,,,,,,,,,
EXO,111727660,,,,,,,,,,,,SAFE,1.544,0.366,0.993,0.078,0.01,0.006,0.0,0.006,0.008,0.0,0.0,0.0,0.0,0.0,0.0
IMU,111818907.0,1,0.0542,-0.9575,0.041,4.94,11.41,18.86,-87.65,-4.36,66.1,27.0,,,,,,,,,,,,,,,,
IMU,111811316.0,2,-0.084,-0.937,0.0391,7.26,10.74,18.86,-89.29,1.12,122.29,28.0,,,,,,,,,,,,,,,,
EXO,111827640,,,,,,,,,,,,SAFE,3.488,10.742,0.942,0.078,-0.036,0.006,0.0,0.006,-0.011,0.0,0.0,0.0,0.0,0.0,0.0
IMU,111919077.0,1,0.0396,-0.9688,0.0679,15.32,10.13,18.74,-86.75,-2.49,65.19,27.3,,,,,,,,,,,,,,,,
IMU,111911254.0,2,-0.0903,-0.9556,0.0376,12.94,9.09,19.71,-88.33,3.15,121.37,28.2,,,,,,,,,,,,,,,,
EXO,111927904,,,,,,,,,,,,SAFE,5.521,9.094,0.961,0.078,0.038,0.005,0.0,0.005,0.004,0.0,0.0,0.0,0.0,0.0,0.0
IMU,112019226.0,1,-0.0459,-0.9966,0.0244,0.0,-19.84,2.14,-86.42,-1.45,66.19,27.1,,,,,,,,,,,,,,,,
IMU,112011203.0,2,-0.1152,-1.0039,-0.0547,-3.72,-26.98,3.36,-88.04,4.42,122.14,28.2,,,,,,,,,,,,,,,,
EXO,112027943,,,,,,,,,,,,SAFE,6.795,-26.978,1.012,0.078,0.001,0.005,0.0,0.005,-0.008,0.0,0.0,0.0,0.0,0.0,0.0
IMU,112119399.0,1,0.0015,-1.0317,0.0132,5.92,-5.19,3.72,-86.65,-1.2,67.93,27.0,,,,,,,,,,,,,,,,
IMU,112111124.0,2,-0.1504,-1.0215,0.0518,3.3,-8.3,4.15,-88.12,4.66,123.94,28.2,,,,,,,,,,,,,,,,
EXO,112127495,,,,,,,,,,,,SAFE,7.031,-8.301,1.034,0.078,0.042,0.005,0.0,0.005,-0.002,0.0,0.0,0.0,0.0,0.0,0.0
IMU,112219560.0,1,-0.0259,-0.9937,0.0034,12.7,1.53,10.56,-85.88,-0.47,67.52,27.0,,,,,,,,,,,,,,,,
IMU,112211053.0,2,-0.167,-0.979,0.0166,10.56,2.75,10.44,-87.5,5.53,123.59,28.1,,,,,,,,,,,,,,,,
EXO,112227736,,,,,,,,,,,,SAFE,7.899,2.747,0.993,0.078,-0.048,0.005,0.0,0.005,0.003,0.0,0.0,0.0,0.0,0.0,0.0
IMU,112319718.0,1,-0.0269,-0.9712,-0.0391,3.05,-12.76,-9.95,-85.65,-0.45,67.48,27.0,,,,,,,,,,,,,,,,
IMU,112310976.0,2,-0.147,-0.9541,0.0322,-4.21,-4.09,-10.44,-87.28,5.79,123.38,28.1,,,,,,,,,,,,,,,,
EXO,112328086,,,,,,,,,,,,SAFE,8.163,-4.089,0.966,0.078,-0.001,0.005,0.0,0.005,-0.004,0.0,0.0,0.0,0.0,0.0,0.0
IMU,112419889.0,1,0.0645,-0.9678,0.1675,19.78,-12.45,-9.52,-84.33,-1.55,69.4,27.1,,,,,,,,,,,,,,,,
IMU,112410918.0,2,-0.1226,-0.9863,0.0327,29.3,-19.35,-10.44,-85.93,4.76,125.26,28.1,,,,,,,,,,,,,,,,
EXO,112428135,,,,,,,,,,,,SAFE,7.136,-19.348,0.994,0.078,0.148,0.005,0.0,0.005,0.003,0.0,0.0,0.0,0.0,0.0,0.0
IMU,112520034.0,1,0.1411,-0.9839,0.0728,10.5,-13.0,-8.73,-83.47,-2.79,67.38,27.1,,,,,,,,,,,,,,,,
IMU,112510837.0,2,-0.0801,-0.9756,0.0649,1.89,3.78,-12.57,-85.08,3.62,123.4,28.0,,,,,,,,,,,,,,,,
EXO,112527851,,,,,,,,,,,,SAFE,5.993,3.784,0.981,0.078,0.014,0.005,0.0,0.005,-0.007,0.0,0.0,0.0,0.0,0.0,0.0
IMU,112620200.0,1,0.0557,-1.0063,0.1606,-16.24,-4.09,-11.9,-83.96,-3.66,68.79,27.1,,,,,,,,,,,,,,,,
IMU,112610773.0,2,-0.062,-0.9756,0.0767,-11.05,-4.39,-10.74,-85.23,2.89,124.72,28.2,,,,,,,,,,,,,,,,
EXO,112628187,,,,,,,,,,,,SAFE,5.262,-4.395,0.981,0.078,-0.08,0.005,0.0,0.005,0.01,0.0,0.0,0.0,0.0,0.0,0.0
IMU,112720351.0,1,0.0825,-1.0537,0.0815,0.73,-40.95,5.37,-84.78,-4.33,72.58,27.0,,,,,,,,,,,,,,,,
IMU,112710714.0,2,-0.0796,-1.0254,0.0757,1.16,-47.73,1.53,-85.98,2.14,127.83,28.1,,,,,,,,,,,,,,,,
EXO,112727668,,,,,,,,,,,,SAFE,4.515,-47.729,1.031,0.078,-0.065,0.006,0.0,0.006,-0.009,0.0,0.0,0.0,0.0,0.0,0.0
IMU,112820517.0,1,0.083,-0.8823,0.2158,-7.93,10.07,-6.59,-84.79,-4.75,73.81,27.0,,,,,,,,,,,,,,,,
IMU,112810631.0,2,-0.1504,-0.9082,0.0581,-5.43,1.16,-10.99,-86.04,1.91,129.53,28.1,,,,,,,,,,,,,,,,
EXO,112827839,,,,,,,,,,,,SAFE,4.279,1.16,0.922,0.078,-0.01,0.006,0.0,0.006,-0.003,0.0,0.0,0.0,0.0,0.0,0.0
IMU,112920682.0,1,0.0811,-0.9937,0.1538,-3.72,-0.92,-13.98,-84.4,-5.39,73.39,27.2,,,,,,,,,,,,,,,,
IMU,112910586.0,2,-0.0205,-1.0015,-0.0005,8.97,-3.23,-12.57,-85.79,1.09,128.95,28.1,,,,,,,,,,,,,,,,
EXO,112928059,,,,,,,,,,,,SAFE,3.461,-3.235,1.002,0.078,0.081,0.006,0.0,0.006,0.002,0.0,0.0,0.0,0.0,0.0,0.0
IMU,113020828.0,1,0.1309,-1.0483,0.1084,-10.8,-15.93,-4.46,-85.09,-6.49,74.35,27.1,,,,,,,,,,,,,,,,
IMU,113010494.0,2,-0.0176,-1.0688,0.0293,-7.75,-15.75,-6.65,-86.17,-0.08,129.56,28.2,,,,,,,,,,,,,,,,
EXO,113028190,,,,,,,,,,,,SAFE,2.296,-15.747,1.069,0.079,0.04,0.006,0.0,0.006,0.002,0.0,0.0,0.0,0.0,0.0,0.0
IMU,113120993.0,1,0.1172,-0.9399,-0.001,-13.49,-13.49,-5.37,-87.01,-7.25,75.38,27.1,,,,,,,,,,,,,,,,
IMU,113110423.0,2,-0.0234,-0.9688,0.064,-18.13,-13.73,-7.69,-88.17,-0.87,130.44,28.1,,,,,,,,,,,,,,,,
EXO,113128389,,,,,,,,,,,,SAFE,1.5,-13.733,0.971,0.079,-0.032,0.006,0.0,0.006,0.02,0.0,0.0,0.0,0.0,0.0,0.0
IMU,113221144.0,1,0.1724,-0.9834,-0.0034,11.11,7.26,-11.05,-86.51,-8.22,73.78,27.1,,,,,,,,,,,,,,,,
IMU,113210356.0,2,-0.0347,-1.0454,-0.0835,14.89,16.72,-13.06,-88.26,-1.72,129.12,28.1,,,,,,,,,,,,,,,,
EXO,113228179,,,,,,,,,,,,SAFE,0.648,16.724,1.049,0.078,-0.076,0.006,0.0,0.006,-0.01,0.0,0.0,0.0,0.0,0.0,0.0
IMU,113321297.0,1,0.2188,-1.0005,0.0298,5.74,10.31,-3.66,-85.76,-9.0,73.39,27.1,,,,,,,,,,,,,,,,
IMU,113310268.0,2,0.0312,-1.0205,0.0112,6.04,8.24,-5.55,-87.2,-2.53,128.73,28.1,,,,,,,,,,,,,,,,
EXO,113327694,,,,,,,,,,,,SAFE,-0.154,8.24,1.021,0.079,0.049,0.007,0.0,0.007,-0.01,0.0,0.0,0.0,0.0,0.0,0.0
IMU,113421458.0,1,0.1445,-0.9575,0.0825,3.48,12.45,0.49,-84.92,-8.96,71.55,27.1,,,,,,,,,,,,,,,,
IMU,113410204.0,2,0.0215,-0.9863,-0.0034,5.98,17.15,0.67,-86.55,-2.47,127.05,28.1,,,,,,,,,,,,,,,,
EXO,113427571,,,,,,,,,,,,SAFE,-0.093,17.151,0.987,0.08,0.044,0.007,0.0,0.007,-0.011,0.0,0.0,0.0,0.0,0.0,0.0
IMU,113521625.0,1,0.2036,-0.9463,0.1211,2.93,-4.27,0.98,-84.57,-8.95,71.53,27.1,,,,,,,,,,,,,,,,
IMU,113510108.0,2,0.0669,-0.9897,0.0713,6.41,-4.03,-1.4,-86.23,-2.44,126.78,28.3,,,,,,,,,,,,,,,,
EXO,113527562,,,,,,,,,,,,SAFE,-0.066,-4.028,0.995,0.093,0.508,0.007,0.0,0.007,-0.045,0.0,0.0,0.0,0.0,0.0,0.0
IMU,113621769.0,1,0.1455,-0.9883,0.0947,4.76,-6.47,20.2,-83.99,-7.68,71.17,27.1,,,,,,,,,,,,,,,,
IMU,113610034.0,2,0.0239,-1.0005,0.0767,-0.79,5.74,-17.27,-86.01,-3.29,126.37,28.1,,,,,,,,,,,,,,,,
EXO,113627723,,,,,,,,,,,,SAFE,-0.917,5.737,1.004,0.17,1.09,0.007,0.0,0.007,0.014,0.0,0.0,0.0,0.0,0.0,0.0
IMU,113721918.0,1,0.0767,-1.0337,0.104,-1.95,-22.34,31.43,-84.16,-5.28,73.03,27.2,,,,,,,,,,,,,,,,
IMU,113709947.0,2,0.0928,-1.0317,0.0308,1.71,-23.8,-29.17,-86.18,-5.84,127.63,28.1,,,,,,,,,,,,,,,,
EXO,113727998,,,,,,,,,,,,SAFE,-3.472,-23.804,1.036,0.283,1.468,0.007,0.0,0.007,-0.014,0.0,0.0,0.0,0.0,0.0,0.0
IMU,113822078.0,1,0.0254,-0.9849,0.106,-7.81,-13.31,32.47,-84.85,-2.22,75.34,27.0,,,,,,,,,,,,,,,,
IMU,113809866.0,2,0.2256,-0.9854,0.0698,-4.09,-18.98,-46.2,-86.85,-9.65,129.67,28.1,,,,,,,,,,,,,,,,
EXO,113828113,,,,,,,,,,,,SAFE,-7.278,-18.982,1.013,0.425,1.385,0.008,0.0,0.008,-0.066,0.0,0.0,0.0,0.0,0.0,0.0
IMU,113922234.0,1,0.0107,-0.9775,0.0815,-4.7,-24.05,26.73,-85.47,0.33,77.37,27.0,,,,,,,,,,,,,,,,
IMU,113909810.0,2,0.2998,-0.9614,0.0771,2.93,-22.95,-60.36,-87.39,-15.15,131.37,28.1,,,,,,,,,,,,,,,,
EXO,113928022,,,,,,,,,,,,SAFE,-12.777,-22.949,1.01,0.577,1.497,0.009,0.0,0.009,0.084,0.0,0.0,0.0,0.0,0.0,0.0
IMU,114022382.0,1,-0.0283,-0.9995,0.0483,-2.62,-14.47,24.05,-85.75,2.64,79.48,27.1,,,,,,,,,,,,,,,,
IMU,114009739.0,2,0.3477,-0.9312,0.0127,6.65,-16.24,-62.5,-87.3,-21.12,133.32,28.1,,,,,,,,,,,,,,,,
EXO,114028088,,,,,,,,,,,,SAFE,-18.748,-16.235,0.994,0.721,1.164,0.009,0.0,0.009,-0.039,0.0,0.0,0.0,0.0,0.0,0.0
IMU,114122555.0,1,-0.0854,-1.0117,0.0625,-5.43,-20.2,21.36,-85.99,4.79,81.01,27.1,,,,,,,,,,,,,,,,
IMU,114109689.0,2,0.377,-0.9023,0.0303,6.84,-16.17,-36.19,-87.23,-25.93,134.58,28.0,,,,,,,,,,,,,,,,
EXO,114128114,,,,,,,,,,,,SAFE,-23.56,-16.174,0.978,0.806,0.144,0.01,0.0,0.01,0.141,0.0,0.0,0.0,0.0,0.0,0.0
IMU,114222713.0,1,-0.0918,-0.9893,0.1074,-4.58,-17.58,6.84,-86.23,5.98,83.4,27.0,,,,,,,,,,,,,,,,
IMU,114209612.0,2,0.4536,-0.8618,0.0278,15.44,-18.8,25.09,-87.34,-26.25,136.98,28.2,,,,,,,,,,,,,,,,
EXO,114228010,,,,,,,,,,,,SAFE,-23.873,-18.799,0.974,0.783,-0.187,0.01,0.0,0.01,0.038,0.0,0.0,0.0,0.0,0.0,0.0
IMU,114322889.0,1,-0.1489,-1.0732,0.0371,-4.39,2.32,7.39,-86.46,6.76,84.05,27.0,,,,,,,,,,,,,,,,
IMU,114309527.0,2,0.4731,-0.9614,0.0024,-6.04,-2.87,23.32,-87.8,-23.8,138.19,28.2,,,,,,,,,,,,,,,,
EXO,114327750,,,,,,,,,,,,SAFE,-21.423,-2.869,1.072,0.753,-0.553,0.01,0.0,0.01,0.117,0.0,0.0,0.0,0.0,0.0,0.0
IMU,114423039.0,1,-0.1338,-0.9634,0.0859,-0.24,-9.16,-14.53,-86.52,6.3,84.57,27.1,,,,,,,,,,,,,,,,
IMU,114409472.0,2,0.3535,-0.9268,0.0518,10.13,-2.93,39.37,-88.09,-21.39,138.72,28.2,,,,,,,,,,,,,,,,
EXO,114428020,,,,,,,,,,,,SAFE,-19.017,-2.93,0.993,0.651,-1.282,0.009,0.0,0.009,0.062,0.0,0.0,0.0,0.0,0.0,0.0
IMU,114523208.0,1,-0.1274,-0.9316,0.0981,-5.19,-21.61,-9.89,-86.52,5.16,86.36,27.0,,,,,,,,,,,,,,,,
IMU,114509385.0,2,0.1978,-0.9165,0.0322,6.29,-21.36,70.01,-87.9,-15.92,140.43,28.2,,,,,,,,,,,,,,,,
EXO,114528015,,,,,,,,,,,,SAFE,-13.552,-21.362,0.938,0.507,-1.447,0.009,0.0,0.009,0.033,0.0,0.0,0.0,0.0,0.0,0.0
IMU,114623380.0,1,-0.0913,-0.978,0.0464,-1.28,-8.79,-13.98,-86.7,3.91,87.84,27.1,,,,,,,,,,,,,,,,
IMU,114609294.0,2,0.1211,-0.9805,0.0405,1.59,-8.54,64.82,-88.28,-9.27,142.36,28.3,,,,,,,,,,,,,,,,
EXO,114627847,,,,,,,,,,,,SAFE,-6.899,-8.545,0.989,0.374,-1.252,0.008,0.0,0.008,-0.074,0.0,0.0,0.0,0.0,0.0,0.0
IMU,114723540.0,1,-0.0635,-0.9951,0.1895,7.2,-8.36,-8.97,-86.08,2.66,88.69,27.0,,,,,,,,,,,,,,,,
IMU,114709214.0,2,0.0732,-0.9878,0.1045,15.62,-8.48,51.27,-87.63,-3.99,143.22,28.1,,,,,,,,,,,,,,,,
EXO,114727739,,,,,,,,,,,,SAFE,-1.62,-8.484,0.996,0.277,-0.802,0.007,0.0,0.007,-0.06,0.0,0.0,0.0,0.0,0.0,0.0
IMU,114823699.0,1,-0.0361,-1.0391,0.126,6.84,42.18,5.25,-85.26,2.69,86.63,27.2,,,,,,,,,,,,,,,,
IMU,114809146.0,2,0.0337,-1.0215,0.083,2.14,44.62,36.25,-87.15,0.05,141.92,28.2,,,,,,,,,,,,,,,,
EXO,114827476,,,,,,,,,,,,SAFE,2.428,44.617,1.025,0.237,-0.119,0.006,0.0,0.006,0.025,0.0,0.0,0.0,0.0,0.0,0.0
IMU,114923866.0,1,-0.0459,-0.979,-0.0103,-4.39,29.79,-4.21,-85.28,3.69,82.11,27.0,,,,,,,,,,,,,,,,
IMU,114909068.0,2,0.0107,-0.9814,-0.0654,-5.19,45.04,21.91,-87.87,2.61,137.07,28.3,,,,,,,,,,,,,,,,
EXO,114927933,,,,,,,,,,,,SAFE,4.982,45.044,0.984,0.2,-0.303,0.005,0.0,0.005,-0.049,0.0,0.0,0.0,0.0,0.0,0.0
IMU,115024014.0,1,-0.1021,-0.9824,0.0713,-7.45,18.07,-2.14,-86.26,3.41,79.97,27.1,,,,,,,,,,,,,,,,
IMU,115008969.0,2,-0.0288,-0.9526,0.0078,-6.23,14.77,8.36,-88.76,4.19,134.75,28.1,,,,,,,,,,,,,,,,
EXO,115027739,,,,,,,,,,,,SAFE,6.564,14.771,0.953,0.191,-0.003,0.005,0.0,0.005,0.004,0.0,0.0,0.0,0.0,0.0,0.0
IMU,115024014.0,1,-0.1021,-0.9824,0.0713,-7.45,18.07,-2.14,-86.26,3.41,79.97,27.1,,,,,,,,,,,,,,,,
IMU,115108882.0,2,-0.1001,-0.9937,0.0181,-6.23,-0.06,-15.93,-89.62,3.53,133.65,28.0,,,,,,,,,,,,,,,,
EXO,115127905,,,,,,,,,,,,SAFE,5.905,-0.061,0.999,0.193,0.084,0.005,0.0,0.005,-0.001,0.0,0.0,0.0,0.0,0.0,0.0
IMU,115124181.0,1,-0.1021,-0.9937,0.0664,-5.92,3.23,-7.69,-87.2,2.98,79.09,27.1,,,,,,,,,,,,,,,,
IMU,115208806.0,2,-0.0635,-0.9795,0.0288,-3.78,15.38,-18.19,-89.96,1.77,133.52,28.1,,,,,,,,,,,,,,,,
EXO,115227851,,,,,,,,,,,,SAFE,4.147,15.381,0.982,0.205,0.465,0.006,0.0,0.006,-0.051,0.0,0.0,0.0,0.0,0.0,0.0
IMU,115224382.0,1,0.0054,-0.9741,0.1226,-6.9,26.0,-11.54,-87.64,1.66,78.64,27.1,,,,,,,,,,,,,,,,
IMU,115308732.0,2,-0.0366,-1.0308,0.0396,-12.45,57.68,-5.07,-91.07,0.81,127.86,28.3,,,,,,,,,,,,,,,,
EXO,115327940,,,,,,,,,,,,SAFE,3.181,57.678,1.032,0.236,-0.018,0.006,0.0,0.006,0.008,0.0,0.0,0.0,0.0,0.0,0.0
IMU,115324663.0,1,-0.0737,-1.0376,-0.0024,-3.97,31.56,16.36,-88.52,2.63,72.73,27.0,,,,,,,,,,,,,,,,
IMU,115408673.0,2,-0.0483,-1.0293,-0.064,15.26,11.6,-9.64,-90.97,0.31,126.98,28.0,,,,,,,,,,,,,,,,
EXO,115428033,,,,,,,,,,,,SAFE,2.686,11.597,1.032,0.239,0.048,0.006,0.0,0.006,0.002,0.0,0.0,0.0,0.0,0.0,0.0
IMU,115424745.0,1,-0.0615,-1.0239,0.022,6.96,7.02,-6.29,-88.03,2.65,72.32,27.1,,,,,,,,,,,,,,,,
IMU,115508589.0,2,-0.0308,-0.9858,-0.0679,7.32,6.16,0.18,-89.92,0.13,126.36,28.0,,,,,,,,,,,,,,,,
EXO,115527498,,,,,,,,,,,,SAFE,2.499,6.165,0.989,0.239,-0.15,0.006,0.0,0.006,-0.003,0.0,0.0,0.0,0.0,0.0,0.0
IMU,115524877.0,1,-0.0513,-0.9746,0.0132,8.61,4.39,0.73,-87.08,2.48,71.87,27.0,,,,,,,,,,,,,,,,
IMU,115608504.0,2,-0.0122,-0.9756,-0.0122,4.39,-4.52,-0.31,-89.42,0.33,126.33,28.1,,,,,,,,,,,,,,,,
EXO,115627527,,,,,,,,,,,,SAFE,2.703,-4.517,0.976,0.239,-0.037,0.006,0.0,0.006,-0.006,0.0,0.0,0.0,0.0,0.0,0.0
IMU,115625067.0,1,-0.0557,-0.9795,0.0527,3.3,-5.13,-0.92,-86.84,2.54,72.13,27.1,,,,,,,,,,,,,,,,
IMU,115708431.0,2,-0.0146,-0.9971,-0.0117,-2.14,-7.26,-3.91,-89.39,0.05,127.16,28.1,,,,,,,,,,,,,,,,
EXO,115727780,,,,,,,,,,,,SAFE,2.422,-7.263,0.997,0.239,-0.033,0.006,0.0,0.006,-0.024,0.0,0.0,0.0,0.0,0.0,0.0
IMU,115725204.0,1,-0.0371,-0.9893,0.0659,-3.97,-7.93,-3.54,-86.9,2.2,73.02,27.1,,,,,,,,,,,,,,,,
IMU,115808360.0,2,-0.0269,-0.9805,0.019,-3.97,-6.96,-3.11,-89.9,-0.33,128.11,28.1,,,,,,,,,,,,,,,,
EXO,115827919,,,,,,,,,,,,SAFE,2.043,-6.958,0.981,0.239,-0.028,0.006,0.0,0.006,0.008,0.0,0.0,0.0,0.0,0.0,0.0
IMU,115825371.0,1,-0.0464,-0.9727,0.0625,-4.58,-5.8,-2.2,-87.37,1.86,73.92,27.1,,,,,,,,,,,,,,,,
IMU,115908300.0,2,0.1323,-1.0078,-0.0039,5.49,-22.28,-11.17,-90.13,-0.71,129.06,28.1,,,,,,,,,,,,,,,,
EXO,115928018,,,,,,,,,,,,SAFE,1.664,-22.278,1.016,0.241,0.166,0.006,0.0,0.006,0.017,0.0,0.0,0.0,0.0,0.0,0.0
IMU,115925527.0,1,0.0171,-1.0278,0.0288,-0.24,-19.23,-13.49,-87.48,1.34,75.12,27.0,,,,,,,,,,,,,,,,
IMU,116008216.0,2,0.0171,-1.0112,-0.0132,-3.42,-0.61,-15.5,-90.26,-2.37,129.85,28.1,,,,,,,,,,,,,,,,
EXO,116028089,,,,,,,,,,,,SAFE,0.0,-0.61,1.011,0.257,0.206,0.007,0.0,0.007,-0.053,0.0,0.0,0.0,0.0,0.0,0.0
IMU,116025684.0,1,-0.0103,-1.0083,0.0615,-5.43,-1.53,-6.84,-87.82,-0.04,75.54,27.1,,,,,,,,,,,,,,,,
IMU,116108136.0,2,0.0547,-1.0127,0.0352,-0.24,-6.1,-15.5,-90.69,-3.86,130.31,28.2,,,,,,,,,,,,,,,,
EXO,116127994,,,,,,,,,,,,SAFE,-1.483,-6.104,1.015,0.29,0.179,0.007,0.0,0.007,-0.002,0.0,0.0,0.0,0.0,0.0,0.0
IMU,116125828.0,1,0.0083,-1.0142,0.0615,-0.67,-4.58,6.77,-88.22,0.09,76.04,27.1,,,,,,,,,,,,,,,,
IMU,116208036.0,2,0.0962,-1.0068,0.0166,7.63,-15.14,-6.77,-90.26,-5.03,131.97,28.3,,,,,,,,,,,,,,,,
EXO,116227666,,,,,,,,,,,,SAFE,-2.653,-15.137,1.012,0.293,-0.009,0.007,0.0,0.007,-0.009,0.0,0.0,0.0,0.0,0.0,0.0
IMU,116225983.0,1,0.0396,-1.0132,0.0444,6.77,-10.07,-5.0,-87.89,0.1,77.84,27.0,,,,,,,,,,,,,,,,
IMU,116307959.0,2,0.145,-0.9814,0.0029,1.53,-3.11,-6.71,-89.86,-5.5,132.46,28.1,,,,,,,,,,,,,,,,
EXO,116327652,,,,,,,,,,,,SAFE,-3.126,-3.113,0.992,0.296,0.189,0.007,0.0,0.007,-0.066,0.0,0.0,0.0,0.0,0.0,0.0
IMU,116326141.0,1,0.0244,-0.9902,0.0586,-0.06,-4.21,-7.87,-87.57,-0.46,78.26,27.2,,,,,,,,,,,,,,,,
IMU,116407880.0,2,0.1382,-0.9873,0.0229,3.78,9.7,-39.79,-89.71,-7.31,132.31,28.2,,,,,,,,,,,,,,,,
EXO,116427738,,,,,,,,,,,,SAFE,-4.933,9.705,0.997,0.367,0.926,0.008,0.0,0.008,-0.093,0.0,0.0,0.0,0.0,0.0,0.0
IMU,116426304.0,1,0.0059,-0.9922,0.0645,3.11,6.53,-4.46,-87.45,-1.32,77.96,27.1,,,,,,,,,,,,,,,,
IMU,116507791.0,2,0.1782,-1.0005,-0.0483,-0.24,-3.54,-61.46,-89.35,-12.32,132.02,28.3,,,,,,,,,,,,,,,,
EXO,116527891,,,,,,,,,,,,SAFE,-9.943,-3.54,1.017,0.483,1.197,0.008,0.0,0.008,-0.067,0.0,0.0,0.0,0.0,0.0,0.0
IMU,116526445.0,1,-0.0127,-1.0166,0.019,-4.33,-0.92,5.13,-87.39,-0.92,77.87,27.1,,,,,,,,,,,,,,,,
IMU,116607723.0,2,0.2886,-0.9639,0.0239,7.02,-12.08,-64.82,-89.47,-18.34,132.58,28.2,,,,,,,,,,,,,,,,
EXO,116627986,,,,,,,,,,,,SAFE,-15.963,-12.085,1.006,0.611,1.283,0.009,0.0,0.009,-0.019,0.0,0.0,0.0,0.0,0.0,0.0
IMU,116626613.0,1,-0.02,-1.0215,0.0264,-0.55,-10.01,9.34,-87.83,-0.18,78.57,27.0,,,,,,,,,,,,,,,,
IMU,116707669.0,2,0.4219,-0.9473,-0.0225,-5.49,-8.18,-61.52,-89.4,-24.26,133.18,28.3,,,,,,,,,,,,,,,,
EXO,116728175,,,,,,,,,,,,SAFE,-21.89,-8.179,1.037,0.747,1.413,0.01,0.0,0.01,0.074,0.0,0.0,0.0,0.0,0.0,0.0
IMU,116726758.0,1,-0.0283,-0.9956,0.0088,-4.88,-3.42,17.76,-87.74,1.15,79.09,27.1,,,,,,,,,,,,,,,,
IMU,116807589.0,2,0.4429,-0.8613,-0.0024,6.84,-20.75,-54.93,-89.87,-29.83,134.48,28.2,,,,,,,,,,,,,,,,
EXO,116828081,,,,,,,,,,,,SAFE,-27.46,-20.752,0.969,0.872,1.071,0.01,0.0,0.01,0.116,0.0,0.0,0.0,0.0,0.0,0.0
IMU,116826916.0,1,-0.0654,-0.9976,0.0239,-9.52,-19.04,21.61,-88.57,2.96,80.35,27.0,,,,,,,,,,,,,,,,
IMU,116907516.0,2,0.6499,-0.834,0.0264,15.2,-17.82,-35.46,-90.08,-33.91,136.86,28.2,,,,,,,,,,,,,,,,
EXO,116928199,,,,,,,,,,,,SAFE,-31.542,-17.822,1.058,0.967,0.753,0.01,0.0,0.01,0.036,0.0,0.0,0.0,0.0,0.0,0.0
IMU,116927081.0,1,-0.0518,-1.041,0.0303,0.06,-18.8,21.0,-88.87,5.14,82.39,27.2,,,,,,,,,,,,,,,,
IMU,117007441.0,2,0.5317,-0.7378,-0.0215,4.82,-0.37,-2.81,-89.49,-36.29,137.93,28.2,,,,,,,,,,,,,,,,
EXO,117027924,,,,,,,,,,,,SAFE,-33.92,-0.366,0.91,0.966,-0.426,0.01,0.0,0.01,-0.006,0.0,0.0,0.0,0.0,0.0,0.0
IMU,117027244.0,1,-0.0532,-0.9595,-0.02,0.61,-9.77,5.49,-88.66,6.25,83.52,27.2,,,,,,,,,,,,,,,,
IMU,117107359.0,2,0.6221,-0.7681,0.0396,-8.12,6.47,36.13,-89.6,-33.9,137.98,28.1,,,,,,,,,,,,,,,,
EXO,117127735,,,,,,,,,,,,SAFE,-31.525,6.47,0.989,0.913,-0.993,0.01,0.0,0.01,0.066,0.0,0.0,0.0,0.0,0.0,0.0
IMU,117127413.0,1,-0.062,-0.9614,0.0342,-0.79,12.63,6.23,-88.71,6.77,83.1,27.1,,,,,,,,,,,,,,,,
IMU,117207284.0,2,0.6055,-0.8525,0.0132,-8.97,10.74,48.22,-89.91,-29.99,137.11,28.1,,,,,,,,,,,,,,,,
EXO,117227839,,,,,,,,,,,,SAFE,-27.614,10.742,1.046,0.809,-0.967,0.01,0.0,0.01,0.08,0.0,0.0,0.0,0.0,0.0,0.0
IMU,117227589.0,1,-0.106,-1.0439,0.0083,2.2,13.18,-16.36,-88.66,6.21,82.06,27.0,,,,,,,,,,,,,,,,
IMU,117307215.0,2,0.3716,-0.9258,0.0303,-17.33,11.41,49.62,-90.16,-25.97,135.44,28.0,,,,,,,,,,,,,,,,
EXO,117328011,,,,,,,,,,,,SAFE,-23.593,11.414,0.998,0.694,-1.209,0.01,0.0,0.01,0.087,0.0,0.0,0.0,0.0,0.0,0.0
IMU,117327740.0,1,-0.1162,-0.9868,0.0757,-5.19,23.56,-10.07,-88.82,4.6,80.33,27.1,,,,,,,,,,,,,,,,
IMU,117407142.0,2,0.3345,-0.9375,0.0112,-5.0,-1.4,69.15,-91.15,-20.03,134.68,28.2,,,,,,,,,,,,,,,,
EXO,117428028,,,,,,,,,,,,SAFE,-17.655,-1.404,0.995,0.562,-1.505,0.009,0.0,0.009,0.03,0.0,0.0,0.0,0.0,0.0,0.0
IMU,117427904.0,1,-0.0962,-1.0127,0.021,1.53,3.23,-5.98,-89.37,4.09,79.72,27.3,,,,,,,,,,,,,,,,
IMU,117507052.0,2,0.1777,-0.9805,0.0283,10.31,19.96,76.48,-90.49,-13.08,133.37,28.3,,,,,,,,,,,,,,,,
EXO,117527731,,,,,,,,,,,,SAFE,-10.706,19.958,0.997,0.417,-1.519,0.009,0.0,0.009,0.074,0.0,0.0,0.0,0.0,0.0,0.0
IMU,117528096.0,1,-0.0786,-0.9678,0.0596,20.81,7.45,-7.69,-88.12,3.61,78.82,27.0,,,,,,,,,,,,,,,,
IMU,117606950.0,2,0.1055,-0.9902,-0.0073,10.07,19.29,70.07,-88.88,-6.06,131.49,28.0,,,,,,,,,,,,,,,,
EXO,117627821,,,,,,,,,,,,SAFE,-3.691,19.287,0.996,0.274,-1.381,0.007,0.0,0.007,-0.047,0.0,0.0,0.0,0.0,0.0,0.0
IMU,117628253.0,1,-0.0366,-1.0068,0.0679,12.57,9.03,-16.97,-86.48,2.37,77.39,27.2,,,,,,,,,,,,,,,,
IMU,117706850.0,2,0.043,-0.9917,-0.0254,-2.5,15.87,48.46,-88.38,-0.32,130.78,28.2,,,,,,,,,,,,,,,,
EXO,117727885,,,,,,,,,,,,SAFE,2.049,15.869,0.993,0.177,-0.385,0.006,0.0,0.006,-0.079,0.0,0.0,0.0,0.0,0.0,0.0
IMU,117728427.0,1,-0.0215,-0.9839,0.0498,-1.71,17.03,-15.5,-86.08,0.92,76.39,27.1,,,,,,,,,,,,,,,,
IMU,117806762.0,2,-0.0581,-0.9902,-0.0435,-17.52,8.24,16.91,-89.66,2.5,128.72,28.2,,,,,,,,,,,,,,,,
EXO,117828016,,,,,,,,,,,,SAFE,4.872,8.24,0.993,0.162,0.01,0.005,0.0,0.005,-0.004,0.0,0.0,0.0,0.0,0.0,0.0
IMU,117828602.0,1,-0.063,-1.0015,0.019,-14.77,-2.5,3.17,-87.08,0.63,74.71,27.1,,,,,,,,,,,,,,,,
IMU,117906739.0,2,0.0,-1.0166,0.0625,-1.77,-1.46,-13.73,-90.44,1.94,129.39,28.2,,,,,,,,,,,,,,,,
EXO,117927846,,,,,,,,,,,,SAFE,4.312,-1.465,1.019,0.162,-0.003,0.006,0.0,0.006,-0.022,0.0,0.0,0.0,0.0,0.0,0.0
IMU,117928762.0,1,0.0215,-1.0137,0.0459,4.03,-1.22,-16.11,-87.6,0.05,75.33,27.1,,,,,,,,,,,,,,,,
IMU,118006619.0,2,-0.022,-0.9927,0.0024,5.43,4.27,-13.24,-89.79,0.43,129.35,28.3,,,,,,,,,,,,,,,,
EXO,118027653,,,,,,,,,,,,SAFE,2.807,4.272,0.993,0.162,-0.057,0.006,0.0,0.006,0.006,0.0,0.0,0.0,0.0,0.0,0.0
IMU,118028940.0,1,0.0308,-0.9868,0.0562,5.07,4.21,-13.55,-87.07,-1.31,75.16,27.1,,,,,,,,,,,,,,,,
IMU,118106531.0,2,-0.0229,-0.9668,0.0034,1.89,-1.77,-8.3,-89.34,-0.58,129.03,28.2,,,,,,,,,,,,,,,,
EXO,118127717,,,,,,,,,,,,SAFE,1.796,-1.77,0.967,0.162,-0.169,0.006,0.0,0.006,-0.01,0.0,0.0,0.0,0.0,0.0,0.0
IMU,118129097.0,1,0.0386,-0.9653,0.0767,0.73,-5.8,-7.75,-86.76,-2.27,75.09,27.1,,,,,,,,,,,,,,,,
IMU,118206449.0,2,-0.001,-0.9863,0.0229,-4.52,-11.6,-5.0,-89.65,-1.16,129.68,28.0,,,,,,,,,,,,,,,,
EXO,118227889,,,,,,,,,,,,SAFE,1.214,-11.597,0.987,0.162,0.022,0.006,0.0,0.006,0.001,0.0,0.0,0.0,0.0,0.0,0.0
IMU,118229264.0,1,0.0635,-0.9956,0.0737,-6.41,-7.81,-2.56,-87.22,-2.82,75.87,27.0,,,,,,,,,,,,,,,,
IMU,118306371.0,2,0.0063,-1.0093,0.0303,3.48,4.39,-4.03,-89.93,-1.43,129.96,28.2,,,,,,,,,,,,,,,,
EXO,118327671,,,,,,,,,,,,SAFE,0.945,4.395,1.01,0.162,0.003,0.006,0.0,0.006,0.0,0.0,0.0,0.0,0.0,0.0,0.0
IMU,118329427.0,1,0.0415,-1.0112,0.0142,7.14,7.81,-5.68,-87.26,-3.19,75.81,27.0,,,,,,,,,,,,,,,,
IMU,118406341.0,2,0.0132,-1.0034,0.0044,12.63,2.08,-8.24,-88.94,-1.99,129.5,28.3,,,,,,,,,,,,,,,,
EXO,118427584,,,,,,,,,,,,SAFE,0.385,2.075,1.004,0.162,-0.046,0.007,0.0,0.007,0.005,0.0,0.0,0.0,0.0,0.0,0.0
IMU,118429595.0,1,0.085,-1.0381,0.0625,5.13,6.9,-8.12,-86.36,-3.91,75.39,27.2,,,,,,,,,,,,,,,,
IMU,118506201.0,2,0.0059,-1.0273,-0.0254,-6.84,20.75,-5.92,-88.91,-2.58,128.51,28.4,,,,,,,,,,,,,,,,
EXO,118527731,,,,,,,,,,,,SAFE,-0.209,20.752,1.028,0.162,0.142,0.007,0.0,0.007,0.01,0.0,0.0,0.0,0.0,0.0,0.0
IMU,118529756.0,1,0.0532,-1.0254,0.0439,-9.77,27.83,-6.59,-86.69,-4.47,73.92,27.1,,,,,,,,,,,,,,,,
IMU,118606125.0,2,-0.0508,-0.9902,-0.0059,-9.28,13.43,-5.31,-89.9,-3.07,126.16,28.3,,,,,,,,,,,,,,,,
EXO,118628008,,,,,,,,,,,,SAFE,-0.698,13.428,0.992,0.162,-0.03,0.007,0.0,0.007,0.018,0.0,0.0,0.0,0.0,0.0,0.0
IMU,118629911.0,1,0.0127,-1.0039,0.0186,-8.3,15.32,-2.56,-87.59,-4.87,71.86,27.2,,,,,,,,,,,,,,,,
IMU,118706048.0,2,-0.0078,-1.0508,-0.0215,-0.12,0.18,2.26,-90.46,-2.98,124.78,28.3,,,,,,,,,,,,,,,,
EXO,118727819,,,,,,,,,,,,SAFE,-0.604,0.183,1.051,0.162,-0.007,0.007,0.0,0.007,-0.006,0.0,0.0,0.0,0.0,0.0,0.0
IMU,118730078.0,1,0.0835,-1.022,-0.0483,6.04,-2.81,6.35,-87.89,-4.64,70.88,27.1,,,,,,,,,,,,,,,,
IMU,118805977.0,2,0.0376,-0.9644,-0.0137,-0.24,-19.84,1.22,-89.97,-2.33,125.32,28.2,,,,,,,,,,,,,,,,
EXO,118827829,,,,,,,,,,,,SAFE,0.038,-19.836,0.965,0.162,-0.014,0.007,0.0,0.007,-0.017,0.0,0.0,0.0,0.0,0.0,0.0
IMU,118830237.0,1,0.1069,-0.9785,0.0884,-3.72,-31.49,4.03,-87.63,-4.21,72.12,27.1,,,,,,,,,,,,,,,,
IMU,118905959.0,2,0.0708,-1.0337,-0.0107,1.4,4.46,15.56,-90.42,-1.47,127.38,28.1,,,,,,,,,,,,,,,,
EXO,118927761,,,,,,,,,,,,SAFE,0.901,4.456,1.036,0.162,0.026,0.006,0.0,0.006,0.002,0.0,0.0,0.0,0.0,0.0,0.0
IMU,118930395.0,1,0.064,-1.0229,-0.0259,6.84,10.99,11.05,-87.74,-3.17,73.22,27.1,,,,,,,,,,,,,,,,
IMU,119005833.0,2,0.0483,-0.9312,0.0483,2.93,-7.75,-9.7,-89.94,-1.29,126.99,28.2,,,,,,,,,,,,,,,,
EXO,119027729,,,,,,,,,,,,SAFE,1.088,-7.751,0.934,0.162,0.037,0.006,0.0,0.006,-0.005,0.0,0.0,0.0,0.0,0.0,0.0
IMU,119030562.0,1,0.0781,-0.9561,0.1431,-6.16,-10.99,-9.58,-87.46,-3.57,73.38,27.1,,,,,,,,,,,,,,,,
IMU,119105757.0,2,0.0259,-0.9819,0.041,-15.14,1.46,1.28,-90.96,-1.97,127.74,28.1,,,,,,,,,,,,,,,,
EXO,119127814,,,,,,,,,,,,SAFE,0.406,1.465,0.983,0.162,-0.052,0.007,0.0,0.007,-0.002,0.0,0.0,0.0,0.0,0.0,0.0
IMU,119130719.0,1,0.0928,-0.9858,0.0391,-10.38,6.65,3.66,-88.56,-3.83,73.7,27.0,,,,,,,,,,,,,,,,
IMU,119205709.0,2,0.0283,-0.9902,0.0098,3.42,1.59,2.14,-91.27,-1.73,127.36,28.2,,,,,,,,,,,,,,,,
EXO,119227490,,,,,,,,,,,,SAFE,0.643,1.587,0.991,0.162,0.083,0.006,0.0,0.006,-0.008,0.0,0.0,0.0,0.0,0.0,0.0
IMU,119230870.0,1,0.0864,-0.9756,-0.0371,1.89,9.58,1.46,-88.54,-3.68,73.27,27.1,,,,,,,,,,,,,,,,
IMU,119305633.0,2,0.1836,-0.9785,0.0195,-3.36,2.87,-17.33,-91.85,-2.05,126.47,28.1,,,,,,,,,,,,,,,,
EXO,119327631,,,,,,,,,,,,SAFE,0.324,2.869,0.996,0.172,0.069,0.007,0.0,0.007,0.017,0.0,0.0,0.0,0.0,0.0,0.0
IMU,119331032.0,1,0.1074,-0.9819,0.0562,-7.26,0.55,-21.0,-89.35,-4.37,72.62,27.1,,,,,,,,,,,,,,,,
IMU,119405624.0,2,0.1099,-0.9395,0.0356,1.1,17.27,-25.82,-92.03,-5.09,125.72,28.1,,,,,,,,,,,,,,,,
EXO,119427821,,,,,,,,,,,,SAFE,-2.714,17.273,0.947,0.174,0.1,0.007,0.0,0.007,0.002,0.0,0.0,0.0,0.0,0.0,0.0
IMU,119431183.0,1,0.1436,-0.9282,0.0547,2.99,24.29,-25.76,-89.43,-6.81,71.2,27.3,,,,,,,,,,,,,,,,
IMU,119505482.0,2,0.1392,-0.9912,0.0566,6.65,7.45,-49.44,-91.43,-8.12,124.22,28.2,,,,,,,,,,,,,,,,
EXO,119527750,,,,,,,,,,,,SAFE,-5.746,7.446,1.003,0.259,1.482,0.008,0.0,0.008,-0.173,0.0,0.0,0.0,0.0,0.0,0.0
IMU,119531361.0,1,0.1782,-1.0156,0.0581,7.57,7.45,-12.51,-88.6,-9.01,70.08,27.1,,,,,,,,,,,,,,,,
IMU,119605415.0,2,0.3521,-1.1025,0.0186,19.17,-6.41,-87.83,-89.79,-15.19,124.14,28.1,,,,,,,,,,,,,,,,
EXO,119627915,,,,,,,,,,,,SAFE,-12.821,-6.409,1.158,0.452,2.193,0.009,0.0,0.009,-0.071,0.0,0.0,0.0,0.0,0.0,0.0
IMU,119631514.0,1,0.1851,-1.082,0.0483,11.66,0.37,14.28,-87.45,-8.39,70.29,27.1,,,,,,,,,,,,,,,,
IMU,119705365.0,2,0.4121,-0.9521,-0.0073,12.63,-13.06,-115.91,-88.33,-25.37,124.33,28.3,,,,,,,,,,,,,,,,
EXO,119728173,,,,,,,,,,,,SAFE,-23.0,-13.062,1.038,0.691,2.533,0.01,0.0,0.01,0.01,0.0,0.0,0.0,0.0,0.0,0.0
IMU,119731668.0,1,0.1387,-0.9746,0.0552,-1.65,-12.33,23.86,-87.02,-6.86,71.17,27.1,,,,,,,,,,,,,,,,
IMU,119805302.0,2,0.6528,-0.7788,0.0825,17.64,-31.13,-120.79,-88.68,-36.43,126.24,28.0,,,,,,,,,,,,,,,,
EXO,119828272,,,,,,,,,,,,SAFE,-34.058,-31.128,1.02,0.944,2.528,0.01,0.0,0.01,-0.032,0.0,0.0,0.0,0.0,0.0,0.0
IMU,119831824.0,1,0.106,-0.9863,0.0391,-7.75,-32.71,22.71,-88.15,-4.45,73.48,27.1,,,,,,,,,,,,,,,,
IMU,119905303.0,2,0.8184,-0.6436,0.1123,33.87,-10.8,-113.28,-87.69,-47.71,128.57,28.1,,,,,,,,,,,,,,,,
EXO,119928291,,,,,,,,,,,,SAFE,-45.335,-10.803,1.047,1.177,2.039,0.008,0.0,0.008,0.015,0.0,0.0,0.0,0.0,0.0,0.0
IMU,119931981.0,1,0.1104,-1.0186,0.0288,11.6,-34.18,20.75,-87.91,-2.27,76.17,27.1,,,,,,,,,,,,,,,,
IMU,120005178.0,2,0.8687,-0.4888,0.0703,52.12,-16.3,-96.56,-83.94,-57.88,129.15,28.3,,,,,,,,,,,,,,,,
EXO,120028186,,,,,,,,,,,,SAFE,-55.503,-16.296,0.999,1.353,1.255,0.007,0.0,0.007,0.098,0.0,0.0,0.0,0.0,0.0,0.0
IMU,120032135.0,1,0.0493,-1.0029,0.0728,4.27,-46.14,13.98,-87.11,-0.99,80.04,27.1,,,,,,,,,,,,,,,,
IMU,120105112.0,2,0.8394,-0.3579,0.1216,42.3,-14.47,-40.41,-80.97,-64.3,130.22,28.2,,,,,,,,,,,,,,,,
EXO,120128090,,,,,,,,,,,,SAFE,-61.93,-14.465,0.921,1.412,-0.17,0.005,0.0,0.005,0.036,0.0,0.0,0.0,0.0,0.0,0.0
IMU,120132301.0,1,0.0049,-0.9854,0.0728,-0.61,-53.89,11.84,-86.87,0.15,84.13,27.1,,,,,,,,,,,,,,,,
IMU,120205035.0,2,0.9824,-0.3931,0.0566,45.41,-15.14,9.34,-79.97,-64.96,134.59,28.3,,,,,,,,,,,,,,,,
EXO,120227924,,,,,,,,,,,,SAFE,-62.584,-15.137,1.06,1.409,0.048,0.005,0.0,0.005,0.005,0.0,0.0,0.0,0.0,0.0,0.0
IMU,120232455.0,1,-0.0015,-1.0449,0.0679,0.92,-39.49,7.57,-86.9,0.36,89.33,27.1,,,,,,,,,,,,,,,,
IMU,120304957.0,2,0.9219,-0.4058,0.0488,21.36,-3.85,3.78,-79.07,-64.53,137.04,28.3,,,,,,,,,,,,,,,,
EXO,120327732,,,,,,,,,,,,SAFE,-62.155,-3.845,1.008,1.409,0.04,0.005,0.0,0.005,-0.008,0.0,0.0,0.0,0.0,0.0,0.0
IMU,120332620.0,1,-0.0337,-0.9878,0.0469,6.65,-26.49,2.62,-86.5,0.69,92.27,27.1,,,,,,,,,,,,,,,,
IMU,120404937.0,2,0.8813,-0.4116,0.0366,38.94,1.04,10.93,-76.72,-64.18,138.0,28.3,,,,,,,,,,,,,,,,
EXO,120427780,,,,,,,,,,,,SAFE,-61.804,1.038,0.973,1.408,-0.03,0.005,0.0,0.005,-0.003,0.0,0.0,0.0,0.0,0.0,0.0
IMU,120432778.0,1,-0.0347,-0.9771,0.0615,14.53,-27.53,13.18,-85.41,1.25,95.82,27.2,,,,,,,,,,,,,,,,
IMU,120504808.0,2,0.9062,-0.3755,0.0386,21.12,-2.08,6.04,-74.45,-63.14,137.96,28.2,,,,,,,,,,,,,,,,
EXO,120527930,,,,,,,,,,,,SAFE,-60.771,-2.075,0.982,1.408,-0.112,0.005,0.0,0.005,-0.002,0.0,0.0,0.0,0.0,0.0,0.0
IMU,120532958.0,1,-0.0518,-0.9653,0.0835,-3.11,-26.98,-0.37,-84.69,1.88,98.18,27.1,,,,,,,,,,,,,,,,
IMU,120604726.0,2,0.8589,-0.4092,0.0562,16.72,-24.84,-2.75,-76.07,-63.91,141.65,28.2,,,,,,,,,,,,,,,,
EXO,120628089,,,,,,,,,,,,SAFE,-61.534,-24.841,0.953,1.409,0.041,0.005,0.0,0.005,-0.004,0.0,0.0,0.0,0.0,0.0,0.0
IMU,120633125.0,1,-0.0908,-0.9497,0.1245,-21.06,-22.28,-3.78,-86.04,1.47,100.86,27.1,,,,,,,,,,,,,,,,
IMU,120704656.0,2,0.874,-0.4453,0.1245,12.02,-20.26,-2.87,-80.18,-64.92,147.39,28.4,,,,,,,,,,,,,,,,
EXO,120728261,,,,,,,,,,,,SAFE,-62.545,-20.264,0.989,1.409,-0.022,0.005,0.0,0.005,0.011,0.0,0.0,0.0,0.0,0.0,0.0
IMU,120733293.0,1,-0.0811,-1.0151,0.0732,-8.42,-19.78,-2.56,-87.58,1.16,102.79,27.1,,,,,,,,,,,,,,,,
IMU,120804631.0,2,0.939,-0.4502,0.0327,17.21,-5.07,1.95,-80.6,-65.2,150.11,28.1,,,,,,,,,,,,,,,,
EXO,120827982,,,,,,,,,,,,SAFE,-62.825,-5.066,1.042,1.408,0.05,0.005,0.0,0.005,0.002,0.0,0.0,0.0,0.0,0.0,0.0
IMU,120833454.0,1,-0.0488,-1.0483,0.0576,0.37,-10.93,5.07,-87.64,1.28,104.72,27.0,,,,,,,,,,,,,,,,
IMU,120904638.0,2,0.9136,-0.4185,0.0347,13.24,-9.52,6.23,-80.82,-64.74,151.52,28.3,,,,,,,,,,,,,,,,
EXO,120927848,,,,,,,,,,,,SAFE,-62.369,-9.521,1.005,1.408,-0.045,0.005,0.0,0.005,0.003,0.0,0.0,0.0,0.0,0.0,0.0
IMU,120933623.0,1,-0.0562,-0.999,0.0542,-6.1,-11.6,8.48,-87.84,1.96,105.99,27.3,,,,,,,,,,,,,,,,
IMU,121004438.0,2,0.8965,-0.4297,0.0576,10.07,-5.92,5.31,-82.08,-64.16,153.66,28.3,,,,,,,,,,,,,,,,
EXO,121027926,,,,,,,,,,,,SAFE,-61.787,-5.92,0.996,1.409,0.032,0.005,0.0,0.005,0.012,0.0,0.0,0.0,0.0,0.0,0.0
IMU,121033782.0,1,-0.1104,-0.9829,0.042,-0.49,-8.48,2.99,-88.1,2.64,106.94,27.0,,,,,,,,,,,,,,,,
IMU,121104363.0,2,0.9048,-0.4365,0.0405,5.62,-3.11,-0.55,-82.11,-64.03,154.23,28.1,,,,,,,,,,,,,,,,
EXO,121127823,,,,,,,,,,,,SAFE,-61.661,-3.113,1.005,1.409,0.155,0.005,0.0,0.005,-0.004,0.0,0.0,0.0,0.0,0.0,0.0
IMU,121133954.0,1,-0.0366,-1.019,0.0229,-2.62,-5.13,2.32,-88.1,2.81,107.47,27.1,,,,,,,,,,,,,,,,
IMU,121204280.0,2,0.9116,-0.4058,0.0317,-10.62,2.14,2.14,-82.75,-63.72,154.49,28.2,,,,,,,,,,,,,,,,
EXO,121227827,,,,,,,,,,,,SAFE,-61.348,2.136,0.998,1.409,-0.054,0.005,0.0,0.005,0.004,0.0,0.0,0.0,0.0,0.0,0.0
IMU,121234125.0,1,-0.0708,-0.9844,0.0171,-2.44,3.66,-2.08,-88.26,3.2,106.96,27.0,,,,,,,,,,,,,,,,
IMU,121304199.0,2,0.8711,-0.4219,0.0317,-4.15,-2.99,-4.09,-83.62,-64.09,154.75,28.4,,,,,,,,,,,,,,,,
EXO,121327905,,,,,,,,,,,,SAFE,-61.721,-2.991,0.968,1.408,-0.103,0.005,0.0,0.005,-0.019,0.0,0.0,0.0,0.0,0.0,0.0
IMU,121334297.0,1,-0.0708,-0.9702,0.043,-5.07,2.14,-3.3,-88.64,2.89,106.74,27.3,,,,,,,,,,,,,,,,
IMU,121404216.0,2,0.8765,-0.4258,0.0503,-6.16,-2.44,-1.4,-84.86,-64.4,155.45,28.2,,,,,,,,,,,,,,,,
EXO,121427953,,,,,,,,,,,,SAFE,-62.023,-2.441,0.976,1.409,0.048,0.005,0.0,0.005,-0.001,0.0,0.0,0.0,0.0,0.0,0.0
IMU,121434455.0,1,-0.0703,-0.9971,0.0273,-2.81,3.17,-1.04,-89.07,2.81,106.33,27.1,,,,,,,,,,,,,,,,
IMU,121504049.0,2,0.9375,-0.4238,0.0146,-1.46,3.78,-2.08,-85.01,-64.54,155.31,28.1,,,,,,,,,,,,,,,,
EXO,121527813,,,,,,,,,,,,SAFE,-62.166,3.784,1.029,1.409,-0.061,0.005,0.0,0.005,0.001,0.0,0.0,0.0,0.0,0.0,0.0
IMU,121534625.0,1,-0.0317,-1.0337,-0.0049,2.99,1.71,-0.79,-88.92,2.71,106.09,27.2,,,,,,,,,,,,,,,,
IMU,121603984.0,2,0.8901,-0.4009,0.001,1.59,-0.61,1.71,-84.55,-64.53,154.64,28.1,,,,,,,,,,,,,,,,
EXO,121627740,,,,,,,,,,,,SAFE,-62.155,-0.61,0.976,1.408,-0.05,0.005,0.0,0.005,-0.001,0.0,0.0,0.0,0.0,0.0,0.0
IMU,121634774.0,1,-0.0488,-0.9658,0.0264,-3.54,-5.0,2.2,-88.86,2.85,106.2,27.0,,,,,,,,,,,,,,,,
IMU,121703917.0,2,0.8984,-0.4092,0.0171,2.69,-10.31,0.31,-85.87,-64.51,156.32,28.2,,,,,,,,,,,,,,,,
EXO,121727819,,,,,,,,,,,,SAFE,-62.133,-10.315,0.987,1.408,-0.08,0.005,0.0,0.005,-0.006,0.0,0.0,0.0,0.0,0.0,0.0
IMU,121734931.0,1,-0.0566,-1.0054,0.0283,-6.71,0.24,-0.06,-89.52,2.94,106.75,27.2,,,,,,,,,,,,,,,,
IMU,121803846.0,2,0.9131,-0.4165,0.0381,-4.46,3.78,-2.99,-86.83,-64.7,156.96,28.4,,,,,,,,,,,,,,,,
EXO,121827840,,,,,,,,,,,,SAFE,-62.331,3.784,1.004,1.408,-0.091,0.005,0.0,0.005,0.003,0.0,0.0,0.0,0.0,0.0,0.0
IMU,121835094.0,1,-0.0503,-1.0132,0.0176,3.42,4.88,-2.26,-89.53,2.76,106.29,27.0,,,,,,,,,,,,,,,,
IMU,121903848.0,2,0.9097,-0.4102,0.0132,-1.53,3.11,-0.18,-86.09,-64.84,155.81,28.3,,,,,,,,,,,,,,,,
EXO,121927750,,,,,,,,,,,,SAFE,-62.463,3.113,0.998,1.408,0.066,0.005,0.0,0.005,-0.0,0.0,0.0,0.0,0.0,0.0,0.0
IMU,121935258.0,1,-0.0488,-1.0034,0.0181,0.31,1.28,-0.49,-89.26,2.74,105.92,27.0,,,,,,,,,,,,,,,,
IMU,122003716.0,2,0.9023,-0.4058,0.0151,-2.14,-1.4,-0.92,-86.35,-64.94,155.82,28.1,,,,,,,,,,,,,,,,
EXO,122027815,,,,,,,,,,,,SAFE,-62.567,-1.404,0.989,1.409,-0.062,0.005,0.0,0.005,0.009,0.0,0.0,0.0,0.0,0.0,0.0
IMU,122035424.0,1,-0.0474,-0.9893,0.0068,-1.22,0.98,-0.37,-89.4,2.69,105.81,27.2,,,,,,,,,,,,,,,,
IMU,122103655.0,2,0.9077,-0.4028,0.0107,-1.28,1.89,-0.12,-86.56,-65.01,155.8,28.3,,,,,,,,,,,,,,,,
EXO,122127817,,,,,,,,,,,,SAFE,-62.639,1.892,0.993,1.409,0.061,0.005,0.0,0.005,0.008,0.0,0.0,0.0,0.0,0.0,0.0
IMU,122135593.0,1,-0.0527,-1.002,0.001,0.37,2.62,-1.59,-89.38,2.65,105.64,27.1,,,,,,,,,,,,,,,,
IMU,122203592.0,2,0.9058,-0.4146,-0.0005,-3.97,-0.37,-2.01,-86.72,-65.22,155.52,28.2,,,,,,,,,,,,,,,,
EXO,122227910,,,,,,,,,,,,SAFE,-62.847,-0.366,0.996,1.408,0.064,0.005,0.0,0.005,-0.006,0.0,0.0,0.0,0.0,0.0,0.0
IMU,122235750.0,1,-0.0513,-1.0093,0.0049,-1.89,3.11,-0.61,-89.5,2.49,105.3,27.1,,,,,,,,,,,,,,,,
IMU,122303504.0,2,0.9053,-0.4136,0.0137,1.71,-1.53,0.37,-87.26,-65.29,155.8,28.1,,,,,,,,,,,,,,,,
EXO,122327734,,,,,,,,,,,,SAFE,-62.913,-1.526,0.995,1.409,-0.038,0.005,0.0,0.005,-0.015,0.0,0.0,0.0,0.0,0.0,0.0
IMU,122335909.0,1,-0.0562,-1.0039,0.0117,0.12,0.0,0.18,-89.62,2.53,105.31,27.1,,,,,,,,,,,,,,,,
IMU,122403512.0,2,0.9043,-0.4062,0.0161,2.69,2.44,0.06,-87.04,-65.3,155.55,28.1,,,,,,,,,,,,,,,,
EXO,122427498,,,,,,,,,,,,SAFE,-62.924,2.441,0.991,1.409,0.038,0.005,0.0,0.005,0.015,0.0,0.0,0.0,0.0,0.0,0.0
IMU,122436091.0,1,-0.0444,-0.9927,-0.0029,3.54,-2.2,1.04,-89.4,2.55,105.38,27.0,,,,,,,,,,,,,,,,
IMU,122503368.0,2,0.9146,-0.3975,-0.0088,0.0,-0.49,0.43,-86.51,-65.23,155.09,28.2,,,,,,,,,,,,,,,,
EXO,122527801,,,,,,,,,,,,SAFE,-62.858,-0.488,0.997,1.409,-0.006,0.005,0.0,0.005,-0.005,0.0,0.0,0.0,0.0,0.0,0.0
IMU,122536253.0,1,-0.042,-0.9985,0.0122,-2.62,-0.24,-0.18,-89.35,2.61,105.47,27.1,,,,,,,,,,,,,,,,
IMU,122603289.0,2,0.917,-0.4116,0.0039,-4.15,-4.94,-0.85,-87.62,-65.34,155.93,28.2,,,,,,,,,,,,,,,,
EXO,122627986,,,,,,,,,,,,SAFE,-62.968,-4.944,1.005,1.409,-0.162,0.005,0.0,0.005,0.01,0.0,0.0,0.0,0.0,0.0,0.0
IMU,122636419.0,1,-0.0449,-1.0098,0.0068,-4.27,2.75,-0.37,-89.85,2.57,105.33,27.2,,,,,,,,,,,,,,,,
IMU,122703214.0,2,0.9248,-0.4214,0.0288,-0.55,2.14,0.49,-88.29,-65.41,156.32,28.3,,,,,,,,,,,,,,,,
EXO,122727740,,,,,,,,,,,,SAFE,-63.034,2.136,1.017,1.409,0.089,0.005,0.0,0.005,-0.002,0.0,0.0,0.0,0.0,0.0,0.0
IMU,122736596.0,1,-0.0503,-1.0171,0.0078,4.27,1.95,0.85,-89.79,2.59,105.15,27.1,,,,,,,,,,,,,,,,
IMU,122803127.0,2,0.9146,-0.4141,0.0093,2.01,5.8,1.28,-87.08,-65.29,155.11,28.2,,,,,,,,,,,,,,,,
EXO,122827439,,,,,,,,,,,,SAFE,-62.919,5.798,1.004,1.409,0.109,0.005,0.0,0.005,-0.004,0.0,0.0,0.0,0.0,0.0,0.0
IMU,122837112.0,1,-0.0518,-0.9932,0.0166,4.76,0.43,1.22,-89.23,2.72,105.08,27.1,,,,,,,,,,,,,,,,
IMU,122903109.0,2,0.8862,-0.4004,0.0093,0.98,0.24,1.77,-86.29,-65.16,154.29,28.3,,,,,,,,,,,,,,,,
EXO,122927464,,,,,,,,,,,,SAFE,-62.787,0.244,0.973,1.408,-0.142,0.005,0.0,0.005,-0.007,0.0,0.0,0.0,0.0,0.0,0.0
IMU,122936994.0,1,-0.0552,-0.9805,0.0225,-1.59,0.18,1.95,-89.07,2.88,105.11,27.1,,,,,,,,,,,,,,,,
IMU,123002952.0,2,0.9048,-0.4019,0.022,-1.34,-0.37,0.12,-86.78,-65.04,154.52,28.1,,,,,,,,,,,,,,,,
EXO,123027732,,,,,,,,,,,,SAFE,-62.672,-0.366,0.99,1.409,0.119,0.005,0.0,0.005,0.019,0.0,0.0,0.0,0.0,0.0,0.0
IMU,123037175.0,1,-0.0498,-0.9951,0.0034,-0.24,0.18,-0.12,-89.2,2.97,104.97,27.2,,,,,,,,,,,,,,,,
IMU,123102852.0,2,0.9053,-0.4106,0.021,0.0,0.0,-1.16,-86.9,-65.12,154.49,28.1,,,,,,,,,,,,,,,,
EXO,123127741,,,,,,,,,,,,SAFE,-62.748,0.0,0.994,1.409,0.183,0.005,0.0,0.005,0.007,0.0,0.0,0.0,0.0,0.0,0.0
IMU,123137367.0,1,-0.0547,-0.998,0.02,-1.1,0.12,-1.59,-89.24,2.88,104.9,27.0,,,,,,,,,,,,,,,,
IMU,123202771.0,2,0.8926,-0.415,0.0303,-0.92,-0.92,-1.1,-87.19,-65.28,154.64,28.1,,,,,,,,,,,,,,,,
EXO,123227908,,,,,,,,,,,,SAFE,-62.902,-0.916,0.985,1.409,-0.07,0.005,0.0,0.005,0.0,0.0,0.0,0.0,0.0,0.0,0.0
IMU,123237472.0,1,-0.0552,-0.9976,0.0093,0.18,-2.08,-0.61,-89.32,2.8,104.88,27.3,,,,,,,,,,,,,,,,
IMU,123302684.0,2,0.9082,-0.4243,0.0151,2.87,3.05,0.98,-86.87,-65.29,154.54,28.1,,,,,,,,,,,,,,,,
EXO,123327648,,,,,,,,,,,,SAFE,-62.913,3.052,1.003,1.409,0.023,0.005,0.0,0.005,-0.006,0.0,0.0,0.0,0.0,0.0,0.0
IMU,123337650.0,1,-0.0508,-1.0049,0.0054,6.23,-1.46,1.04,-89.0,2.87,105.08,27.2,,,,,,,,,,,,,,,,
IMU,123402655.0,2,0.9253,-0.4165,0.001,5.37,4.09,0.24,-85.46,-65.17,153.4,28.0,,,,,,,,,,,,,,,,
EXO,123427548,,,,,,,,,,,,SAFE,-62.798,4.089,1.015,1.409,0.019,0.005,0.0,0.005,0.005,0.0,0.0,0.0,0.0,0.0,0.0
IMU,123437751.0,1,-0.0508,-1.0068,0.0239,2.08,-2.93,-0.18,-88.51,2.91,105.41,27.1,,,,,,,,,,,,,,,,
IMU,123502514.0,2,0.9019,-0.4121,0.0322,2.87,-2.08,1.22,-85.32,-65.16,153.38,28.1,,,,,,,,,,,,,,,,
EXO,123527726,,,,,,,,,,,,SAFE,-62.787,-2.075,0.992,1.409,-0.044,0.005,0.0,0.005,-0.0,0.0,0.0,0.0,0.0,0.0,0.0
IMU,123537901.0,1,-0.0576,-0.9883,0.04,-1.83,-4.7,2.08,-88.54,3.0,105.75,27.2,,,,,,,,,,,,,,,,
IMU,123602431.0,2,0.8936,-0.4141,0.0498,5.0,-4.15,1.59,-85.75,-65.02,154.2,28.3,,,,,,,,,,,,,,,,
EXO,123627731,,,,,,,,,,,,SAFE,-62.65,-4.15,0.986,1.409,0.038,0.005,0.0,0.005,-0.004,0.0,0.0,0.0,0.0,0.0,0.0
IMU,123638079.0,1,-0.0669,-0.9883,0.0449,-2.32,-5.62,1.65,-88.7,3.17,106.31,27.2,,,,,,,,,,,,,,,,
IMU,123702343.0,2,0.9229,-0.4072,0.0405,2.26,-1.53,0.18,-86.07,-64.93,154.97,28.1,,,,,,,,,,,,,,,,
EXO,123727747,,,,,,,,,,,,SAFE,-62.556,-1.526,1.01,1.408,0.04,0.005,0.0,0.005,0.008,0.0,0.0,0.0,0.0,0.0,0.0
IMU,123738221.0,1,-0.0454,-1.0039,0.0259,0.67,-1.16,-0.55,-88.75,3.23,106.57,27.1,,,,,,,,,,,,,,,,
IMU,123802256.0,2,0.9155,-0.4038,0.0415,-0.37,3.05,-2.5,-85.72,-65.08,154.65,28.2,,,,,,,,,,,,,,,,
EXO,123827830,,,,,,,,,,,,SAFE,-62.71,3.052,1.001,1.409,0.17,0.005,0.0,0.005,-0.001,0.0,0.0,0.0,0.0,0.0,0.0
IMU,123838394.0,1,-0.0435,-0.999,0.0322,1.46,-0.49,-2.08,-88.54,3.03,106.48,27.0,,,,,,,,,,,,,,,,
IMU,123902222.0,2,0.9043,-0.4092,0.0249,-2.62,0.55,-0.49,-85.48,-65.25,154.36,28.2,,,,,,,,,,,,,,,,
EXO,123927786,,,,,,,,,,,,SAFE,-62.88,0.549,0.993,1.409,0.056,0.005,0.0,0.005,0.001,0.0,0.0,0.0,0.0,0.0,0.0
IMU,123938541.0,1,-0.0552,-0.9912,0.022,0.18,2.99,-0.49,-88.52,2.94,106.29,27.0,,,,,,,,,,,,,,,,
IMU,124002089.0,2,0.9121,-0.418,0.0225,-2.08,3.17,-2.01,-85.4,-65.36,153.92,28.3,,,,,,,,,,,,,,,,
EXO,124027711,,,,,,,,,,,,SAFE,-62.99,3.174,1.004,1.409,0.093,0.005,0.0,0.005,-0.005,0.0,0.0,0.0,0.0,0.0,0.0
IMU,124038716.0,1,-0.0591,-1.0044,0.0269,1.28,1.95,-2.62,-88.39,2.77,106.0,27.1,,,,,,,,,,,,,,,,
IMU,124101994.0,2,0.9058,-0.4238,0.0215,0.61,-1.65,0.12,-85.26,-65.52,153.63,28.1,,,,,,,,,,,,,,,,
EXO,124127630,,,,,,,,,,,,SAFE,-63.144,-1.648,1.0,1.408,-0.045,0.005,0.0,0.005,-0.014,0.0,0.0,0.0,0.0,0.0,0.0
IMU,124138865.0,1,-0.0537,-1.0098,0.0225,-2.14,-1.59,2.32,-88.47,2.77,106.03,27.0,,,,,,,,,,,,,,,,
IMU,124201913.0,2,0.9082,-0.4229,0.0513,1.65,-2.38,1.65,-85.83,-65.34,154.26,28.2,,,,,,,,,,,,,,,,
EXO,124227729,,,,,,,,,,,,SAFE,-62.968,-2.38,1.003,1.409,-0.083,0.005,0.0,0.005,-0.002,0.0,0.0,0.0,0.0,0.0,0.0
IMU,124239030.0,1,-0.0508,-0.9976,0.0332,0.0,-4.27,1.89,-88.6,2.98,106.29,27.1,,,,,,,,,,,,,,,,
IMU,124301832.0,2,0.9028,-0.4141,0.0308,2.26,1.28,4.94,-85.68,-65.04,154.51,28.2,,,,,,,,,,,,,,,,
EXO,124327544,,,,,,,,,,,,SAFE,-62.666,1.282,0.994,1.409,-0.087,0.005,0.0,0.005,-0.005,0.0,0.0,0.0,0.0,0.0,0.0
IMU,124339207.0,1,-0.0596,-0.9946,0.0352,2.93,-0.61,3.91,-88.42,3.38,106.53,27.1,,,,,,,,,,,,,,,,
IMU,124401810.0,2,0.9209,-0.4048,0.0107,-0.79,4.76,-0.18,-84.98,-64.79,153.87,28.1,,,,,,,,,,,,,,,,
EXO,124427713,,,,,,,,,,,,SAFE,-62.413,4.761,1.006,1.408,-0.101,0.005,0.0,0.005,-0.012,0.0,0.0,0.0,0.0,0.0,0.0
IMU,124439367.0,1,-0.0596,-0.9956,0.0259,3.91,3.91,-1.53,-88.07,3.41,106.38,27.1,,,,,,,,,,,,,,,,
IMU,124501683.0,2,0.8975,-0.416,0.0151,-3.85,0.98,-2.26,-84.52,-64.97,152.94,28.2,,,,,,,,,,,,,,,,
EXO,124527746,,,,,,,,,,,,SAFE,-62.6,0.977,0.989,1.408,-0.011,0.005,0.0,0.005,-0.001,0.0,0.0,0.0,0.0,0.0,0.0
IMU,124539532.0,1,-0.0605,-0.9932,0.0303,-2.14,3.66,-2.62,-88.07,3.19,105.99,27.2,,,,,,,,,,,,,,,,
IMU,124601612.0,2,0.897,-0.4277,0.0327,-0.24,-3.11,-2.01,-85.17,-65.26,153.23,28.4,,,,,,,,,,,,,,,,
EXO,124627906,,,,,,,,,,,,SAFE,-62.886,-3.113,0.994,1.409,-0.117,0.005,0.0,0.005,0.005,0.0,0.0,0.0,0.0,0.0,0.0
IMU,124639710.0,1,-0.0547,-1.0,0.0244,-1.4,0.18,-0.85,-88.34,2.99,105.92,27.4,,,,,,,,,,,,,,,,
IMU,124701518.0,2,0.9023,-0.4175,0.0254,0.92,-0.12,-0.12,-85.43,-65.33,153.5,28.2,,,,,,,,,,,,,,,,
EXO,124727824,,,,,,,,,,,,SAFE,-62.957,-0.122,0.995,1.409,0.104,0.005,0.0,0.005,0.003,0.0,0.0,0.0,0.0,0.0,0.0
IMU,124739876.0,1,-0.0503,-1.001,0.0308,-0.73,-0.31,-0.18,-88.39,2.98,105.97,27.2,,,,,,,,,,,,,,,,
IMU,124801440.0,2,0.9102,-0.4189,0.02,-0.31,-4.27,-0.85,-85.82,-65.39,153.98,28.1,,,,,,,,,,,,,,,,
EXO,124828000,,,,,,,,,,,,SAFE,-63.012,-4.272,1.002,1.409,-0.034,0.005,0.0,0.005,0.003,0.0,0.0,0.0,0.0,0.0,0.0
IMU,124840067.0,1,-0.0518,-1.0015,0.0332,-1.34,2.32,0.37,-88.63,2.96,106.05,27.1,,,,,,,,,,,,,,,,
IMU,124901373.0,2,0.9121,-0.4189,0.0303,-0.06,1.16,0.0,-86.07,-65.39,154.12,28.1,,,,,,,,,,,,,,,,
EXO,124927619,,,,,,,,,,,,SAFE,-63.012,1.16,1.004,1.409,-0.115,0.005,0.0,0.005,-0.015,0.0,0.0,0.0,0.0,0.0,0.0
IMU,124940214.0,1,-0.0566,-1.0063,0.0327,0.92,2.93,1.28,-88.57,3.0,105.9,27.0,,,,,,,,,,,,,,,,
IMU,125001272.0,2,0.9067,-0.4165,0.0312,-0.98,0.0,1.59,-85.94,-65.26,153.81,28.2,,,,,,,,,,,,,,,,
EXO,125027567,,,,,,,,,,,,SAFE,-62.891,0.0,0.998,1.409,0.088,0.005,0.0,0.005,-0.015,0.0,0.0,0.0,0.0,0.0,0.0
IMU,125040393.0,1,-0.0586,-1.0039,0.0298,-0.06,1.95,2.32,-88.56,3.16,105.71,27.0,,,,,,,,,,,,,,,,
IMU,125101205.0,2,0.9043,-0.4175,0.042,-0.37,1.53,2.26,-85.93,-65.05,153.64,28.2,,,,,,,,,,,,,,,,
EXO,125127654,,,,,,,,,,,,SAFE,-62.677,1.526,0.997,1.409,0.042,0.005,0.0,0.005,-0.013,0.0,0.0,0.0,0.0,0.0,0.0
IMU,125140560.0,1,-0.0645,-0.9814,0.0303,2.26,-0.31,2.5,-88.43,3.38,105.62,27.1,,,,,,,,,,,,,,,,
IMU,125201137.0,2,0.894,-0.417,0.0396,0.85,3.48,2.5,-85.41,-64.79,153.22,28.2,,,,,,,,,,,,,,,,
EXO,125227550,,,,,,,,,,,,SAFE,-62.419,3.479,0.987,1.408,0.032,0.005,0.0,0.005,0.008,0.0,0.0,0.0,0.0,0.0,0.0
IMU,125240727.0,1,-0.064,-0.9941,0.021,6.23,-0.12,1.16,-88.06,3.61,105.62,27.2,,,,,,,,,,,,,,,,
IMU,125301060.0,2,0.9282,-0.4077,0.0,2.5,3.6,-1.95,-84.08,-64.72,151.97,28.2,,,,,,,,,,,,,,,,
EXO,125327641,,,,,,,,,,,,SAFE,-62.347,3.601,1.014,1.408,0.021,0.005,0.0,0.005,0.006,0.0,0.0,0.0,0.0,0.0,0.0
IMU,125340894.0,1,-0.0381,-1.0122,0.0352,0.49,0.0,-2.08,-87.68,3.47,105.68,27.1,,,,,,,,,,,,,,,,
IMU,125401047.0,2,0.8994,-0.418,0.0342,-4.88,-1.28,-3.42,-84.32,-65.01,151.95,28.2,,,,,,,,,,,,,,,,
EXO,125427809,,,,,,,,,,,,SAFE,-62.633,-1.282,0.992,1.409,-0.017,0.005,0.0,0.005,-0.008,0.0,0.0,0.0,0.0,0.0,0.0
IMU,125441068.0,1,-0.0718,-0.9927,0.043,-0.37,6.1,-3.97,-87.88,3.17,105.35,27.4,,,,,,,,,,,,,,,,
IMU,125500912.0,2,0.8804,-0.4414,0.0537,2.62,2.32,-1.71,-84.27,-65.35,151.49,28.2,,,,,,,,,,,,,,,,
EXO,125527735,,,,,,,,,,,,SAFE,-62.979,2.319,0.986,1.409,-0.01,0.005,0.0,0.005,0.006,0.0,0.0,0.0,0.0,0.0,0.0
IMU,125541220.0,1,-0.0649,-0.9976,0.0444,2.75,1.59,2.62,-87.68,3.03,105.21,27.0,,,,,,,,,,,,,,,,
IMU,125600838.0,2,0.9048,-0.4258,0.0239,-6.04,3.36,4.58,-83.79,-64.98,150.83,28.3,,,,,,,,,,,,,,,,
EXO,125627549,,,,,,,,,,,,SAFE,-62.606,3.357,1.0,1.409,0.072,0.005,0.0,0.005,-0.018,0.0,0.0,0.0,0.0,0.0,0.0
IMU,125641395.0,1,-0.0664,-1.0024,0.0273,0.73,4.03,4.09,-87.54,3.5,104.75,27.0,,,,,,,,,,,,,,,,
IMU,125700772.0,2,0.9102,-0.4321,0.0259,3.85,-4.58,1.83,-84.06,-64.63,150.88,28.2,,,,,,,,,,,,,,,,
EXO,125727555,,,,,,,,,,,,SAFE,-62.26,-4.578,1.008,1.408,-0.105,0.005,0.0,0.005,0.005,0.0,0.0,0.0,0.0,0.0,0.0
IMU,125741570.0,1,-0.0601,-0.9995,0.0322,-2.62,-0.85,2.87,-87.74,3.75,104.95,27.2,,,,,,,,,,,,,,,,
IMU,125800689.0,2,0.9053,-0.4219,0.0444,2.32,-0.12,1.95,-84.55,-64.42,151.47,28.2,,,,,,,,,,,,,,,,
EXO,125827717,,,,,,,,,,,,SAFE,-62.045,-0.122,1.0,1.409,-0.16,0.005,0.0,0.005,0.008,0.0,0.0,0.0,0.0,0.0,0.0
IMU,125841746.0,1,-0.064,-0.9922,0.0405,1.77,-1.34,0.12,-87.76,3.93,105.08,27.1,,,,,,,,,,,,,,,,
IMU,125900706.0,2,0.8916,-0.4233,0.0459,0.85,2.08,-0.18,-84.08,-64.4,151.13,28.1,,,,,,,,,,,,,,,,
EXO,125927659,,,,,,,,,,,,SAFE,-62.029,2.075,0.988,1.409,0.062,0.005,0.0,0.005,-0.003,0.0,0.0,0.0,0.0,0.0,0.0
IMU,125941895.0,1,-0.0688,-0.9878,0.0396,0.98,-0.98,-0.18,-87.56,3.91,105.14,27.0,,,,,,,,,,,,,,,,
IMU,126000539.0,2,0.8979,-0.4209,0.0386,-1.59,0.31,-0.18,-83.92,-64.42,150.92,28.2,,,,,,,,,,,,,,,,
EXO,126027761,,,,,,,,,,,,SAFE,-62.051,0.305,0.992,1.409,-0.006,0.005,0.0,0.005,0.011,0.0,0.0,0.0,0.0,0.0,0.0
IMU,126042036.0,1,-0.0718,-0.9946,0.0376,-2.14,-1.53,-1.1,-87.62,3.87,105.1,27.2,,,,,,,,,,,,,,,,
IMU,126100474.0,2,0.8989,-0.4307,0.0571,-0.79,-1.46,-2.08,-84.36,-64.59,151.33,28.1,,,,,,,,,,,,,,,,
EXO,126127960,,,,,,,,,,,,SAFE,-62.221,-1.465,0.998,1.408,-0.083,0.005,0.0,0.005,-0.004,0.0,0.0,0.0,0.0,0.0,0.0
IMU,126142200.0,1,-0.0796,-1.0024,0.0366,4.33,-2.87,-0.85,-87.65,3.72,105.21,27.1,,,,,,,,,,,,,,,,
IMU,126200413.0,2,0.8818,-0.4346,0.0503,9.16,4.76,0.31,-83.18,-64.61,150.6,28.3,,,,,,,,,,,,,,,,
EXO,126227623,,,,,,,,,,,,SAFE,-62.232,4.761,0.984,1.408,-0.065,0.005,0.0,0.005,-0.014,0.0,0.0,0.0,0.0,0.0,0.0
IMU,126242366.0,1,-0.0654,-0.9976,0.0469,2.75,-4.15,0.85,-87.09,3.73,105.71,27.2,,,,,,,,,,,,,,,,
IMU,126300356.0,2,0.9058,-0.4155,0.0317,5.68,-5.86,1.53,-82.78,-64.49,150.67,28.2,,,,,,,,,,,,,,,,
EXO,126327631,,,,,,,,,,,,SAFE,-62.117,-5.859,0.997,1.409,0.026,0.005,0.0,0.005,-0.008,0.0,0.0,0.0,0.0,0.0,0.0
IMU,126342533.0,1,-0.0649,-1.0034,0.0527,-6.71,-4.09,1.53,-87.34,3.83,106.24,27.0,,,,,,,,,,,,,,,,
IMU,126400334.0,2,0.9087,-0.4316,0.0732,1.71,-6.23,-0.24,-84.26,-64.5,152.37,28.2,,,,,,,,,,,,,,,,
EXO,126427804,,,,,,,,,,,,SAFE,-62.122,-6.226,1.009,1.409,0.006,0.005,0.0,0.005,0.002,0.0,0.0,0.0,0.0,0.0,0.0
IMU,126442701.0,1,-0.0781,-0.9956,0.0542,-2.38,-4.33,-2.01,-87.82,3.81,106.59,27.1,,,,,,,,,,,,,,,,
IMU,126500228.0,2,0.8921,-0.4302,0.0576,3.85,-3.11,-1.4,-84.58,-64.69,153.19,28.3,,,,,,,,,,,,,,,,
EXO,126527913,,,,,,,,,,,,SAFE,-62.314,-3.113,0.992,1.409,0.126,0.005,0.0,0.005,0.001,0.0,0.0,0.0,0.0,0.0,0.0
IMU,126542852.0,1,-0.0596,-0.9976,0.0557,-1.16,-4.21,-0.06,-87.9,3.68,106.99,27.1,,,,,,,,,,,,,,,,
IMU,126600173.0,2,0.9038,-0.4199,0.0405,1.77,-3.23,0.79,-84.7,-64.69,153.84,28.2,,,,,,,,,,,,,,,,
EXO,126627789,,,,,,,,,,,,SAFE,-62.32,-3.235,0.997,1.408,-0.1,0.005,0.0,0.005,-0.003,0.0,0.0,0.0,0.0,0.0,0.0
IMU,126643023.0,1,-0.062,-0.9985,0.0522,-2.56,-0.06,0.37,-88.03,3.74,107.25,27.1,,,,,,,,,,,,,,,,
IMU,126700110.0,2,0.9058,-0.4214,0.0513,-1.16,-1.04,-0.55,-85.16,-64.71,154.37,28.1,,,,,,,,,,,,,,,,
EXO,126727925,,,,,,,,,,,,SAFE,-62.342,-1.038,1.0,1.409,-0.009,0.005,0.0,0.005,-0.011,0.0,0.0,0.0,0.0,0.0,0.0
IMU,126743192.0,1,-0.0654,-1.0,0.0454,-0.18,1.83,-0.92,-88.12,3.69,107.16,27.1,,,,,,,,,,,,,,,,
IMU,126800039.0,2,0.9092,-0.4258,0.0557,-1.65,2.08,-1.22,-85.04,-64.8,154.18,28.2,,,,,,,,,,,,,,,,
EXO,126827808,,,,,,,,,,,,SAFE,-62.43,2.075,1.005,1.409,0.076,0.005,0.0,0.005,0.01,0.0,0.0,0.0,0.0,0.0,0.0
IMU,126843374.0,1,-0.0596,-1.002,0.0386,2.69,0.0,0.12,-87.96,3.6,106.97,27.2,,,,,,,,,,,,,,,,
IMU,126900040.0,2,0.9023,-0.4204,0.0278,-4.7,4.09,0.49,-84.45,-64.75,153.52,28.2,,,,,,,,,,,,,,,,
EXO,126927553,,,,,,,,,,,,SAFE,-62.38,4.089,0.996,1.408,-0.062,0.005,0.0,0.005,0.0,0.0,0.0,0.0,0.0,0.0,0.0
IMU,126943554.0,1,-0.0591,-1.002,0.0342,1.34,3.72,-0.85,-87.77,3.64,106.61,27.0,,,,,,,,,,,,,,,,
IMU,126999915.0,2,0.9048,-0.4307,0.0264,-2.14,1.65,-0.98,-84.23,-64.79,152.94,28.2,,,,,,,,,,,,,,,,
EXO,127027719,,,,,,,,,,,,SAFE,-62.419,1.648,1.002,1.408,0.022,0.005,0.0,0.005,0.005,0.0,0.0,0.0,0.0,0.0,0.0
IMU,127043705.0,1,-0.0664,-1.0039,0.0464,-0.37,5.98,-0.06,-87.72,3.58,106.28,27.1,,,,,,,,,,,,,,,,
IMU,127099853.0,2,0.9028,-0.4272,0.0547,-2.44,0.24,0.55,-84.46,-64.79,152.64,28.3,,,,,,,,,,,,,,,,
EXO,127127721,,,,,,,,,,,,SAFE,-62.419,0.244,1.0,1.409,-0.064,0.005,0.0,0.005,-0.004,0.0,0.0,0.0,0.0,0.0,0.0
IMU,127143886.0,1,-0.0664,-1.0034,0.04,0.73,1.77,1.89,-87.78,3.66,105.94,27.1,,,,,,,,,,,,,,,,
IMU,127199791.0,2,0.9009,-0.4282,0.0459,-0.24,1.65,2.5,-84.4,-64.58,152.41,28.2,,,,,,,,,,,,,,,,
EXO,127227571,,,,,,,,,,,,SAFE,-62.21,1.648,0.999,1.409,-0.011,0.005,0.0,0.005,0.01,0.0,0.0,0.0,0.0,0.0,0.0
IMU,127244052.0,1,-0.0669,-0.9951,0.0352,1.04,1.4,1.89,-87.7,3.89,105.79,27.1,,,,,,,,,,,,,,,,
IMU,127299687.0,2,0.897,-0.4155,0.0283,-3.91,1.95,0.0,-84.32,-64.42,152.09,28.1,,,,,,,,,,,,,,,,
EXO,127327548,,,,,,,,,,,,SAFE,-62.051,1.953,0.989,1.409,0.127,0.005,0.0,0.005,0.004,0.0,0.0,0.0,0.0,0.0,0.0
IMU,127344242.0,1,-0.0654,-0.9917,0.0322,-2.32,1.1,-2.08,-87.75,3.89,105.51,27.0,,,,,,,,,,,,,,,,
IMU,127399712.0,2,0.8975,-0.436,0.0205,-5.98,-2.38,1.1,-84.93,-64.53,152.38,28.3,,,,,,,,,,,,,,,,
EXO,127427821,,,,,,,,,,,,SAFE,-62.155,-2.38,0.998,1.409,-0.013,0.005,0.0,0.005,0.008,0.0,0.0,0.0,0.0,0.0,0.0
IMU,127444417.0,1,-0.0728,-0.9922,0.0234,-2.44,0.24,1.46,-88.11,3.96,105.25,27.1,,,,,,,,,,,,,,,,
IMU,127499598.0,2,0.8945,-0.4341,0.0181,0.67,-0.85,-0.49,-85.53,-64.47,152.9,28.1,,,,,,,,,,,,,,,,
EXO,127527726,,,,,,,,,,,,SAFE,-62.095,-0.854,0.994,1.408,-0.093,0.005,0.0,0.005,-0.007,0.0,0.0,0.0,0.0,0.0,0.0
IMU,127544650.0,1,-0.0649,-1.0093,0.0205,1.34,2.62,-0.18,-88.19,3.97,105.27,27.2,,,,,,,,,,,,,,,,
IMU,127599512.0,2,0.9087,-0.4316,0.0107,0.79,1.1,0.43,-85.28,-64.45,152.53,28.3,,,,,,,,,,,,,,,,
EXO,127627563,,,,,,,,,,,,SAFE,-62.078,1.099,1.006,1.409,0.048,0.005,0.0,0.005,0.01,0.0,0.0,0.0,0.0,0.0,0.0
IMU,127644775.0,1,-0.0762,-0.9941,0.0269,-1.1,2.26,-1.04,-88.13,3.97,105.17,27.1,,,,,,,,,,,,,,,,
IMU,127699450.0,2,0.874,-0.4263,0.041,-0.55,-2.5,-2.2,-85.67,-64.57,152.68,28.3,,,,,,,,,,,,,,,,
EXO,127727887,,,,,,,,,,,,SAFE,-62.194,-2.502,0.973,1.409,0.087,0.005,0.0,0.005,-0.0,0.0,0.0,0.0,0.0,0.0,0.0
IMU,127744946.0,1,-0.0713,-0.981,0.0347,-2.08,-0.98,-0.67,-88.36,3.84,105.13,27.2,,,,,,,,,,,,,,,,
IMU,127799380.0,2,0.8955,-0.4243,0.0288,0.49,-1.65,-0.49,-86.07,-64.64,153.17,28.2,,,,,,,,,,,,,,,,
EXO,127827914,,,,,,,,,,,,SAFE,-62.271,-1.648,0.991,1.408,-0.143,0.005,0.0,0.005,-0.001,0.0,0.0,0.0,0.0,0.0,0.0
IMU,127845143.0,1,-0.063,-0.9966,0.0298,-0.49,1.46,-1.34,-88.49,3.81,105.14,27.1,,,,,,,,,,,,,,,,
IMU,127899366.0,2,0.9102,-0.4233,0.0278,-1.65,0.49,-2.14,-86.19,-64.78,153.17,28.2,,,,,,,,,,,,,,,,
EXO,127927794,,,,,,,,,,,,SAFE,-62.408,0.488,1.004,1.408,-0.009,0.005,0.0,0.005,0.001,0.0,0.0,0.0,0.0,0.0,0.0
IMU,127945300.0,1,-0.0586,-1.0063,0.0264,-1.04,-1.71,-1.71,-88.53,3.62,105.07,27.1,,,,,,,,,,,,,,,,
IMU,127999248.0,2,0.9102,-0.4258,0.019,-2.38,-1.16,-1.4,-86.38,-64.96,153.42,28.2,,,,,,,,,,,,,,,,
EXO,128028022,,,,,,,,,,,,SAFE,-62.584,-1.16,1.005,1.409,-0.025,0.005,0.0,0.005,-0.016,0.0,0.0,0.0,0.0,0.0,0.0
IMU,128045466.0,1,-0.0596,-1.0,0.0288,-0.49,1.4,-1.22,-88.67,3.49,105.01,27.0,,,,,,,,,,,,,,,,
IMU,128099182.0,2,0.8931,-0.4268,0.0259,-3.11,2.26,0.61,-86.5,-65.03,153.35,28.3,,,,,,,,,,,,,,,,
EXO,128127743,,,,,,,,,,,,SAFE,-62.655,2.258,0.99,1.408,0.036,0.005,0.0,0.005,-0.011,0.0,0.0,0.0,0.0,0.0,0.0
IMU,128145655.0,1,-0.0669,-0.9917,0.0229,1.59,2.56,-0.31,-88.59,3.49,104.71,27.1,,,,,,,,,,,,,,,,
IMU,128199122.0,2,0.897,-0.4268,0.0078,0.73,0.0,-0.12,-86.19,-65.02,152.93,28.3,,,,,,,,,,,,,,,,
EXO,128227657,,,,,,,,,,,,SAFE,-62.65,0.0,0.993,1.409,-0.002,0.005,0.0,0.005,0.012,0.0,0.0,0.0,0.0,0.0,0.0
IMU,128245811.0,1,-0.0566,-0.9995,0.0278,-1.4,2.32,1.1,-88.56,3.51,104.66,27.4,,,,,,,,,,,,,,,,
IMU,128299064.0,2,0.9033,-0.4165,0.0215,-1.04,-1.83,0.61,-86.52,-64.95,153.11,28.2,,,,,,,,,,,,,,,,
EXO,128327729,,,,,,,,,,,,SAFE,-62.578,-1.831,0.995,1.409,0.072,0.005,0.0,0.005,-0.01,0.0,0.0,0.0,0.0,0.0,0.0
IMU,128345961.0,1,-0.0591,-0.9995,0.021,-0.79,2.93,0.0,-88.72,3.56,104.51,27.0,,,,,,,,,,,,,,,,
IMU,128399080.0,2,0.9136,-0.4194,0.0171,-1.28,0.92,-1.53,-86.76,-64.98,153.1,28.3,,,,,,,,,,,,,,,,
EXO,128427716,,,,,,,,,,,,SAFE,-62.611,0.916,1.005,1.408,0.001,0.005,0.0,0.005,0.011,0.0,0.0,0.0,0.0,0.0,0.0
IMU,128446151.0,1,-0.0562,-1.0024,0.0142,0.79,3.85,-1.16,-88.75,3.44,104.23,27.1,,,,,,,,,,,,,,,,
IMU,128498944.0,2,0.9004,-0.4204,0.0186,-0.79,0.12,-1.65,-86.7,-65.13,152.75,28.3,,,,,,,,,,,,,,,,
EXO,128527719,,,,,,,,,,,,SAFE,-62.754,0.122,0.994,1.408,-0.15,0.005,0.0,0.005,-0.002,0.0,0.0,0.0,0.0,0.0,0.0
IMU,128546315.0,1,-0.0635,-0.9956,0.0176,-0.43,1.1,-1.71,-88.76,3.29,104.06,27.1,,,,,,,,,,,,,,,,
IMU,128598888.0,2,0.8936,-0.4229,0.0225,-0.49,-1.16,-0.67,-86.86,-65.25,152.78,28.3,,,,,,,,,,,,,,,,
EXO,128627910,,,,,,,,,,,,SAFE,-62.88,-1.16,0.989,1.409,-0.036,0.005,0.0,0.005,0.005,0.0,0.0,0.0,0.0,0.0,0.0
IMU,128646488.0,1,-0.0723,-0.999,0.0127,-1.1,-2.62,-1.1,-88.87,3.23,104.09,27.1,,,,,,,,,,,,,,,,
IMU,128698829.0,2,0.9043,-0.4258,0.021,4.46,-1.22,-1.53,-87.01,-65.35,153.18,28.1,,,,,,,,,,,,,,,,
EXO,128727912,,,,,,,,,,,,SAFE,-62.979,-1.221,1.0,1.408,-0.033,0.005,0.0,0.005,-0.003,0.0,0.0,0.0,0.0,0.0,0.0
IMU,128746658.0,1,-0.0503,-1.0063,0.0229,0.0,-2.14,0.73,-88.88,3.15,104.46,27.1,,,,,,,,,,,,,,,,
IMU,128798769.0,2,0.9141,-0.4121,0.0269,1.22,-1.59,2.44,-87.0,-65.24,153.37,28.3,,,,,,,,,,,,,,,,
EXO,128827655,,,,,,,,,,,,SAFE,-62.869,-1.587,1.003,1.409,-0.034,0.005,0.0,0.005,0.012,0.0,0.0,0.0,0.0,0.0,0.0
IMU,128846841.0,1,-0.0596,-0.9941,0.0215,-1.65,-0.73,1.16,-88.97,3.35,104.62,27.2,,,,,,,,,,,,,,,,
IMU,128898762.0,2,0.9062,-0.4126,0.0312,-1.46,-0.24,0.43,-87.35,-65.13,153.73,28.2,,,,,,,,,,,,,,,,
EXO,128927783,,,,,,,,,,,,SAFE,-62.759,-0.244,0.996,1.409,-0.014,0.005,0.0,0.005,-0.004,0.0,0.0,0.0,0.0,0.0,0.0
IMU,128947022.0,1,-0.0615,-0.9927,0.0225,-0.12,0.18,-0.12,-89.04,3.38,104.56,27.2,,,,,,,,,,,,,,,,
IMU,128998657.0,2,0.9053,-0.415,0.0195,-0.79,0.55,-0.67,-87.35,-65.17,153.73,28.4,,,,,,,,,,,,,,,,
EXO,129027822,,,,,,,,,,,,SAFE,-62.792,0.549,0.996,1.408,0.076,0.005,0.0,0.005,-0.009,0.0,0.0,0.0,0.0,0.0,0.0
IMU,129047181.0,1,-0.0547,-1.0039,0.0146,0.61,0.61,-0.85,-89.02,3.31,104.48,27.2,,,,,,,,,,,,,,,,
IMU,129098602.0,2,0.9019,-0.4199,0.0039,-2.81,1.46,-1.1,-87.22,-65.25,153.5,28.2,,,,,,,,,,,,,,,,
EXO,129127708,,,,,,,,,,,,SAFE,-62.88,1.465,0.995,1.408,-0.07,0.005,0.0,0.005,0.016,0.0,0.0,0.0,0.0,0.0,0.0
IMU,129147378.0,1,-0.0566,-0.9961,0.0107,-0.43,1.22,-0.79,-89.01,3.22,104.26,27.1,,,,,,,,,,,,,,,,
IMU,129198531.0,2,0.8994,-0.4209,0.0103,0.43,-0.24,0.31,-87.34,-65.31,153.48,28.3,,,,,,,,,,,,,,,,
EXO,129227720,,,,,,,,,,,,SAFE,-62.941,-0.244,0.993,1.408,-0.041,0.005,0.0,0.005,0.009,0.0,0.0,0.0,0.0,0.0,0.0
IMU,129247566.0,1,-0.0581,-0.9961,0.0166,0.12,1.28,0.67,-89.03,3.25,104.24,27.3,,,,,,,,,,,,,,,,
IMU,129298466.0,2,0.9053,-0.4141,0.0137,-1.71,1.77,0.37,-87.3,-65.24,153.3,28.1,,,,,,,,,,,,,,,,
EXO,129327531,,,,,,,,,,,,SAFE,-62.869,1.77,0.996,1.409,0.052,0.005,0.0,0.005,0.002,0.0,0.0,0.0,0.0,0.0,0.0
IMU,129347857.0,1,-0.0601,-0.9995,0.0122,0.43,-0.18,0.43,-88.98,3.3,104.11,27.0,,,,,,,,,,,,,,,,
IMU,129398429.0,2,0.9072,-0.4209,0.0088,-2.01,0.55,0.55,-87.23,-65.2,153.12,28.2,,,,,,,,,,,,,,,,
EXO,129427608,,,,,,,,,,,,SAFE,-62.825,0.549,1.0,1.408,0.065,0.005,0.0,0.005,-0.002,0.0,0.0,0.0,0.0,0.0,0.0
IMU,129447934.0,1,-0.0566,-1.0024,0.0132,0.49,0.73,0.31,-88.97,3.34,104.0,27.1,,,,,,,,,,,,,,,,
IMU,129498344.0,2,0.9062,-0.4214,0.0078,-0.92,1.04,-0.12,-87.17,-65.18,152.92,28.2,,,,,,,,,,,,,,,,
EXO,129527629,,,,,,,,,,,,SAFE,-62.803,1.038,0.999,1.408,-0.056,0.005,0.0,0.005,0.013,0.0,0.0,0.0,0.0,0.0,0.0
IMU,129548124.0,1,-0.0518,-0.999,0.0073,0.67,-0.67,-0.18,-88.93,3.33,103.94,27.2,,,,,,,,,,,,,,,,
IMU,129598275.0,2,0.8975,-0.4224,0.0034,0.18,0.85,0.49,-87.01,-65.18,152.76,28.1,,,,,,,,,,,,,,,,
EXO,129627663,,,,,,,,,,,,SAFE,-62.809,0.854,0.992,1.409,0.068,0.005,0.0,0.005,0.013,0.0,0.0,0.0,0.0,0.0,0.0
IMU,129648300.0,1,-0.0552,-1.0024,0.0137,0.73,1.53,0.31,-88.87,3.36,103.91,27.1,,,,,,,,,,,,,,,,
IMU,129698216.0,2,0.9146,-0.4272,0.0034,0.43,-0.18,-0.06,-86.95,-65.15,152.57,28.3,,,,,,,,,,,,,,,,
EXO,129727623,,,,,,,,,,,,SAFE,-62.776,-0.183,1.009,1.408,-0.109,0.005,0.0,0.005,-0.012,0.0,0.0,0.0,0.0,0.0,0.0
IMU,129748483.0,1,-0.0571,-1.001,0.0098,0.61,1.22,0.73,-88.87,3.38,103.85,27.4,,,,,,,,,,,,,,,,
IMU,129798164.0,2,0.8975,-0.4233,0.0161,2.56,-0.06,0.98,-86.92,-65.09,152.48,28.3,,,,,,,,,,,,,,,,
EXO,129827551,,,,,,,,,,,,SAFE,-62.715,-0.061,0.992,1.409,0.07,0.005,0.0,0.005,0.001,0.0,0.0,0.0,0.0,0.0,0.0
IMU,129848686.0,1,-0.0635,-0.9946,0.0161,1.28,-0.61,1.34,-88.79,3.48,103.96,27.1,,,,,,,,,,,,,,,,
IMU,129898110.0,2,0.9023,-0.4258,0.0132,2.75,-0.98,1.28,-86.72,-64.96,152.39,28.2,,,,,,,,,,,,,,,,
EXO,129927678,,,,,,,,,,,,SAFE,-62.589,-0.977,0.998,1.409,0.04,0.005,0.0,0.005,0.005,0.0,0.0,0.0,0.0,0.0,0.0
IMU,129948856.0,1,-0.0654,-0.9927,0.0317,-2.75,-2.14,1.59,-88.85,3.61,104.17,27.1,,,,,,,,,,,,,,,,
IMU,129998036.0,2,0.8994,-0.4224,0.0283,2.44,-5.62,0.98,-87.34,-64.84,153.23,28.2,,,,,,,,,,,,,,,,
EXO,130027742,,,,,,,,,,,,SAFE,-62.468,-5.615,0.994,1.409,-0.136,0.005,0.0,0.005,0.009,0.0,0.0,0.0,0.0,0.0,0.0
IMU,130049036.0,1,-0.061,-1.0063,0.0312,-3.11,-0.73,1.71,-89.19,3.75,104.45,27.1,,,,,,,,,,,,,,,,
IMU,130097976.0,2,0.9131,-0.4253,0.0308,-0.67,-0.31,1.77,-87.94,-64.7,153.98,28.1,,,,,,,,,,,,,,,,
EXO,130127949,,,,,,,,,,,,SAFE,-62.325,-0.305,1.008,1.408,-0.088,0.005,0.0,0.005,-0.004,0.0,0.0,0.0,0.0,0.0,0.0
IMU,130149222.0,1,-0.0649,-1.0083,0.0132,2.14,2.81,0.18,-89.2,3.87,104.3,27.0,,,,,,,,,,,,,,,,
IMU,130197915.0,2,0.8999,-0.4355,0.0161,-0.06,4.58,0.24,-87.42,-64.65,153.36,28.4,,,,,,,,,,,,,,,,
EXO,130227574,,,,,,,,,,,,SAFE,-62.281,4.578,1.0,1.409,-0.018,0.005,0.0,0.005,0.019,0.0,0.0,0.0,0.0,0.0,0.0
IMU,130249397.0,1,-0.0703,-0.9956,0.022,2.87,3.66,0.85,-88.87,3.9,104.04,27.1,,,,,,,,,,,,,,,,
IMU,130297850.0,2,0.8999,-0.436,0.0132,0.24,1.4,1.34,-86.81,-64.56,152.53,28.0,,,,,,,,,,,,,,,,
EXO,130327472,,,,,,,,,,,,SAFE,-62.183,1.404,1.0,1.409,0.06,0.005,0.0,0.005,-0.003,0.0,0.0,0.0,0.0,0.0,0.0
IMU,130349582.0,1,-0.0703,-0.9932,0.0132,2.08,1.83,2.99,-88.7,4.07,103.88,27.2,,,,,,,,,,,,,,,,
IMU,130397805.0,2,0.8921,-0.4302,0.0132,2.75,1.04,1.28,-86.47,-64.31,152.12,28.4,,,,,,,,,,,,,,,,
EXO,130427439,,,,,,,,,,,,SAFE,-61.935,1.038,0.99,1.408,-0.003,0.005,0.0,0.005,-0.008,0.0,0.0,0.0,0.0,0.0,0.0
IMU,130449744.0,1,-0.0747,-0.9893,0.0205,2.14,2.32,0.98,-88.52,4.23,103.85,27.1,,,,,,,,,,,,,,,,
IMU,130497740.0,2,0.8906,-0.4312,0.0195,2.62,-0.61,0.18,-86.19,-64.23,151.75,28.2,,,,,,,,,,,,,,,,
EXO,130527534,,,,,,,,,,,,SAFE,-61.853,-0.61,0.99,1.409,-0.009,0.005,0.0,0.005,-0.011,0.0,0.0,0.0,0.0,0.0,0.0
IMU,130549911.0,1,-0.0874,-0.9897,0.0308,-1.71,-0.12,-0.18,-88.52,4.27,103.9,27.1,,,,,,,,,,,,,,,,
IMU,130597684.0,2,0.8906,-0.4429,0.0254,0.79,-2.87,-1.16,-86.57,-64.28,152.16,28.2,,,,,,,,,,,,,,,,
EXO,130627887,,,,,,,,,,,,SAFE,-61.908,-2.869,0.995,1.409,0.084,0.005,0.0,0.005,0.011,0.0,0.0,0.0,0.0,0.0,0.0
IMU,130650095.0,1,-0.0757,-1.0029,0.0259,-0.18,-0.24,0.18,-88.68,4.21,103.95,27.1,,,,,,,,,,,,,,,,
IMU,130697602.0,2,0.9009,-0.439,0.0269,2.99,0.18,0.0,-86.61,-64.28,152.29,28.3,,,,,,,,,,,,,,,,
EXO,130727650,,,,,,,,,,,,SAFE,-61.902,0.183,1.002,1.409,0.148,0.005,0.0,0.005,0.003,0.0,0.0,0.0,0.0,0.0,0.0
IMU,130750284.0,1,-0.0747,-0.9985,0.0288,0.61,-2.38,-0.43,-88.59,4.22,104.17,27.2,,,,,,,,,,,,,,,,
IMU,130797580.0,2,0.8994,-0.4351,0.0264,0.92,-0.37,0.98,-86.39,-64.26,152.3,28.2,,,,,,,,,,,,,,,,
EXO,130827692,,,,,,,,,,,,SAFE,-61.886,-0.366,0.999,1.408,-0.119,0.005,0.0,0.005,-0.002,0.0,0.0,0.0,0.0,0.0,0.0
IMU,130850471.0,1,-0.0767,-0.9985,0.0264,0.24,-0.92,1.22,-88.55,4.32,104.29,27.2,,,,,,,,,,,,,,,,
IMU,130897481.0,2,0.9014,-0.4404,0.0249,0.85,0.67,0.0,-86.3,-64.16,152.31,28.3,,,,,,,,,,,,,,,,
EXO,130927549,,,,,,,,,,,,SAFE,-61.787,0.671,1.004,1.409,0.045,0.005,0.0,0.005,-0.007,0.0,0.0,0.0,0.0,0.0,0.0
IMU,130950596.0,1,-0.0801,-0.9995,0.0356,0.49,0.0,0.0,-88.49,4.33,104.32,27.2,,,,,,,,,,,,,,,,
IMU,130997441.0,2,0.8838,-0.4409,0.0269,2.01,-1.34,0.79,-86.22,-64.15,152.31,28.3,,,,,,,,,,,,,,,,
EXO,131027536,,,,,,,,,,,,SAFE,-61.776,-1.343,0.988,1.409,0.081,0.005,0.0,0.005,0.018,0.0,0.0,0.0,0.0,0.0,0.0
IMU,131050805.0,1,-0.0737,-1.0015,0.0322,-0.67,0.55,2.93,-88.5,4.47,104.4,27.1,,,,,,,,,,,,,,,,
IMU,131097378.0,2,0.8979,-0.4302,0.0342,1.65,-0.61,2.56,-86.33,-63.9,152.51,28.2,,,,,,,,,,,,,,,,
EXO,131127642,,,,,,,,,,,,SAFE,-61.529,-0.61,0.996,1.409,0.061,0.005,0.0,0.005,-0.002,0.0,0.0,0.0,0.0,0.0,0.0
IMU,131150978.0,1,-0.0708,-0.9946,0.0347,0.18,0.92,3.54,-88.49,4.74,104.48,27.1,,,,,,,,,,,,,,,,
IMU,131197318.0,2,0.9014,-0.4277,0.0308,-1.83,0.55,1.71,-86.33,-63.63,152.51,28.3,,,,,,,,,,,,,,,,
EXO,131227544,,,,,,,,,,,,SAFE,-61.254,0.549,0.998,1.409,0.04,0.005,0.0,0.005,-0.0,0.0,0.0,0.0,0.0,0.0,0.0
IMU,131251150.0,1,-0.083,-0.9888,0.0317,1.34,4.88,-0.31,-88.46,4.87,104.2,27.1,,,,,,,,,,,,,,,,
IMU,131297238.0,2,0.8906,-0.4404,0.0293,-3.48,2.69,-0.85,-86.18,-63.66,151.96,28.4,,,,,,,,,,,,,,,,
EXO,131327741,,,,,,,,,,,,SAFE,-61.287,2.686,0.994,1.409,-0.064,0.005,0.0,0.005,-0.006,0.0,0.0,0.0,0.0,0.0,0.0
IMU,131351324.0,1,-0.0903,-0.9917,0.0229,1.59,4.64,-0.43,-88.35,4.8,103.74,27.2,,,,,,,,,,,,,,,,
IMU,131397140.0,2,0.8921,-0.4463,0.021,-2.62,2.69,0.0,-85.92,-63.69,151.28,28.1,,,,,,,,,,,,,,,,
EXO,131427656,,,,,,,,,,,,SAFE,-61.315,2.686,0.998,1.409,0.046,0.005,0.0,0.005,0.006,0.0,0.0,0.0,0.0,0.0,0.0
IMU,131451494.0,1,-0.0913,-0.9927,0.0161,0.79,1.89,-0.67,-88.25,4.78,103.4,27.1,,,,,,,,,,,,,,,,
IMU,131497097.0,2,0.8867,-0.4482,0.0161,0.79,-1.28,-0.98,-85.87,-63.73,151.01,28.1,,,,,,,,,,,,,,,,
EXO,131527729,,,,,,,,,,,,SAFE,-61.359,-1.282,0.994,1.409,0.079,0.005,0.0,0.005,0.008,0.0,0.0,0.0,0.0,0.0,0.0
IMU,131551682.0,1,-0.0942,-0.9912,0.0215,-1.59,1.04,0.18,-88.39,4.75,103.37,27.1,,,,,,,,,,,,,,,,
IMU,131597033.0,2,0.8901,-0.4463,0.0273,1.22,-2.38,0.06,-86.33,-63.73,151.39,28.3,,,,,,,,,,,,,,,,
EXO,131627659,,,,,,,,,,,,SAFE,-61.353,-2.38,0.996,1.408,-0.017,0.005,0.0,0.005,-0.016,0.0,0.0,0.0,0.0,0.0,0.0
IMU,131651843.0,1,-0.0889,-0.999,0.0244,-1.77,-1.34,0.92,-88.57,4.81,103.46,27.1,,,,,,,,,,,,,,,,
IMU,131696958.0,2,0.895,-0.4497,0.0244,-0.18,-2.26,0.73,-86.73,-63.65,151.89,28.3,,,,,,,,,,,,,,,,
EXO,131727816,,,,,,,,,,,,SAFE,-61.276,-2.258,1.002,1.409,-0.01,0.005,0.0,0.005,-0.006,0.0,0.0,0.0,0.0,0.0,0.0
IMU,131752012.0,1,-0.0884,-0.9995,0.022,-1.22,0.61,0.37,-88.74,4.89,103.51,27.2,,,,,,,,,,,,,,,,
IMU,131796887.0,2,0.8926,-0.4395,0.0332,-0.18,1.16,0.31,-86.98,-63.61,152.08,28.1,,,,,,,,,,,,,,,,
EXO,131827651,,,,,,,,,,,,SAFE,-61.238,1.16,0.995,1.408,0.093,0.005,0.0,0.005,0.002,0.0,0.0,0.0,0.0,0.0,0.0
IMU,131852201.0,1,-0.0854,-0.9917,0.0244,1.71,-1.46,-0.06,-88.67,4.91,103.54,27.2,,,,,,,,,,,,,,,,
IMU,131896796.0,2,0.8989,-0.4434,0.0112,-1.1,2.56,0.0,-86.56,-63.6,151.75,28.4,,,,,,,,,,,,,,,,
EXO,131927752,,,,,,,,,,,,SAFE,-61.227,2.563,1.002,1.408,-0.005,0.005,0.0,0.005,-0.008,0.0,0.0,0.0,0.0,0.0,0.0
IMU,131952377.0,1,-0.0869,-0.9995,0.0103,0.85,0.67,-1.28,-88.53,4.88,103.43,27.0,,,,,,,,,,,,,,,,
IMU,131996752.0,2,0.8931,-0.4502,0.0068,-0.55,-0.12,-2.32,-86.43,-63.72,151.46,28.1,,,,,,,,,,,,,,,,
EXO,132027810,,,,,,,,,,,,SAFE,-61.342,-0.122,1.0,1.408,-0.07,0.005,0.0,0.005,0.008,0.0,0.0,0.0,0.0,0.0,0.0
IMU,132052556.0,1,-0.0869,-0.9976,0.0239,-2.44,-0.92,-1.04,-88.65,4.7,103.4,27.1,,,,,,,,,,,,,,,,
IMU,132096688.0,2,0.8867,-0.4551,0.0308,1.77,-3.23,0.92,-86.93,-63.81,151.96,28.1,,,,,,,,,,,,,,,,
EXO,132127813,,,,,,,,,,,,SAFE,-61.436,-3.235,0.997,1.409,0.06,0.005,0.0,0.005,0.006,0.0,0.0,0.0,0.0,0.0,0.0
IMU,132152727.0,1,-0.0864,-1.0054,0.0156,-0.12,-2.62,2.62,-88.8,4.84,103.65,27.2,,,,,,,,,,,,,,,,
IMU,132196634.0,2,0.9058,-0.4429,0.0205,3.3,0.43,1.71,-86.93,-63.57,152.27,28.4,,,,,,,,,,,,,,,,
EXO,132227653,,,,,,,,,,,,SAFE,-61.199,0.427,1.008,1.409,0.173,0.005,0.0,0.005,-0.001,0.0,0.0,0.0,0.0,0.0,0.0
IMU,132252889.0,1,-0.0854,-0.9995,0.0327,0.31,-0.85,-0.12,-88.69,4.97,103.85,27.2,,,,,,,,,,,,,,,,
IMU,132296575.0,2,0.8887,-0.4453,0.022,1.59,-2.38,0.43,-86.83,-63.54,152.32,28.2,,,,,,,,,,,,,,,,
EXO,132327722,,,,,,,,,,,,SAFE,-61.172,-2.38,0.994,1.408,-0.095,0.005,0.0,0.005,-0.001,0.0,0.0,0.0,0.0,0.0,0.0
IMU,132353073.0,1,-0.083,-0.998,0.0322,-2.08,0.0,2.32,-88.8,5.06,103.97,27.0,,,,,,,,,,,,,,,,
IMU,132396513.0,2,0.8916,-0.4429,0.0288,-2.87,-1.59,1.65,-87.26,-63.38,152.77,28.3,,,,,,,,,,,,,,,,
EXO,132427742,,,,,,,,,,,,SAFE,-61.007,-1.587,0.996,1.408,-0.049,0.005,0.0,0.005,0.009,0.0,0.0,0.0,0.0,0.0,0.0
IMU,132453241.0,1,-0.0918,-0.9961,0.0259,-0.85,2.81,1.71,-88.94,5.23,103.77,27.2,,,,,,,,,,,,,,,,
IMU,132496437.0,2,0.8862,-0.4482,0.0264,-3.3,2.69,1.04,-87.46,-63.24,152.72,28.3,,,,,,,,,,,,,,,,
EXO,132527627,,,,,,,,,,,,SAFE,-60.864,2.686,0.993,1.408,0.103,0.005,0.0,0.005,-0.004,0.0,0.0,0.0,0.0,0.0,0.0
IMU,132553408.0,1,-0.0908,-0.9927,0.0229,2.87,2.99,1.04,-88.81,5.34,103.41,27.1,,,,,,,,,,,,,,,,
IMU,132596371.0,2,0.8911,-0.4507,0.0093,-2.93,3.42,0.67,-86.93,-63.13,151.93,28.3,,,,,,,,,,,,,,,,
EXO,132627535,,,,,,,,,,,,SAFE,-60.76,3.418,0.999,1.408,-0.07,0.005,0.0,0.005,0.009,0.0,0.0,0.0,0.0,0.0,0.0
IMU,132653585.0,1,-0.0942,-0.9897,0.0151,0.49,6.1,0.73,-88.67,5.42,102.94,27.2,,,,,,,,,,,,,,,,
IMU,132696312.0,2,0.8838,-0.4551,0.0083,-5.8,0.37,0.06,-87.0,-63.07,151.38,28.3,,,,,,,,,,,,,,,,
EXO,132727562,,,,,,,,,,,,SAFE,-60.699,0.366,0.994,1.408,-0.105,0.005,0.0,0.005,-0.002,0.0,0.0,0.0,0.0,0.0,0.0
IMU,132753755.0,1,-0.0981,-1.0029,0.0166,-2.69,2.44,0.31,-88.87,5.45,102.44,27.1,,,,,,,,,,,,,,,,
IMU,132796243.0,2,0.8896,-0.4653,0.0156,-2.44,-0.85,1.28,-87.65,-63.04,151.64,28.4,,,,,,,,,,,,,,,,
EXO,132827744,,,,,,,,,,,,SAFE,-60.667,-0.854,1.004,1.409,0.085,0.005,0.0,0.005,-0.001,0.0,0.0,0.0,0.0,0.0,0.0
IMU,132853931.0,1,-0.1016,-1.0088,0.0103,1.22,3.48,0.67,-89.01,5.56,102.15,27.2,,,,,,,,,,,,,,,,
IMU,132896178.0,2,0.8931,-0.4678,0.0269,0.0,2.93,0.24,-87.54,-62.94,151.25,28.1,,,,,,,,,,,,,,,,
EXO,132927493,,,,,,,,,,,,SAFE,-60.568,2.93,1.009,1.409,-0.019,0.005,0.0,0.005,-0.005,0.0,0.0,0.0,0.0,0.0,0.0
IMU,132954093.0,1,-0.1074,-1.0005,0.0244,3.05,2.81,1.1,-88.76,5.64,101.98,27.3,,,,,,,,,,,,,,,,
IMU,132996110.0,2,0.8818,-0.4561,0.0259,-0.49,4.03,1.59,-86.92,-62.8,150.46,28.1,,,,,,,,,,,,,,,,
EXO,133027563,,,,,,,,,,,,SAFE,-60.425,4.028,0.993,1.408,-0.007,0.006,0.0,0.006,-0.005,0.0,0.0,0.0,0.0,0.0,0.0
IMU,133054284.0,1,-0.1021,-0.981,0.0337,0.24,1.53,2.44,-88.55,5.82,101.83,27.1,,,,,,,,,,,,,,,,
IMU,133096042.0,2,0.8901,-0.4482,0.022,-5.74,0.55,1.53,-86.86,-62.57,150.18,28.1,,,,,,,,,,,,,,,,
EXO,133127563,,,,,,,,,,,,SAFE,-60.2,0.549,0.997,1.409,-0.005,0.006,0.0,0.006,0.001,0.0,0.0,0.0,0.0,0.0,0.0
IMU,133154452.0,1,-0.1074,-0.9946,0.0142,-0.43,2.5,-0.31,-88.66,5.94,101.46,27.1,,,,,,,,,,,,,,,,
IMU,133195971.0,2,0.8755,-0.4614,0.022,-4.64,3.78,-0.24,-87.06,-62.57,149.97,28.2,,,,,,,,,,,,,,,,
EXO,133227818,,,,,,,,,,,,SAFE,-60.2,3.784,0.99,1.408,-0.075,0.006,0.0,0.006,0.01,0.0,0.0,0.0,0.0,0.0,0.0
IMU,133254687.0,1,-0.1089,-0.9824,0.0181,4.58,-0.85,-1.28,-88.46,5.89,101.16,27.0,,,,,,,,,,,,,,,,
IMU,133295914.0,2,0.8574,-0.4683,0.0039,0.55,4.46,0.67,-86.18,-62.61,149.03,28.4,,,,,,,,,,,,,,,,
EXO,133327651,,,,,,,,,,,,SAFE,-60.233,4.456,0.977,1.408,-0.061,0.006,0.0,0.006,0.008,0.0,0.0,0.0,0.0,0.0,0.0
IMU,133354913.0,1,-0.0991,-0.9775,0.0264,1.1,1.16,2.01,-88.16,6.0,101.02,27.1,,,,,,,,,,,,,,,,
IMU,133395854.0,2,0.8745,-0.46,-0.0024,-0.85,-1.46,2.14,-86.0,-62.38,148.63,28.3,,,,,,,,,,,,,,,,
EXO,133427741,,,,,,,,,,,,SAFE,-60.007,-1.465,0.988,1.409,-0.057,0.006,0.0,0.006,0.005,0.0,0.0,0.0,0.0,0.0,0.0
IMU,133455003.0,1,-0.1074,-0.9946,0.0107,-2.69,1.83,0.92,-88.36,6.2,100.89,27.0,,,,,,,,,,,,,,,,
IMU,133495791.0,2,0.8901,-0.4727,0.0264,1.28,-2.01,-0.61,-86.68,-62.29,149.04,28.3,,,,,,,,,,,,,,,,
EXO,133527725,,,,,,,,,,,,SAFE,-59.919,-2.014,1.008,1.408,-0.003,0.006,0.0,0.006,0.002,0.0,0.0,0.0,0.0,0.0,0.0
IMU,133555169.0,1,-0.1123,-0.9941,0.0225,0.49,0.0,0.18,-88.49,6.19,100.94,27.1,,,,,,,,,,,,,,,,
IMU,133595731.0,2,0.8823,-0.4624,0.0371,2.14,1.4,-0.18,-86.59,-62.31,148.99,28.2,,,,,,,,,,,,,,,,
EXO,133627537,,,,,,,,,,,,SAFE,-59.936,1.404,0.997,1.409,0.029,0.006,0.0,0.006,0.005,0.0,0.0,0.0,0.0,0.0,0.0
IMU,133655361.0,1,-0.1084,-0.9893,0.0195,1.59,-2.2,0.43,-88.32,6.19,101.12,27.0,,,,,,,,,,,,,,,,
IMU,133695676.0,2,0.8818,-0.4604,0.0229,2.62,-0.85,0.73,-86.2,-62.27,148.85,28.4,,,,,,,,,,,,,,,,
EXO,133727621,,,,,,,,,,,,SAFE,-59.892,-0.854,0.995,1.408,0.084,0.006,0.0,0.006,-0.013,0.0,0.0,0.0,0.0,0.0,0.0
IMU,133755556.0,1,-0.1099,-0.9917,0.0308,-5.43,-4.7,-0.37,-88.46,6.21,101.5,27.1,,,,,,,,,,,,,,,,
IMU,133795618.0,2,0.8857,-0.4663,0.0337,-0.43,-6.04,0.37,-87.06,-62.3,150.02,28.4,,,,,,,,,,,,,,,,
EXO,133827905,,,,,,,,,,,,SAFE,-59.93,-6.042,1.002,1.408,-0.04,0.006,0.0,0.006,-0.008,0.0,0.0,0.0,0.0,0.0,0.0
IMU,133855760.0,1,-0.1069,-0.9946,0.0366,-3.85,-3.11,-0.43,-88.92,6.21,101.78,27.4,,,,,,,,,,,,,,,,
IMU,133895567.0,2,0.8833,-0.4653,0.0425,1.83,-1.95,0.18,-87.74,-62.34,151.01,28.3,,,,,,,,,,,,,,,,
EXO,133927847,,,,,,,,,,,,SAFE,-59.963,-1.953,0.999,1.408,-0.041,0.006,0.0,0.006,0.005,0.0,0.0,0.0,0.0,0.0,0.0
IMU,133955922.0,1,-0.1045,-0.999,0.0254,-0.73,1.28,1.28,-89.01,6.25,101.95,27.1,,,,,,,,,,,,,,,,
IMU,133995459.0,2,0.897,-0.4585,0.0327,-2.01,1.28,0.0,-87.76,-62.25,151.08,28.3,,,,,,,,,,,,,,,,
EXO,134027629,,,,,,,,,,,,SAFE,-59.881,1.282,1.008,1.408,-0.116,0.006,0.0,0.006,-0.008,0.0,0.0,0.0,0.0,0.0,0.0
IMU,134056110.0,1,-0.1094,-0.9995,0.0132,2.08,2.08,-0.92,-88.92,6.23,101.76,27.0,,,,,,,,,,,,,,,,
IMU,134095421.0,2,0.8862,-0.4639,0.0239,-0.12,3.54,-0.12,-87.33,-62.31,150.56,28.2,,,,,,,,,,,,,,,,
EXO,134127731,,,,,,,,,,,,SAFE,-59.941,3.54,1.001,1.408,-0.046,0.006,0.0,0.006,-0.004,0.0,0.0,0.0,0.0,0.0,0.0
IMU,134156296.0,1,-0.1167,-0.9844,0.0142,1.4,0.85,-1.53,-88.7,6.16,101.65,27.1,,,,,,,,,,,,,,,,
IMU,134195357.0,2,0.8691,-0.4668,0.0205,-0.31,1.28,-0.61,-86.95,-62.4,150.11,28.2,,,,,,,,,,,,,,,,
EXO,134227722,,,,,,,,,,,,SAFE,-60.024,1.282,0.987,1.409,0.158,0.006,0.0,0.006,0.01,0.0,0.0,0.0,0.0,0.0,0.0
IMU,134256479.0,1,-0.1133,-0.9917,0.0181,-1.46,-1.46,0.31,-88.7,6.14,101.68,27.1,,,,,,,,,,,,,,,,
IMU,134295290.0,2,0.8813,-0.4619,0.0283,-0.73,-2.01,-0.61,-87.19,-62.39,150.38,28.1,,,,,,,,,,,,,,,,
EXO,134327909,,,,,,,,,,,,SAFE,-60.013,-2.014,0.995,1.409,-0.042,0.006,0.0,0.006,0.006,0.0,0.0,0.0,0.0,0.0,0.0
IMU,134356696.0,1,-0.1016,-1.0059,0.021,-2.14,-2.38,0.55,-88.88,6.11,101.83,27.2,,,,,,,,,,,,,,,,
IMU,134395222.0,2,0.8877,-0.4653,0.0308,1.22,-0.73,1.83,-87.54,-62.36,150.91,28.2,,,,,,,,,,,,,,,,
EXO,134427724,,,,,,,,,,,,SAFE,-59.991,-0.732,1.003,1.409,0.04,0.006,0.0,0.006,0.015,0.0,0.0,0.0,0.0,0.0,0.0
IMU,134456856.0,1,-0.1084,-1.0166,0.019,1.95,-0.12,0.24,-88.88,6.23,101.94,27.0,,,,,,,,,,,,,,,,
IMU,134495123.0,2,0.8916,-0.4683,0.0303,2.14,3.66,0.0,-87.18,-62.3,150.64,28.3,,,,,,,,,,,,,,,,
EXO,134527563,,,,,,,,,,,,SAFE,-59.925,3.662,1.008,1.409,0.15,0.006,0.0,0.006,-0.002,0.0,0.0,0.0,0.0,0.0,0.0
IMU,134557046.0,1,-0.1104,-0.9946,0.0312,3.48,-2.44,1.53,-88.51,6.26,102.07,27.1,,,,,,,,,,,,,,,,
IMU,134595086.0,2,0.8735,-0.4668,0.0288,2.44,2.75,2.87,-86.32,-62.14,150.02,28.2,,,,,,,,,,,,,,,,
EXO,134627644,,,,,,,,,,,,SAFE,-59.766,2.747,0.991,1.408,-0.069,0.006,0.0,0.006,-0.004,0.0,0.0,0.0,0.0,0.0,0.0
IMU,134657233.0,1,-0.1108,-0.981,0.0308,0.67,-0.98,1.53,-88.24,6.48,102.21,27.2,,,,,,,,,,,,,,,,
IMU,134695012.0,2,0.874,-0.46,0.0283,0.85,-0.43,1.34,-86.07,-61.95,149.84,28.3,,,,,,,,,,,,,,,,
EXO,134727659,,,,,,,,,,,,SAFE,-59.573,-0.427,0.988,1.408,-0.033,0.006,0.0,0.006,-0.004,0.0,0.0,0.0,0.0,0.0,0.0
IMU,134757408.0,1,-0.1147,-0.9888,0.0322,-2.75,-0.06,0.55,-88.32,6.59,102.3,27.1,,,,,,,,,,,,,,,,
IMU,134794949.0,2,0.8774,-0.4663,0.0371,-1.83,-3.42,-0.67,-86.57,-61.91,150.35,28.1,,,,,,,,,,,,,,,,
EXO,134827910,,,,,,,,,,,,SAFE,-59.54,-3.418,0.994,1.409,0.05,0.006,0.0,0.006,0.006,0.0,0.0,0.0,0.0,0.0,0.0
IMU,134857614.0,1,-0.1211,-1.0,0.0288,-1.1,1.53,0.61,-88.6,6.58,102.26,27.1,,,,,,,,,,,,,,,,
IMU,134894886.0,2,0.8745,-0.4746,0.0522,0.92,1.1,0.18,-86.91,-61.92,150.64,28.2,,,,,,,,,,,,,,,,
EXO,134927563,,,,,,,,,,,,SAFE,-59.546,1.099,0.996,1.408,-0.119,0.006,0.0,0.006,-0.01,0.0,0.0,0.0,0.0,0.0,0.0
IMU,134957762.0,1,-0.1187,-0.9854,0.0244,4.03,2.08,0.73,-88.4,6.62,102.21,27.2,,,,,,,,,,,,,,,,
IMU,134994815.0,2,0.8755,-0.4639,0.0288,0.67,3.11,0.18,-86.15,-61.85,149.9,28.2,,,,,,,,,,,,,,,,
EXO,135027467,,,,,,,,,,,,SAFE,-59.474,3.113,0.991,1.408,-0.127,0.006,0.0,0.006,0.004,0.0,0.0,0.0,0.0,0.0,0.0
IMU,135057940.0,1,-0.1196,-0.9883,0.0264,-1.22,0.49,0.06,-88.21,6.65,102.18,27.0,,,,,,,,,,,,,,,,
IMU,135094732.0,2,0.8804,-0.4629,0.0215,-1.59,-2.2,-0.67,-86.24,-61.85,149.97,28.1,,,,,,,,,,,,,,,,
EXO,135127781,,,,,,,,,,,,SAFE,-59.474,-2.197,0.995,1.409,-0.07,0.006,0.0,0.006,0.001,0.0,0.0,0.0,0.0,0.0,0.0
IMU,135158122.0,1,-0.1133,-0.9966,0.0259,-1.95,1.28,-0.55,-88.48,6.61,102.11,27.2,,,,,,,,,,,,,,,,
IMU,135194672.0,2,0.8828,-0.4712,0.0386,-2.2,0.0,-0.55,-86.78,-61.92,150.33,28.2,,,,,,,,,,,,,,,,
EXO,135227835,,,,,,,,,,,,SAFE,-59.551,0.0,1.001,1.408,-0.028,0.006,0.0,0.006,0.005,0.0,0.0,0.0,0.0,0.0,0.0
IMU,135258305.0,1,-0.1104,-0.9873,0.0405,1.89,0.49,-0.73,-88.47,6.55,101.98,27.2,,,,,,,,,,,,,,,,
IMU,135294618.0,2,0.8794,-0.4673,0.0205,-2.26,2.93,-0.37,-86.47,-61.96,149.95,28.3,,,,,,,,,,,,,,,,
EXO,135327712,,,,,,,,,,,,SAFE,-59.59,2.93,0.996,1.409,-0.036,0.006,0.0,0.006,0.007,0.0,0.0,0.0,0.0,0.0,0.0
IMU,135358493.0,1,-0.1069,-0.9966,0.0234,0.31,2.2,-0.67,-88.36,6.51,101.73,27.0,,,,,,,,,,,,,,,,
IMU,135394606.0,2,0.8906,-0.4668,0.0132,-2.26,0.37,-0.18,-86.43,-62.0,149.64,28.3,,,,,,,,,,,,,,,,
EXO,135427728,,,,,,,,,,,,SAFE,-59.628,0.366,1.006,1.408,0.009,0.006,0.0,0.006,0.002,0.0,0.0,0.0,0.0,0.0,0.0
IMU,135458674.0,1,-0.1187,-0.9902,0.0229,-0.79,1.46,-1.53,-88.46,6.45,101.5,27.1,,,,,,,,,,,,,,,,
IMU,135494567.0,2,0.877,-0.4727,0.0283,-0.85,0.06,-2.26,-86.68,-62.13,149.64,28.2,,,,,,,,,,,,,,,,
EXO,135527806,,,,,,,,,,,,SAFE,-59.76,0.061,0.997,1.409,0.104,0.006,0.0,0.006,-0.001,0.0,0.0,0.0,0.0,0.0,0.0
IMU,135558811.0,1,-0.1162,-0.9966,0.0293,-0.06,0.43,0.0,-88.48,6.33,101.4,27.1,,,,,,,,,,,,,,,,
IMU,135594511.0,2,0.8857,-0.4707,0.021,-0.37,-1.46,-0.31,-86.68,-62.19,149.58,28.2,,,,,,,,,,,,,,,,
EXO,135627818,,,,,,,,,,,,SAFE,-59.815,-1.465,1.003,1.409,0.003,0.006,0.0,0.006,0.006,0.0,0.0,0.0,0.0,0.0,0.0
IMU,135659021.0,1,-0.1191,-0.9941,0.0332,-3.91,-2.2,0.55,-88.68,6.33,101.5,27.0,,,,,,,,,,,,,,,,
IMU,135694392.0,2,0.8877,-0.4771,0.0239,-1.59,-3.91,0.73,-87.34,-62.17,150.33,28.2,,,,,,,,,,,,,,,,
EXO,135727824,,,,,,,,,,,,SAFE,-59.799,-3.906,1.008,1.409,-0.097,0.006,0.0,0.006,-0.013,0.0,0.0,0.0,0.0,0.0,0.0
IMU,135759204.0,1,-0.1191,-1.0,0.02,-1.77,0.49,0.79,-89.01,6.43,101.52,27.1,,,,,,,,,,,,,,,,
IMU,135794344.0,2,0.8818,-0.4702,0.0435,0.0,0.79,0.92,-87.79,-62.08,150.78,28.3,,,,,,,,,,,,,,,,
EXO,135827563,,,,,,,,,,,,SAFE,-59.705,0.793,1.0,1.409,0.034,0.006,0.0,0.006,0.004,0.0,0.0,0.0,0.0,0.0,0.0
IMU,135859397.0,1,-0.1113,-0.9902,0.0298,2.01,-0.85,0.98,-88.88,6.52,101.6,27.1,,,,,,,,,,,,,,,,
IMU,135894294.0,2,0.8813,-0.4609,0.0181,-2.5,3.66,1.46,-87.28,-61.96,150.44,28.2,,,,,,,,,,,,,,,,
EXO,135927650,,,,,,,,,,,,SAFE,-59.584,3.662,0.995,1.409,-0.045,0.006,0.0,0.006,-0.001,0.0,0.0,0.0,0.0,0.0,0.0
IMU,135959576.0,1,-0.1094,-0.9883,0.019,1.83,3.78,-0.55,-88.67,6.59,101.3,27.1,,,,,,,,,,,,,,,,
IMU,135994222.0,2,0.8784,-0.4614,0.0078,-3.42,2.2,-0.67,-86.98,-61.95,149.77,28.3,,,,,,,,,,,,,,,,
EXO,136027722,,,,,,,,,,,,SAFE,-59.573,2.197,0.992,1.408,0.019,0.006,0.0,0.006,-0.001,0.0,0.0,0.0,0.0,0.0,0.0
IMU,136059744.0,1,-0.1177,-0.9912,0.0151,-0.79,3.3,-1.95,-88.69,6.48,100.88,27.1,,,,,,,,,,,,,,,,
IMU,136094171.0,2,0.8779,-0.478,0.02,-0.85,-0.98,-1.83,-87.23,-62.12,149.61,28.2,,,,,,,,,,,,,,,,
EXO,136127897,,,,,,,,,,,,SAFE,-59.744,-0.977,1.0,1.409,0.025,0.006,0.0,0.006,0.001,0.0,0.0,0.0,0.0,0.0,0.0
IMU,136159919.0,1,-0.1201,-0.9946,0.0186,0.49,1.1,-0.67,-88.78,6.36,100.72,27.2,,,,,,,,,,,,,,,,
IMU,136194117.0,2,0.875,-0.4746,0.0215,2.01,0.61,-0.67,-87.24,-62.19,149.52,28.3,,,,,,,,,,,,,,,,
EXO,136227630,,,,,,,,,,,,SAFE,-59.815,0.61,0.996,1.408,-0.001,0.006,0.0,0.006,-0.007,0.0,0.0,0.0,0.0,0.0,0.0
IMU,136260099.0,1,-0.1128,-0.9927,0.0137,0.67,0.37,1.28,-88.73,6.4,100.73,27.1,,,,,,,,,,,,,,,,
IMU,136294054.0,2,0.8862,-0.4614,0.0205,2.56,-0.79,1.04,-87.15,-62.08,149.45,28.2,,,,,,,,,,,,,,,,
EXO,136327554,,,,,,,,,,,,SAFE,-59.711,-0.793,0.999,1.408,0.036,0.006,0.0,0.006,-0.006,0.0,0.0,0.0,0.0,0.0,0.0
IMU,136360283.0,1,-0.1113,-0.9897,0.02,-0.67,0.61,0.67,-88.74,6.48,100.86,27.1,,,,,,,,,,,,,,,,
IMU,136393990.0,2,0.8838,-0.4609,0.0225,-1.46,-0.49,-0.24,-87.28,-62.03,149.6,28.4,,,,,,,,,,,,,,,,
EXO,136427835,,,,,,,,,,,,SAFE,-59.661,-0.488,0.997,1.408,-0.015,0.006,0.0,0.006,-0.002,0.0,0.0,0.0,0.0,0.0,0.0
IMU,136460451.0,1,-0.1089,-0.9927,0.0229,-0.55,1.34,-1.46,-88.85,6.41,100.74,27.3,,,,,,,,,,,,,,,,
IMU,136493941.0,2,0.8828,-0.4668,0.0298,1.22,0.67,-0.37,-87.46,-62.16,149.67,28.1,,,,,,,,,,,,,,,,
EXO,136527720,,,,,,,,,,,,SAFE,-59.782,0.671,0.999,1.409,0.053,0.006,0.0,0.006,-0.009,0.0,0.0,0.0,0.0,0.0,0.0
IMU,136560631.0,1,-0.1104,-1.002,0.0171,1.89,0.98,-0.73,-88.74,6.36,100.75,27.1,,,,,,,,,,,,,,,,
IMU,136593877.0,2,0.8936,-0.4678,0.0161,-0.24,1.04,-0.37,-87.08,-62.18,149.3,28.2,,,,,,,,,,,,,,,,
EXO,136627740,,,,,,,,,,,,SAFE,-59.81,1.038,1.009,1.409,0.015,0.006,0.0,0.006,0.002,0.0,0.0,0.0,0.0,0.0,0.0
IMU,136660812.0,1,-0.1152,-0.9922,0.0195,-0.18,0.61,-0.92,-88.7,6.32,100.68,27.0,,,,,,,,,,,,,,,,
IMU,136693816.0,2,0.8813,-0.4678,0.0215,1.22,-0.43,-0.43,-87.13,-62.24,149.28,28.1,,,,,,,,,,,,,,,,
EXO,136727815,,,,,,,,,,,,SAFE,-59.865,-0.427,0.998,1.408,0.015,0.006,0.0,0.006,-0.004,0.0,0.0,0.0,0.0,0.0,0.0
IMU,136760979.0,1,-0.1128,-0.9897,0.0273,-0.24,0.18,1.04,-88.74,6.33,100.75,27.2,,,,,,,,,,,,,,,,
IMU,136793757.0,2,0.876,-0.4634,0.0303,-0.37,-0.37,0.61,-87.23,-62.17,149.39,28.2,,,,,,,,,,,,,,,,
EXO,136827723,,,,,,,,,,,,SAFE,-59.799,-0.366,0.991,1.408,0.033,0.006,0.0,0.006,0.012,0.0,0.0,0.0,0.0,0.0,0.0
IMU,136861181.0,1,-0.104,-0.9907,0.0225,0.24,-0.12,0.43,-88.74,6.38,100.76,27.1,,,,,,,,,,,,,,,,
IMU,136893696.0,2,0.8804,-0.4644,0.0225,0.73,-0.37,0.73,-87.19,-62.12,149.4,28.1,,,,,,,,,,,,,,,,
EXO,136927651,,,,,,,,,,,,SAFE,-59.749,-0.366,0.996,1.409,0.117,0.006,0.0,0.006,0.01,0.0,0.0,0.0,0.0,0.0,0.0
IMU,136961345.0,1,-0.1084,-0.9961,0.0229,0.67,2.2,-0.06,-88.74,6.43,100.67,27.2,,,,,,,,,,,,,,,,
IMU,136993644.0,2,0.8843,-0.4658,0.0278,0.12,0.61,-0.31,-87.17,-62.11,149.24,28.4,,,,,,,,,,,,,,,,
EXO,137027641,,,,,,,,,,,,SAFE,-59.733,0.61,1.0,1.408,-0.122,0.006,0.0,0.006,-0.004,0.0,0.0,0.0,0.0,0.0,0.0
IMU,137061526.0,1,-0.1143,-0.9863,0.0254,0.92,1.65,-0.73,-88.68,6.38,100.58,27.3,,,,,,,,,,,,,,,,
IMU,137093587.0,2,0.873,-0.4634,0.0322,0.61,0.31,-1.28,-87.0,-62.19,149.0,28.2,,,,,,,,,,,,,,,,
EXO,137127658,,,,,,,,,,,,SAFE,-59.815,0.305,0.989,1.409,-0.128,0.006,0.0,0.006,-0.001,0.0,0.0,0.0,0.0,0.0,0.0
IMU,137161703.0,1,-0.1118,-0.9912,0.0225,-0.24,1.4,-0.92,-88.65,6.27,100.55,27.3,,,,,,,,,,,,,,,,
IMU,137193520.0,2,0.8882,-0.4619,0.0122,-1.16,-0.37,-1.28,-87.02,-62.3,148.97,28.1,,,,,,,,,,,,,,,,
EXO,137227892,,,,,,,,,,,,SAFE,-59.925,-0.366,1.001,1.409,-0.005,0.006,0.0,0.006,-0.005,0.0,0.0,0.0,0.0,0.0,0.0
IMU,137261869.0,1,-0.1069,-1.001,0.0195,-1.83,0.55,-2.01,-88.78,6.11,100.45,27.1,,,,,,,,,,,,,,,,
IMU,137293462.0,2,0.8789,-0.4688,0.0254,-0.06,-2.56,-0.92,-87.41,-62.47,149.25,28.3,,,,,,,,,,,,,,,,
EXO,137327921,,,,,,,,,,,,SAFE,-60.095,-2.563,0.996,1.408,-0.019,0.006,0.0,0.006,-0.0,0.0,0.0,0.0,0.0,0.0,0.0
IMU,137362059.0,1,-0.1123,-0.9985,0.022,-0.92,-1.22,1.22,-88.96,6.11,100.56,27.1,,,,,,,,,,,,,,,,
IMU,137393400.0,2,0.8853,-0.4658,0.0215,-0.73,0.49,0.92,-87.62,-62.4,149.6,28.4,,,,,,,,,,,,,,,,
EXO,137427766,,,,,,,,,,,,SAFE,-60.024,0.488,1.001,1.408,0.037,0.006,0.0,0.006,-0.01,0.0,0.0,0.0,0.0,0.0,0.0
IMU,137462232.0,1,-0.1079,-0.998,0.0249,1.04,-0.73,-0.06,-88.87,6.17,100.55,27.1,,,,,,,,,,,,,,,,
IMU,137493328.0,2,0.8809,-0.4619,0.0117,0.0,0.61,0.31,-87.37,-62.36,149.37,28.3,,,,,,,,,,,,,,,,
EXO,137527644,,,,,,,,,,,,SAFE,-59.991,0.61,0.995,1.408,-0.236,0.006,0.0,0.006,0.002,0.0,0.0,0.0,0.0,0.0,0.0
IMU,137562408.0,1,-0.1108,-0.9927,0.021,-1.34,-0.18,0.18,-88.92,6.2,100.57,27.1,,,,,,,,,,,,,,,,
IMU,137593280.0,2,0.8789,-0.4653,0.0254,-0.18,-0.37,-0.24,-87.58,-62.34,149.58,28.3,,,,,,,,,,,,,,,,
EXO,137627906,,,,,,,,,,,,SAFE,-59.969,-0.366,0.995,1.409,-0.006,0.006,0.0,0.006,-0.004,0.0,0.0,0.0,0.0,0.0,0.0
IMU,137662613.0,1,-0.1094,-0.9912,0.019,0.85,0.49,0.67,-88.92,6.22,100.56,27.2,,,,,,,,,,,,,,,,
IMU,137693210.0,2,0.8882,-0.46,0.0215,0.12,1.59,0.37,-87.46,-62.3,149.45,28.3,,,,,,,,,,,,,,,,
EXO,137727479,,,,,,,,,,,,SAFE,-59.925,1.587,1.0,1.408,-0.152,0.006,0.0,0.006,-0.0,0.0,0.0,0.0,0.0,0.0,0.0
IMU,137762750.0,1,-0.1084,-0.9932,0.0229,0.24,1.59,0.0,-88.82,6.26,100.48,27.3,,,,,,,,,,,,,,,,
IMU,137793163.0,2,0.8896,-0.459,0.0112,-1.65,0.18,-1.16,-87.36,-62.3,149.24,28.3,,,,,,,,,,,,,,,,
EXO,137827632,,,,,,,,,,,,SAFE,-59.925,0.183,1.001,1.409,0.061,0.006,0.0,0.006,-0.012,0.0,0.0,0.0,0.0,0.0,0.0
IMU,137862972.0,1,-0.103,-0.9971,0.0103,0.98,1.65,-1.16,-88.84,6.14,100.25,27.0,,,,,,,,,,,,,,,,
IMU,137893098.0,2,0.8857,-0.4648,0.0151,0.43,1.4,-0.37,-87.32,-62.42,148.99,28.1,,,,,,,,,,,,,,,,
EXO,137927657,,,,,,,,,,,,SAFE,-60.051,1.404,1.0,1.409,0.079,0.006,0.0,0.006,-0.004,0.0,0.0,0.0,0.0,0.0,0.0
IMU,137963133.0,1,-0.1108,-0.9971,0.0107,0.61,0.18,-1.77,-88.76,6.07,100.14,27.0,,,,,,,,,,,,,,,,
IMU,137993036.0,2,0.8823,-0.4712,0.0049,0.24,0.98,-0.92,-87.15,-62.51,148.71,28.3,,,,,,,,,,,,,,,,
EXO,138027632,,,,,,,,,,,,SAFE,-60.139,0.977,1.0,1.408,-0.044,0.006,0.0,0.006,-0.017,0.0,0.0,0.0,0.0,0.0,0.0
IMU,138063302.0,1,-0.1074,-0.9917,0.0142,-0.85,-1.83,0.55,-88.75,6.06,100.08,27.2,,,,,,,,,,,,,,,,
IMU,138092979.0,2,0.876,-0.4653,0.0098,3.6,-2.99,-0.06,-87.24,-62.47,148.76,28.1,,,,,,,,,,,,,,,,
EXO,138127799,,,,,,,,,,,,SAFE,-60.095,-2.991,0.992,1.408,-0.061,0.006,0.0,0.006,-0.008,0.0,0.0,0.0,0.0,0.0,0.0
IMU,138163485.0,1,-0.0898,-1.0024,0.0239,-2.62,-2.44,1.53,-88.92,6.11,100.35,27.2,,,,,,,,,,,,,,,,
IMU,138192916.0,2,0.8887,-0.4565,0.021,1.71,-3.97,2.5,-87.71,-62.37,149.43,28.3,,,,,,,,,,,,,,,,
EXO,138227744,,,,,,,,,,,,SAFE,-60.002,-3.967,0.999,1.408,-0.061,0.006,0.0,0.006,0.004,0.0,0.0,0.0,0.0,0.0,0.0
IMU,138263669.0,1,-0.1069,-0.9966,0.0249,-1.16,-1.4,-0.06,-89.13,6.26,100.56,27.1,,,,,,,,,,,,,,,,
IMU,138292839.0,2,0.8882,-0.4648,0.0303,0.18,0.0,-0.73,-88.01,-62.33,149.9,28.2,,,,,,,,,,,,,,,,
EXO,138327821,,,,,,,,,,,,SAFE,-59.952,0.0,1.003,1.409,-0.014,0.006,0.0,0.006,0.003,0.0,0.0,0.0,0.0,0.0,0.0
IMU,138363855.0,1,-0.1113,-0.9961,0.022,4.58,0.12,0.43,-88.89,6.25,100.51,27.2,,,,,,,,,,,,,,,,
IMU,138392788.0,2,0.8828,-0.4644,0.0146,2.5,3.91,0.18,-87.14,-62.28,149.1,28.2,,,,,,,,,,,,,,,,
EXO,138427495,,,,,,,,,,,,SAFE,-59.903,3.906,0.998,1.409,-0.033,0.006,0.0,0.006,-0.002,0.0,0.0,0.0,0.0,0.0,0.0
IMU,138464021.0,1,-0.1021,-0.9927,0.0215,0.73,-1.83,2.08,-88.58,6.32,100.57,27.3,,,,,,,,,,,,,,,,
IMU,138492740.0,2,0.8809,-0.4609,0.0132,1.95,-0.85,2.62,-86.75,-62.13,148.81,28.2,,,,,,,,,,,,,,,,
EXO,138527640,,,,,,,,,,,,SAFE,-59.755,-0.854,0.994,1.409,0.099,0.006,0.0,0.006,0.001,0.0,0.0,0.0,0.0,0.0,0.0
IMU,138564207.0,1,-0.104,-0.9878,0.0181,0.98,-3.36,2.26,-88.53,6.56,100.84,27.2,,,,,,,,,,,,,,,,
IMU,138592685.0,2,0.8838,-0.4526,0.0171,1.16,0.92,0.98,-86.62,-61.91,148.91,28.3,,,,,,,,,,,,,,,,
EXO,138627574,,,,,,,,,,,,SAFE,-59.54,0.916,0.993,1.408,0.022,0.006,0.0,0.006,-0.006,0.0,0.0,0.0,0.0,0.0,0.0
IMU,138664378.0,1,-0.106,-0.981,0.0347,0.49,-1.16,-1.22,-88.41,6.51,100.96,27.2,,,,,,,,,,,,,,,,
IMU,138692638.0,2,0.8745,-0.4609,0.0278,0.06,-0.18,-0.98,-86.47,-62.03,148.81,28.2,,,,,,,,,,,,,,,,
EXO,138727807,,,,,,,,,,,,SAFE,-59.661,-0.183,0.989,1.409,-0.148,0.006,0.0,0.006,0.009,0.0,0.0,0.0,0.0,0.0,0.0
IMU,138764625.0,1,-0.1064,-0.9922,0.0288,0.24,-1.34,-0.73,-88.41,6.41,100.99,27.1,,,,,,,,,,,,,,,,
IMU,138792580.0,2,0.8892,-0.4624,0.0249,0.43,0.85,-1.28,-86.42,-62.15,148.8,28.3,,,,,,,,,,,,,,,,
EXO,138827744,,,,,,,,,,,,SAFE,-59.777,0.854,1.003,1.409,0.099,0.006,0.0,0.006,0.023,0.0,0.0,0.0,0.0,0.0,0.0
IMU,138864764.0,1,-0.1191,-0.9976,0.0273,3.66,-1.16,-3.66,-88.2,6.19,101.0,27.1,,,,,,,,,,,,,,,,
IMU,138892516.0,2,0.8901,-0.4722,0.0229,3.36,2.14,-4.88,-85.75,-62.44,148.18,28.3,,,,,,,,,,,,,,,,
EXO,138927760,,,,,,,,,,,,SAFE,-60.068,2.136,1.008,1.408,0.122,0.006,0.0,0.006,-0.0,0.0,0.0,0.0,0.0,0.0,0.0
IMU,138964921.0,1,-0.126,-0.9971,0.0479,1.46,0.18,-3.3,-87.98,5.77,101.11,27.1,,,,,,,,,,,,,,,,
IMU,138992459.0,2,0.8633,-0.4824,0.0571,0.85,1.1,-2.56,-85.35,-62.8,147.81,28.3,,,,,,,,,,,,,,,,
EXO,139027634,,,,,,,,,,,,SAFE,-60.425,1.099,0.991,1.409,-0.049,0.006,0.0,0.006,-0.012,0.0,0.0,0.0,0.0,0.0,0.0
IMU,139065119.0,1,-0.1201,-0.9985,0.062,-2.08,2.99,-2.26,-87.94,5.55,101.07,27.2,,,,,,,,,,,,,,,,
IMU,139092392.0,2,0.8833,-0.4922,0.0229,-8.0,1.1,0.43,-85.51,-62.94,147.79,28.2,,,,,,,,,,,,,,,,
EXO,139127739,,,,,,,,,,,,SAFE,-60.568,1.099,1.011,1.409,-0.119,0.005,0.0,0.005,-0.004,0.0,0.0,0.0,0.0,0.0,0.0
IMU,139165295.0,1,-0.1406,-1.0269,0.0122,1.65,20.51,1.59,-88.06,5.86,99.74,27.2,,,,,,,,,,,,,,,,
IMU,139192325.0,2,0.9087,-0.4849,0.0039,-18.49,12.45,-0.79,-85.77,-62.57,146.25,28.2,,,,,,,,,,,,,,,,
EXO,139227829,,,,,,,,,,,,SAFE,-60.2,12.451,1.03,1.409,0.193,0.006,0.0,0.006,0.007,0.0,0.0,0.0,0.0,0.0,0.0
IMU,139265476.0,1,-0.1377,-0.9497,0.0327,1.04,11.78,-2.56,-87.87,5.81,97.89,27.2,,,,,,,,,,,,,,,,
IMU,139292271.0,2,0.8101,-0.4702,0.0532,-5.31,-2.69,-0.61,-85.67,-62.66,144.51,28.2,,,,,,,,,,,,,,,,
EXO,139327828,,,,,,,,,,,,SAFE,-60.282,-2.686,0.938,1.409,0.04,0.006,0.0,0.006,-0.009,0.0,0.0,0.0,0.0,0.0,0.0
IMU,139365675.0,1,-0.1172,-0.9766,0.0605,-14.47,-9.58,2.08,-88.67,5.98,98.21,27.1,,,,,,,,,,,,,,,,
IMU,139392198.0,2,0.8794,-0.4736,0.0146,-3.05,-10.8,2.38,-87.86,-62.47,147.37,28.1,,,,,,,,,,,,,,,,
EXO,139427928,,,,,,,,,,,,SAFE,-60.101,-10.803,0.999,1.409,-0.065,0.006,0.0,0.006,0.013,0.0,0.0,0.0,0.0,0.0,0.0
IMU,139465842.0,1,-0.0889,-1.0215,-0.0293,5.19,8.42,0.06,-89.18,6.22,97.65,27.1,,,,,,,,,,,,,,,,
IMU,139492136.0,2,0.9097,-0.4492,0.0132,0.79,7.93,-0.55,-87.92,-62.32,146.71,28.2,,,,,,,,,,,,,,,,
EXO,139527552,,,,,,,,,,,,SAFE,-59.947,7.935,1.015,1.408,-0.131,0.006,0.0,0.006,0.026,0.0,0.0,0.0,0.0,0.0,0.0
IMU,139566023.0,1,-0.1128,-0.9761,0.0317,1.34,-4.52,-1.04,-88.7,6.11,97.73,27.2,,,,,,,,,,,,,,,,
IMU,139592064.0,2,0.8638,-0.4648,0.0273,4.21,-2.38,-0.98,-87.08,-62.44,146.24,28.4,,,,,,,,,,,,,,,,
EXO,139627710,,,,,,,,,,,,SAFE,-60.062,-2.38,0.981,1.409,0.091,0.006,0.0,0.006,-0.013,0.0,0.0,0.0,0.0,0.0,0.0
IMU,139666211.0,1,-0.0962,-0.9995,0.02,-2.56,-2.93,-0.18,-88.82,6.04,98.2,27.1,,,,,,,,,,,,,,,,
IMU,139692012.0,2,0.8906,-0.4487,0.0181,1.34,-2.01,0.49,-87.41,-62.5,146.97,28.1,,,,,,,,,,,,,,,,
EXO,139727709,,,,,,,,,,,,SAFE,-60.123,-2.014,0.997,1.408,-0.085,0.006,0.0,0.006,-0.025,0.0,0.0,0.0,0.0,0.0,0.0
IMU,139766400.0,1,-0.0801,-0.9634,0.0049,1.59,-9.09,2.5,-88.81,6.15,98.6,27.2,,,,,,,,,,,,,,,,
IMU,139791935.0,2,0.8672,-0.4155,0.0332,13.73,-4.64,1.71,-87.14,-62.34,147.35,28.3,,,,,,,,,,,,,,,,
EXO,139827625,,,,,,,,,,,,SAFE,-59.963,-4.639,0.962,1.409,0.005,0.006,0.0,0.006,-0.015,0.0,0.0,0.0,0.0,0.0,0.0
IMU,139866603.0,1,-0.0825,-0.9849,0.0386,-1.95,-11.6,-2.81,-88.73,6.04,100.07,27.0,,,,,,,,,,,,,,,,
IMU,139891875.0,2,0.9126,-0.4341,0.0024,5.55,-4.7,-4.64,-86.98,-62.61,148.62,28.2,,,,,,,,,,,,,,,,
EXO,139928032,,,,,,,,,,,,SAFE,-60.238,-4.7,1.011,1.409,0.19,0.006,0.0,0.006,0.01,0.0,0.0,0.0,0.0,0.0,0.0
IMU,139966766.0,1,-0.084,-1.0249,0.0269,-4.27,1.95,-8.36,-89.02,5.37,100.29,27.1,,,,,,,,,,,,,,,,
IMU,139991813.0,2,0.9087,-0.4497,0.0308,-2.01,-5.43,-8.42,-87.81,-63.45,149.32,28.3,,,,,,,,,,,,,,,,
EXO,140027914,,,,,,,,,,,,SAFE,-61.073,-5.432,1.014,1.409,0.079,0.005,0.0,0.005,-0.004,0.0,0.0,0.0,0.0,0.0,0.0
IMU,140066933.0,1,-0.0859,-1.0044,0.0361,-3.78,-1.22,-2.01,-89.5,4.75,100.31,27.3,,,,,,,,,,,,,,,,
IMU,140091751.0,2,0.8853,-0.4521,0.0771,3.11,-2.32,-0.12,-88.74,-63.89,150.42,28.2,,,,,,,,,,,,,,,,
EXO,140127912,,,,,,,,,,,,SAFE,-61.512,-2.319,0.997,1.408,0.052,0.005,0.0,0.005,-0.006,0.0,0.0,0.0,0.0,0.0,0.0
IMU,140167112.0,1,-0.0728,-1.0142,0.0254,6.65,2.14,2.56,-89.22,4.84,100.61,27.3,,,,,,,,,,,,,,,,
IMU,140191690.0,2,0.9268,-0.4331,0.0146,-3.17,10.62,2.08,-87.47,-63.65,149.6,28.3,,,,,,,,,,,,,,,,
EXO,140227638,,,,,,,,,,,,SAFE,-61.276,10.62,1.023,1.408,-0.023,0.005,0.0,0.005,-0.0,0.0,0.0,0.0,0.0,0.0,0.0
IMU,140267284.0,1,-0.0762,-0.9995,-0.0029,8.06,7.14,-1.89,-88.41,4.86,99.95,27.3,,,,,,,,,,,,,,,,
IMU,140291639.0,2,0.8916,-0.4341,-0.0049,-5.07,9.16,-2.93,-85.76,-63.69,147.22,28.2,,,,,,,,,,,,,,,,
EXO,140327826,,,,,,,,,,,,SAFE,-61.315,9.155,0.992,1.409,0.026,0.005,0.0,0.005,0.014,0.0,0.0,0.0,0.0,0.0,0.0
IMU,140367457.0,1,-0.084,-0.9805,0.0239,-2.75,2.87,-2.5,-88.21,4.53,99.45,27.1,,,,,,,,,,,,,,,,
IMU,140391575.0,2,0.8706,-0.4463,0.0166,-4.46,-2.62,-0.67,-85.89,-64.0,146.79,28.2,,,,,,,,,,,,,,,,
EXO,140427847,,,,,,,,,,,,SAFE,-61.622,-2.625,0.978,1.409,-0.007,0.005,0.0,0.005,0.02,0.0,0.0,0.0,0.0,0.0,0.0
IMU,140467630.0,1,-0.0874,-1.0034,0.0088,-0.98,-2.08,1.04,-88.56,4.58,99.37,27.1,,,,,,,,,,,,,,,,
IMU,140491505.0,2,0.9131,-0.4419,0.0137,1.77,-0.18,-0.06,-86.51,-63.9,147.32,28.2,,,,,,,,,,,,,,,,
EXO,140527730,,,,,,,,,,,,SAFE,-61.529,-0.183,1.014,1.408,-0.001,0.005,0.0,0.005,0.005,0.0,0.0,0.0,0.0,0.0,0.0
IMU,140567792.0,1,-0.0747,-1.0117,0.0146,2.32,-0.06,-1.53,-88.47,4.52,99.44,27.2,,,,,,,,,,,,,,,,
IMU,140591452.0,2,0.9019,-0.436,0.0234,3.11,-0.18,-1.53,-86.15,-64.01,146.97,28.3,,,,,,,,,,,,,,,,
EXO,140627729,,,,,,,,,,,,SAFE,-61.639,-0.183,1.002,1.409,-0.022,0.005,0.0,0.005,-0.008,0.0,0.0,0.0,0.0,0.0,0.0
IMU,140667968.0,1,-0.0771,-0.9883,0.0317,-3.66,-3.42,0.12,-88.59,4.42,99.75,27.1,,,,,,,,,,,,,,,,
IMU,140691392.0,2,0.877,-0.4385,0.041,3.05,-5.49,1.59,-86.7,-64.07,147.77,28.1,,,,,,,,,,,,,,,,
EXO,140727635,,,,,,,,,,,,SAFE,-61.699,-5.493,0.981,1.408,-0.134,0.005,0.0,0.005,0.016,0.0,0.0,0.0,0.0,0.0,0.0
IMU,140768136.0,1,-0.0815,-0.9868,0.02,0.31,-3.05,2.38,-88.77,4.67,100.16,27.3,,,,,,,,,,,,,,,,
IMU,140791340.0,2,0.9019,-0.4248,0.0352,4.39,-0.31,0.49,-86.86,-63.81,148.35,28.2,,,,,,,,,,,,,,,,
EXO,140827643,,,,,,,,,,,,SAFE,-61.441,-0.305,0.998,1.408,-0.026,0.005,0.0,0.005,0.001,0.0,0.0,0.0,0.0,0.0,0.0
IMU,140868312.0,1,-0.0684,-1.001,0.0249,-0.43,-0.43,-1.28,-88.68,4.6,100.43,27.1,,,,,,,,,,,,,,,,
IMU,140891280.0,2,0.9102,-0.4302,0.0254,0.67,-2.26,-1.95,-86.7,-63.96,148.41,28.3,,,,,,,,,,,,,,,,
EXO,140927942,,,,,,,,,,,,SAFE,-61.589,-2.258,1.007,1.408,0.155,0.005,0.0,0.005,0.008,0.0,0.0,0.0,0.0,0.0,0.0
IMU,140968472.0,1,-0.0771,-1.0005,0.0342,-2.2,-0.18,-0.98,-88.88,4.4,100.59,27.2,,,,,,,,,,,,,,,,
IMU,140991216.0,2,0.8945,-0.4375,0.0464,0.0,-2.14,-0.92,-87.24,-64.16,149.08,28.3,,,,,,,,,,,,,,,,
EXO,141027910,,,,,,,,,,,,SAFE,-61.787,-2.136,0.997,1.408,-0.135,0.005,0.0,0.005,-0.008,0.0,0.0,0.0,0.0,0.0,0.0
IMU,141068665.0,1,-0.0801,-1.002,0.0303,1.28,0.98,-0.31,-88.93,4.36,100.65,27.0,,,,,,,,,,,,,,,,
IMU,141091165.0,2,0.8984,-0.438,0.0352,-0.12,1.77,-0.43,-87.15,-64.19,149.12,28.3,,,,,,,,,,,,,,,,
EXO,141127769,,,,,,,,,,,,SAFE,-61.815,1.77,1.0,1.409,0.017,0.005,0.0,0.005,0.014,0.0,0.0,0.0,0.0,0.0,0.0
IMU,141168798.0,1,-0.0728,-1.0039,0.0259,0.79,1.59,0.0,-88.76,4.34,100.57,27.4,,,,,,,,,,,,,,,,
IMU,141191099.0,2,0.8916,-0.4355,0.0269,-1.46,1.1,0.49,-86.81,-64.18,148.77,28.2,,,,,,,,,,,,,,,,
EXO,141227550,,,,,,,,,,,,SAFE,-61.809,1.099,0.993,1.408,0.057,0.005,0.0,0.005,0.004,0.0,0.0,0.0,0.0,0.0,0.0
IMU,141269011.0,1,-0.0786,-0.9961,0.0264,-0.61,3.3,0.79,-88.75,4.41,100.34,27.1,,,,,,,,,,,,,,,,
IMU,141291039.0,2,0.8955,-0.4385,0.0327,-3.6,0.73,1.16,-86.94,-64.09,148.64,28.2,,,,,,,,,,,,,,,,
EXO,141327635,,,,,,,,,,,,SAFE,-61.716,0.732,0.998,1.409,0.061,0.005,0.0,0.005,0.001,0.0,0.0,0.0,0.0,0.0,0.0
IMU,141369199.0,1,-0.0786,-1.001,0.0063,4.15,2.14,0.92,-88.62,4.54,100.04,27.3,,,,,,,,,,,,,,,,
IMU,141390981.0,2,0.9043,-0.4346,0.0176,0.37,5.0,0.49,-86.39,-63.93,147.88,28.2,,,,,,,,,,,,,,,,
EXO,141427476,,,,,,,,,,,,SAFE,-61.562,5.005,1.003,1.409,0.032,0.005,0.0,0.005,-0.0,0.0,0.0,0.0,0.0,0.0,0.0
IMU,141469352.0,1,-0.0811,-0.9932,0.0249,1.34,2.32,0.12,-88.31,4.56,99.88,27.1,,,,,,,,,,,,,,,,
IMU,141490927.0,2,0.8931,-0.4365,0.0146,-1.71,0.31,0.12,-85.89,-63.9,147.17,28.2,,,,,,,,,,,,,,,,
EXO,141527428,,,,,,,,,,,,SAFE,-61.529,0.305,0.994,1.408,-0.237,0.005,0.0,0.005,-0.004,0.0,0.0,0.0,0.0,0.0,0.0
IMU,141569524.0,1,-0.0801,-0.9839,0.0229,-1.53,1.77,1.46,-88.44,4.65,99.7,27.2,,,,,,,,,,,,,,,,
IMU,141590871.0,2,0.8862,-0.4302,0.0332,-0.85,-1.53,1.34,-86.35,-63.81,147.38,28.2,,,,,,,,,,,,,,,,
EXO,141627589,,,,,,,,,,,,SAFE,-61.436,-1.526,0.986,1.409,0.034,0.005,0.0,0.005,0.005,0.0,0.0,0.0,0.0,0.0,0.0
IMU,141669669.0,1,-0.0752,-0.9961,0.0186,-0.55,0.61,0.0,-88.57,4.71,99.72,27.1,,,,,,,,,,,,,,,,
IMU,141690812.0,2,0.9067,-0.4331,0.0181,-0.67,-0.43,-0.43,-86.57,-63.79,147.6,28.2,,,,,,,,,,,,,,,,
EXO,141727698,,,,,,,,,,,,SAFE,-61.419,-0.427,1.005,1.408,-0.021,0.005,0.0,0.005,0.008,0.0,0.0,0.0,0.0,0.0,0.0
IMU,141769874.0,1,-0.0811,-1.0024,0.0186,-0.61,0.61,-0.98,-88.67,4.64,99.64,27.1,,,,,,,,,,,,,,,,
IMU,141790756.0,2,0.8999,-0.4414,0.021,-1.22,0.31,-1.22,-86.79,-63.9,147.68,28.1,,,,,,,,,,,,,,,,
EXO,141827711,,,,,,,,,,,,SAFE,-61.529,0.305,1.003,1.409,-0.119,0.005,0.0,0.005,0.013,0.0,0.0,0.0,0.0,0.0,0.0
IMU,141870040.0,1,-0.083,-0.9878,0.0249,1.28,-2.44,-1.1,-88.6,4.5,99.67,27.1,,,,,,,,,,,,,,,,
IMU,141890696.0,2,0.8799,-0.4473,0.0156,2.32,0.12,-0.12,-86.5,-64.02,147.51,28.2,,,,,,,,,,,,,,,,
EXO,141927680,,,,,,,,,,,,SAFE,-61.65,0.122,0.987,1.409,0.029,0.005,0.0,0.005,0.002,0.0,0.0,0.0,0.0,0.0,0.0
IMU,141970200.0,1,-0.0835,-1.0044,0.0142,0.92,-3.66,0.06,-88.51,4.58,99.85,27.1,,,,,,,,,,,,,,,,
IMU,141990647.0,2,0.9062,-0.4395,0.0112,3.85,-0.31,-0.73,-86.26,-63.93,147.47,28.1,,,,,,,,,,,,,,,,
EXO,142027656,,,,,,,,,,,,SAFE,-61.556,-0.305,1.007,1.408,0.001,0.005,0.0,0.005,-0.008,0.0,0.0,0.0,0.0,0.0,0.0
IMU,142070374.0,1,-0.0854,-0.9941,0.0293,0.0,-2.14,-0.61,-88.44,4.53,100.1,27.0,,,,,,,,,,,,,,,,
IMU,142090593.0,2,0.8936,-0.4409,0.0283,3.3,-2.93,-0.73,-86.18,-63.99,147.55,28.2,,,,,,,,,,,,,,,,
EXO,142127820,,,,,,,,,,,,SAFE,-61.617,-2.93,0.997,1.408,0.007,0.005,0.0,0.005,0.002,0.0,0.0,0.0,0.0,0.0,0.0
IMU,142170565.0,1,-0.0669,-1.0254,0.0298,-2.56,0.06,2.81,-88.7,4.59,100.39,27.2,,,,,,,,,,,,,,,,
IMU,142190526.0,2,0.9204,-0.4404,0.0508,-1.77,-0.55,2.87,-86.87,-63.87,148.4,28.3,,,,,,,,,,,,,,,,
EXO,142227732,,,,,,,,,,,,SAFE,-61.501,-0.549,1.022,1.408,-0.097,0.005,0.0,0.005,-0.01,0.0,0.0,0.0,0.0,0.0,0.0
IMU,142270735.0,1,-0.0962,-0.9736,0.0601,3.11,0.79,0.31,-88.56,4.71,100.29,27.3,,,,,,,,,,,,,,,,
IMU,142290462.0,2,0.8599,-0.4463,0.061,0.61,3.78,1.22,-86.37,-63.77,147.92,28.2,,,,,,,,,,,,,,,,
EXO,142327461,,,,,,,,,,,,SAFE,-61.397,3.784,0.971,1.409,0.048,0.005,0.0,0.005,-0.005,0.0,0.0,0.0,0.0,0.0,0.0
IMU,142370894.0,1,-0.0811,-0.98,0.0405,2.14,0.43,3.36,-88.19,4.95,100.29,27.3,,,,,,,,,,,,,,,,
IMU,142390391.0,2,0.894,-0.4263,0.0112,-1.71,2.62,2.69,-85.59,-63.44,147.35,28.3,,,,,,,,,,,,,,,,
EXO,142427590,,,,,,,,,,,,SAFE,-61.068,2.625,0.991,1.408,0.002,0.005,0.0,0.005,-0.028,0.0,0.0,0.0,0.0,0.0,0.0
IMU,142471047.0,1,-0.0752,-1.0049,0.0142,-0.67,7.32,-1.04,-88.15,5.05,99.78,27.2,,,,,,,,,,,,,,,,
IMU,142490322.0,2,0.9033,-0.438,0.0186,-7.45,1.28,-1.77,-85.79,-63.45,146.87,28.2,,,,,,,,,,,,,,,,
EXO,142527721,,,,,,,,,,,,SAFE,-61.073,1.282,1.004,1.408,-0.117,0.005,0.0,0.005,-0.005,0.0,0.0,0.0,0.0,0.0,0.0
IMU,142571225.0,1,-0.0908,-0.9966,0.0137,0.0,6.04,-2.2,-88.35,4.83,99.13,27.3,,,,,,,,,,,,,,,,
IMU,142590262.0,2,0.8809,-0.4561,0.042,-4.39,3.05,-1.46,-86.19,-63.69,146.57,28.2,,,,,,,,,,,,,,,,
EXO,142627632,,,,,,,,,,,,SAFE,-61.315,3.052,0.993,1.408,0.061,0.005,0.0,0.005,-0.0,0.0,0.0,0.0,0.0,0.0,0.0
IMU,142671404.0,1,-0.0889,-0.9971,0.0161,3.05,0.61,0.06,-88.15,4.76,98.91,27.2,,,,,,,,,,,,,,,,
IMU,142690195.0,2,0.8921,-0.4502,0.0068,-0.55,3.3,0.98,-85.56,-63.68,145.85,28.3,,,,,,,,,,,,,,,,
EXO,142727476,,,,,,,,,,,,SAFE,-61.309,3.296,0.999,1.409,-0.095,0.005,0.0,0.005,-0.002,0.0,0.0,0.0,0.0,0.0,0.0
IMU,142771580.0,1,-0.0898,-0.9893,0.02,-2.44,-2.32,-0.06,-88.12,4.89,98.95,27.1,,,,,,,,,,,,,,,,
IMU,142790130.0,2,0.8926,-0.4409,0.0112,0.06,-3.54,-0.85,-85.74,-63.58,146.0,28.3,,,,,,,,,,,,,,,,
EXO,142827810,,,,,,,,,,,,SAFE,-61.205,-3.54,0.996,1.408,-0.088,0.005,0.0,0.005,-0.004,0.0,0.0,0.0,0.0,0.0,0.0
IMU,142871763.0,1,-0.0864,-0.9956,0.0244,-3.23,-3.3,-0.31,-88.47,4.81,99.25,27.2,,,,,,,,,,,,,,,,
IMU,142890064.0,2,0.8911,-0.4478,0.0176,-0.24,-2.26,-0.18,-86.48,-63.7,146.94,28.2,,,,,,,,,,,,,,,,
EXO,142927913,,,,,,,,,,,,SAFE,-61.326,-2.258,0.997,1.409,0.018,0.005,0.0,0.005,0.002,0.0,0.0,0.0,0.0,0.0,0.0
IMU,142971915.0,1,-0.0825,-1.0029,0.0322,-0.12,-6.35,-0.67,-88.57,4.74,99.53,27.2,,,,,,,,,,,,,,,,
IMU,142990009.0,2,0.8882,-0.4478,0.0181,4.39,-1.59,0.06,-86.52,-63.77,147.33,28.2,,,,,,,,,,,,,,,,
EXO,143027732,,,,,,,,,,,,SAFE,-61.397,-1.587,0.995,1.408,-0.107,0.005,0.0,0.005,0.008,0.0,0.0,0.0,0.0,0.0,0.0
IMU,143072107.0,1,-0.0811,-1.002,0.0254,-0.43,-4.64,-0.49,-88.56,4.76,99.91,27.1,,,,,,,,,,,,,,,,
IMU,143089948.0,2,0.9028,-0.4434,0.0264,4.7,-1.4,-0.67,-86.46,-63.75,147.66,28.3,,,,,,,,,,,,,,,,
EXO,143127806,,,,,,,,,,,,SAFE,-61.381,-1.404,1.006,1.408,-0.007,0.005,0.0,0.005,0.006,0.0,0.0,0.0,0.0,0.0,0.0
IMU,143172270.0,1,-0.0781,-0.999,0.0371,-0.43,-1.59,0.18,-88.55,4.72,100.14,27.2,,,,,,,,,,,,,,,,
IMU,143189897.0,2,0.894,-0.4404,0.0444,3.05,-1.71,0.12,-86.46,-63.78,147.88,28.3,,,,,,,,,,,,,,,,
EXO,143227735,,,,,,,,,,,,SAFE,-61.403,-1.709,0.998,1.409,0.017,0.005,0.0,0.005,-0.001,0.0,0.0,0.0,0.0,0.0,0.0
IMU,143272443.0,1,-0.0815,-0.9985,0.0298,-0.67,1.65,0.31,-88.6,4.74,100.23,27.1,,,,,,,,,,,,,,,,
IMU,143289832.0,2,0.8906,-0.4375,0.0566,0.24,-0.55,0.37,-86.64,-63.76,148.11,28.3,,,,,,,,,,,,,,,,
EXO,143327638,,,,,,,,,,,,SAFE,-61.386,-0.549,0.994,1.409,-0.108,0.005,0.0,0.005,0.005,0.0,0.0,0.0,0.0,0.0,0.0
IMU,143372627.0,1,-0.0864,-0.9946,0.0356,-0.49,1.53,1.1,-88.6,4.82,100.31,27.3,,,,,,,,,,,,,,,,
IMU,143389772.0,2,0.8936,-0.4365,0.0361,-1.83,-0.06,0.55,-86.63,-63.66,148.23,28.2,,,,,,,,,,,,,,,,
EXO,143427778,,,,,,,,,,,,SAFE,-61.287,-0.061,0.995,1.408,-0.062,0.005,0.0,0.005,0.007,0.0,0.0,0.0,0.0,0.0,0.0
IMU,143472781.0,1,-0.0801,-0.9941,0.0298,0.24,1.77,0.18,-88.58,4.86,100.13,27.2,,,,,,,,,,,,,,,,
IMU,143489720.0,2,0.8926,-0.436,0.022,-1.77,1.34,-0.06,-86.59,-63.64,148.08,28.2,,,,,,,,,,,,,,,,
EXO,143527639,,,,,,,,,,,,SAFE,-61.265,1.343,0.994,1.408,-0.065,0.005,0.0,0.005,0.009,0.0,0.0,0.0,0.0,0.0,0.0
IMU,143572942.0,1,-0.0806,-1.001,0.0181,1.46,3.36,-0.85,-88.52,4.82,99.76,27.1,,,,,,,,,,,,,,,,
IMU,143589664.0,2,0.894,-0.4453,0.0156,-2.2,2.62,-0.55,-86.41,-63.69,147.55,28.2,,,,,,,,,,,,,,,,
EXO,143627657,,,,,,,,,,,,SAFE,-61.315,2.625,0.999,1.409,-0.077,0.005,0.0,0.005,-0.007,0.0,0.0,0.0,0.0,0.0,0.0
IMU,143673110.0,1,-0.0864,-0.9951,0.0142,0.49,1.59,-0.24,-88.44,4.77,99.43,27.4,,,,,,,,,,,,,,,,
IMU,143689605.0,2,0.8843,-0.4487,0.0142,-0.61,1.04,0.43,-86.28,-63.72,147.09,28.2,,,,,,,,,,,,,,,,
EXO,143727571,,,,,,,,,,,,SAFE,-61.348,1.038,0.992,1.408,0.022,0.005,0.0,0.005,0.001,0.0,0.0,0.0,0.0,0.0,0.0
IMU,143773270.0,1,-0.0898,-0.9912,0.0137,-1.22,-0.92,0.06,-88.48,4.86,99.24,27.2,,,,,,,,,,,,,,,,
IMU,143789531.0,2,0.894,-0.4487,0.0137,1.89,-2.01,-0.37,-86.46,-63.64,147.07,28.1,,,,,,,,,,,,,,,,
EXO,143827727,,,,,,,,,,,,SAFE,-61.265,-2.014,1.0,1.409,-0.062,0.005,0.0,0.005,0.009,0.0,0.0,0.0,0.0,0.0,0.0
IMU,143873426.0,1,-0.0815,-1.0024,0.0098,0.49,-3.6,0.0,-88.56,4.86,99.35,27.2,,,,,,,,,,,,,,,,
IMU,143889434.0,2,0.9014,-0.4463,0.0195,5.55,-1.53,0.0,-86.52,-63.65,147.23,28.2,,,,,,,,,,,,,,,,
EXO,143927592,,,,,,,,,,,,SAFE,-61.276,-1.526,1.006,1.409,-0.001,0.005,0.0,0.005,0.015,0.0,0.0,0.0,0.0,0.0,0.0
IMU,143973632.0,1,-0.0811,-0.9971,0.0229,-1.89,-2.44,0.67,-88.61,4.91,99.71,27.3,,,,,,,,,,,,,,,,
IMU,143989406.0,2,0.8955,-0.4385,0.0298,2.14,-2.75,0.49,-86.7,-63.59,147.66,28.3,,,,,,,,,,,,,,,,
EXO,144027648,,,,,,,,,,,,SAFE,-61.221,-2.747,0.998,1.409,0.026,0.005,0.0,0.005,0.006,0.0,0.0,0.0,0.0,0.0,0.0
IMU,144073790.0,1,-0.0854,-0.9941,0.0249,-1.1,-1.95,-0.18,-88.72,4.92,99.94,27.3,,,,,,,,,,,,,,,,
IMU,144089339.0,2,0.8955,-0.4419,0.0352,2.01,-1.77,-0.37,-86.93,-63.6,148.08,28.1,,,,,,,,,,,,,,,,
EXO,144127830,,,,,,,,,,,,SAFE,-61.227,-1.77,0.999,1.408,0.005,0.005,0.0,0.005,-0.004,0.0,0.0,0.0,0.0,0.0,0.0
IMU,144173956.0,1,-0.0776,-1.0063,0.0298,1.1,-0.61,-0.06,-88.69,4.88,100.05,27.3,,,,,,,,,,,,,,,,
IMU,144189279.0,2,0.9009,-0.4448,0.0288,1.53,0.98,0.31,-86.76,-63.63,148.06,28.2,,,,,,,,,,,,,,,,
EXO,144227650,,,,,,,,,,,,SAFE,-61.26,0.977,1.005,1.408,-0.05,0.005,0.0,0.005,-0.004,0.0,0.0,0.0,0.0,0.0,0.0
IMU,144274129.0,1,-0.084,-1.0005,0.0269,0.0,2.93,0.49,-88.64,4.9,99.89,27.1,,,,,,,,,,,,,,,,
IMU,144289213.0,2,0.8906,-0.4487,0.0293,-2.44,1.04,0.73,-86.73,-63.6,147.84,28.2,,,,,,,,,,,,,,,,
EXO,144327480,,,,,,,,,,,,SAFE,-61.227,1.038,0.998,1.409,0.049,0.005,0.0,0.005,0.001,0.0,0.0,0.0,0.0,0.0,0.0
IMU,144374322.0,1,-0.0889,-0.9956,0.0215,2.99,0.06,2.14,-88.53,5.07,99.68,27.2,,,,,,,,,,,,,,,,
IMU,144389144.0,2,0.8887,-0.4453,0.0239,1.71,2.93,2.01,-86.4,-63.39,147.4,28.3,,,,,,,,,,,,,,,,
EXO,144427419,,,,,,,,,,,,SAFE,-61.018,2.93,0.994,1.409,0.03,0.005,0.0,0.005,0.002,0.0,0.0,0.0,0.0,0.0,0.0
IMU,144474526.0,1,-0.0918,-0.9888,0.019,1.89,2.14,0.18,-88.24,5.2,99.51,27.0,,,,,,,,,,,,,,,,
IMU,144489089.0,2,0.8882,-0.4463,0.0112,-1.04,1.71,-0.06,-85.83,-63.27,146.62,28.3,,,,,,,,,,,,,,,,
EXO,144527562,,,,,,,,,,,,SAFE,-60.897,1.709,0.994,1.409,0.042,0.005,0.0,0.005,0.006,0.0,0.0,0.0,0.0,0.0,0.0
IMU,144574689.0,1,-0.0962,-0.9917,0.0205,-2.99,-1.16,0.24,-88.36,5.22,99.4,27.4,,,,,,,,,,,,,,,,
IMU,144589023.0,2,0.8838,-0.458,0.0249,1.04,-3.85,0.43,-86.29,-63.26,146.92,28.2,,,,,,,,,,,,,,,,
EXO,144627644,,,,,,,,,,,,SAFE,-60.886,-3.845,0.996,1.408,-0.018,0.005,0.0,0.005,-0.01,0.0,0.0,0.0,0.0,0.0,0.0
IMU,144674812.0,1,-0.0952,-0.9971,0.0264,-1.53,-1.16,2.08,-88.63,5.37,99.5,27.1,,,,,,,,,,,,,,,,
IMU,144688966.0,2,0.8882,-0.4512,0.0386,1.46,-1.59,1.95,-86.84,-63.11,147.54,28.2,,,,,,,,,,,,,,,,
EXO,144727653,,,,,,,,,,,,SAFE,-60.732,-1.587,0.997,1.409,0.135,0.005,0.0,0.005,-0.009,0.0,0.0,0.0,0.0,0.0,0.0
IMU,144774982.0,1,-0.0903,-0.9844,0.0254,0.73,-1.77,1.04,-88.59,5.53,99.67,27.1,,,,,,,,,,,,,,,,
IMU,144788902.0,2,0.8892,-0.4448,0.019,2.14,-0.06,0.92,-86.65,-62.97,147.57,28.1,,,,,,,,,,,,,,,,
EXO,144827556,,,,,,,,,,,,SAFE,-60.595,-0.061,0.994,1.408,-0.046,0.005,0.0,0.005,0.002,0.0,0.0,0.0,0.0,0.0,0.0
IMU,144875171.0,1,-0.0933,-0.9907,0.0337,-2.14,1.71,-0.67,-88.63,5.55,99.62,27.1,,,,,,,,,,,,,,,,
IMU,144888839.0,2,0.8877,-0.4463,0.0259,-2.26,-2.5,-1.04,-86.88,-62.98,147.69,28.4,,,,,,,,,,,,,,,,
EXO,144927859,,,,,,,,,,,,SAFE,-60.612,-2.502,0.994,1.409,0.079,0.005,0.0,0.005,0.003,0.0,0.0,0.0,0.0,0.0,0.0
IMU,144975327.0,1,-0.0977,-1.0044,0.0205,-1.65,1.95,-0.06,-88.89,5.47,99.43,27.2,,,,,,,,,,,,,,,,
IMU,144988752.0,2,0.8877,-0.4604,0.0308,-2.01,-0.12,0.0,-87.45,-63.07,148.06,28.3,,,,,,,,,,,,,,,,
EXO,145027731,,,,,,,,,,,,SAFE,-60.699,-0.122,1.0,1.409,-0.015,0.005,0.0,0.005,-0.015,0.0,0.0,0.0,0.0,0.0,0.0
IMU,145075503.0,1,-0.0962,-1.0034,0.0127,3.54,1.22,-0.79,-88.79,5.44,99.16,27.0,,,,,,,,,,,,,,,,
IMU,145088722.0,2,0.8931,-0.4575,0.0288,1.34,3.54,-0.55,-87.04,-63.09,147.47,28.3,,,,,,,,,,,,,,,,
EXO,145127562,,,,,,,,,,,,SAFE,-60.721,3.54,1.004,1.409,0.119,0.005,0.0,0.005,-0.013,0.0,0.0,0.0,0.0,0.0,0.0
IMU,145175688.0,1,-0.1035,-0.9946,0.0215,0.92,1.83,0.18,-88.54,5.45,99.08,27.3,,,,,,,,,,,,,,,,
IMU,145188633.0,2,0.8892,-0.4556,0.0205,-1.16,0.98,0.0,-86.56,-63.06,146.91,28.4,,,,,,,,,,,,,,,,
EXO,145227439,,,,,,,,,,,,SAFE,-60.683,0.977,0.999,1.408,-0.044,0.005,0.0,0.005,0.004,0.0,0.0,0.0,0.0,0.0,0.0
IMU,145275850.0,1,-0.103,-0.9912,0.0215,-0.37,0.67,1.04,-88.6,5.52,98.95,27.2,,,,,,,,,,,,,,,,
IMU,145288601.0,2,0.8809,-0.4541,0.0337,0.24,-0.55,0.98,-86.78,-62.98,146.95,28.4,,,,,,,,,,,,,,,,
EXO,145327518,,,,,,,,,,,,SAFE,-60.606,-0.549,0.992,1.408,-0.056,0.005,0.0,0.005,-0.001,0.0,0.0,0.0,0.0,0.0,0.0
IMU,145376040.0,1,-0.1001,-0.9917,0.0264,-0.43,-0.43,1.04,-88.67,5.66,99.08,27.1,,,,,,,,,,,,,,,,
IMU,145388533.0,2,0.8882,-0.4521,0.0376,0.92,-0.98,0.73,-86.91,-62.84,147.22,28.2,,,,,,,,,,,,,,,,
EXO,145427685,,,,,,,,,,,,SAFE,-60.469,-0.977,0.997,1.408,0.022,0.005,0.0,0.005,-0.006,0.0,0.0,0.0,0.0,0.0,0.0
IMU,145476217.0,1,-0.0962,-0.9917,0.0181,0.98,-0.55,0.85,-88.69,5.73,99.15,27.4,,,,,,,,,,,,,,,,
IMU,145488476.0,2,0.8896,-0.4478,0.0356,2.08,0.55,0.43,-86.89,-62.78,147.29,28.2,,,,,,,,,,,,,,,,
EXO,145527461,,,,,,,,,,,,SAFE,-60.408,0.549,0.997,1.409,0.087,0.006,0.0,0.006,0.016,0.0,0.0,0.0,0.0,0.0,0.0
IMU,145576391.0,1,-0.104,-0.9863,0.0205,1.53,0.98,-1.59,-88.57,5.66,99.18,27.3,,,,,,,,,,,,,,,,
IMU,145588409.0,2,0.8862,-0.4497,0.0298,0.31,1.53,-2.14,-86.58,-62.87,147.02,28.2,,,,,,,,,,,,,,,,
EXO,145627546,,,,,,,,,,,,SAFE,-60.496,1.526,0.994,1.408,-0.036,0.005,0.0,0.005,-0.009,0.0,0.0,0.0,0.0,0.0,0.0
IMU,145676561.0,1,-0.1011,-0.9907,0.0308,-1.65,-0.37,-1.34,-88.56,5.45,99.24,27.1,,,,,,,,,,,,,,,,
IMU,145688336.0,2,0.8813,-0.4575,0.0264,-0.37,-2.26,-1.04,-86.61,-63.08,147.11,28.1,,,,,,,,,,,,,,,,
EXO,145727892,,,,,,,,,,,,SAFE,-60.71,-2.258,0.993,1.408,-0.037,0.005,0.0,0.005,0.001,0.0,0.0,0.0,0.0,0.0,0.0
IMU,145776727.0,1,-0.1035,-0.9995,0.02,-0.92,0.0,-0.61,-88.76,5.42,99.31,27.3,,,,,,,,,,,,,,,,
IMU,145788269.0,2,0.895,-0.4541,0.0405,0.0,-0.61,-0.85,-87.06,-63.13,147.59,28.2,,,,,,,,,,,,,,,,
EXO,145827715,,,,,,,,,,,,SAFE,-60.754,-0.61,1.004,1.409,0.062,0.005,0.0,0.005,-0.005,0.0,0.0,0.0,0.0,0.0,0.0
IMU,145876907.0,1,-0.0938,-0.9941,0.0293,2.69,0.0,0.79,-88.64,5.42,99.51,27.1,,,,,,,,,,,,,,,,
IMU,145888197.0,2,0.895,-0.4453,0.0269,0.31,2.99,0.55,-86.63,-63.09,147.44,28.4,,,,,,,,,,,,,,,,
EXO,145927522,,,,,,,,,,,,SAFE,-60.721,2.991,1.0,1.408,0.011,0.005,0.0,0.005,-0.001,0.0,0.0,0.0,0.0,0.0,0.0
IMU,145977082.0,1,-0.0952,-0.9932,0.02,1.16,2.93,-1.16,-88.43,5.36,99.37,27.4,,,,,,,,,,,,,,,,
IMU,145988143.0,2,0.8945,-0.4502,0.0146,-2.87,1.83,-1.53,-86.22,-63.15,146.86,28.2,,,,,,,,,,,,,,,,
EXO,146027652,,,,,,,,,,,,SAFE,-60.782,1.831,1.002,1.409,0.1,0.005,0.0,0.005,0.004,0.0,0.0,0.0,0.0,0.0,0.0
IMU,146077229.0,1,-0.0962,-0.998,0.0205,-1.59,0.0,-0.79,-88.55,5.22,99.18,27.1,,,,,,,,,,,,,,,,
IMU,146088074.0,2,0.8862,-0.459,0.0322,0.06,-1.53,-0.61,-86.58,-63.3,147.0,28.2,,,,,,,,,,,,,,,,
EXO,146127717,,,,,,,,,,,,SAFE,-60.93,-1.526,0.999,1.408,-0.045,0.005,0.0,0.005,0.013,0.0,0.0,0.0,0.0,0.0,0.0
