type,t_us,idx,ax,ay,az,gx,gy,gz,roll,pitch,yaw,temp,state,shank_deg,shank_rate_dps,acc_g,knee_rad,knee_vel,tau_g,tau_imp,tau_cmd,tau_fb,k,b,theta_eq,landing,flex_peak,shank_cross
IMU,6416771.0,1,0.6543,-0.0269,0.7607,0.0,0.0,0.0,-1.97,-40.67,52.59,25.9,,,,,,,,,,,,,,,,
IMU,6382659.0,2,0.4048,0.4805,0.7744,0.0,0.0,0.0,31.94,-24.01,10.32,27.8,,,,,,,,,,,,,,,,
EXO,6436217,,,,,,,,,,,,SAFE,-24.005,0.0,0.997,1.093,0.049,-0.0,0.0,0.0,-0.011,0.0,0.0,0.0,0.0,0.0,0.0
IMU,6516834.0,1,0.6528,-0.0269,0.7607,0.0,0.0,0.0,-1.97,-40.67,52.59,26.0,,,,,,,,,,,,,,,,
IMU,6482563.0,2,0.4092,0.4834,0.7725,0.0,0.0,0.0,31.94,-24.01,10.32,27.9,,,,,,,,,,,,,,,,
EXO,6521637,,,,,,,,,,,,SAFE,-24.011,0.0,0.999,1.092,-0.116,-0.0,0.0,0.0,0.002,0.0,0.0,0.0,0.0,0.0,0.0
IMU,6617021.0,1,0.6519,-0.0259,0.7622,0.0,0.0,0.0,-1.97,-40.67,52.59,26.1,,,,,,,,,,,,,,,,
IMU,6582575.0,2,0.4048,0.4805,0.7734,-0.06,0.0,0.0,31.94,-24.01,10.32,27.8,,,,,,,,,,,,,,,,
EXO,6621707,,,,,,,,,,,,SAFE,-24.005,0.0,0.996,1.093,-0.023,-0.0,0.0,0.0,-0.007,0.0,0.0,0.0,0.0,0.0,0.0
IMU,6717200.0,1,0.6558,-0.0244,0.7583,0.0,0.0,0.0,-1.97,-40.67,52.59,25.8,,,,,,,,,,,,,,,,
IMU,6682463.0,2,0.4058,0.4824,0.7739,-0.06,0.0,0.0,31.93,-24.01,10.32,27.8,,,,,,,,,,,,,,,,
EXO,6721729,,,,,,,,,,,,SAFE,-24.011,0.0,0.998,1.093,-0.038,-0.0,0.0,0.0,-0.003,0.0,0.0,0.0,0.0,0.0,0.0
IMU,6817388.0,1,0.6528,-0.0259,0.7598,0.0,0.0,0.0,-1.97,-40.67,52.59,26.1,,,,,,,,,,,,,,,,
IMU,6782381.0,2,0.4062,0.4839,0.7764,0.0,0.06,0.0,31.93,-24.01,10.33,27.8,,,,,,,,,,,,,,,,
EXO,6821627,,,,,,,,,,,,SAFE,-24.005,0.061,1.001,1.092,0.064,-0.0,0.0,0.0,-0.007,0.0,0.0,0.0,0.0,0.0,0.0
IMU,6917569.0,1,0.6548,-0.0254,0.7607,0.0,0.0,0.0,-1.97,-40.67,52.59,26.0,,,,,,,,,,,,,,,,
IMU,6882271.0,2,0.4058,0.4824,0.7739,0.0,0.0,0.0,31.93,-24.01,10.33,27.8,,,,,,,,,,,,,,,,
EXO,6921676,,,,,,,,,,,,SAFE,-24.011,0.0,0.998,1.093,0.011,-0.0,0.0,0.0,-0.006,0.0,0.0,0.0,0.0,0.0,0.0
IMU,7017744.0,1,0.6499,-0.0269,0.7637,0.0,0.0,0.0,-1.97,-40.67,52.59,26.0,,,,,,,,,,,,,,,,
IMU,6982235.0,2,0.4067,0.4819,0.7744,0.0,0.06,0.0,31.93,-24.01,10.33,27.8,,,,,,,,,,,,,,,,
EXO,7021642,,,,,,,,,,,,SAFE,-24.005,0.061,0.999,1.093,0.198,-0.0,0.0,0.0,0.004,0.0,0.0,0.0,0.0,0.0,0.0
IMU,7117929.0,1,0.6538,-0.0264,0.7603,0.0,0.0,0.0,-1.97,-40.67,52.59,26.0,,,,,,,,,,,,,,,,
IMU,7082139.0,2,0.4097,0.4824,0.7754,0.0,0.0,0.0,31.93,-24.01,10.33,27.7,,,,,,,,,,,,,,,,
EXO,7121629,,,,,,,,,,,,SAFE,-24.011,0.0,1.001,1.093,0.138,-0.0,0.0,0.0,-0.001,0.0,0.0,0.0,0.0,0.0,0.0
IMU,7218102.0,1,0.6543,-0.0254,0.7598,0.0,0.0,0.0,-1.97,-40.67,52.59,26.0,,,,,,,,,,,,,,,,
IMU,7182104.0,2,0.4102,0.4839,0.7739,0.0,0.12,0.0,31.93,-24.01,10.33,27.8,,,,,,,,,,,,,,,,
EXO,7221665,,,,,,,,,,,,SAFE,-24.011,0.122,1.001,1.093,0.083,-0.0,0.0,0.0,-0.01,0.0,0.0,0.0,0.0,0.0,0.0
IMU,7318283.0,1,0.6514,-0.0264,0.7622,0.0,0.0,0.0,-1.97,-40.67,52.59,25.9,,,,,,,,,,,,,,,,
IMU,7281981.0,2,0.4067,0.4819,0.7769,0.0,0.0,0.0,31.94,-24.01,10.33,27.7,,,,,,,,,,,,,,,,
EXO,7321643,,,,,,,,,,,,SAFE,-24.005,0.0,1.001,1.093,0.052,-0.0,0.0,0.0,-0.002,0.0,0.0,0.0,0.0,0.0,0.0
IMU,7418467.0,1,0.6533,-0.0264,0.7612,0.0,0.0,0.0,-1.97,-40.67,52.59,26.1,,,,,,,,,,,,,,,,
IMU,7381916.0,2,0.4092,0.4829,0.772,0.0,0.0,0.0,31.93,-24.01,10.33,27.7,,,,,,,,,,,,,,,,
EXO,7421672,,,,,,,,,,,,SAFE,-24.011,0.0,0.998,1.093,0.101,-0.0,0.0,0.0,0.008,0.0,0.0,0.0,0.0,0.0,0.0
IMU,7518652.0,1,0.6562,-0.0244,0.7559,0.0,0.0,0.0,-1.97,-40.67,52.59,26.1,,,,,,,,,,,,,,,,
IMU,7481829.0,2,0.4062,0.4824,0.7729,0.0,0.0,0.0,31.94,-24.01,10.33,27.8,,,,,,,,,,,,,,,,
EXO,7521791,,,,,,,,,,,,SAFE,-24.011,0.0,0.998,1.092,-0.097,-0.0,0.0,0.0,0.0,0.0,0.0,0.0,0.0,0.0,0.0
IMU,7618844.0,1,0.6533,-0.0269,0.7593,0.0,0.0,0.0,-1.97,-40.67,52.59,26.0,,,,,,,,,,,,,,,,
IMU,7581812.0,2,0.4106,0.4829,0.7739,0.0,-0.06,0.0,31.94,-24.01,10.33,27.9,,,,,,,,,,,,,,,,
EXO,7621780,,,,,,,,,,,,SAFE,-24.011,-0.061,1.0,1.092,-0.019,-0.0,0.0,0.0,-0.001,0.0,0.0,0.0,0.0,0.0,0.0
IMU,7719026.0,1,0.6538,-0.0264,0.7607,0.0,0.0,0.0,-1.97,-40.67,52.59,26.1,,,,,,,,,,,,,,,,
IMU,7681733.0,2,0.4058,0.4824,0.7715,0.0,0.18,0.0,31.94,-24.01,10.33,27.9,,,,,,,,,,,,,,,,
EXO,7721647,,,,,,,,,,,,SAFE,-24.011,0.183,0.996,1.093,-0.011,-0.0,0.0,0.0,0.009,0.0,0.0,0.0,0.0,0.0,0.0
IMU,7719026.0,1,0.6538,-0.0264,0.7607,0.0,0.0,0.0,-1.97,-40.67,52.59,26.1,,,,,,,,,,,,,,,,
IMU,7781665.0,2,0.4062,0.4814,0.7734,-0.12,0.0,0.0,31.94,-24.01,10.34,27.7,,,,,,,,,,,,,,,,
EXO,7821751,,,,,,,,,,,,SAFE,-24.011,0.0,0.998,1.092,-0.15,-0.0,0.0,0.0,-0.001,0.0,0.0,0.0,0.0,0.0,0.0
IMU,7819276.0,1,0.6558,-0.0254,0.7583,0.0,0.0,0.0,-1.97,-40.67,52.59,26.0,,,,,,,,,,,,,,,,
IMU,7881587.0,2,0.4106,0.4839,0.7729,0.0,0.12,0.0,31.94,-24.01,10.34,27.8,,,,,,,,,,,,,,,,
EXO,7921772,,,,,,,,,,,,SAFE,-24.011,0.122,1.0,1.093,0.07,-0.0,0.0,0.0,0.013,0.0,0.0,0.0,0.0,0.0,0.0
IMU,7919618.0,1,0.6538,-0.0254,0.7603,0.0,0.0,0.0,-1.97,-40.67,52.59,26.0,,,,,,,,,,,,,,,,
IMU,7981431.0,2,0.4102,0.4844,0.7778,0.0,0.0,0.0,31.94,-24.01,10.34,27.7,,,,,,,,,,,,,,,,
EXO,8021666,,,,,,,,,,,,SAFE,-24.005,0.0,1.004,1.093,0.068,-0.0,0.0,0.0,-0.012,0.0,0.0,0.0,0.0,0.0,0.0
IMU,8019670.0,1,0.6538,-0.0259,0.7583,0.0,0.0,0.0,-1.97,-40.67,52.59,26.0,,,,,,,,,,,,,,,,
IMU,8081401.0,2,0.4082,0.4829,0.771,-0.06,0.0,0.0,31.93,-24.01,10.34,27.7,,,,,,,,,,,,,,,,
EXO,8121729,,,,,,,,,,,,SAFE,-24.005,0.0,0.997,1.092,0.037,-0.0,0.0,0.0,-0.001,0.0,0.0,0.0,0.0,0.0,0.0
IMU,8119830.0,1,0.6538,-0.0264,0.7607,0.0,0.0,0.0,-1.97,-40.67,52.59,26.1,,,,,,,,,,,,,,,,
IMU,8181349.0,2,0.4072,0.4824,0.7739,0.0,0.06,0.0,31.93,-24.01,10.34,27.6,,,,,,,,,,,,,,,,
EXO,8221656,,,,,,,,,,,,SAFE,-24.011,0.061,0.999,1.092,-0.026,-0.0,0.0,0.0,0.007,0.0,0.0,0.0,0.0,0.0,0.0
IMU,8220009.0,1,0.6514,-0.0273,0.7622,0.0,0.0,0.0,-1.97,-40.67,52.59,25.9,,,,,,,,,,,,,,,,
IMU,8281240.0,2,0.4077,0.481,0.7788,-0.06,0.0,0.0,31.93,-24.01,10.34,27.7,,,,,,,,,,,,,,,,
EXO,8321742,,,,,,,,,,,,SAFE,-24.005,0.0,1.002,1.092,-0.019,-0.0,0.0,0.0,0.007,0.0,0.0,0.0,0.0,0.0,0.0
IMU,8320178.0,1,0.6528,-0.0273,0.7627,0.0,0.0,0.0,-1.97,-40.67,52.59,26.1,,,,,,,,,,,,,,,,
IMU,8381165.0,2,0.4048,0.4819,0.7729,0.0,0.0,0.0,31.93,-24.01,10.34,27.7,,,,,,,,,,,,,,,,
EXO,8421695,,,,,,,,,,,,SAFE,-24.011,0.0,0.997,1.093,0.033,-0.0,0.0,0.0,0.013,0.0,0.0,0.0,0.0,0.0,0.0
IMU,8420362.0,1,0.6519,-0.0259,0.7603,0.0,0.0,0.0,-1.97,-40.67,52.59,26.1,,,,,,,,,,,,,,,,
IMU,8481027.0,2,0.4067,0.4834,0.7734,0.0,0.0,0.0,31.93,-24.01,10.34,27.7,,,,,,,,,,,,,,,,
EXO,8521674,,,,,,,,,,,,SAFE,-24.005,0.0,0.999,1.092,0.052,-0.0,0.0,0.0,0.008,0.0,0.0,0.0,0.0,0.0,0.0
IMU,8520537.0,1,0.6553,-0.0264,0.7559,0.0,0.0,0.0,-1.97,-40.67,52.59,26.1,,,,,,,,,,,,,,,,
IMU,8580943.0,2,0.4058,0.4819,0.7744,0.0,0.0,0.0,31.93,-24.01,10.34,27.7,,,,,,,,,,,,,,,,
EXO,8621667,,,,,,,,,,,,SAFE,-24.005,0.0,0.998,1.092,0.095,-0.0,0.0,0.0,0.0,0.0,0.0,0.0,0.0,0.0,0.0
IMU,8620719.0,1,0.6543,-0.0254,0.7612,0.0,0.0,0.0,-1.97,-40.67,52.59,26.0,,,,,,,,,,,,,,,,
IMU,8680922.0,2,0.4062,0.4819,0.7754,0.0,-0.06,0.0,31.93,-24.01,10.35,27.9,,,,,,,,,,,,,,,,
EXO,8721774,,,,,,,,,,,,SAFE,-24.005,-0.061,0.999,1.093,-0.079,-0.0,0.0,0.0,-0.002,0.0,0.0,0.0,0.0,0.0,0.0
IMU,8720936.0,1,0.6548,-0.0269,0.7612,0.0,0.0,0.0,-1.97,-40.67,52.59,26.0,,,,,,,,,,,,,,,,
IMU,8780807.0,2,0.4102,0.4834,0.7739,0.0,0.0,0.0,31.93,-24.01,10.35,27.8,,,,,,,,,,,,,,,,
EXO,8821693,,,,,,,,,,,,SAFE,-24.005,0.0,1.0,1.092,-0.023,-0.0,0.0,0.0,0.015,0.0,0.0,0.0,0.0,0.0,0.0
IMU,8821084.0,1,0.6562,-0.0244,0.7617,0.0,0.0,0.0,-1.97,-40.67,52.59,26.0,,,,,,,,,,,,,,,,
IMU,8880788.0,2,0.4082,0.4834,0.7749,-0.06,0.06,0.0,31.93,-24.01,10.35,27.6,,,,,,,,,,,,,,,,
EXO,8921887,,,,,,,,,,,,SAFE,-24.005,0.061,1.0,1.093,0.03,-0.0,0.0,0.0,0.012,0.0,0.0,0.0,0.0,0.0,0.0
IMU,8921287.0,1,0.6533,-0.0269,0.7593,0.0,0.0,0.0,-1.97,-40.67,52.59,26.0,,,,,,,,,,,,,,,,
IMU,8980672.0,2,0.4087,0.4839,0.7725,-0.06,0.0,0.0,31.93,-24.01,10.35,27.6,,,,,,,,,,,,,,,,
EXO,9021739,,,,,,,,,,,,SAFE,-24.011,0.0,0.999,1.093,-0.123,-0.0,0.0,0.0,-0.014,0.0,0.0,0.0,0.0,0.0,0.0
IMU,9021479.0,1,0.6553,-0.0254,0.7598,0.0,0.0,0.0,-1.97,-40.67,52.59,25.9,,,,,,,,,,,,,,,,
IMU,9080598.0,2,0.4067,0.4839,0.7725,0.06,0.12,0.0,31.93,-24.01,10.35,27.7,,,,,,,,,,,,,,,,
EXO,9121631,,,,,,,,,,,,SAFE,-24.011,0.122,0.998,1.093,-0.116,-0.0,0.0,0.0,-0.003,0.0,0.0,0.0,0.0,0.0,0.0
IMU,9121643.0,1,0.6533,-0.0259,0.7603,0.0,0.0,0.0,-1.97,-40.67,52.59,26.0,,,,,,,,,,,,,,,,
IMU,9180435.0,2,0.4053,0.4814,0.7749,0.0,0.0,0.0,31.93,-24.01,10.35,27.8,,,,,,,,,,,,,,,,
EXO,9221640,,,,,,,,,,,,SAFE,-24.011,0.0,0.998,1.093,0.06,-0.0,0.0,0.0,-0.004,0.0,0.0,0.0,0.0,0.0,0.0
IMU,9221825.0,1,0.6562,-0.0249,0.7593,0.0,0.0,0.0,-1.97,-40.67,52.59,26.1,,,,,,,,,,,,,,,,
IMU,9280345.0,2,0.4072,0.4839,0.7749,0.0,0.0,0.0,31.93,-24.01,10.35,27.7,,,,,,,,,,,,,,,,
EXO,9321764,,,,,,,,,,,,SAFE,-24.011,0.0,1.0,1.092,-0.041,-0.0,0.0,0.0,0.012,0.0,0.0,0.0,0.0,0.0,0.0
IMU,9322034.0,1,0.6533,-0.0249,0.7622,0.0,0.0,0.0,-1.97,-40.67,52.59,26.0,,,,,,,,,,,,,,,,
IMU,9380359.0,2,0.4087,0.4819,0.7754,0.06,-0.06,0.0,31.94,-24.01,10.35,27.9,,,,,,,,,,,,,,,,
EXO,9421764,,,,,,,,,,,,SAFE,-24.011,-0.061,1.0,1.092,0.135,-0.0,0.0,0.0,0.005,0.0,0.0,0.0,0.0,0.0,0.0
IMU,9422192.0,1,0.6523,-0.0269,0.7593,0.0,0.0,0.0,-1.97,-40.67,52.59,26.0,,,,,,,,,,,,,,,,
IMU,9480204.0,2,0.4072,0.4819,0.7739,0.0,-0.12,0.0,31.93,-24.01,10.35,27.7,,,,,,,,,,,,,,,,
EXO,9521725,,,,,,,,,,,,SAFE,-24.011,-0.122,0.999,1.092,-0.037,-0.0,0.0,0.0,-0.005,0.0,0.0,0.0,0.0,0.0,0.0
IMU,9522345.0,1,0.6553,-0.0269,0.7583,0.0,0.0,0.0,-1.97,-40.67,52.59,26.0,,,,,,,,,,,,,,,,
IMU,9580126.0,2,0.4048,0.4829,0.772,0.06,-0.06,0.0,31.93,-24.01,10.35,27.9,,,,,,,,,,,,,,,,
EXO,9621702,,,,,,,,,,,,SAFE,-24.011,-0.061,0.996,1.092,-0.127,-0.0,0.0,0.0,-0.005,0.0,0.0,0.0,0.0,0.0,0.0
IMU,9622529.0,1,0.6499,-0.0269,0.7612,0.0,0.0,0.0,-1.97,-40.67,52.59,26.1,,,,,,,,,,,,,,,,
IMU,9679975.0,2,0.4067,0.4824,0.7764,0.0,0.0,0.0,31.93,-24.01,10.36,27.8,,,,,,,,,,,,,,,,
EXO,9721629,,,,,,,,,,,,SAFE,-24.005,0.0,1.0,1.092,-0.003,-0.0,0.0,0.0,0.007,0.0,0.0,0.0,0.0,0.0,0.0
IMU,9722715.0,1,0.6538,-0.0254,0.7578,0.0,0.0,0.0,-1.97,-40.67,52.59,26.0,,,,,,,,,,,,,,,,
IMU,9779944.0,2,0.4058,0.4839,0.7705,0.0,-0.06,0.0,31.93,-24.01,10.36,27.8,,,,,,,,,,,,,,,,
EXO,9821703,,,,,,,,,,,,SAFE,-24.011,-0.061,0.996,1.092,-0.04,-0.0,0.0,0.0,-0.006,0.0,0.0,0.0,0.0,0.0,0.0
IMU,9822901.0,1,0.6553,-0.0259,0.7578,0.0,0.0,0.0,-1.97,-40.67,52.59,26.0,,,,,,,,,,,,,,,,
IMU,9879870.0,2,0.4067,0.481,0.7729,0.0,0.0,0.0,31.93,-24.01,10.36,27.6,,,,,,,,,,,,,,,,
EXO,9921621,,,,,,,,,,,,SAFE,-24.011,0.0,0.997,1.092,0.028,-0.0,0.0,0.0,0.0,0.0,0.0,0.0,0.0,0.0,0.0
IMU,9923090.0,1,0.6562,-0.0249,0.7568,0.0,0.0,0.0,-1.97,-40.67,52.59,26.0,,,,,,,,,,,,,,,,
IMU,9979778.0,2,0.4058,0.4834,0.7754,0.0,0.06,0.0,31.93,-24.01,10.36,27.6,,,,,,,,,,,,,,,,
EXO,10021762,,,,,,,,,,,,SAFE,-24.005,0.061,1.0,1.093,0.009,-0.0,0.0,0.0,0.003,0.0,0.0,0.0,0.0,0.0,0.0
IMU,10023324.0,1,0.6499,-0.0278,0.7632,0.0,0.0,0.0,-1.97,-40.67,52.59,25.9,,,,,,,,,,,,,,,,
IMU,10079645.0,2,0.4082,0.4819,0.7769,0.0,0.0,0.0,31.93,-24.01,10.36,27.8,,,,,,,,,,,,,,,,
EXO,10121821,,,,,,,,,,,,SAFE,-24.011,0.0,1.001,1.093,0.029,-0.0,0.0,0.0,-0.024,0.0,0.0,0.0,0.0,0.0,0.0
IMU,10123465.0,1,0.6548,-0.0269,0.7598,0.0,0.0,0.0,-1.97,-40.67,52.59,26.0,,,,,,,,,,,,,,,,
IMU,10179574.0,2,0.4062,0.4844,0.7734,0.0,0.0,0.0,31.93,-24.01,10.37,27.8,,,,,,,,,,,,,,,,
EXO,10221793,,,,,,,,,,,,SAFE,-24.011,0.0,0.999,1.093,-0.058,-0.0,0.0,0.0,-0.0,0.0,0.0,0.0,0.0,0.0,0.0
IMU,10223671.0,1,0.6523,-0.0264,0.7603,0.0,0.0,0.0,-1.97,-40.67,52.59,25.9,,,,,,,,,,,,,,,,
IMU,10279505.0,2,0.4058,0.4814,0.7749,0.0,0.0,0.0,31.93,-24.01,10.37,27.6,,,,,,,,,,,,,,,,
EXO,10321828,,,,,,,,,,,,SAFE,-24.011,0.0,0.998,1.093,0.034,-0.0,0.0,0.0,0.001,0.0,0.0,0.0,0.0,0.0,0.0
IMU,10323846.0,1,0.6523,-0.0269,0.7622,0.0,0.0,0.0,-1.97,-40.67,52.59,26.0,,,,,,,,,,,,,,,,
IMU,10379549.0,2,0.4072,0.4824,0.7734,0.0,0.06,0.0,31.93,-24.01,10.37,27.6,,,,,,,,,,,,,,,,
EXO,10421859,,,,,,,,,,,,SAFE,-24.011,0.061,0.998,1.092,0.034,-0.0,0.0,0.0,0.012,0.0,0.0,0.0,0.0,0.0,0.0
IMU,10424039.0,1,0.6523,-0.0269,0.7617,0.0,0.0,0.0,-1.97,-40.67,52.59,26.2,,,,,,,,,,,,,,,,
IMU,10479343.0,2,0.4067,0.4839,0.7734,0.06,0.12,0.0,31.93,-24.01,10.37,27.8,,,,,,,,,,,,,,,,
EXO,10521788,,,,,,,,,,,,SAFE,-24.011,0.122,0.999,1.092,-0.108,-0.0,0.0,0.0,-0.008,0.0,0.0,0.0,0.0,0.0,0.0
IMU,10524224.0,1,0.6523,-0.0269,0.7617,0.0,0.0,0.0,-1.97,-40.67,52.59,26.0,,,,,,,,,,,,,,,,
IMU,10579255.0,2,0.4072,0.4824,0.7739,-0.06,0.0,0.0,31.93,-24.01,10.37,27.5,,,,,,,,,,,,,,,,
EXO,10621877,,,,,,,,,,,,SAFE,-24.011,0.0,0.999,1.093,0.107,-0.0,0.0,0.0,0.001,0.0,0.0,0.0,0.0,0.0,0.0
IMU,10624413.0,1,0.6538,-0.0264,0.7622,0.0,0.0,0.0,-1.97,-40.67,52.59,26.0,,,,,,,,,,,,,,,,
IMU,10679110.0,2,0.4067,0.4834,0.772,0.0,0.0,0.0,31.93,-24.01,10.37,27.7,,,,,,,,,,,,,,,,
EXO,10721800,,,,,,,,,,,,SAFE,-24.011,0.0,0.998,1.093,0.014,-0.0,0.0,0.0,-0.003,0.0,0.0,0.0,0.0,0.0,0.0
IMU,10724598.0,1,0.6484,-0.0283,0.7656,0.0,0.0,0.0,-1.97,-40.67,52.59,26.0,,,,,,,,,,,,,,,,
IMU,10779101.0,2,0.4092,0.4829,0.7739,-0.06,-0.06,0.0,31.93,-24.01,10.37,27.9,,,,,,,,,,,,,,,,
EXO,10821965,,,,,,,,,,,,SAFE,-24.005,-0.061,1.0,1.093,-0.049,-0.0,0.0,0.0,0.004,0.0,0.0,0.0,0.0,0.0,0.0
IMU,10824771.0,1,0.6548,-0.0273,0.7637,0.0,0.0,0.0,-1.97,-40.67,52.59,26.1,,,,,,,,,,,,,,,,
IMU,10879094.0,2,0.4067,0.4824,0.7739,0.06,0.06,0.0,31.93,-24.01,10.37,27.6,,,,,,,,,,,,,,,,
EXO,10921813,,,,,,,,,,,,SAFE,-24.005,0.061,0.999,1.092,0.046,-0.0,0.0,0.0,-0.004,0.0,0.0,0.0,0.0,0.0,0.0
IMU,10924942.0,1,0.6543,-0.0254,0.7593,0.0,0.0,0.0,-1.97,-40.67,52.59,25.9,,,,,,,,,,,,,,,,
IMU,10978903.0,2,0.4072,0.4814,0.7744,-0.12,0.12,0.0,31.93,-24.01,10.38,27.9,,,,,,,,,,,,,,,,
EXO,11021890,,,,,,,,,,,,SAFE,-24.005,0.122,0.999,1.093,-0.139,-0.0,0.0,0.0,0.017,0.0,0.0,0.0,0.0,0.0,0.0
IMU,11025129.0,1,0.6528,-0.0264,0.7627,0.0,0.0,0.0,-1.97,-40.67,52.59,26.0,,,,,,,,,,,,,,,,
IMU,11078807.0,2,0.4077,0.4854,0.7764,0.06,-0.06,0.0,31.93,-24.01,10.38,27.7,,,,,,,,,,,,,,,,
EXO,11121876,,,,,,,,,,,,SAFE,-24.005,-0.061,1.002,1.092,-0.058,-0.0,0.0,0.0,0.007,0.0,0.0,0.0,0.0,0.0,0.0
IMU,11125312.0,1,0.6504,-0.0273,0.7637,0.0,0.0,0.0,-1.97,-40.67,52.59,25.9,,,,,,,,,,,,,,,,
IMU,11178659.0,2,0.4092,0.4829,0.7744,0.0,0.0,0.0,31.94,-24.01,10.38,27.7,,,,,,,,,,,,,,,,
EXO,11221804,,,,,,,,,,,,SAFE,-24.005,0.0,1.0,1.093,-0.042,-0.0,0.0,0.0,-0.006,0.0,0.0,0.0,0.0,0.0,0.0
IMU,11225515.0,1,0.6543,-0.0264,0.7607,0.0,0.0,0.0,-1.97,-40.67,52.59,26.2,,,,,,,,,,,,,,,,
IMU,11278646.0,2,0.4067,0.4824,0.7734,0.0,0.06,0.0,31.94,-24.01,10.38,27.7,,,,,,,,,,,,,,,,
EXO,11321784,,,,,,,,,,,,SAFE,-24.005,0.061,0.998,1.093,0.115,-0.0,0.0,0.0,0.018,0.0,0.0,0.0,0.0,0.0,0.0
IMU,11325687.0,1,0.6553,-0.0249,0.7598,0.0,0.0,0.0,-1.97,-40.67,52.59,26.1,,,,,,,,,,,,,,,,
IMU,11378643.0,2,0.4077,0.4834,0.7759,0.12,0.06,0.0,31.94,-24.01,10.38,27.6,,,,,,,,,,,,,,,,
EXO,11421882,,,,,,,,,,,,SAFE,-24.005,0.061,1.001,1.092,0.032,-0.0,0.0,0.0,-0.005,0.0,0.0,0.0,0.0,0.0,0.0
IMU,11425867.0,1,0.6548,-0.0259,0.7563,0.0,0.0,0.0,-1.97,-40.67,52.59,26.0,,,,,,,,,,,,,,,,
IMU,11478415.0,2,0.4106,0.481,0.7705,0.0,0.06,0.0,31.94,-24.01,10.38,27.8,,,,,,,,,,,,,,,,
EXO,11521805,,,,,,,,,,,,SAFE,-24.005,0.061,0.997,1.092,-0.014,-0.0,0.0,0.0,-0.004,0.0,0.0,0.0,0.0,0.0,0.0
IMU,11526040.0,1,0.6523,-0.0269,0.7632,0.0,0.0,0.0,-1.97,-40.67,52.59,26.0,,,,,,,,,,,,,,,,
IMU,11578324.0,2,0.4087,0.4849,0.7739,0.0,0.06,0.0,31.94,-24.01,10.38,27.7,,,,,,,,,,,,,,,,
EXO,11621793,,,,,,,,,,,,SAFE,-24.005,0.061,1.001,1.092,-0.159,-0.0,0.0,0.0,0.001,0.0,0.0,0.0,0.0,0.0,0.0
IMU,11626225.0,1,0.6538,-0.0269,0.7593,0.0,0.0,0.0,-1.97,-40.67,52.59,26.0,,,,,,,,,,,,,,,,
IMU,11678157.0,2,0.4111,0.4844,0.7759,0.0,0.0,0.0,31.94,-24.01,10.38,27.6,,,,,,,,,,,,,,,,
EXO,11721808,,,,,,,,,,,,SAFE,-24.005,0.0,1.003,1.093,-0.018,-0.0,0.0,0.0,-0.004,0.0,0.0,0.0,0.0,0.0,0.0
IMU,11726427.0,1,0.6543,-0.0259,0.7568,0.0,0.0,0.0,-1.97,-40.67,52.59,26.1,,,,,,,,,,,,,,,,
IMU,11778075.0,2,0.4058,0.4819,0.7734,0.0,0.0,0.0,31.94,-24.01,10.38,27.7,,,,,,,,,,,,,,,,
EXO,11821796,,,,,,,,,,,,SAFE,-24.005,0.0,0.998,1.093,-0.164,-0.0,0.0,0.0,0.014,0.0,0.0,0.0,0.0,0.0,0.0
IMU,11826601.0,1,0.6562,-0.0239,0.7588,0.0,0.0,0.0,-1.97,-40.67,52.59,26.0,,,,,,,,,,,,,,,,
IMU,11878121.0,2,0.4082,0.4814,0.7754,-0.06,0.12,0.0,31.93,-24.01,10.38,27.7,,,,,,,,,,,,,,,,
EXO,11922082,,,,,,,,,,,,SAFE,-24.005,0.122,1.0,1.092,-0.025,-0.0,0.0,0.0,-0.013,0.0,0.0,0.0,0.0,0.0,0.0
IMU,11926780.0,1,0.6533,-0.0264,0.7588,0.0,0.0,0.0,-1.97,-40.67,52.59,26.0,,,,,,,,,,,,,,,,
IMU,11977954.0,2,0.4033,0.4814,0.7744,0.0,0.06,0.0,31.93,-24.01,10.39,27.6,,,,,,,,,,,,,,,,
EXO,12021801,,,,,,,,,,,,SAFE,-24.005,0.061,0.997,1.092,-0.07,-0.0,0.0,0.0,-0.009,0.0,0.0,0.0,0.0,0.0,0.0
IMU,12026968.0,1,0.6523,-0.0264,0.7603,0.0,0.0,0.0,-1.97,-40.67,52.59,26.1,,,,,,,,,,,,,,,,
IMU,12077834.0,2,0.4033,0.4819,0.7739,0.0,-0.06,0.0,31.93,-24.01,10.39,27.8,,,,,,,,,,,,,,,,
EXO,12121891,,,,,,,,,,,,SAFE,-24.005,-0.061,0.997,1.093,-0.087,-0.0,0.0,0.0,0.004,0.0,0.0,0.0,0.0,0.0,0.0
IMU,12127164.0,1,0.6553,-0.0269,0.7588,0.0,0.0,0.0,-1.97,-40.67,52.59,26.0,,,,,,,,,,,,,,,,
IMU,12177734.0,2,0.4072,0.4829,0.7754,0.0,0.12,0.0,31.93,-24.01,10.39,27.6,,,,,,,,,,,,,,,,
EXO,12221804,,,,,,,,,,,,SAFE,-24.005,0.122,1.0,1.092,-0.011,-0.0,0.0,0.0,0.001,0.0,0.0,0.0,0.0,0.0,0.0
IMU,12227344.0,1,0.6538,-0.0264,0.7593,0.0,0.0,0.0,-1.97,-40.67,52.59,25.9,,,,,,,,,,,,,,,,
IMU,12277670.0,2,0.4067,0.4829,0.7734,0.0,-0.06,0.0,31.93,-24.01,10.39,27.8,,,,,,,,,,,,,,,,
EXO,12321893,,,,,,,,,,,,SAFE,-24.005,-0.061,0.998,1.092,-0.014,-0.0,0.0,0.0,-0.004,0.0,0.0,0.0,0.0,0.0,0.0
IMU,12327531.0,1,0.6543,-0.0259,0.7607,0.0,0.0,0.0,-1.97,-40.67,52.59,26.0,,,,,,,,,,,,,,,,
IMU,12377621.0,2,0.4087,0.4839,0.7759,0.0,0.12,0.0,31.93,-24.01,10.39,27.8,,,,,,,,,,,,,,,,
EXO,12421873,,,,,,,,,,,,SAFE,-24.005,0.122,1.002,1.093,0.009,-0.0,0.0,0.0,-0.006,0.0,0.0,0.0,0.0,0.0,0.0
IMU,12427720.0,1,0.6577,-0.0244,0.7563,0.0,0.0,0.0,-1.97,-40.67,52.59,26.1,,,,,,,,,,,,,,,,
IMU,12477376.0,2,0.4053,0.4824,0.7725,0.0,0.0,0.0,31.93,-24.01,10.39,27.6,,,,,,,,,,,,,,,,
EXO,12521795,,,,,,,,,,,,SAFE,-24.005,0.0,0.997,1.092,-0.019,-0.0,0.0,0.0,0.009,0.0,0.0,0.0,0.0,0.0,0.0
IMU,12527906.0,1,0.6533,-0.0278,0.7603,0.0,0.0,0.0,-1.97,-40.67,52.59,26.0,,,,,,,,,,,,,,,,
IMU,12577337.0,2,0.4067,0.4829,0.7759,-0.06,0.0,0.0,31.93,-24.01,10.39,27.7,,,,,,,,,,,,,,,,
EXO,12621874,,,,,,,,,,,,SAFE,-24.005,0.0,1.0,1.093,0.144,-0.0,0.0,0.0,0.005,0.0,0.0,0.0,0.0,0.0,0.0
IMU,12628094.0,1,0.6538,-0.0269,0.7588,0.0,0.0,0.0,-1.97,-40.67,52.59,26.1,,,,,,,,,,,,,,,,
IMU,12677214.0,2,0.4053,0.4829,0.7744,0.0,0.0,0.0,31.93,-24.0,10.39,27.8,,,,,,,,,,,,,,,,
EXO,12721801,,,,,,,,,,,,SAFE,-24.0,0.0,0.999,1.093,-0.103,-0.0,0.0,0.0,-0.003,0.0,0.0,0.0,0.0,0.0,0.0
IMU,12728282.0,1,0.6538,-0.0264,0.7593,0.0,0.0,0.0,-1.97,-40.67,52.59,26.0,,,,,,,,,,,,,,,,
IMU,12777164.0,2,0.4072,0.4824,0.7754,0.06,0.0,0.0,31.93,-24.01,10.39,27.8,,,,,,,,,,,,,,,,
EXO,12821795,,,,,,,,,,,,SAFE,-24.005,0.0,1.0,1.093,-0.037,-0.0,0.0,0.0,0.013,0.0,0.0,0.0,0.0,0.0,0.0
IMU,12828483.0,1,0.6567,-0.0244,0.7583,0.0,0.0,0.0,-1.97,-40.67,52.59,26.0,,,,,,,,,,,,,,,,
IMU,12877066.0,2,0.4058,0.4829,0.7729,0.0,0.0,0.0,31.93,-24.01,10.4,27.7,,,,,,,,,,,,,,,,
EXO,12921871,,,,,,,,,,,,SAFE,-24.005,0.0,0.998,1.093,-0.072,-0.0,0.0,0.0,0.013,0.0,0.0,0.0,0.0,0.0,0.0
IMU,12928667.0,1,0.6548,-0.0269,0.7603,0.0,0.0,0.0,-1.97,-40.67,52.59,26.0,,,,,,,,,,,,,,,,
IMU,12976890.0,2,0.4072,0.4834,0.7734,0.0,0.0,0.0,31.93,-24.01,10.4,27.6,,,,,,,,,,,,,,,,
EXO,13021806,,,,,,,,,,,,SAFE,-24.005,0.0,0.999,1.093,-0.022,-0.0,0.0,0.0,-0.006,0.0,0.0,0.0,0.0,0.0,0.0
IMU,13028841.0,1,0.6567,-0.0254,0.7578,0.0,0.0,0.0,-1.97,-40.67,52.59,26.1,,,,,,,,,,,,,,,,
IMU,13076861.0,2,0.4067,0.4824,0.7744,0.0,-0.06,0.0,31.94,-24.01,10.4,27.7,,,,,,,,,,,,,,,,
EXO,13121893,,,,,,,,,,,,SAFE,-24.005,-0.061,0.999,1.093,0.032,-0.0,0.0,0.0,-0.006,0.0,0.0,0.0,0.0,0.0,0.0
IMU,13129016.0,1,0.6533,-0.0264,0.7607,0.0,0.0,0.0,-1.97,-40.67,52.59,26.0,,,,,,,,,,,,,,,,
IMU,13176690.0,2,0.4082,0.4834,0.7739,0.0,0.0,0.0,31.93,-24.01,10.4,27.7,,,,,,,,,,,,,,,,
EXO,13221809,,,,,,,,,,,,SAFE,-24.005,0.0,1.0,1.093,0.103,-0.0,0.0,0.0,0.003,0.0,0.0,0.0,0.0,0.0,0.0
IMU,13229194.0,1,0.6538,-0.0264,0.7598,0.0,0.0,0.0,-1.97,-40.67,52.59,26.0,,,,,,,,,,,,,,,,
IMU,13276685.0,2,0.4062,0.4824,0.7734,0.0,-0.06,0.0,31.93,-24.01,10.4,27.8,,,,,,,,,,,,,,,,
EXO,13321899,,,,,,,,,,,,SAFE,-24.005,-0.061,0.998,1.092,0.045,-0.0,0.0,0.0,0.008,0.0,0.0,0.0,0.0,0.0,0.0
IMU,13329392.0,1,0.6562,-0.0249,0.7583,0.0,0.0,0.0,-1.97,-40.67,52.59,26.1,,,,,,,,,,,,,,,,
IMU,13376586.0,2,0.4067,0.4834,0.7739,0.0,0.0,0.0,31.93,-24.01,10.4,27.8,,,,,,,,,,,,,,,,
EXO,13421990,,,,,,,,,,,,SAFE,-24.005,0.0,0.999,1.093,0.096,-0.0,0.0,0.0,-0.001,0.0,0.0,0.0,0.0,0.0,0.0
IMU,13429590.0,1,0.6528,-0.0269,0.7612,0.0,0.0,0.0,-1.97,-40.67,52.59,26.1,,,,,,,,,,,,,,,,
IMU,13476466.0,2,0.4077,0.4829,0.7734,-0.06,0.0,0.0,31.94,-24.01,10.4,27.7,,,,,,,,,,,,,,,,
EXO,13521889,,,,,,,,,,,,SAFE,-24.005,0.0,0.999,1.093,0.04,-0.0,0.0,0.0,-0.008,0.0,0.0,0.0,0.0,0.0,0.0
IMU,13529736.0,1,0.6538,-0.0259,0.7607,0.0,0.0,0.0,-1.97,-40.67,52.59,26.0,,,,,,,,,,,,,,,,
IMU,13576401.0,2,0.4048,0.4819,0.7749,0.06,0.0,0.0,31.94,-24.01,10.4,27.8,,,,,,,,,,,,,,,,
EXO,13621793,,,,,,,,,,,,SAFE,-24.005,0.0,0.998,1.093,0.05,-0.0,0.0,0.0,-0.007,0.0,0.0,0.0,0.0,0.0,0.0
IMU,13629937.0,1,0.6558,-0.0249,0.7588,0.0,0.0,0.0,-1.97,-40.67,52.59,26.0,,,,,,,,,,,,,,,,
IMU,13676294.0,2,0.4097,0.4819,0.7734,0.06,0.0,0.0,31.94,-24.01,10.4,27.8,,,,,,,,,,,,,,,,
EXO,13721801,,,,,,,,,,,,SAFE,-24.005,0.0,0.999,1.092,-0.009,-0.0,0.0,0.0,0.002,0.0,0.0,0.0,0.0,0.0,0.0
IMU,13730109.0,1,0.6533,-0.0259,0.7622,0.0,0.0,0.0,-1.97,-40.67,52.59,26.1,,,,,,,,,,,,,,,,
IMU,13776208.0,2,0.4106,0.4829,0.7749,0.0,0.06,0.0,31.94,-24.01,10.4,27.8,,,,,,,,,,,,,,,,
EXO,13821790,,,,,,,,,,,,SAFE,-24.005,0.061,1.001,1.092,0.089,-0.0,0.0,0.0,-0.003,0.0,0.0,0.0,0.0,0.0,0.0
IMU,13830295.0,1,0.6548,-0.0259,0.7603,0.0,0.0,0.0,-1.97,-40.67,52.59,26.1,,,,,,,,,,,,,,,,
IMU,13876225.0,2,0.4058,0.4834,0.7764,0.06,0.0,0.0,31.94,-24.01,10.41,27.6,,,,,,,,,,,,,,,,
EXO,13921873,,,,,,,,,,,,SAFE,-24.005,0.0,1.001,1.092,0.01,-0.0,0.0,0.0,0.012,0.0,0.0,0.0,0.0,0.0,0.0
IMU,13930486.0,1,0.6553,-0.0254,0.7603,0.0,0.0,0.0,-1.97,-40.67,52.59,26.0,,,,,,,,,,,,,,,,
IMU,13976042.0,2,0.4062,0.4819,0.7754,0.06,-0.06,0.0,31.94,-24.01,10.41,27.7,,,,,,,,,,,,,,,,
EXO,14021888,,,,,,,,,,,,SAFE,-24.005,-0.061,0.999,1.093,0.211,-0.0,0.0,0.0,0.003,0.0,0.0,0.0,0.0,0.0,0.0
IMU,14030722.0,1,0.6528,-0.0254,0.7651,0.0,0.0,0.0,-1.97,-40.67,52.59,26.0,,,,,,,,,,,,,,,,
IMU,14075943.0,2,0.4106,0.4829,0.7749,0.0,0.06,0.0,31.94,-24.01,10.41,27.7,,,,,,,,,,,,,,,,
EXO,14121854,,,,,,,,,,,,SAFE,-24.005,0.061,1.001,1.093,0.025,-0.0,0.0,0.0,0.006,0.0,0.0,0.0,0.0,0.0,0.0
IMU,14130964.0,1,0.6548,-0.0254,0.7612,0.0,0.0,0.0,-1.97,-40.67,52.59,26.2,,,,,,,,,,,,,,,,
IMU,14175825.0,2,0.4043,0.4834,0.7744,0.06,0.0,0.0,31.94,-24.01,10.41,27.8,,,,,,,,,,,,,,,,
EXO,14221806,,,,,,,,,,,,SAFE,-24.005,0.0,0.998,1.093,0.032,-0.0,0.0,0.0,-0.001,0.0,0.0,0.0,0.0,0.0,0.0
IMU,14231121.0,1,0.6528,-0.0269,0.7622,0.0,0.0,0.0,-1.97,-40.67,52.59,26.0,,,,,,,,,,,,,,,,
IMU,14275729.0,2,0.4082,0.4829,0.7759,-0.06,0.0,0.0,31.94,-24.01,10.41,27.6,,,,,,,,,,,,,,,,
EXO,14321916,,,,,,,,,,,,SAFE,-24.005,0.0,1.001,1.092,-0.148,-0.0,0.0,0.0,0.019,0.0,0.0,0.0,0.0,0.0,0.0
IMU,14331584.0,1,0.6553,-0.0244,0.7588,0.0,0.0,0.0,-1.97,-40.67,52.59,26.1,,,,,,,,,,,,,,,,
IMU,14375678.0,2,0.4058,0.4824,0.7754,0.0,0.0,0.0,31.94,-24.01,10.41,27.8,,,,,,,,,,,,,,,,
EXO,14421846,,,,,,,,,,,,SAFE,-24.005,0.0,0.999,1.092,0.005,-0.0,0.0,0.0,-0.008,0.0,0.0,0.0,0.0,0.0,0.0
IMU,14431512.0,1,0.6528,-0.0269,0.7588,0.0,0.0,0.0,-1.97,-40.67,52.59,26.1,,,,,,,,,,,,,,,,
IMU,14475564.0,2,0.4077,0.4824,0.7725,0.0,0.06,0.0,31.93,-24.01,10.42,27.7,,,,,,,,,,,,,,,,
EXO,14521820,,,,,,,,,,,,SAFE,-24.005,0.061,0.998,1.092,0.032,-0.0,0.0,0.0,0.008,0.0,0.0,0.0,0.0,0.0,0.0
IMU,14531617.0,1,0.6543,-0.0269,0.7578,0.0,0.0,0.0,-1.97,-40.67,52.59,26.1,,,,,,,,,,,,,,,,
IMU,14575463.0,2,0.4072,0.4834,0.7769,0.06,0.0,0.0,31.93,-24.01,10.42,27.6,,,,,,,,,,,,,,,,
EXO,14621814,,,,,,,,,,,,SAFE,-24.005,0.0,1.002,1.092,-0.001,-0.0,0.0,0.0,0.002,0.0,0.0,0.0,0.0,0.0,0.0
IMU,14631786.0,1,0.6553,-0.0249,0.7598,0.0,0.0,0.0,-1.97,-40.67,52.59,26.0,,,,,,,,,,,,,,,,
IMU,14675316.0,2,0.4038,0.4829,0.7783,0.0,0.0,0.0,31.93,-24.01,10.42,27.8,,,,,,,,,,,,,,,,
EXO,14721837,,,,,,,,,,,,SAFE,-24.005,0.0,1.001,1.093,-0.075,-0.0,0.0,0.0,0.006,0.0,0.0,0.0,0.0,0.0,0.0
IMU,14731962.0,1,0.6514,-0.0264,0.7637,0.0,0.0,0.0,-1.97,-40.67,52.59,26.2,,,,,,,,,,,,,,,,
IMU,14775223.0,2,0.4033,0.4814,0.7759,0.0,0.0,0.0,31.93,-24.01,10.42,27.7,,,,,,,,,,,,,,,,
EXO,14821815,,,,,,,,,,,,SAFE,-24.005,0.0,0.998,1.092,-0.117,-0.0,0.0,0.0,-0.005,0.0,0.0,0.0,0.0,0.0,0.0
IMU,14832186.0,1,0.6509,-0.0269,0.7642,0.0,0.0,0.0,-1.97,-40.67,52.59,26.1,,,,,,,,,,,,,,,,
IMU,14875269.0,2,0.4053,0.4839,0.7749,0.06,0.0,0.0,31.93,-24.01,10.42,27.8,,,,,,,,,,,,,,,,
EXO,14921819,,,,,,,,,,,,SAFE,-24.005,0.0,0.999,1.092,0.029,-0.0,0.0,0.0,-0.005,0.0,0.0,0.0,0.0,0.0,0.0
IMU,14932350.0,1,0.6538,-0.0259,0.7603,0.0,0.0,0.0,-1.97,-40.67,52.59,26.0,,,,,,,,,,,,,,,,
IMU,14975068.0,2,0.4048,0.4824,0.7744,0.0,0.0,0.0,31.93,-24.01,10.42,27.8,,,,,,,,,,,,,,,,
EXO,15021809,,,,,,,,,,,,SAFE,-24.005,0.0,0.998,1.092,-0.061,-0.0,0.0,0.0,0.002,0.0,0.0,0.0,0.0,0.0,0.0
IMU,15032510.0,1,0.6538,-0.0244,0.7598,0.0,0.0,0.0,-1.97,-40.67,52.59,26.0,,,,,,,,,,,,,,,,
IMU,15075052.0,2,0.4082,0.4824,0.7739,0.0,0.06,0.0,31.93,-24.01,10.42,27.6,,,,,,,,,,,,,,,,
EXO,15121809,,,,,,,,,,,,SAFE,-24.005,0.061,0.999,1.093,0.081,-0.0,0.0,0.0,-0.001,0.0,0.0,0.0,0.0,0.0,0.0
IMU,15132718.0,1,0.6543,-0.0259,0.7568,0.0,0.0,0.0,-1.97,-40.67,52.59,25.9,,,,,,,,,,,,,,,,
IMU,15174907.0,2,0.4048,0.4839,0.7749,0.0,0.0,0.0,31.93,-24.01,10.42,27.8,,,,,,,,,,,,,,,,
EXO,15221845,,,,,,,,,,,,SAFE,-24.005,0.0,0.999,1.093,0.07,-0.0,0.0,0.0,0.016,0.0,0.0,0.0,0.0,0.0,0.0
IMU,15232907.0,1,0.6538,-0.0259,0.7607,0.0,0.0,0.0,-1.97,-40.67,52.59,26.1,,,,,,,,,,,,,,,,
IMU,15274903.0,2,0.4058,0.4819,0.7749,0.18,0.0,0.0,31.93,-24.01,10.43,27.7,,,,,,,,,,,,,,,,
EXO,15321797,,,,,,,,,,,,SAFE,-24.005,0.0,0.999,1.092,-0.076,-0.0,0.0,0.0,0.009,0.0,0.0,0.0,0.0,0.0,0.0
IMU,15333165.0,1,0.6538,-0.0273,0.7622,0.0,0.12,0.0,-1.97,-40.67,52.59,26.0,,,,,,,,,,,,,,,,
IMU,15374888.0,2,0.4102,0.4819,0.7725,-0.06,0.06,0.0,31.93,-24.01,10.43,27.8,,,,,,,,,,,,,,,,
EXO,15421945,,,,,,,,,,,,SAFE,-24.005,0.061,0.999,1.092,0.005,-0.0,0.0,0.0,0.013,0.0,0.0,0.0,0.0,0.0,0.0
IMU,15433308.0,1,0.6562,-0.0244,0.7563,0.0,-0.12,0.0,-1.97,-40.67,52.59,26.0,,,,,,,,,,,,,,,,
IMU,15474747.0,2,0.4082,0.4824,0.7729,0.12,0.0,0.0,31.93,-24.01,10.43,27.8,,,,,,,,,,,,,,,,
EXO,15522066,,,,,,,,,,,,SAFE,-24.005,0.0,0.998,1.093,-0.05,-0.0,0.0,0.0,0.005,0.0,0.0,0.0,0.0,0.0,0.0
IMU,15533440.0,1,0.6538,-0.0249,0.7588,0.0,0.0,0.0,-1.97,-40.67,52.59,26.0,,,,,,,,,,,,,,,,
IMU,15574656.0,2,0.4082,0.4824,0.7725,0.06,0.12,0.0,31.93,-24.01,10.43,27.9,,,,,,,,,,,,,,,,
EXO,15621860,,,,,,,,,,,,SAFE,-24.005,0.122,0.998,1.093,0.007,-0.0,0.0,0.0,-0.001,0.0,0.0,0.0,0.0,0.0,0.0
IMU,15633723.0,1,0.6523,-0.0264,0.7598,0.06,0.06,0.0,-1.97,-40.67,52.59,26.1,,,,,,,,,,,,,,,,
IMU,15674602.0,2,0.4028,0.4829,0.7769,0.0,-0.06,0.0,31.93,-24.01,10.43,27.6,,,,,,,,,,,,,,,,
EXO,15721929,,,,,,,,,,,,SAFE,-24.005,-0.061,0.999,1.092,-0.191,-0.0,0.0,0.0,-0.009,0.0,0.0,0.0,0.0,0.0,0.0
IMU,15733817.0,1,0.6523,-0.0254,0.7617,0.0,0.0,0.0,-1.97,-40.67,52.59,25.9,,,,,,,,,,,,,,,,
IMU,15774490.0,2,0.4067,0.4844,0.7769,0.0,0.06,0.0,31.93,-24.01,10.43,27.6,,,,,,,,,,,,,,,,
EXO,15821833,,,,,,,,,,,,SAFE,-24.005,0.061,1.002,1.093,-0.002,-0.0,0.0,0.0,0.007,0.0,0.0,0.0,0.0,0.0,0.0
IMU,15834114.0,1,0.6543,-0.0264,0.7603,0.06,0.06,0.0,-1.97,-40.67,52.59,26.0,,,,,,,,,,,,,,,,
IMU,15874417.0,2,0.4062,0.4829,0.7759,0.0,0.0,0.0,31.93,-24.01,10.43,27.8,,,,,,,,,,,,,,,,
EXO,15921849,,,,,,,,,,,,SAFE,-24.005,0.0,1.0,1.092,-0.001,-0.0,0.0,0.0,0.006,0.0,0.0,0.0,0.0,0.0,0.0
IMU,15934318.0,1,0.6553,-0.0244,0.7593,0.06,0.0,0.0,-1.97,-40.67,52.59,26.0,,,,,,,,,,,,,,,,
IMU,15974324.0,2,0.4097,0.4829,0.7715,0.06,0.0,0.0,31.93,-24.01,10.43,27.7,,,,,,,,,,,,,,,,
EXO,16021853,,,,,,,,,,,,SAFE,-24.005,0.0,0.998,1.093,0.029,-0.0,0.0,0.0,-0.006,0.0,0.0,0.0,0.0,0.0,0.0
IMU,16034406.0,1,0.6514,-0.0273,0.7598,0.0,0.0,0.0,-1.97,-40.67,52.59,26.0,,,,,,,,,,,,,,,,
IMU,16074207.0,2,0.4048,0.4814,0.772,0.0,0.0,0.0,31.93,-24.01,10.44,27.8,,,,,,,,,,,,,,,,
EXO,16121824,,,,,,,,,,,,SAFE,-24.005,0.0,0.996,1.092,-0.048,-0.0,0.0,0.0,0.009,0.0,0.0,0.0,0.0,0.0,0.0
IMU,16134666.0,1,0.6533,-0.0264,0.7588,0.0,0.06,0.0,-1.97,-40.67,52.59,25.9,,,,,,,,,,,,,,,,
IMU,16174168.0,2,0.4058,0.4819,0.7725,0.06,-0.12,0.0,31.93,-24.01,10.44,27.7,,,,,,,,,,,,,,,,
EXO,16221918,,,,,,,,,,,,SAFE,-24.005,-0.122,0.997,1.093,0.029,-0.0,0.0,0.0,0.014,0.0,0.0,0.0,0.0,0.0,0.0
IMU,16234769.0,1,0.6538,-0.0264,0.7588,0.0,0.0,0.0,-1.96,-40.67,52.59,26.0,,,,,,,,,,,,,,,,
IMU,16274072.0,2,0.4097,0.4824,0.7734,0.0,0.06,0.0,31.93,-24.01,10.44,27.8,,,,,,,,,,,,,,,,
EXO,16321818,,,,,,,,,,,,SAFE,-24.005,0.061,0.999,1.092,0.06,-0.0,0.0,0.0,-0.014,0.0,0.0,0.0,0.0,0.0,0.0
IMU,16334992.0,1,0.6519,-0.0273,0.7627,0.0,0.0,0.0,-1.97,-40.67,52.59,26.0,,,,,,,,,,,,,,,,
IMU,16374066.0,2,0.4097,0.4834,0.7725,0.06,0.06,0.0,31.93,-24.01,10.44,27.9,,,,,,,,,,,,,,,,
EXO,16421809,,,,,,,,,,,,SAFE,-24.005,0.061,0.999,1.092,-0.002,-0.0,0.0,0.0,0.018,0.0,0.0,0.0,0.0,0.0,0.0
IMU,16435163.0,1,0.6543,-0.0269,0.7598,0.0,0.0,0.0,-1.97,-40.67,52.59,26.0,,,,,,,,,,,,,,,,
IMU,16473857.0,2,0.4053,0.4834,0.7739,0.0,0.0,0.0,31.93,-24.01,10.44,27.7,,,,,,,,,,,,,,,,
EXO,16521814,,,,,,,,,,,,SAFE,-24.005,0.0,0.998,1.093,-0.073,-0.0,0.0,0.0,0.001,0.0,0.0,0.0,0.0,0.0,0.0
IMU,16535324.0,1,0.6543,-0.0259,0.7598,0.0,0.0,0.0,-1.97,-40.67,52.59,26.1,,,,,,,,,,,,,,,,
IMU,16573842.0,2,0.4067,0.4824,0.7739,0.0,0.06,0.0,31.94,-24.01,10.44,27.8,,,,,,,,,,,,,,,,
EXO,16621825,,,,,,,,,,,,SAFE,-24.005,0.061,0.999,1.093,-0.028,-0.0,0.0,0.0,-0.004,0.0,0.0,0.0,0.0,0.0,0.0
IMU,16635513.0,1,0.6538,-0.0254,0.7598,0.0,0.0,0.0,-1.97,-40.67,52.59,26.2,,,,,,,,,,,,,,,,
IMU,16673691.0,2,0.4102,0.4829,0.7739,0.0,0.0,0.0,31.94,-24.01,10.44,27.9,,,,,,,,,,,,,,,,
EXO,16721817,,,,,,,,,,,,SAFE,-24.005,0.0,1.0,1.093,0.042,-0.0,0.0,0.0,-0.001,0.0,0.0,0.0,0.0,0.0,0.0
IMU,16735701.0,1,0.6538,-0.0259,0.7588,0.0,0.0,0.0,-1.97,-40.67,52.59,26.0,,,,,,,,,,,,,,,,
IMU,16773667.0,2,0.4087,0.4829,0.7749,0.0,0.06,0.0,31.94,-24.01,10.44,27.8,,,,,,,,,,,,,,,,
EXO,16821819,,,,,,,,,,,,SAFE,-24.005,0.061,1.0,1.092,-0.046,-0.0,0.0,0.0,0.013,0.0,0.0,0.0,0.0,0.0,0.0
IMU,16835897.0,1,0.6538,-0.0269,0.7598,0.0,0.0,0.0,-1.97,-40.67,52.59,25.9,,,,,,,,,,,,,,,,
IMU,16873693.0,2,0.4092,0.4829,0.7759,0.0,0.06,0.0,31.94,-24.01,10.44,27.9,,,,,,,,,,,,,,,,
EXO,16921827,,,,,,,,,,,,SAFE,-24.011,0.061,1.001,1.092,-0.158,-0.0,0.0,0.0,-0.006,0.0,0.0,0.0,0.0,0.0,0.0
IMU,16936069.0,1,0.6514,-0.0264,0.7612,0.0,0.0,0.0,-1.97,-40.67,52.59,26.0,,,,,,,,,,,,,,,,
IMU,16973470.0,2,0.4058,0.4834,0.7725,0.0,0.0,0.0,31.94,-24.01,10.45,27.7,,,,,,,,,,,,,,,,
EXO,17021812,,,,,,,,,,,,SAFE,-24.011,0.0,0.998,1.092,0.081,-0.0,0.0,0.0,-0.004,0.0,0.0,0.0,0.0,0.0,0.0
IMU,17036238.0,1,0.6509,-0.0269,0.7617,0.0,0.0,0.0,-1.97,-40.67,52.59,26.1,,,,,,,,,,,,,,,,
IMU,17073448.0,2,0.4077,0.4824,0.7749,0.18,-0.06,0.0,31.94,-24.01,10.45,27.8,,,,,,,,,,,,,,,,
EXO,17121911,,,,,,,,,,,,SAFE,-24.005,-0.061,1.0,1.093,0.119,-0.0,0.0,0.0,0.006,0.0,0.0,0.0,0.0,0.0,0.0
IMU,17136423.0,1,0.6528,-0.0269,0.7603,0.0,0.0,0.0,-1.97,-40.67,52.59,26.0,,,,,,,,,,,,,,,,
IMU,17173312.0,2,0.4072,0.4824,0.7759,0.0,0.0,0.0,31.93,-24.01,10.45,27.8,,,,,,,,,,,,,,,,
EXO,17221813,,,,,,,,,,,,SAFE,-24.005,0.0,1.0,1.092,0.052,-0.0,0.0,0.0,-0.014,0.0,0.0,0.0,0.0,0.0,0.0
IMU,17236594.0,1,0.6533,-0.0259,0.7603,0.0,0.0,0.0,-1.97,-40.67,52.59,26.0,,,,,,,,,,,,,,,,
IMU,17273264.0,2,0.4097,0.4834,0.771,0.0,0.06,0.0,31.93,-24.01,10.45,27.7,,,,,,,,,,,,,,,,
EXO,17321807,,,,,,,,,,,,SAFE,-24.005,0.061,0.998,1.093,-0.013,-0.0,0.0,0.0,-0.005,0.0,0.0,0.0,0.0,0.0,0.0
IMU,17336792.0,1,0.6558,-0.0249,0.7603,0.0,0.0,0.0,-1.97,-40.67,52.59,25.9,,,,,,,,,,,,,,,,
IMU,17373233.0,2,0.4077,0.4839,0.7769,0.0,0.12,0.0,31.94,-24.01,10.45,27.7,,,,,,,,,,,,,,,,
EXO,17421845,,,,,,,,,,,,SAFE,-24.005,0.122,1.002,1.092,-0.075,-0.0,0.0,0.0,-0.006,0.0,0.0,0.0,0.0,0.0,0.0
IMU,17436949.0,1,0.6572,-0.0244,0.7568,0.0,0.0,0.0,-1.97,-40.67,52.59,26.1,,,,,,,,,,,,,,,,
IMU,17473124.0,2,0.4067,0.4819,0.7739,0.06,0.0,0.0,31.94,-24.01,10.45,27.6,,,,,,,,,,,,,,,,
EXO,17521808,,,,,,,,,,,,SAFE,-24.005,0.0,0.998,1.092,0.005,-0.0,0.0,0.0,-0.003,0.0,0.0,0.0,0.0,0.0,0.0
IMU,17537125.0,1,0.6562,-0.0244,0.7583,0.0,0.0,0.0,-1.97,-40.67,52.59,26.1,,,,,,,,,,,,,,,,
IMU,17573022.0,2,0.4087,0.4834,0.7759,0.12,0.0,0.0,31.94,-24.01,10.45,27.8,,,,,,,,,,,,,,,,
EXO,17621962,,,,,,,,,,,,SAFE,-24.005,0.0,1.001,1.093,-0.103,-0.0,0.0,0.0,-0.012,0.0,0.0,0.0,0.0,0.0,0.0
IMU,17637367.0,1,0.6538,-0.0259,0.7607,0.06,0.0,0.0,-1.97,-40.67,52.59,25.8,,,,,,,,,,,,,,,,
IMU,17672891.0,2,0.4058,0.4844,0.7729,0.0,0.0,0.0,31.95,-24.01,10.45,27.8,,,,,,,,,,,,,,,,
EXO,17721889,,,,,,,,,,,,SAFE,-24.011,0.0,0.998,1.093,0.13,-0.0,0.0,0.0,0.002,0.0,0.0,0.0,0.0,0.0,0.0
IMU,17737574.0,1,0.6528,-0.0259,0.7593,0.06,0.06,0.0,-1.96,-40.68,52.59,26.0,,,,,,,,,,,,,,,,
IMU,17772848.0,2,0.4033,0.4824,0.7725,0.06,0.0,0.0,31.96,-24.01,10.45,27.6,,,,,,,,,,,,,,,,
EXO,17821838,,,,,,,,,,,,SAFE,-24.011,0.0,0.996,1.092,-0.108,-0.0,0.0,0.0,0.013,0.0,0.0,0.0,0.0,0.0,0.0
IMU,17837705.0,1,0.6519,-0.0278,0.7632,0.0,0.0,0.0,-1.96,-40.68,52.59,25.8,,,,,,,,,,,,,,,,
IMU,17872761.0,2,0.4106,0.4839,0.7749,0.0,0.0,0.0,31.96,-24.01,10.45,27.7,,,,,,,,,,,,,,,,
EXO,17921845,,,,,,,,,,,,SAFE,-24.011,0.0,1.002,1.093,0.08,-0.0,0.0,0.0,0.008,0.0,0.0,0.0,0.0,0.0,0.0
IMU,17937894.0,1,0.6553,-0.0249,0.7607,0.0,-0.06,0.0,-1.96,-40.68,52.59,26.0,,,,,,,,,,,,,,,,
IMU,17972724.0,2,0.4062,0.4839,0.7749,0.06,0.06,0.0,31.96,-24.01,10.46,27.7,,,,,,,,,,,,,,,,
EXO,18021913,,,,,,,,,,,,SAFE,-24.011,0.061,1.0,1.093,0.117,-0.0,0.0,0.0,0.006,0.0,0.0,0.0,0.0,0.0,0.0
IMU,18038109.0,1,0.6523,-0.0273,0.7598,0.0,0.06,0.0,-1.95,-40.68,52.59,26.0,,,,,,,,,,,,,,,,
IMU,18072641.0,2,0.4067,0.4829,0.7759,-0.06,0.06,0.0,31.96,-24.01,10.46,27.6,,,,,,,,,,,,,,,,
EXO,18121969,,,,,,,,,,,,SAFE,-24.005,0.061,1.0,1.092,-0.124,-0.0,0.0,0.0,0.001,0.0,0.0,0.0,0.0,0.0,0.0
IMU,18138201.0,1,0.6543,-0.0239,0.7627,0.0,0.0,0.0,-1.95,-40.68,52.59,26.0,,,,,,,,,,,,,,,,
IMU,18172538.0,2,0.4019,0.4829,0.7739,-0.06,0.06,0.0,31.96,-24.01,10.46,27.7,,,,,,,,,,,,,,,,
EXO,18221906,,,,,,,,,,,,SAFE,-24.011,0.061,0.997,1.092,-0.029,-0.0,0.0,0.0,0.0,0.0,0.0,0.0,0.0,0.0,0.0
IMU,18238406.0,1,0.6533,-0.0264,0.7622,0.0,0.0,0.0,-1.95,-40.68,52.59,26.0,,,,,,,,,,,,,,,,
IMU,18272455.0,2,0.4087,0.4829,0.7744,0.0,0.06,0.0,31.96,-24.01,10.46,27.8,,,,,,,,,,,,,,,,
EXO,18321820,,,,,,,,,,,,SAFE,-24.011,0.061,1.0,1.093,0.021,-0.0,0.0,0.0,-0.005,0.0,0.0,0.0,0.0,0.0,0.0
IMU,18338607.0,1,0.6509,-0.0259,0.7593,0.0,0.0,0.0,-1.95,-40.68,52.59,26.1,,,,,,,,,,,,,,,,
IMU,18372409.0,2,0.4048,0.4839,0.7759,0.0,0.12,0.0,31.96,-24.01,10.46,27.6,,,,,,,,,,,,,,,,
EXO,18421854,,,,,,,,,,,,SAFE,-24.005,0.122,1.0,1.092,-0.049,-0.0,0.0,0.0,-0.013,0.0,0.0,0.0,0.0,0.0,0.0
IMU,18438762.0,1,0.6543,-0.0244,0.7593,0.0,0.0,0.0,-1.94,-40.68,52.59,26.0,,,,,,,,,,,,,,,,
IMU,18472199.0,2,0.4067,0.4849,0.7725,0.0,0.0,0.0,31.96,-24.01,10.46,27.9,,,,,,,,,,,,,,,,
EXO,18521808,,,,,,,,,,,,SAFE,-24.005,0.0,0.999,1.093,0.093,-0.0,0.0,0.0,0.005,0.0,0.0,0.0,0.0,0.0,0.0
IMU,18538976.0,1,0.6553,-0.0264,0.7588,0.0,0.0,0.0,-1.94,-40.69,52.59,26.1,,,,,,,,,,,,,,,,
IMU,18572119.0,2,0.4102,0.4829,0.7734,0.0,0.0,0.0,31.97,-24.01,10.46,27.8,,,,,,,,,,,,,,,,
EXO,18621805,,,,,,,,,,,,SAFE,-24.005,0.0,1.0,1.093,-0.092,-0.0,0.0,0.0,-0.019,0.0,0.0,0.0,0.0,0.0,0.0
IMU,18639246.0,1,0.6475,-0.0283,0.7456,-0.18,0.61,-0.98,-1.94,-40.68,52.58,26.0,,,,,,,,,,,,,,,,
IMU,18672121.0,2,0.3799,0.4873,0.7798,-0.31,2.99,-0.37,31.87,-23.84,10.43,27.9,,,,,,,,,,,,,,,,
EXO,18722169,,,,,,,,,,,,SAFE,-23.84,2.991,0.995,1.093,0.1,-0.0,0.0,0.0,0.008,0.0,0.0,0.0,0.0,0.0,0.0
IMU,18739414.0,1,0.6543,-0.0234,0.7612,-0.61,7.75,-1.4,-1.91,-40.32,52.47,26.1,,,,,,,,,,,,,,,,
IMU,18772048.0,2,0.3901,0.4404,0.7959,0.49,-5.55,-1.28,31.6,-23.57,10.45,27.8,,,,,,,,,,,,,,,,
EXO,18822175,,,,,,,,,,,,SAFE,-23.566,-5.554,0.99,1.093,0.036,-0.0,0.0,0.0,-0.009,0.0,0.0,0.0,0.0,0.0,0.0
IMU,18839623.0,1,0.6562,-0.0312,0.7402,-1.34,3.23,-0.79,-1.87,-40.4,52.3,26.2,,,,,,,,,,,,,,,,
IMU,18872010.0,2,0.416,0.4692,0.8164,3.48,0.67,2.01,31.64,-23.53,10.42,27.6,,,,,,,,,,,,,,,,
EXO,18922193,,,,,,,,,,,,SAFE,-23.527,0.671,1.029,1.092,0.064,-0.0,0.0,0.0,-0.002,0.0,0.0,0.0,0.0,0.0,0.0
IMU,18939810.0,1,0.7588,0.0122,0.6733,10.01,-8.67,9.52,-1.9,-40.58,52.49,26.0,,,,,,,,,,,,,,,,
IMU,18971850.0,2,0.4941,0.4824,0.7036,3.97,8.67,7.26,31.83,-24.04,10.87,27.7,,,,,,,,,,,,,,,,
EXO,19021949,,,,,,,,,,,,SAFE,-24.038,8.667,0.986,1.092,0.001,-0.0,0.0,0.0,0.003,0.0,0.0,0.0,0.0,0.0,0.0
IMU,19039978.0,1,0.6543,-0.0264,0.7485,0.49,0.49,0.98,-1.88,-40.65,53.05,26.1,,,,,,,,,,,,,,,,
IMU,19071772.0,2,0.3911,0.4932,0.7783,-1.95,1.04,2.69,31.59,-23.93,11.14,27.8,,,,,,,,,,,,,,,,
EXO,19121926,,,,,,,,,,,,SAFE,-23.934,1.038,1.001,1.092,0.077,-0.0,0.0,0.0,-0.002,0.0,0.0,0.0,0.0,0.0,0.0
IMU,19140155.0,1,0.6812,-0.0142,0.7568,-2.38,-6.53,2.99,-1.98,-41.16,53.12,26.2,,,,,,,,,,,,,,,,
IMU,19171691.0,2,0.4351,0.5063,0.7412,-1.22,-7.26,5.25,31.57,-24.58,11.27,27.6,,,,,,,,,,,,,,,,
EXO,19222196,,,,,,,,,,,,SAFE,-24.582,-7.263,0.998,1.092,0.119,-0.0,0.0,0.0,-0.009,0.0,0.0,0.0,0.0,0.0,0.0
IMU,19240332.0,1,0.771,-0.0591,0.7993,-24.35,-24.78,13.61,-3.81,-42.8,54.23,26.1,,,,,,,,,,,,,,,,
IMU,19271613.0,2,0.481,0.5327,0.769,-8.54,-34.67,18.37,32.07,-27.2,10.91,27.6,,,,,,,,,,,,,,,,
EXO,19322630,,,,,,,,,,,,SAFE,-27.197,-34.668,1.052,1.092,0.077,-0.0,0.0,0.0,0.006,0.0,0.0,0.0,0.0,0.0,0.0
IMU,19340547.0,1,0.7778,-0.126,0.7417,-34.24,33.81,29.48,-8.98,-42.55,57.26,26.1,,,,,,,,,,,,,,,,
IMU,19371592.0,2,0.5444,0.4629,0.7925,-49.5,0.43,30.88,27.97,-29.75,12.38,27.7,,,,,,,,,,,,,,,,
EXO,19422466,,,,,,,,,,,,SAFE,-29.751,0.427,1.067,1.092,-0.057,-0.0,0.0,0.0,0.011,0.0,0.0,0.0,0.0,0.0,0.0
IMU,19440726.0,1,0.7583,-0.1987,0.6094,-17.64,21.61,43.46,-14.36,-38.51,61.3,26.1,,,,,,,,,,,,,,,,
IMU,19471454.0,2,0.5552,0.3457,0.7637,-21.0,9.16,47.3,22.37,-31.4,16.47,27.7,,,,,,,,,,,,,,,,
EXO,19522541,,,,,,,,,,,,SAFE,-31.399,9.155,1.005,1.091,-0.033,-0.0,0.0,0.0,-0.003,0.0,0.0,0.0,0.0,0.0,0.0
IMU,19540911.0,1,0.5894,-0.1714,0.9331,-7.08,17.7,45.96,-17.13,-35.46,65.93,26.0,,,,,,,,,,,,,,,,
IMU,19571370.0,2,0.5234,0.2935,0.8276,-28.87,-9.52,44.56,17.63,-32.33,21.93,27.6,,,,,,,,,,,,,,,,
EXO,19622527,,,,,,,,,,,,SAFE,-32.327,-9.521,1.022,1.091,-0.04,-0.0,0.0,0.0,0.005,0.0,0.0,0.0,0.0,0.0,0.0
IMU,19641107.0,1,0.5054,-0.2554,0.8345,-41.81,-1.34,45.65,-22.06,-33.21,70.85,26.1,,,,,,,,,,,,,,,,
IMU,19671274.0,2,0.5767,0.1909,0.8213,-26.18,-42.05,41.32,13.08,-35.96,26.09,27.8,,,,,,,,,,,,,,,,
EXO,19722724,,,,,,,,,,,,SAFE,-35.958,-42.053,1.022,1.091,0.07,-0.0,0.0,0.0,0.001,0.0,0.0,0.0,0.0,0.0,0.0
IMU,19741291.0,1,0.4614,-0.354,0.6899,-19.04,19.59,39.86,-28.36,-31.67,75.82,26.1,,,,,,,,,,,,,,,,
IMU,19771176.0,2,0.6074,0.0903,0.7793,-29.3,-1.34,37.6,8.12,-38.76,30.5,27.5,,,,,,,,,,,,,,,,
EXO,19822547,,,,,,,,,,,,SAFE,-38.76,-1.343,0.992,1.091,0.045,-0.0,0.0,0.0,0.013,0.0,0.0,0.0,0.0,0.0,0.0
IMU,19841486.0,1,0.5972,-0.5015,0.7041,-35.03,-26.25,53.04,-32.12,-28.69,79.61,26.0,,,,,,,,,,,,,,,,
IMU,19871164.0,2,0.6982,0.0571,0.6807,2.2,-68.91,50.35,3.16,-42.03,36.06,27.9,,,,,,,,,,,,,,,,
EXO,19922555,,,,,,,,,,,,SAFE,-42.028,-68.909,0.977,1.089,0.044,-0.0,0.0,0.0,-0.012,0.0,0.0,0.0,0.0,0.0,0.0
IMU,19941679.0,1,0.3281,-0.4644,0.4722,-31.92,-41.63,25.82,-40.89,-30.39,87.52,26.1,,,,,,,,,,,,,,,,
IMU,19970999.0,2,0.709,-0.0107,0.7593,-10.68,-51.51,36.32,0.15,-48.91,41.15,27.7,,,,,,,,,,,,,,,,
EXO,20022810,,,,,,,,,,,,SAFE,-48.911,-51.514,1.039,1.079,-0.14,-0.0,0.0,0.0,-0.025,0.0,0.0,0.0,0.0,0.0,0.0
IMU,20041866.0,1,0.4116,-0.6211,0.6826,-30.4,-14.04,39.61,-46.68,-29.26,92.66,26.0,,,,,,,,,,,,,,,,
IMU,20070921.0,2,0.7744,-0.1602,0.6836,-11.35,-37.78,41.44,-5.67,-52.4,47.97,27.6,,,,,,,,,,,,,,,,
EXO,20122904,,,,,,,,,,,,SAFE,-52.405,-37.781,1.045,1.05,-0.367,-0.0,0.0,0.0,0.064,0.0,0.0,0.0,0.0,0.0,0.0
IMU,20142046.0,1,0.4092,-0.7368,0.4897,-48.1,-21.3,23.07,-52.42,-28.19,96.33,26.0,,,,,,,,,,,,,,,,
IMU,20170841.0,2,0.8154,-0.1865,0.5532,-5.31,-50.23,42.85,-13.45,-56.36,55.91,27.6,,,,,,,,,,,,,,,,
EXO,20222907,,,,,,,,,,,,SAFE,-56.36,-50.232,1.003,0.975,-0.835,-0.0,0.0,0.0,0.04,0.0,0.0,0.0,0.0,0.0,0.0
IMU,20242237.0,1,0.4897,-0.7905,0.4336,-19.78,8.79,11.6,-57.19,-28.09,99.19,26.1,,,,,,,,,,,,,,,,
IMU,20270787.0,2,0.8599,-0.3042,0.5063,-22.09,10.86,64.64,-23.37,-56.79,66.03,27.8,,,,,,,,,,,,,,,,
EXO,20322722,,,,,,,,,,,,SAFE,-56.788,10.864,1.043,0.886,-0.492,-0.0,0.0,0.0,-0.063,0.0,0.0,0.0,0.0,0.0,0.0
IMU,20342430.0,1,0.4478,-0.7588,0.5195,0.0,27.65,9.4,-56.15,-25.29,96.87,26.2,,,,,,,,,,,,,,,,
IMU,20370780.0,2,0.7964,-0.3794,0.4512,-19.65,-2.81,57.43,-31.72,-51.8,73.1,27.9,,,,,,,,,,,,,,,,
EXO,20422563,,,,,,,,,,,,SAFE,-51.801,-2.808,0.991,0.832,-0.343,-0.0,0.0,0.0,-0.008,0.0,0.0,0.0,0.0,0.0,0.0
IMU,20442620.0,1,0.2632,-0.7549,0.5464,-39.67,-21.67,23.19,-59.32,-23.93,98.85,26.1,,,,,,,,,,,,,,,,
IMU,20470641.0,2,0.6919,-0.4385,0.4512,-22.95,-40.83,49.93,-41.17,-51.35,83.01,27.9,,,,,,,,,,,,,,,,
EXO,20522973,,,,,,,,,,,,SAFE,-51.35,-40.833,0.935,0.801,-0.688,-0.0,0.0,0.0,0.074,0.0,0.0,0.0,0.0,0.0,0.0
IMU,20542808.0,1,0.3022,-0.8921,0.4121,-29.36,-18.07,37.54,-64.0,-21.87,102.19,26.1,,,,,,,,,,,,,,,,
IMU,20570571.0,2,0.7476,-0.5391,0.4199,-17.7,-23.25,54.57,-49.84,-50.09,91.93,27.6,,,,,,,,,,,,,,,,
EXO,20623080,,,,,,,,,,,,SAFE,-50.087,-23.254,1.013,0.733,-0.785,-0.0,0.0,0.0,0.073,0.0,0.0,0.0,0.0,0.0,0.0
IMU,20643000.0,1,0.2856,-0.916,0.3691,-14.83,-21.18,13.0,-66.64,-20.64,103.96,26.0,,,,,,,,,,,,,,,,
IMU,20670481.0,2,0.6372,-0.6392,0.3213,-7.51,-22.4,53.16,-56.0,-47.3,98.61,27.5,,,,,,,,,,,,,,,,
EXO,20722985,,,,,,,,,,,,SAFE,-47.296,-22.4,0.958,0.64,-0.959,-0.0,0.0,0.0,0.064,0.0,0.0,0.0,0.0,0.0,0.0
IMU,20743194.0,1,0.3115,-0.8896,0.3042,-4.64,4.52,11.05,-67.69,-19.7,104.64,26.2,,,,,,,,,,,,,,,,
IMU,20770404.0,2,0.6313,-0.7026,0.355,-6.47,1.28,66.53,-60.16,-41.82,102.89,27.6,,,,,,,,,,,,,,,,
EXO,20822641,,,,,,,,,,,,SAFE,-41.825,1.282,1.009,0.523,-1.291,-0.0,0.0,0.0,0.095,0.0,0.0,0.0,0.0,0.0,0.0
IMU,20843381.0,1,0.2852,-0.8701,0.3311,-0.37,23.74,8.0,-67.64,-18.5,104.33,26.0,,,,,,,,,,,,,,,,
IMU,20870334.0,2,0.4941,-0.7822,0.3394,-20.69,33.81,75.38,-63.36,-34.74,105.64,27.8,,,,,,,,,,,,,,,,
EXO,20922779,,,,,,,,,,,,SAFE,-34.744,33.813,0.986,0.397,-1.178,-0.0,0.0,0.0,0.018,0.0,0.0,0.0,0.0,0.0,0.0
IMU,20943563.0,1,0.2056,-0.8896,0.3213,-13.31,22.71,1.83,-67.19,-16.67,100.89,26.0,,,,,,,,,,,,,,,,
IMU,20970252.0,2,0.3916,-0.8594,0.3555,-16.85,1.1,68.12,-65.99,-27.04,106.22,27.9,,,,,,,,,,,,,,,,
EXO,21022813,,,,,,,,,,,,SAFE,-27.043,1.099,1.009,0.313,-0.5,-0.0,0.0,0.0,-0.092,0.0,0.0,0.0,0.0,0.0,0.0
IMU,21043738.0,1,0.2144,-0.9048,0.3145,-8.54,-7.26,-6.23,-68.6,-16.85,101.49,26.1,,,,,,,,,,,,,,,,
IMU,21070179.0,2,0.2734,-0.8892,0.3286,-16.3,11.72,34.24,-68.63,-23.32,108.86,27.7,,,,,,,,,,,,,,,,
EXO,21122874,,,,,,,,,,,,SAFE,-23.318,11.719,0.987,0.305,0.023,-0.0,0.0,0.0,0.003,0.0,0.0,0.0,0.0,0.0,0.0
IMU,21143939.0,1,0.2651,-0.9258,0.2988,-8.3,33.69,33.2,-69.42,-14.28,100.39,26.0,,,,,,,,,,,,,,,,
IMU,21170097.0,2,0.2505,-0.9326,0.4541,-9.58,52.43,37.6,-69.73,-19.14,107.31,27.8,,,,,,,,,,,,,,,,
EXO,21222821,,,,,,,,,,,,SAFE,-19.138,52.429,1.067,0.305,-0.077,-0.0,0.0,0.0,-0.011,0.0,0.0,0.0,0.0,0.0,0.0
IMU,21244108.0,1,0.1333,-0.9077,0.3018,8.73,96.5,34.73,-68.06,-8.56,95.31,26.0,,,,,,,,,,,,,,,,
IMU,21269992.0,2,0.186,-1.0137,0.2993,-14.4,126.28,30.09,-68.39,-12.61,100.3,27.6,,,,,,,,,,,,,,,,
EXO,21322712,,,,,,,,,,,,SAFE,-12.607,126.282,1.073,0.305,-0.006,-0.0,0.0,0.0,0.018,0.0,0.0,0.0,0.0,0.0,0.0
IMU,21344325.0,1,0.0186,-0.9136,0.3237,-10.99,-7.32,-9.64,-67.55,-4.5,88.6,26.1,,,,,,,,,,,,,,,,
IMU,21369905.0,2,0.1787,-0.8779,0.4424,18.43,-23.38,-18.62,-68.49,-11.05,96.32,27.8,,,,,,,,,,,,,,,,
EXO,21422807,,,,,,,,,,,,SAFE,-11.052,-23.376,0.999,0.306,0.053,-0.0,0.0,0.0,-0.003,0.0,0.0,0.0,0.0,0.0,0.0
IMU,21444499.0,1,0.1133,-0.9624,0.3174,13.06,-37.78,-2.62,-67.4,-6.76,90.85,26.1,,,,,,,,,,,,,,,,
IMU,21469810.0,2,0.1362,-0.9316,0.2656,7.63,-25.51,1.46,-67.84,-13.0,98.61,27.7,,,,,,,,,,,,,,,,
EXO,21522541,,,,,,,,,,,,SAFE,-13.002,-25.513,0.978,0.308,-0.091,-0.0,0.0,0.0,0.006,0.0,0.0,0.0,0.0,0.0,0.0
IMU,21544706.0,1,0.1616,-0.8862,0.3057,15.2,24.84,6.65,-67.02,-6.46,91.99,26.0,,,,,,,,,,,,,,,,
IMU,21569735.0,2,0.1436,-0.9185,0.3105,6.53,34.3,11.41,-67.53,-12.01,97.81,27.7,,,,,,,,,,,,,,,,
EXO,21622361,,,,,,,,,,,,SAFE,-12.008,34.302,0.98,0.308,-0.01,-0.0,0.0,0.0,-0.003,0.0,0.0,0.0,0.0,0.0,0.0
IMU,21644888.0,1,-0.0674,-0.9258,0.3911,8.36,13.24,-10.01,-65.89,-5.09,89.74,26.0,,,,,,,,,,,,,,,,
IMU,21669647.0,2,0.106,-0.8828,0.3472,1.22,-10.8,-10.86,-66.99,-11.22,95.98,27.7,,,,,,,,,,,,,,,,
EXO,21722712,,,,,,,,,,,,SAFE,-11.217,-10.803,0.955,0.308,-0.037,-0.0,0.0,0.0,-0.009,0.0,0.0,0.0,0.0,0.0,0.0
IMU,21745083.0,1,0.0977,-0.855,0.4282,-3.23,-9.22,-21.06,-64.91,-7.02,90.9,26.0,,,,,,,,,,,,,,,,
IMU,21769585.0,2,0.1431,-0.8643,0.4004,6.59,25.09,-17.94,-66.65,-13.08,96.26,27.6,,,,,,,,,,,,,,,,
EXO,21822619,,,,,,,,,,,,SAFE,-13.085,25.085,0.963,0.308,0.003,-0.0,0.0,0.0,0.006,0.0,0.0,0.0,0.0,0.0,0.0
IMU,21845295.0,1,0.228,-0.9116,0.4219,17.58,10.99,5.55,-63.63,-6.66,87.77,26.1,,,,,,,,,,,,,,,,
IMU,21869543.0,2,0.2388,-0.9321,0.3096,8.18,-6.04,9.09,-65.39,-11.99,93.45,27.7,,,,,,,,,,,,,,,,
EXO,21922277,,,,,,,,,,,,SAFE,-11.992,-6.042,1.011,0.307,0.01,-0.0,0.0,0.0,-0.003,0.0,0.0,0.0,0.0,0.0,0.0
IMU,21945460.0,1,0.2085,-0.9429,0.4302,8.85,-24.84,7.87,-63.46,-6.75,89.54,26.0,,,,,,,,,,,,,,,,
IMU,21969396.0,2,0.2378,-0.9453,0.3442,3.17,-9.77,9.52,-65.48,-12.04,95.35,27.7,,,,,,,,,,,,,,,,
EXO,22022275,,,,,,,,,,,,SAFE,-12.036,-9.766,1.034,0.307,-0.088,-0.0,0.0,0.0,-0.006,0.0,0.0,0.0,0.0,0.0,0.0
IMU,22045652.0,1,0.209,-0.9082,0.4243,14.77,29.17,-1.16,-62.97,-5.99,89.28,26.0,,,,,,,,,,,,,,,,
IMU,22069318.0,2,0.0845,-0.8364,0.4194,14.95,45.47,14.1,-64.29,-10.12,93.93,27.8,,,,,,,,,,,,,,,,
EXO,22122547,,,,,,,,,,,,SAFE,-10.118,45.471,0.94,0.307,0.015,-0.0,0.0,0.0,-0.0,0.0,0.0,0.0,0.0,0.0,0.0
IMU,22145830.0,1,-0.0547,-0.8989,0.5059,-0.67,-10.62,21.97,-62.82,-3.75,88.32,26.1,,,,,,,,,,,,,,,,
IMU,22169236.0,2,0.0889,-0.9463,0.4458,-1.83,9.4,15.81,-64.19,-7.97,93.75,27.7,,,,,,,,,,,,,,,,
EXO,22222547,,,,,,,,,,,,SAFE,-7.971,9.399,1.05,0.307,0.123,-0.0,0.0,0.0,-0.014,0.0,0.0,0.0,0.0,0.0,0.0
IMU,22246009.0,1,0.02,-0.9316,0.5303,-12.02,-28.75,4.82,-62.94,-2.78,88.57,26.1,,,,,,,,,,,,,,,,
IMU,22269148.0,2,0.0327,-0.8818,0.4312,-10.13,-20.14,-11.72,-64.45,-7.88,94.19,27.6,,,,,,,,,,,,,,,,
EXO,22322803,,,,,,,,,,,,SAFE,-7.877,-20.142,0.982,0.334,0.632,-0.0,0.0,0.0,-0.001,0.0,0.0,0.0,0.0,0.0,0.0
IMU,22346209.0,1,0.0864,-0.8965,0.3843,-19.78,-3.05,11.78,-64.31,-2.64,89.59,26.0,,,,,,,,,,,,,,,,
IMU,22369058.0,2,0.1416,-0.9434,0.3589,-9.28,-16.78,-18.43,-66.06,-8.96,94.59,27.8,,,,,,,,,,,,,,,,
EXO,22422716,,,,,,,,,,,,SAFE,-8.959,-16.785,1.019,0.42,1.125,-0.0,0.0,0.0,-0.079,0.0,0.0,0.0,0.0,0.0,0.0
IMU,22446382.0,1,0.0176,-0.8916,0.3604,-22.03,-20.2,17.21,-66.45,-2.36,92.56,26.0,,,,,,,,,,,,,,,,
IMU,22468964.0,2,0.2539,-0.8789,0.3447,-18.43,-28.02,-49.87,-68.04,-13.4,96.09,27.8,,,,,,,,,,,,,,,,
EXO,22522980,,,,,,,,,,,,SAFE,-13.403,-28.015,0.978,0.569,1.744,-0.0,0.0,0.0,-0.029,0.0,0.0,0.0,0.0,0.0,0.0
IMU,22546574.0,1,0.0283,-0.9092,0.3037,-40.83,-39.79,18.74,-69.52,-1.74,96.11,26.0,,,,,,,,,,,,,,,,
IMU,22568903.0,2,0.355,-0.8838,0.2812,-18.74,-53.77,-79.35,-70.7,-21.08,97.93,27.8,,,,,,,,,,,,,,,,
EXO,22622982,,,,,,,,,,,,SAFE,-21.077,-53.772,0.993,0.758,1.946,-0.0,0.0,0.0,0.061,0.0,0.0,0.0,0.0,0.0,0.0
IMU,22646765.0,1,0.0063,-0.9575,0.2749,-35.03,-16.42,31.8,-73.7,-0.4,100.07,26.2,,,,,,,,,,,,,,,,
IMU,22668818.0,2,0.4312,-0.8765,0.2607,-20.32,-22.52,-79.41,-73.2,-29.7,99.54,27.7,,,,,,,,,,,,,,,,
EXO,22723134,,,,,,,,,,,,SAFE,-29.696,-22.522,1.011,0.941,1.553,-0.0,0.0,0.0,0.071,0.0,0.0,0.0,0.0,0.0,0.0
IMU,22746927.0,1,-0.1274,-1.0288,0.2334,-23.44,-16.78,39.55,-76.45,2.99,101.26,25.9,,,,,,,,,,,,,,,,
IMU,22768739.0,2,0.5596,-0.8462,0.2134,-2.44,-26.67,-52.67,-74.53,-36.16,99.7,27.9,,,,,,,,,,,,,,,,
EXO,22822991,,,,,,,,,,,,SAFE,-36.161,-26.672,1.037,1.036,-0.057,-0.0,0.0,0.0,0.168,0.0,0.0,0.0,0.0,0.0,0.0
IMU,22847116.0,1,-0.1572,-1.0225,0.2173,-0.85,-7.93,26.12,-77.48,6.03,103.0,26.1,,,,,,,,,,,,,,,,
IMU,22868659.0,2,0.5542,-0.7046,0.21,3.17,-6.41,9.09,-74.6,-38.22,100.05,27.6,,,,,,,,,,,,,,,,
EXO,22922513,,,,,,,,,,,,SAFE,-38.216,-6.409,0.921,1.0,-0.585,-0.0,0.0,0.0,0.011,0.0,0.0,0.0,0.0,0.0,0.0
IMU,22947289.0,1,-0.105,-0.9795,0.1899,8.67,4.76,0.24,-76.96,6.97,103.29,26.0,,,,,,,,,,,,,,,,
IMU,22968578.0,2,0.5967,-0.7534,0.207,2.99,8.0,33.02,-74.36,-35.22,99.86,27.6,,,,,,,,,,,,,,,,
EXO,23022178,,,,,,,,,,,,SAFE,-35.217,7.996,0.983,0.905,-1.211,-0.0,0.0,0.0,0.001,0.0,0.0,0.0,0.0,0.0,0.0
IMU,23047484.0,1,-0.1128,-0.9771,0.2354,5.43,2.87,-7.08,-76.54,6.68,103.45,26.0,,,,,,,,,,,,,,,,
IMU,23068477.0,2,0.5835,-0.8384,0.2002,-1.71,6.16,60.0,-74.71,-30.51,100.98,27.7,,,,,,,,,,,,,,,,
EXO,23122449,,,,,,,,,,,,SAFE,-30.515,6.165,1.041,0.754,-1.695,-0.0,0.0,0.0,0.12,0.0,0.0,0.0,0.0,0.0,0.0
IMU,23147677.0,1,-0.0796,-0.9766,0.2324,9.64,9.34,-17.03,-75.86,5.48,102.4,25.9,,,,,,,,,,,,,,,,
IMU,23168397.0,2,0.4209,-0.8936,0.1597,-3.91,12.63,78.19,-75.25,-23.69,101.37,27.7,,,,,,,,,,,,,,,,
EXO,23222640,,,,,,,,,,,,SAFE,-23.687,12.634,1.001,0.581,-1.595,-0.0,0.0,0.0,0.003,0.0,0.0,0.0,0.0,0.0,0.0
IMU,23247849.0,1,-0.0713,-0.9712,0.2593,-8.18,-20.94,-18.62,-75.99,3.81,102.19,26.0,,,,,,,,,,,,,,,,
IMU,23268314.0,2,0.3237,-0.9517,0.0874,-8.3,-28.93,73.06,-76.59,-16.56,104.4,27.7,,,,,,,,,,,,,,,,
EXO,23322978,,,,,,,,,,,,SAFE,-16.562,-28.931,1.009,0.432,-1.241,-0.0,0.0,0.0,-0.148,0.0,0.0,0.0,0.0,0.0,0.0
IMU,23348054.0,1,-0.0474,-0.9097,0.1743,-30.94,-18.07,-20.2,-78.19,1.52,104.39,26.0,,,,,,,,,,,,,,,,
IMU,23368228.0,2,0.2197,-0.9199,0.1108,-29.79,-6.53,45.41,-79.78,-11.32,108.77,27.6,,,,,,,,,,,,,,,,
EXO,23423081,,,,,,,,,,,,SAFE,-11.316,-6.531,0.952,0.35,-0.273,-0.0,0.0,0.0,-0.029,0.0,0.0,0.0,0.0,0.0,0.0
IMU,23448234.0,1,-0.0098,-0.9404,0.1426,-25.82,24.17,-23.68,-81.21,-0.58,102.96,26.1,,,,,,,,,,,,,,,,
IMU,23468119.0,2,0.0825,-0.958,0.1797,-28.38,19.47,-5.86,-83.27,-9.61,107.86,27.7,,,,,,,,,,,,,,,,
EXO,23522982,,,,,,,,,,,,SAFE,-9.608,19.47,0.978,0.345,0.075,-0.0,0.0,0.0,-0.039,0.0,0.0,0.0,0.0,0.0,0.0
IMU,23548405.0,1,0.0073,-1.0195,0.1206,-6.41,-0.24,-5.31,-82.51,-1.63,101.28,26.1,,,,,,,,,,,,,,,,
IMU,23568025.0,2,0.1826,-1.0132,0.0674,-5.37,-7.57,-7.45,-84.28,-10.39,106.92,27.7,,,,,,,,,,,,,,,,
EXO,23622705,,,,,,,,,,,,SAFE,-10.393,-7.568,1.032,0.345,0.033,-0.0,0.0,0.0,-0.022,0.0,0.0,0.0,0.0,0.0,0.0
IMU,23648600.0,1,0.0127,-0.9956,0.1069,-2.01,-1.46,-0.92,-82.91,-1.91,101.33,25.9,,,,,,,,,,,,,,,,
IMU,23667934.0,2,0.124,-0.9775,0.083,-0.85,-1.89,0.12,-84.57,-10.59,106.86,27.8,,,,,,,,,,,,,,,,
EXO,23722652,,,,,,,,,,,,SAFE,-10.591,-1.892,0.989,0.346,0.053,-0.0,0.0,0.0,-0.015,0.0,0.0,0.0,0.0,0.0,0.0
IMU,23748779.0,1,0.0576,-0.9849,0.1206,2.69,-12.15,8.42,-83.07,-1.56,101.92,25.9,,,,,,,,,,,,,,,,
IMU,23767837.0,2,0.1777,-0.9663,0.0913,3.85,-11.66,7.14,-84.63,-10.12,107.63,27.7,,,,,,,,,,,,,,,,
EXO,23822532,,,,,,,,,,,,SAFE,-10.118,-11.658,0.987,0.346,0.076,-0.0,0.0,0.0,-0.019,0.0,0.0,0.0,0.0,0.0,0.0
IMU,23848989.0,1,0.0024,-0.9951,0.103,-1.71,4.21,4.82,-83.03,-0.88,102.3,26.0,,,,,,,,,,,,,,,,
IMU,23867755.0,2,0.1255,-0.9966,0.0635,-2.08,2.32,4.88,-84.78,-9.39,107.63,27.9,,,,,,,,,,,,,,,,
EXO,23922312,,,,,,,,,,,,SAFE,-9.388,2.319,1.006,0.346,-0.032,-0.0,0.0,0.0,-0.003,0.0,0.0,0.0,0.0,0.0,0.0
IMU,23949163.0,1,-0.0166,-1.0107,0.0762,-3.72,2.5,7.08,-83.36,-0.28,102.29,25.9,,,,,,,,,,,,,,,,
IMU,23967659.0,2,0.1138,-1.0059,0.0708,-0.61,6.04,6.71,-85.12,-8.7,107.56,27.8,,,,,,,,,,,,,,,,
EXO,24022363,,,,,,,,,,,,SAFE,-8.696,6.042,1.015,0.346,-0.054,-0.0,0.0,0.0,-0.017,0.0,0.0,0.0,0.0,0.0,0.0
IMU,24049337.0,1,-0.0283,-0.9863,0.0928,6.35,2.5,5.86,-83.14,0.37,101.78,26.1,,,,,,,,,,,,,,,,
IMU,24067579.0,2,0.1011,-0.98,0.041,5.13,0.79,6.65,-84.8,-7.95,106.96,27.7,,,,,,,,,,,,,,,,
EXO,24122097,,,,,,,,,,,,SAFE,-7.949,0.793,0.986,0.347,0.152,-0.0,0.0,0.0,-0.029,0.0,0.0,0.0,0.0,0.0,0.0
IMU,24149575.0,1,-0.0259,-0.9775,0.1382,-1.53,-5.19,3.66,-82.89,0.9,102.19,26.0,,,,,,,,,,,,,,,,
IMU,24167482.0,2,0.1255,-0.9717,0.0605,-3.54,-1.46,1.83,-84.71,-7.45,107.32,27.7,,,,,,,,,,,,,,,,
EXO,24222467,,,,,,,,,,,,SAFE,-7.454,-1.465,0.982,0.346,0.046,-0.0,0.0,0.0,0.007,0.0,0.0,0.0,0.0,0.0,0.0
IMU,24249703.0,1,-0.0229,-0.9902,0.1221,-5.0,6.23,-4.39,-83.42,0.9,101.72,26.1,,,,,,,,,,,,,,,,
IMU,24267395.0,2,0.1025,-0.9941,0.0825,-5.74,4.58,-3.72,-85.4,-7.6,106.71,27.8,,,,,,,,,,,,,,,,
EXO,24322442,,,,,,,,,,,,SAFE,-7.603,4.578,1.003,0.346,-0.096,-0.0,0.0,0.0,-0.001,0.0,0.0,0.0,0.0,0.0,0.0
IMU,24349890.0,1,-0.0112,-1.001,0.0991,0.67,7.75,-0.98,-83.74,0.75,101.12,26.1,,,,,,,,,,,,,,,,
IMU,24367311.0,2,0.1372,-0.9966,0.061,-1.22,10.07,-1.16,-85.66,-7.66,106.04,27.7,,,,,,,,,,,,,,,,
EXO,24422464,,,,,,,,,,,,SAFE,-7.663,10.071,1.008,0.346,-0.05,-0.0,0.0,0.0,-0.027,0.0,0.0,0.0,0.0,0.0,0.0
IMU,24450057.0,1,-0.0244,-0.998,0.1123,1.83,7.63,-5.37,-83.57,0.55,99.85,26.1,,,,,,,,,,,,,,,,
IMU,24467223.0,2,0.1006,-0.9932,0.0415,-0.92,0.79,-4.46,-85.52,-7.88,104.78,27.8,,,,,,,,,,,,,,,,
EXO,24522258,,,,,,,,,,,,SAFE,-7.877,0.793,0.999,0.346,-0.057,-0.0,0.0,0.0,0.001,0.0,0.0,0.0,0.0,0.0,0.0
IMU,24550233.0,1,-0.0088,-1.0039,0.0859,-4.76,-1.77,-0.55,-83.8,0.3,100.06,26.0,,,,,,,,,,,,,,,,
IMU,24567147.0,2,0.1289,-0.999,0.0645,-2.2,-0.18,-0.85,-85.85,-8.05,105.07,27.7,,,,,,,,,,,,,,,,
EXO,24622616,,,,,,,,,,,,SAFE,-8.053,-0.183,1.009,0.346,-0.028,-0.0,0.0,0.0,-0.011,0.0,0.0,0.0,0.0,0.0,0.0
IMU,24650410.0,1,-0.002,-0.9971,0.0884,3.85,0.0,-1.22,-83.92,0.21,100.0,26.0,,,,,,,,,,,,,,,,
IMU,24667064.0,2,0.1216,-0.9907,0.0596,3.72,-0.61,-0.92,-85.86,-8.11,104.96,27.7,,,,,,,,,,,,,,,,
EXO,24722379,,,,,,,,,,,,SAFE,-8.113,-0.61,1.0,0.347,0.147,-0.0,0.0,0.0,0.004,0.0,0.0,0.0,0.0,0.0,0.0
IMU,24750617.0,1,-0.0107,-0.9922,0.0903,2.99,-0.67,-2.14,-83.61,0.14,100.05,26.0,,,,,,,,,,,,,,,,
IMU,24766982.0,2,0.1401,-0.9839,0.0317,1.59,0.73,-2.87,-85.55,-8.16,104.87,27.7,,,,,,,,,,,,,,,,
EXO,24822360,,,,,,,,,,,,SAFE,-8.157,0.732,0.994,0.346,0.05,-0.0,0.0,0.0,0.005,0.0,0.0,0.0,0.0,0.0,0.0
IMU,24850803.0,1,0.0103,-0.9854,0.0913,-0.61,-4.39,-6.59,-83.62,-0.31,100.03,26.0,,,,,,,,,,,,,,,,
IMU,24866895.0,2,0.1606,-0.9761,0.0483,-0.49,-7.26,-7.75,-85.61,-8.7,104.87,27.9,,,,,,,,,,,,,,,,
EXO,24922601,,,,,,,,,,,,SAFE,-8.701,-7.263,0.99,0.347,0.036,-0.0,0.0,0.0,-0.005,0.0,0.0,0.0,0.0,0.0,0.0
IMU,24950975.0,1,0.0137,-1.0103,0.1055,-3.78,-3.17,-4.88,-83.99,-0.97,100.56,26.0,,,,,,,,,,,,,,,,
IMU,24966806.0,2,0.1333,-1.0059,0.0718,-3.85,-5.25,-4.03,-85.96,-9.31,105.36,27.7,,,,,,,,,,,,,,,,
EXO,25022611,,,,,,,,,,,,SAFE,-9.305,-5.249,1.017,0.346,0.092,-0.0,0.0,0.0,-0.014,0.0,0.0,0.0,0.0,0.0,0.0
IMU,25051164.0,1,0.0059,-1.0386,0.0723,2.01,-7.87,1.71,-84.19,-1.14,101.19,26.0,,,,,,,,,,,,,,,,
IMU,25066718.0,2,0.1362,-1.0308,0.0796,5.92,-10.19,2.44,-86.03,-9.3,106.05,27.8,,,,,,,,,,,,,,,,
EXO,25122336,,,,,,,,,,,,SAFE,-9.3,-10.193,1.043,0.346,-0.026,-0.0,0.0,0.0,-0.024,0.0,0.0,0.0,0.0,0.0,0.0
IMU,25151337.0,1,0.0,-1.0186,0.1221,8.3,-14.53,2.32,-83.63,-0.99,102.78,26.1,,,,,,,,,,,,,,,,
IMU,25166641.0,2,0.1357,-1.0059,0.0674,9.16,-9.4,2.38,-85.24,-9.06,107.52,27.7,,,,,,,,,,,,,,,,
EXO,25222371,,,,,,,,,,,,SAFE,-9.058,-9.399,1.017,0.346,-0.077,-0.0,0.0,0.0,-0.012,0.0,0.0,0.0,0.0,0.0,0.0
IMU,25251546.0,1,0.0005,-1.022,0.127,-2.26,-9.03,2.26,-83.31,-0.84,103.96,26.1,,,,,,,,,,,,,,,,
IMU,25266553.0,2,0.1533,-1.0,0.0488,-3.36,-7.51,0.85,-85.07,-8.86,108.54,27.7,,,,,,,,,,,,,,,,
EXO,25322423,,,,,,,,,,,,SAFE,-8.86,-7.507,1.013,0.346,0.028,-0.0,0.0,0.0,0.001,0.0,0.0,0.0,0.0,0.0,0.0
IMU,25351740.0,1,0.0181,-1.0034,0.0903,-5.74,-1.95,5.68,-83.94,-0.61,104.45,26.0,,,,,,,,,,,,,,,,
IMU,25366454.0,2,0.1475,-0.999,0.0679,-5.19,-4.27,5.92,-85.85,-8.57,109.04,27.8,,,,,,,,,,,,,,,,
EXO,25422479,,,,,,,,,,,,SAFE,-8.575,-4.272,1.012,0.346,-0.04,-0.0,0.0,0.0,-0.014,0.0,0.0,0.0,0.0,0.0,0.0
IMU,25451914.0,1,0.0107,-0.9834,0.0986,-1.34,-11.54,3.17,-84.34,-0.23,105.31,26.0,,,,,,,,,,,,,,,,
IMU,25466369.0,2,0.1538,-0.9712,0.0703,0.79,-11.54,1.89,-86.21,-8.25,110.06,27.7,,,,,,,,,,,,,,,,
EXO,25522531,,,,,,,,,,,,SAFE,-8.245,-11.536,0.986,0.346,0.058,-0.0,0.0,0.0,0.002,0.0,0.0,0.0,0.0,0.0,0.0
IMU,25552109.0,1,-0.0132,-0.9404,0.1255,-5.25,-11.78,0.85,-84.61,-0.23,106.58,26.1,,,,,,,,,,,,,,,,
IMU,25566283.0,2,0.1387,-0.9404,0.0757,-3.72,-11.41,-1.04,-86.53,-8.31,111.35,27.8,,,,,,,,,,,,,,,,
EXO,25622784,,,,,,,,,,,,SAFE,-8.306,-11.414,0.954,0.346,-0.033,-0.0,0.0,0.0,0.011,0.0,0.0,0.0,0.0,0.0,0.0
IMU,25652279.0,1,-0.0117,-0.9556,0.0801,-0.98,-14.34,-9.09,-84.98,-0.68,107.47,26.1,,,,,,,,,,,,,,,,
IMU,25666202.0,2,0.1353,-0.9531,0.0732,3.85,-16.42,-11.11,-86.83,-8.94,112.35,27.7,,,,,,,,,,,,,,,,
EXO,25722888,,,,,,,,,,,,SAFE,-8.937,-16.418,0.965,0.346,-0.065,-0.0,0.0,0.0,-0.037,0.0,0.0,0.0,0.0,0.0,0.0
IMU,25752483.0,1,0.0073,-0.9863,0.0737,7.08,-20.45,-16.11,-84.65,-1.98,108.93,26.2,,,,,,,,,,,,,,,,
IMU,25766123.0,2,0.1299,-0.978,0.0859,13.37,-21.67,-16.24,-86.22,-10.35,113.77,27.7,,,,,,,,,,,,,,,,
EXO,25822965,,,,,,,,,,,,SAFE,-10.349,-21.667,0.99,0.346,0.092,-0.0,0.0,0.0,0.023,0.0,0.0,0.0,0.0,0.0,0.0
IMU,25852685.0,1,0.0669,-0.9814,0.0088,11.47,-17.21,-2.81,-83.61,-3.15,111.23,26.1,,,,,,,,,,,,,,,,
IMU,25866048.0,2,0.1738,-0.981,-0.0332,16.54,-10.86,-0.92,-84.98,-11.22,115.75,27.7,,,,,,,,,,,,,,,,
EXO,25923026,,,,,,,,,,,,SAFE,-11.223,-10.864,0.997,0.347,0.062,-0.0,0.0,0.0,-0.015,0.0,0.0,0.0,0.0,0.0,0.0
IMU,25952844.0,1,0.0845,-0.9858,0.0947,-0.18,-20.69,-7.51,-83.37,-3.65,113.02,26.0,,,,,,,,,,,,,,,,
IMU,25965961.0,2,0.2197,-0.9609,0.0591,3.72,-19.59,-8.36,-84.84,-11.8,117.48,27.9,,,,,,,,,,,,,,,,
EXO,26022782,,,,,,,,,,,,SAFE,-11.799,-19.592,0.988,0.346,-0.052,-0.0,0.0,0.0,-0.045,0.0,0.0,0.0,0.0,0.0,0.0
IMU,26053024.0,1,0.1045,-0.9907,0.1206,-3.3,-22.46,-0.31,-83.83,-4.35,115.14,26.0,,,,,,,,,,,,,,,,
IMU,26065866.0,2,0.2305,-0.9741,0.0967,1.16,-23.25,-0.85,-85.25,-12.39,119.66,27.7,,,,,,,,,,,,,,,,
EXO,26122790,,,,,,,,,,,,SAFE,-12.393,-23.254,1.006,0.346,0.08,-0.0,0.0,0.0,0.025,0.0,0.0,0.0,0.0,0.0,0.0
IMU,26153211.0,1,0.1201,-1.0166,0.083,-0.85,-9.4,0.18,-84.13,-4.56,117.05,26.0,,,,,,,,,,,,,,,,
IMU,26165792.0,2,0.2148,-1.0088,0.0625,0.92,-6.59,1.71,-85.64,-12.56,121.43,27.8,,,,,,,,,,,,,,,,
EXO,26222445,,,,,,,,,,,,SAFE,-12.557,-6.592,1.033,0.346,0.101,-0.0,0.0,0.0,-0.044,0.0,0.0,0.0,0.0,0.0,0.0
IMU,26253393.0,1,0.0674,-1.0103,0.1357,3.05,-3.72,0.79,-84.05,-4.44,117.55,25.9,,,,,,,,,,,,,,,,
IMU,26265705.0,2,0.2207,-0.9873,0.0913,3.3,-0.61,0.12,-85.43,-12.35,121.79,27.7,,,,,,,,,,,,,,,,
EXO,26322342,,,,,,,,,,,,SAFE,-12.349,-0.61,1.016,0.346,0.002,-0.0,0.0,0.0,0.014,0.0,0.0,0.0,0.0,0.0,0.0
IMU,26353600.0,1,0.1177,-0.9648,0.0913,4.52,1.65,2.08,-83.66,-4.41,117.44,26.1,,,,,,,,,,,,,,,,
IMU,26365628.0,2,0.231,-0.9565,0.0986,7.57,2.32,2.69,-85.04,-12.25,121.57,27.8,,,,,,,,,,,,,,,,
EXO,26422196,,,,,,,,,,,,SAFE,-12.25,2.319,0.989,0.346,-0.019,-0.0,0.0,0.0,0.005,0.0,0.0,0.0,0.0,0.0,0.0
IMU,26453755.0,1,0.0996,-0.978,0.1265,3.23,7.51,-0.06,-83.01,-4.18,116.87,26.1,,,,,,,,,,,,,,,,
IMU,26465546.0,2,0.2603,-0.9644,0.0684,0.18,6.77,-0.92,-84.52,-12.0,120.83,27.8,,,,,,,,,,,,,,,,
EXO,26522366,,,,,,,,,,,,SAFE,-11.997,6.775,1.001,0.346,-0.023,-0.0,0.0,0.0,0.001,0.0,0.0,0.0,0.0,0.0,0.0
IMU,26553957.0,1,0.0566,-1.0083,0.125,-2.01,10.74,1.1,-82.92,-4.41,116.07,26.0,,,,,,,,,,,,,,,,
IMU,26565453.0,2,0.229,-1.0103,0.0791,-3.11,11.23,7.26,-84.56,-11.84,119.98,27.6,,,,,,,,,,,,,,,,
EXO,26622541,,,,,,,,,,,,SAFE,-11.843,11.23,1.039,0.346,0.107,-0.0,0.0,0.0,0.005,0.0,0.0,0.0,0.0,0.0,0.0
IMU,26654148.0,1,0.063,-0.9805,0.1392,1.95,-3.3,10.93,-82.95,-3.63,116.25,26.0,,,,,,,,,,,,,,,,
IMU,26665374.0,2,0.1763,-0.9653,0.1299,4.7,-0.98,12.45,-84.56,-10.91,120.32,27.8,,,,,,,,,,,,,,,,
EXO,26722542,,,,,,,,,,,,SAFE,-10.909,-0.977,0.99,0.332,-0.128,-0.0,0.0,0.0,-0.027,0.0,0.0,0.0,0.0,0.0,0.0
IMU,26754337.0,1,0.0376,-0.9683,0.126,-0.73,-9.34,2.99,-82.6,-2.6,116.3,25.9,,,,,,,,,,,,,,,,
IMU,26765292.0,2,0.2056,-0.9814,0.0171,-5.0,-2.56,15.38,-84.55,-9.16,120.43,27.7,,,,,,,,,,,,,,,,
EXO,26822528,,,,,,,,,,,,SAFE,-9.157,-2.563,1.003,0.325,0.026,-0.0,0.0,0.0,-0.001,0.0,0.0,0.0,0.0,0.0,0.0
IMU,26854544.0,1,0.0552,-0.9971,0.103,-1.95,-0.37,-2.44,-82.97,-2.57,115.99,26.0,,,,,,,,,,,,,,,,
IMU,26865213.0,2,0.1572,-0.9844,0.0615,-6.47,0.18,-2.38,-85.17,-8.76,120.21,27.7,,,,,,,,,,,,,,,,
EXO,26922538,,,,,,,,,,,,SAFE,-8.762,0.183,0.999,0.319,-0.421,-0.0,0.0,0.0,0.087,0.0,0.0,0.0,0.0,0.0,0.0
IMU,26954713.0,1,0.0332,-0.9814,0.1245,-0.49,5.43,0.43,-83.25,-2.7,115.13,26.1,,,,,,,,,,,,,,,,
IMU,26965121.0,2,0.1011,-0.9648,0.1157,-3.78,-2.14,11.72,-85.53,-8.64,119.33,27.7,,,,,,,,,,,,,,,,
EXO,27022427,,,,,,,,,,,,SAFE,-8.635,-2.136,0.977,0.247,-1.143,-0.0,0.0,0.0,0.014,0.0,0.0,0.0,0.0,0.0,0.0
IMU,27054883.0,1,0.0518,-0.9897,0.1143,5.25,-5.0,-16.48,-83.2,-3.59,115.71,26.0,,,,,,,,,,,,,,,,
IMU,27065039.0,2,0.1118,-1.0005,0.1348,7.02,4.46,39.0,-85.27,-5.91,120.26,27.6,,,,,,,,,,,,,,,,
EXO,27122442,,,,,,,,,,,,SAFE,-5.905,4.456,1.016,0.166,-0.547,-0.0,0.0,0.0,-0.028,0.0,0.0,0.0,0.0,0.0,0.0
IMU,27155081.0,1,0.0698,-0.958,0.1187,-2.56,13.0,-12.27,-82.41,-4.97,114.28,26.0,,,,,,,,,,,,,,,,
IMU,27164945.0,2,0.0483,-0.9653,0.0654,6.04,6.65,20.57,-84.8,-2.7,119.04,27.8,,,,,,,,,,,,,,,,
EXO,27222549,,,,,,,,,,,,SAFE,-2.697,6.653,0.969,0.157,0.06,-0.0,0.0,0.0,0.008,0.0,0.0,0.0,0.0,0.0,0.0
IMU,27255262.0,1,0.0801,-0.9932,0.0972,-2.93,-2.08,0.67,-82.63,-5.39,114.2,26.0,,,,,,,,,,,,,,,,
IMU,27264851.0,2,-0.0259,-0.9976,0.0464,-2.32,0.37,-8.97,-85.06,-2.8,119.03,27.6,,,,,,,,,,,,,,,,
EXO,27322513,,,,,,,,,,,,SAFE,-2.796,0.366,0.999,0.157,0.023,-0.0,0.0,0.0,-0.001,0.0,0.0,0.0,0.0,0.0,0.0
IMU,27355452.0,1,0.126,-0.9941,0.1401,-1.22,-3.3,-4.7,-82.92,-5.78,114.3,26.0,,,,,,,,,,,,,,,,
IMU,27364768.0,2,0.0444,-1.0073,0.1245,0.61,-4.7,-4.46,-85.22,-3.33,119.06,27.8,,,,,,,,,,,,,,,,
EXO,27422547,,,,,,,,,,,,SAFE,-3.334,-4.7,1.016,0.157,0.029,-0.0,0.0,0.0,-0.0,0.0,0.0,0.0,0.0,0.0,0.0
IMU,27455628.0,1,0.0796,-1.0029,0.1426,0.85,7.08,-1.59,-82.83,-6.0,114.24,26.1,,,,,,,,,,,,,,,,
IMU,27464685.0,2,0.0581,-1.002,0.1152,1.77,6.53,-2.08,-85.02,-3.47,118.88,27.6,,,,,,,,,,,,,,,,
EXO,27522278,,,,,,,,,,,,SAFE,-3.472,6.531,1.01,0.157,0.142,-0.0,0.0,0.0,0.003,0.0,0.0,0.0,0.0,0.0,0.0
IMU,27555804.0,1,0.105,-1.0083,0.1816,3.05,25.27,10.68,-82.54,-6.07,113.46,26.1,,,,,,,,,,,,,,,,
IMU,27564611.0,2,0.0474,-1.0024,0.0361,-1.59,21.42,13.55,-84.77,-2.93,117.98,27.7,,,,,,,,,,,,,,,,
EXO,27622539,,,,,,,,,,,,SAFE,-2.933,21.423,1.004,0.155,-0.045,-0.0,0.0,0.0,-0.006,0.0,0.0,0.0,0.0,0.0,0.0
IMU,27655980.0,1,0.0928,-0.9746,0.0957,0.98,-6.41,13.49,-82.1,-4.64,113.62,26.0,,,,,,,,,,,,,,,,
IMU,27664529.0,2,0.0723,-0.9868,-0.0107,-3.85,-8.24,14.71,-84.93,-1.26,118.46,27.7,,,,,,,,,,,,,,,,
EXO,27722624,,,,,,,,,,,,SAFE,-1.258,-8.24,0.99,0.139,-0.628,-0.0,0.0,0.0,0.071,0.0,0.0,0.0,0.0,0.0,0.0
IMU,27756164.0,1,0.1128,-0.98,0.0674,-17.76,-12.08,-10.5,-83.23,-4.49,114.77,26.1,,,,,,,,,,,,,,,,
IMU,27764443.0,2,0.062,-0.9922,0.1665,-14.71,-6.04,16.54,-86.47,-0.63,119.77,27.9,,,,,,,,,,,,,,,,
EXO,27822976,,,,,,,,,,,,SAFE,-0.632,-6.042,1.008,0.022,-1.326,-0.0,0.0,0.0,-0.101,0.0,0.0,0.0,0.0,0.0,0.0
IMU,27856348.0,1,0.1445,-1.0029,0.0918,-2.26,2.08,-28.44,-84.22,-6.64,114.14,26.0,,,,,,,,,,,,,,,,
IMU,27864353.0,2,-0.0806,-0.9893,0.0913,5.25,14.1,59.2,-87.33,3.35,119.17,27.8,,,,,,,,,,,,,,,,
EXO,27922540,,,,,,,,,,,,SAFE,3.351,14.099,0.997,-0.001,0.046,-0.0,0.0,0.0,0.051,0.0,0.0,0.0,0.0,0.0,0.0
IMU,27956529.0,1,0.0508,-0.9712,0.1021,2.2,-40.04,8.61,-84.05,-6.48,113.72,26.2,,,,,,,,,,,,,,,,
IMU,27964277.0,2,-0.1572,-0.9741,0.0269,0.49,-45.59,6.1,-86.96,5.6,119.25,27.9,,,,,,,,,,,,,,,,
EXO,28022450,,,,,,,,,,,,SAFE,5.603,-45.593,0.987,0.001,0.22,-0.0,0.0,0.0,-0.003,0.0,0.0,0.0,0.0,0.0,0.0
IMU,28056719.0,1,0.186,-0.9697,0.1113,4.15,8.73,3.72,-83.84,-6.04,115.93,26.1,,,,,,,,,,,,,,,,
IMU,28064199.0,2,-0.0498,-0.9951,0.002,4.94,12.45,-0.92,-86.55,5.75,121.06,27.8,,,,,,,,,,,,,,,,
EXO,28122268,,,,,,,,,,,,SAFE,5.751,12.451,0.996,0.003,0.054,-0.0,0.0,0.0,0.008,0.0,0.0,0.0,0.0,0.0,0.0
IMU,28156884.0,1,0.0776,-1.0112,0.1025,8.06,-5.19,5.8,-83.64,-5.46,113.99,25.9,,,,,,,,,,,,,,,,
IMU,28164115.0,2,-0.1152,-1.0029,0.0781,1.28,-9.16,3.11,-86.31,6.16,119.25,27.8,,,,,,,,,,,,,,,,
EXO,28222270,,,,,,,,,,,,SAFE,6.163,-9.155,1.013,0.028,0.292,-0.0,0.0,0.0,-0.011,0.0,0.0,0.0,0.0,0.0,0.0
IMU,28257081.0,1,0.0806,-0.981,0.1494,5.55,4.39,-6.23,-83.04,-5.38,113.99,26.1,,,,,,,,,,,,,,,,
IMU,28264035.0,2,-0.1099,-0.9902,0.1196,3.48,-0.43,-28.26,-85.7,4.58,119.12,27.9,,,,,,,,,,,,,,,,
EXO,28322442,,,,,,,,,,,,SAFE,4.581,-0.427,1.003,0.048,0.1,-0.0,0.0,0.0,-0.022,0.0,0.0,0.0,0.0,0.0,0.0
IMU,28357261.0,1,0.1069,-0.9922,0.1406,3.91,12.88,-3.78,-82.67,-6.09,113.4,26.0,,,,,,,,,,,,,,,,
IMU,28363961.0,2,-0.1064,-0.9937,0.1294,3.97,12.88,0.61,-85.23,2.64,118.5,27.6,,,,,,,,,,,,,,,,
EXO,28422428,,,,,,,,,,,,SAFE,2.637,12.878,1.008,0.048,0.001,-0.0,0.0,0.0,0.005,0.0,0.0,0.0,0.0,0.0,0.0
IMU,28457410.0,1,0.127,-0.9834,0.1235,-0.55,8.54,-3.97,-82.21,-6.26,113.05,26.0,,,,,,,,,,,,,,,,
IMU,28463874.0,2,-0.062,-0.9863,0.0498,2.81,9.95,-3.05,-84.76,2.55,118.25,27.7,,,,,,,,,,,,,,,,
EXO,28522360,,,,,,,,,,,,SAFE,2.549,9.949,0.99,0.048,0.115,-0.0,0.0,0.0,0.001,0.0,0.0,0.0,0.0,0.0,0.0
IMU,28557592.0,1,0.1118,-0.9858,0.1069,-6.04,2.69,-2.56,-82.46,-6.64,112.29,26.0,,,,,,,,,,,,,,,,
IMU,28563808.0,2,-0.0815,-0.9971,0.0459,-5.49,3.6,-2.26,-85.22,2.23,117.48,27.8,,,,,,,,,,,,,,,,
EXO,28622462,,,,,,,,,,,,SAFE,2.23,3.601,1.001,0.048,-0.081,-0.0,0.0,0.0,0.004,0.0,0.0,0.0,0.0,0.0,0.0
IMU,28657743.0,1,0.1069,-0.9893,0.1021,-3.78,-1.53,-2.32,-83.09,-6.72,112.36,26.0,,,,,,,,,,,,,,,,
IMU,28663730.0,2,-0.0752,-0.9932,0.0503,-5.31,0.0,-2.26,-85.9,2.16,117.49,27.9,,,,,,,,,,,,,,,,
EXO,28722550,,,,,,,,,,,,SAFE,2.159,0.0,0.997,0.048,0.034,-0.0,0.0,0.0,0.002,0.0,0.0,0.0,0.0,0.0,0.0
IMU,28757920.0,1,0.1196,-0.9756,0.1157,0.73,-4.15,-1.77,-83.38,-6.84,112.65,26.2,,,,,,,,,,,,,,,,
IMU,28763660.0,2,-0.04,-0.9854,0.0884,0.92,-3.6,-2.01,-86.11,2.05,117.76,27.9,,,,,,,,,,,,,,,,
EXO,28822456,,,,,,,,,,,,SAFE,2.049,-3.601,0.99,0.048,0.068,-0.0,0.0,0.0,0.015,0.0,0.0,0.0,0.0,0.0,0.0
IMU,28858112.0,1,0.0967,-0.9707,0.1118,1.1,-11.47,-0.67,-83.27,-6.97,112.87,26.2,,,,,,,,,,,,,,,,
IMU,28863589.0,2,-0.0469,-0.9897,0.0586,-0.67,-12.63,-1.77,-85.87,1.97,118.02,27.9,,,,,,,,,,,,,,,,
EXO,28922707,,,,,,,,,,,,SAFE,1.972,-12.634,0.993,0.048,-0.011,-0.0,0.0,0.0,-0.005,0.0,0.0,0.0,0.0,0.0,0.0
IMU,28958267.0,1,0.1431,-0.9795,0.1035,-3.17,2.08,-6.96,-83.47,-7.31,113.59,26.1,,,,,,,,,,,,,,,,
IMU,28963504.0,2,0.0054,-0.9961,0.0469,-4.39,2.93,-7.45,-86.09,1.56,118.64,27.8,,,,,,,,,,,,,,,,
EXO,29022357,,,,,,,,,,,,SAFE,1.56,2.93,0.997,0.048,-0.069,-0.0,0.0,0.0,-0.01,0.0,0.0,0.0,0.0,0.0,0.0
IMU,29058439.0,1,0.1489,-0.9937,0.1079,-7.93,-1.1,-4.7,-84.11,-7.94,113.53,26.1,,,,,,,,,,,,,,,,
IMU,29063418.0,2,-0.0244,-1.0073,0.0649,-7.81,0.37,-5.13,-86.68,0.91,118.51,27.6,,,,,,,,,,,,,,,,
EXO,29122523,,,,,,,,,,,,SAFE,0.906,0.366,1.01,0.048,-0.01,-0.0,0.0,0.0,-0.001,0.0,0.0,0.0,0.0,0.0,0.0
IMU,29158634.0,1,0.1348,-0.9937,0.0791,-2.56,-2.56,-2.01,-84.58,-8.24,113.48,26.1,,,,,,,,,,,,,,,,
IMU,29163346.0,2,-0.0239,-1.0015,0.0278,-1.59,-2.38,-2.38,-87.15,0.64,118.42,27.7,,,,,,,,,,,,,,,,
EXO,29222639,,,,,,,,,,,,SAFE,0.637,-2.38,1.002,0.048,0.03,-0.0,0.0,0.0,-0.002,0.0,0.0,0.0,0.0,0.0,0.0
IMU,29258795.0,1,0.1523,-0.9658,0.0884,0.18,-3.66,-1.83,-84.77,-8.45,113.55,26.0,,,,,,,,,,,,,,,,
IMU,29263271.0,2,-0.0059,-0.979,0.0532,0.37,-4.21,-2.01,-87.29,0.44,118.47,27.8,,,,,,,,,,,,,,,,
EXO,29322428,,,,,,,,,,,,SAFE,0.445,-4.211,0.98,0.048,0.072,-0.0,0.0,0.0,-0.006,0.0,0.0,0.0,0.0,0.0,0.0
IMU,29358976.0,1,0.166,-0.9868,0.0938,-0.67,-0.61,-2.5,-84.85,-8.71,114.02,26.1,,,,,,,,,,,,,,,,
IMU,29363207.0,2,-0.0005,-1.0034,0.0547,-0.98,-0.06,-2.69,-87.26,0.19,118.92,27.7,,,,,,,,,,,,,,,,
EXO,29422793,,,,,,,,,,,,SAFE,0.192,-0.061,1.005,0.048,0.093,-0.0,0.0,0.0,0.008,0.0,0.0,0.0,0.0,0.0,0.0
IMU,29459139.0,1,0.1553,-0.9946,0.0947,-1.95,-1.59,-3.3,-84.98,-9.02,114.11,26.1,,,,,,,,,,,,,,,,
IMU,29463142.0,2,-0.0073,-1.0112,0.0479,-2.62,-0.73,-3.72,-87.42,-0.12,118.99,27.8,,,,,,,,,,,,,,,,
EXO,29522750,,,,,,,,,,,,SAFE,-0.115,-0.732,1.012,0.049,0.16,-0.0,0.0,0.0,0.01,0.0,0.0,0.0,0.0,0.0,0.0
IMU,29559298.0,1,0.1602,-0.9868,0.0889,-0.98,-1.4,-2.81,-85.12,-9.33,114.32,26.1,,,,,,,,,,,,,,,,
IMU,29563081.0,2,-0.0117,-1.0,0.0449,-0.67,-0.73,-2.99,-87.58,-0.44,119.17,27.7,,,,,,,,,,,,,,,,
EXO,29622720,,,,,,,,,,,,SAFE,-0.439,-0.732,1.001,0.048,-0.001,-0.0,0.0,0.0,0.005,0.0,0.0,0.0,0.0,0.0,0.0
IMU,29659513.0,1,0.1631,-0.9868,0.0835,1.1,-1.4,-0.43,-85.09,-9.46,114.39,26.2,,,,,,,,,,,,,,,,
IMU,29663011.0,2,-0.0005,-1.0034,0.0425,1.34,-1.59,-0.49,-87.55,-0.54,119.24,27.7,,,,,,,,,,,,,,,,
EXO,29722561,,,,,,,,,,,,SAFE,-0.544,-1.587,1.004,0.049,0.048,-0.0,0.0,0.0,0.0,0.0,0.0,0.0,0.0,0.0,0.0
IMU,29759657.0,1,0.1724,-0.978,0.0923,3.54,-3.42,1.28,-84.87,-9.45,114.79,26.1,,,,,,,,,,,,,,,,
IMU,29762945.0,2,0.0093,-0.9961,0.0474,3.42,-3.36,1.04,-87.28,-0.51,119.69,27.9,,,,,,,,,,,,,,,,
EXO,29822273,,,,,,,,,,,,SAFE,-0.511,-3.357,0.997,0.049,0.056,-0.0,0.0,0.0,-0.003,0.0,0.0,0.0,0.0,0.0,0.0
IMU,29859824.0,1,0.1655,-0.9785,0.0991,0.12,0.49,-0.92,-84.65,-9.44,114.92,26.0,,,,,,,,,,,,,,,,
IMU,29862876.0,2,-0.0005,-0.998,0.0264,0.37,0.55,-0.67,-87.07,-0.49,119.82,27.9,,,,,,,,,,,,,,,,
EXO,29922407,,,,,,,,,,,,SAFE,-0.494,0.549,0.998,0.049,0.15,-0.0,0.0,0.0,-0.008,0.0,0.0,0.0,0.0,0.0,0.0
IMU,29959986.0,1,0.1733,-1.0112,0.1079,-2.32,6.1,-0.85,-84.79,-9.4,114.69,26.1,,,,,,,,,,,,,,,,
IMU,29962802.0,2,0.0273,-1.0298,0.0698,-0.12,6.77,-1.46,-87.01,-0.46,119.53,27.8,,,,,,,,,,,,,,,,
EXO,30022448,,,,,,,,,,,,SAFE,-0.461,6.775,1.033,0.05,0.124,-0.0,0.0,0.0,-0.003,0.0,0.0,0.0,0.0,0.0,0.0
IMU,30060174.0,1,0.1787,-0.9854,0.0879,-1.71,2.44,1.83,-84.88,-9.46,114.07,26.1,,,,,,,,,,,,,,,,
IMU,30062731.0,2,0.0117,-1.0015,0.0581,-1.4,2.38,-0.18,-87.12,-0.6,118.91,27.7,,,,,,,,,,,,,,,,
EXO,30122357,,,,,,,,,,,,SAFE,-0.599,2.38,1.003,0.074,0.55,-0.0,0.0,0.0,-0.081,0.0,0.0,0.0,0.0,0.0,0.0
IMU,30160351.0,1,0.1074,-0.9858,0.0986,-3.3,8.0,12.21,-84.92,-8.81,113.65,26.0,,,,,,,,,,,,,,,,
IMU,30162668.0,2,0.0342,-0.9878,-0.0093,-4.64,8.91,-17.46,-87.29,-0.92,118.43,27.6,,,,,,,,,,,,,,,,
EXO,30222622,,,,,,,,,,,,SAFE,-0.923,8.911,0.988,0.166,1.107,-0.0,0.0,0.0,0.017,0.0,0.0,0.0,0.0,0.0,0.0
IMU,30260540.0,1,0.1094,-0.9756,0.0493,-6.35,-15.75,15.62,-85.57,-7.31,114.41,26.1,,,,,,,,,,,,,,,,
IMU,30262611.0,2,0.1064,-0.9844,0.0054,-8.79,-17.58,-45.72,-88.06,-4.37,119.09,27.7,,,,,,,,,,,,,,,,
EXO,30323027,,,,,,,,,,,,SAFE,-4.373,-17.578,0.99,0.277,1.045,-0.0,0.0,0.0,0.045,0.0,0.0,0.0,0.0,0.0,0.0
IMU,30360748.0,1,0.1274,-0.9839,0.043,-8.97,-13.61,10.99,-86.73,-6.09,115.97,26.1,,,,,,,,,,,,,,,,
IMU,30362549.0,2,0.1826,-0.978,0.0415,-5.31,-15.44,-50.66,-89.07,-9.3,120.56,27.8,,,,,,,,,,,,,,,,
EXO,30422958,,,,,,,,,,,,SAFE,-9.3,-15.442,0.996,0.37,0.672,-0.0,0.0,0.0,0.004,0.0,0.0,0.0,0.0,0.0,0.0
IMU,30460900.0,1,0.0869,-1.0029,0.0493,2.26,-9.58,10.19,-87.17,-5.21,117.32,26.1,,,,,,,,,,,,,,,,
IMU,30462467.0,2,0.1538,-0.9858,0.0645,7.75,-8.61,-31.62,-89.22,-13.63,121.9,27.9,,,,,,,,,,,,,,,,
EXO,30522611,,,,,,,,,,,,SAFE,-13.629,-8.606,1.0,0.396,-0.021,-0.0,0.0,0.0,-0.024,0.0,0.0,0.0,0.0,0.0,0.0
IMU,30561086.0,1,0.0747,-1.0112,0.0918,20.57,-3.17,-0.79,-86.11,-4.66,117.86,26.0,,,,,,,,,,,,,,,,
IMU,30562407.0,2,0.2998,-0.979,0.0293,22.34,2.93,2.93,-87.51,-14.5,122.09,27.6,,,,,,,,,,,,,,,,
EXO,30622538,,,,,,,,,,,,SAFE,-14.502,2.93,1.024,0.396,0.195,-0.0,0.0,0.0,-0.011,0.0,0.0,0.0,0.0,0.0,0.0
IMU,30661282.0,1,0.063,-0.9604,0.082,10.07,9.58,2.99,-84.32,-4.51,117.08,26.0,,,,,,,,,,,,,,,,
IMU,30662332.0,2,0.2607,-0.9297,-0.0078,8.67,11.29,3.91,-85.69,-14.11,120.88,27.7,,,,,,,,,,,,,,,,
EXO,30722451,,,,,,,,,,,,SAFE,-14.112,11.292,0.966,0.396,-0.046,-0.0,0.0,0.0,-0.006,0.0,0.0,0.0,0.0,0.0,0.0
IMU,30761467.0,1,0.0571,-0.9727,0.1084,-9.58,3.78,-2.38,-84.45,-4.52,116.5,26.1,,,,,,,,,,,,,,,,
IMU,30762271.0,2,0.2515,-0.9502,0.0508,-10.8,1.65,-2.69,-86.07,-14.16,120.33,27.6,,,,,,,,,,,,,,,,
EXO,30822611,,,,,,,,,,,,SAFE,-14.161,1.648,0.984,0.396,0.14,-0.0,0.0,0.0,-0.0,0.0,0.0,0.0,0.0,0.0,0.0
IMU,30861673.0,1,0.0791,-0.9966,0.0859,-4.39,-4.88,5.19,-85.43,-4.47,116.92,26.1,,,,,,,,,,,,,,,,
IMU,30862188.0,2,0.2354,-0.9717,0.0977,-3.6,-5.86,5.13,-87.23,-14.2,120.99,27.7,,,,,,,,,,,,,,,,
EXO,30922551,,,,,,,,,,,,SAFE,-14.2,-5.859,1.005,0.396,-0.04,-0.0,0.0,0.0,-0.009,0.0,0.0,0.0,0.0,0.0,0.0
IMU,30961827.0,1,0.0718,-0.9888,0.0918,0.85,-6.04,4.94,-85.47,-3.9,117.67,26.1,,,,,,,,,,,,,,,,
IMU,30962119.0,2,0.2646,-0.9585,0.0581,1.83,-5.68,4.88,-87.18,-13.63,121.75,28.0,,,,,,,,,,,,,,,,
EXO,31022366,,,,,,,,,,,,SAFE,-13.634,-5.676,0.996,0.395,-0.069,-0.0,0.0,0.0,-0.007,0.0,0.0,0.0,0.0,0.0,0.0
IMU,31062019.0,1,0.0815,-0.999,0.0884,4.76,-5.55,1.04,-85.24,-3.8,118.55,26.0,,,,,,,,,,,,,,,,
IMU,31062167.0,2,0.2549,-0.9688,0.0601,5.49,-4.09,1.1,-86.9,-13.57,122.58,27.6,,,,,,,,,,,,,,,,
EXO,31122363,,,,,,,,,,,,SAFE,-13.568,-4.089,1.004,0.396,0.1,-0.0,0.0,0.0,0.001,0.0,0.0,0.0,0.0,0.0,0.0
IMU,31162231.0,1,0.0815,-0.998,0.1118,3.72,-4.52,-2.08,-84.73,-3.95,118.95,26.1,,,,,,,,,,,,,,,,
IMU,31162084.0,2,0.2588,-0.9683,0.0596,5.55,-3.42,-2.14,-86.31,-13.74,122.85,27.9,,,,,,,,,,,,,,,,
EXO,31222605,,,,,,,,,,,,SAFE,-13.738,-3.418,1.004,0.396,-0.019,-0.0,0.0,0.0,-0.011,0.0,0.0,0.0,0.0,0.0,0.0
IMU,31262280.0,1,0.082,-1.0049,0.0977,-4.94,-1.28,-2.93,-84.85,-4.21,119.14,26.1,,,,,,,,,,,,,,,,
IMU,31261986.0,2,0.2778,-0.9722,0.0596,-4.21,-2.38,-3.05,-86.42,-14.07,123.05,27.8,,,,,,,,,,,,,,,,
EXO,31322716,,,,,,,,,,,,SAFE,-14.073,-2.38,1.013,0.396,0.017,-0.0,0.0,0.0,-0.006,0.0,0.0,0.0,0.0,0.0,0.0
IMU,31362463.0,1,0.0708,-0.999,0.0771,-2.56,3.54,-1.59,-85.29,-4.55,118.87,26.0,,,,,,,,,,,,,,,,
IMU,31361927.0,2,0.2334,-0.9707,0.0747,-3.42,2.87,-1.53,-86.93,-14.5,122.9,27.6,,,,,,,,,,,,,,,,
EXO,31422580,,,,,,,,,,,,SAFE,-14.502,2.869,1.001,0.396,0.01,-0.0,0.0,0.0,0.004,0.0,0.0,0.0,0.0,0.0,0.0
IMU,31462652.0,1,0.0718,-1.0005,0.0708,1.77,-2.2,0.55,-85.24,-4.54,118.8,25.9,,,,,,,,,,,,,,,,
IMU,31461827.0,2,0.2388,-0.9717,0.0488,2.26,-1.83,0.61,-86.85,-14.5,122.82,27.7,,,,,,,,,,,,,,,,
EXO,31522365,,,,,,,,,,,,SAFE,-14.496,-1.831,1.002,0.396,0.022,-0.0,0.0,0.0,0.019,0.0,0.0,0.0,0.0,0.0,0.0
IMU,31562840.0,1,0.0835,-0.9937,0.084,-2.01,-5.98,3.42,-85.23,-4.3,119.26,26.1,,,,,,,,,,,,,,,,
IMU,31561747.0,2,0.2632,-0.9614,0.0347,-0.55,-6.47,2.93,-86.8,-14.27,123.26,27.7,,,,,,,,,,,,,,,,
EXO,31622521,,,,,,,,,,,,SAFE,-14.266,-6.47,0.997,0.396,0.065,-0.0,0.0,0.0,-0.007,0.0,0.0,0.0,0.0,0.0,0.0
IMU,31663014.0,1,0.0684,-0.9897,0.0781,-2.5,-2.2,-0.37,-85.58,-4.15,119.53,26.1,,,,,,,,,,,,,,,,
IMU,31661673.0,2,0.2559,-0.96,0.064,-2.44,-2.99,-0.61,-87.24,-14.17,123.61,27.7,,,,,,,,,,,,,,,,
EXO,31722719,,,,,,,,,,,,SAFE,-14.172,-2.991,0.996,0.395,0.05,-0.0,0.0,0.0,0.012,0.0,0.0,0.0,0.0,0.0,0.0
IMU,31763189.0,1,0.0557,-0.9956,0.0811,0.06,1.53,-2.44,-85.65,-4.34,119.48,26.0,,,,,,,,,,,,,,,,
IMU,31761594.0,2,0.2324,-0.9692,0.0464,-0.31,1.46,-2.44,-87.28,-14.41,123.59,27.7,,,,,,,,,,,,,,,,
EXO,31822442,,,,,,,,,,,,SAFE,-14.409,1.465,0.998,0.396,0.062,-0.0,0.0,0.0,0.007,0.0,0.0,0.0,0.0,0.0,0.0
IMU,31863364.0,1,0.0664,-0.9971,0.062,1.34,-0.43,1.71,-85.59,-4.33,119.33,26.2,,,,,,,,,,,,,,,,
IMU,31861515.0,2,0.2441,-0.9692,0.0356,1.53,0.06,1.71,-87.19,-14.43,123.41,27.9,,,,,,,,,,,,,,,,
EXO,31922325,,,,,,,,,,,,SAFE,-14.425,0.061,1.0,0.395,0.03,-0.0,0.0,0.0,0.005,0.0,0.0,0.0,0.0,0.0,0.0
IMU,31963541.0,1,0.0688,-0.9912,0.0771,-0.61,-0.31,-0.18,-85.56,-4.2,119.49,26.0,,,,,,,,,,,,,,,,
IMU,31961438.0,2,0.2612,-0.9614,0.0347,-0.18,-0.31,-0.12,-87.13,-14.3,123.54,27.8,,,,,,,,,,,,,,,,
EXO,32022715,,,,,,,,,,,,SAFE,-14.304,-0.305,0.997,0.396,-0.08,-0.0,0.0,0.0,0.016,0.0,0.0,0.0,0.0,0.0,0.0
IMU,32063701.0,1,0.0796,-1.001,0.0659,-3.42,2.56,1.22,-85.84,-4.16,119.36,26.0,,,,,,,,,,,,,,,,
IMU,32061366.0,2,0.2598,-0.9702,0.0396,-4.46,1.53,0.92,-87.45,-14.31,123.48,27.8,,,,,,,,,,,,,,,,
EXO,32122374,,,,,,,,,,,,SAFE,-14.31,1.526,1.005,0.396,-0.06,-0.0,0.0,0.0,0.026,0.0,0.0,0.0,0.0,0.0,0.0
IMU,32163875.0,1,0.0605,-0.9941,0.0747,-0.49,1.71,2.32,-86.02,-3.97,119.2,25.9,,,,,,,,,,,,,,,,
IMU,32161289.0,2,0.2476,-0.9673,0.0459,-1.1,1.4,2.32,-87.7,-14.15,123.38,27.6,,,,,,,,,,,,,,,,
EXO,32222364,,,,,,,,,,,,SAFE,-14.15,1.404,1.0,0.396,0.058,-0.0,0.0,0.0,-0.01,0.0,0.0,0.0,0.0,0.0,0.0
IMU,32264052.0,1,0.0591,-0.9814,0.0684,-0.18,2.2,0.24,-86.02,-3.87,119.03,26.0,,,,,,,,,,,,,,,,
IMU,32261217.0,2,0.2427,-0.9536,0.0435,-0.61,2.26,0.37,-87.71,-14.07,123.21,27.6,,,,,,,,,,,,,,,,
EXO,32322367,,,,,,,,,,,,SAFE,-14.073,2.258,0.985,0.396,0.009,-0.0,0.0,0.0,0.003,0.0,0.0,0.0,0.0,0.0,0.0
IMU,32364225.0,1,0.0684,-0.9844,0.0693,0.49,2.2,-1.22,-85.98,-3.87,118.92,26.1,,,,,,,,,,,,,,,,
IMU,32361162.0,2,0.2578,-0.9541,0.0376,0.37,2.38,-0.98,-87.65,-14.1,123.08,27.6,,,,,,,,,,,,,,,,
EXO,32422361,,,,,,,,,,,,SAFE,-14.095,2.38,0.989,0.396,0.075,-0.0,0.0,0.0,0.005,0.0,0.0,0.0,0.0,0.0,0.0
IMU,32464404.0,1,0.0752,-1.0059,0.0757,-1.83,1.4,-2.32,-86.02,-4.1,118.71,26.0,,,,,,,,,,,,,,,,
IMU,32461059.0,2,0.2456,-0.9756,0.0356,-1.89,0.98,-2.38,-87.67,-14.36,122.88,27.8,,,,,,,,,,,,,,,,
EXO,32522532,,,,,,,,,,,,SAFE,-14.359,0.977,1.007,0.396,-0.021,-0.0,0.0,0.0,-0.002,0.0,0.0,0.0,0.0,0.0,0.0
IMU,32564592.0,1,0.0688,-1.0029,0.0605,-0.67,1.22,0.61,-86.15,-4.14,118.38,26.1,,,,,,,,,,,,,,,,
IMU,32560984.0,2,0.2417,-0.9731,0.042,-1.04,1.04,0.49,-87.85,-14.43,122.58,27.8,,,,,,,,,,,,,,,,
EXO,32622342,,,,,,,,,,,,SAFE,-14.425,1.038,1.004,0.396,-0.017,-0.0,0.0,0.0,-0.001,0.0,0.0,0.0,0.0,0.0,0.0
IMU,32664762.0,1,0.0669,-0.9829,0.0649,1.83,0.12,2.01,-86.08,-3.94,118.29,26.0,,,,,,,,,,,,,,,,
IMU,32660901.0,2,0.2466,-0.9526,0.0396,1.4,0.61,2.2,-87.79,-14.23,122.47,27.7,,,,,,,,,,,,,,,,
EXO,32722200,,,,,,,,,,,,SAFE,-14.227,0.61,0.985,0.396,0.066,-0.0,0.0,0.0,-0.004,0.0,0.0,0.0,0.0,0.0,0.0
IMU,32764941.0,1,0.064,-0.9883,0.0732,-0.37,-0.43,-0.43,-85.97,-3.81,118.36,26.1,,,,,,,,,,,,,,,,
IMU,32760820.0,2,0.2593,-0.9575,0.0308,-0.12,-0.73,-0.24,-87.66,-14.1,122.51,27.6,,,,,,,,,,,,,,,,
EXO,32822682,,,,,,,,,,,,SAFE,-14.095,-0.732,0.992,0.396,0.021,-0.0,0.0,0.0,-0.003,0.0,0.0,0.0,0.0,0.0,0.0
IMU,32865119.0,1,0.0698,-0.9985,0.064,-2.01,1.16,-3.42,-86.13,-4.04,118.15,26.2,,,,,,,,,,,,,,,,
IMU,32860749.0,2,0.2495,-0.9678,0.042,-2.14,1.22,-3.54,-87.83,-14.36,122.34,27.9,,,,,,,,,,,,,,,,
EXO,32922556,,,,,,,,,,,,SAFE,-14.359,1.221,1.0,0.396,-0.1,-0.0,0.0,0.0,0.016,0.0,0.0,0.0,0.0,0.0,0.0
IMU,32965295.0,1,0.0742,-1.0034,0.0605,-0.12,1.77,-0.67,-86.25,-4.25,118.04,26.1,,,,,,,,,,,,,,,,
IMU,32960664.0,2,0.2466,-0.9731,0.0435,-0.67,1.53,-0.73,-87.93,-14.61,122.26,27.8,,,,,,,,,,,,,,,,
EXO,33022538,,,,,,,,,,,,SAFE,-14.612,1.526,1.005,0.396,0.091,-0.0,0.0,0.0,0.01,0.0,0.0,0.0,0.0,0.0,0.0
IMU,33065478.0,1,0.0723,-0.9951,0.0659,0.31,0.24,0.98,-86.17,-4.16,117.97,26.1,,,,,,,,,,,,,,,,
IMU,33060587.0,2,0.2563,-0.9629,0.0303,0.12,0.61,1.1,-87.84,-14.51,122.15,27.8,,,,,,,,,,,,,,,,
EXO,33122179,,,,,,,,,,,,SAFE,-14.513,0.61,0.997,0.396,0.053,-0.0,0.0,0.0,-0.003,0.0,0.0,0.0,0.0,0.0,0.0
IMU,33165651.0,1,0.0708,-0.9902,0.0693,-1.46,0.49,0.06,-86.22,-4.11,117.95,26.1,,,,,,,,,,,,,,,,
IMU,33160485.0,2,0.2559,-0.96,0.0303,-1.4,0.0,0.18,-87.9,-14.47,122.15,27.7,,,,,,,,,,,,,,,,
EXO,33222369,,,,,,,,,,,,SAFE,-14.469,0.0,0.994,0.396,-0.029,-0.0,0.0,0.0,0.002,0.0,0.0,0.0,0.0,0.0,0.0
IMU,33265822.0,1,0.0742,-0.9961,0.063,-1.34,-0.43,-0.67,-86.33,-4.15,117.8,26.1,,,,,,,,,,,,,,,,
IMU,33260411.0,2,0.2622,-0.9653,0.0347,-0.85,-0.43,-0.79,-88.04,-14.53,122.01,27.8,,,,,,,,,,,,,,,,
EXO,33322699,,,,,,,,,,,,SAFE,-14.529,-0.427,1.001,0.396,0.006,-0.0,0.0,0.0,0.003,0.0,0.0,0.0,0.0,0.0,0.0
IMU,33365999.0,1,0.0771,-1.002,0.0586,0.98,-0.67,-0.73,-86.34,-4.22,117.73,26.1,,,,,,,,,,,,,,,,
IMU,33360346.0,2,0.2578,-0.9692,0.0303,1.22,0.06,-0.79,-88.03,-14.62,121.95,27.8,,,,,,,,,,,,,,,,
EXO,33422459,,,,,,,,,,,,SAFE,-14.617,0.061,1.003,0.396,-0.017,-0.0,0.0,0.0,0.001,0.0,0.0,0.0,0.0,0.0,0.0
IMU,33466185.0,1,0.0786,-0.9946,0.0649,0.49,2.08,1.34,-86.26,-4.15,117.76,26.1,,,,,,,,,,,,,,,,
IMU,33460251.0,2,0.2617,-0.9648,0.0317,-0.18,2.44,1.4,-87.93,-14.56,121.96,27.9,,,,,,,,,,,,,,,,
EXO,33522270,,,,,,,,,,,,SAFE,-14.557,2.441,1.0,0.396,-0.03,-0.0,0.0,0.0,-0.021,0.0,0.0,0.0,0.0,0.0,0.0
IMU,33566371.0,1,0.0605,-0.9917,0.0674,-1.4,0.24,0.49,-86.33,-4.08,117.78,26.0,,,,,,,,,,,,,,,,
IMU,33560179.0,2,0.2485,-0.9624,0.0293,-1.22,-0.31,0.67,-88.0,-14.49,121.99,27.8,,,,,,,,,,,,,,,,
EXO,33622435,,,,,,,,,,,,SAFE,-14.491,-0.305,0.994,0.395,-0.065,-0.0,0.0,0.0,0.002,0.0,0.0,0.0,0.0,0.0,0.0
IMU,33666562.0,1,0.0679,-0.9951,0.0654,-1.04,-1.22,1.16,-86.47,-4.09,117.86,26.0,,,,,,,,,,,,,,,,
IMU,33660092.0,2,0.2388,-0.9673,0.0386,-0.49,-2.2,0.79,-88.17,-14.53,122.09,27.8,,,,,,,,,,,,,,,,
EXO,33722538,,,,,,,,,,,,SAFE,-14.529,-2.197,0.997,0.395,0.006,-0.0,0.0,0.0,0.009,0.0,0.0,0.0,0.0,0.0,0.0
IMU,33766735.0,1,0.0747,-1.0054,0.061,0.73,0.92,-0.24,-86.47,-4.03,117.83,26.0,,,,,,,,,,,,,,,,
IMU,33760022.0,2,0.2568,-0.9761,0.0327,0.73,1.04,-0.24,-88.18,-14.47,122.09,27.7,,,,,,,,,,,,,,,,
EXO,33822343,,,,,,,,,,,,SAFE,-14.469,1.038,1.01,0.395,0.003,-0.0,0.0,0.0,-0.007,0.0,0.0,0.0,0.0,0.0,0.0
IMU,33866927.0,1,0.0645,-0.9951,0.0679,-0.18,1.95,0.85,-86.4,-3.99,117.84,26.1,,,,,,,,,,,,,,,,
IMU,33859959.0,2,0.2446,-0.9692,0.0234,-0.06,1.1,0.85,-88.08,-14.45,122.09,27.7,,,,,,,,,,,,,,,,
EXO,33922370,,,,,,,,,,,,SAFE,-14.447,1.099,1.0,0.396,-0.089,-0.0,0.0,0.0,-0.007,0.0,0.0,0.0,0.0,0.0,0.0
IMU,33967116.0,1,0.064,-0.9893,0.062,0.0,-0.06,0.79,-86.39,-3.9,117.73,26.1,,,,,,,,,,,,,,,,
IMU,33959851.0,2,0.2461,-0.9614,0.0293,0.37,-0.31,0.79,-88.09,-14.36,121.96,27.6,,,,,,,,,,,,,,,,
EXO,34022368,,,,,,,,,,,,SAFE,-14.359,-0.305,0.993,0.395,-0.113,-0.0,0.0,0.0,-0.001,0.0,0.0,0.0,0.0,0.0,0.0
IMU,34067307.0,1,0.0654,-0.9902,0.0693,-2.2,0.18,-0.79,-86.47,-3.91,117.72,26.0,,,,,,,,,,,,,,,,
IMU,34059777.0,2,0.2495,-0.9595,0.0278,-1.53,-0.37,-0.85,-88.17,-14.37,121.95,27.8,,,,,,,,,,,,,,,,
EXO,34122625,,,,,,,,,,,,SAFE,-14.37,-0.366,0.992,0.396,-0.132,-0.0,0.0,0.0,-0.002,0.0,0.0,0.0,0.0,0.0,0.0
IMU,34167495.0,1,0.0679,-0.9961,0.0547,-1.34,2.44,-3.05,-86.7,-4.09,117.59,26.1,,,,,,,,,,,,,,,,
IMU,34159694.0,2,0.2476,-0.9688,0.0425,-2.38,1.89,-3.17,-88.43,-14.58,121.9,27.7,,,,,,,,,,,,,,,,
EXO,34222548,,,,,,,,,,,,SAFE,-14.579,1.892,1.001,0.396,-0.036,-0.0,0.0,0.0,-0.011,0.0,0.0,0.0,0.0,0.0,0.0
IMU,34267678.0,1,0.082,-1.002,0.0664,1.22,2.01,-0.98,-86.61,-4.28,117.42,26.0,,,,,,,,,,,,,,,,
IMU,34259679.0,2,0.251,-0.9717,0.0278,0.98,2.5,-1.04,-88.31,-14.79,121.7,27.8,,,,,,,,,,,,,,,,
EXO,34322434,,,,,,,,,,,,SAFE,-14.793,2.502,1.004,0.396,-0.06,-0.0,0.0,0.0,-0.0,0.0,0.0,0.0,0.0,0.0,0.0
IMU,34367856.0,1,0.1089,-1.0039,0.0688,-5.68,3.6,0.49,-86.72,-4.36,117.26,26.2,,,,,,,,,,,,,,,,
IMU,34359604.0,2,0.2725,-0.9688,0.0083,-4.64,1.4,-0.18,-88.34,-14.88,121.56,27.8,,,,,,,,,,,,,,,,
EXO,34422452,,,,,,,,,,,,SAFE,-14.875,1.404,1.006,0.396,-0.025,-0.0,0.0,0.0,0.004,0.0,0.0,0.0,0.0,0.0,0.0
IMU,34468039.0,1,0.1001,-1.0015,0.0474,-4.52,7.02,-2.93,-87.25,-4.56,116.66,26.2,,,,,,,,,,,,,,,,
IMU,34459505.0,2,0.2563,-0.9712,0.0273,-7.02,5.0,-4.09,-88.97,-15.1,121.12,27.7,,,,,,,,,,,,,,,,
EXO,34522602,,,,,,,,,,,,SAFE,-15.095,5.005,1.005,0.396,0.109,-0.0,0.0,0.0,-0.005,0.0,0.0,0.0,0.0,0.0,0.0
IMU,34568222.0,1,0.0684,-0.9824,0.0391,2.08,7.63,1.89,-87.25,-4.37,115.85,26.1,,,,,,,,,,,,,,,,
IMU,34559374.0,2,0.2593,-0.9541,0.0186,0.55,8.06,2.81,-89.04,-14.93,120.35,27.6,,,,,,,,,,,,,,,,
EXO,34622186,,,,,,,,,,,,SAFE,-14.93,8.057,0.989,0.395,-0.151,-0.0,0.0,0.0,-0.001,0.0,0.0,0.0,0.0,0.0,0.0
IMU,34668408.0,1,0.0913,-0.9858,0.0605,-7.63,8.97,-2.69,-87.43,-4.41,115.13,26.1,,,,,,,,,,,,,,,,
IMU,34659294.0,2,0.2793,-0.9517,-0.0063,-8.36,7.51,-2.56,-89.11,-14.95,119.66,27.7,,,,,,,,,,,,,,,,
EXO,34722640,,,,,,,,,,,,SAFE,-14.947,7.507,0.992,0.395,-0.097,-0.0,0.0,0.0,-0.005,0.0,0.0,0.0,0.0,0.0,0.0
IMU,34768595.0,1,0.0747,-0.999,0.0273,-2.08,12.08,-2.32,-87.91,-4.63,114.24,26.0,,,,,,,,,,,,,,,,
IMU,34759230.0,2,0.2651,-0.9624,0.02,-5.0,10.19,-1.89,-89.72,-15.22,118.93,27.8,,,,,,,,,,,,,,,,
EXO,34822717,,,,,,,,,,,,SAFE,-15.216,10.193,0.998,0.396,-0.002,-0.0,0.0,0.0,-0.004,0.0,0.0,0.0,0.0,0.0,0.0
IMU,34868768.0,1,0.082,-0.9966,0.0273,1.89,9.89,-5.43,-87.67,-5.03,113.26,26.1,,,,,,,,,,,,,,,,
IMU,34859168.0,2,0.2778,-0.9561,-0.0122,1.28,9.64,-4.58,-89.43,-15.6,117.87,27.8,,,,,,,,,,,,,,,,
EXO,34922443,,,,,,,,,,,,SAFE,-15.601,9.644,0.996,0.396,-0.052,-0.0,0.0,0.0,-0.004,0.0,0.0,0.0,0.0,0.0,0.0
IMU,34968960.0,1,0.1113,-0.9956,0.0195,1.53,16.48,-10.44,-87.44,-5.88,111.78,26.1,,,,,,,,,,,,,,,,
IMU,34959089.0,2,0.2769,-0.9609,-0.0015,-2.08,15.69,-10.62,-89.2,-16.44,116.4,27.7,,,,,,,,,,,,,,,,
EXO,35022889,,,,,,,,,,,,SAFE,-16.441,15.686,1.0,0.396,-0.128,-0.0,0.0,0.0,0.008,0.0,0.0,0.0,0.0,0.0,0.0
IMU,35069148.0,1,0.104,-0.9692,0.042,8.3,9.16,-0.79,-86.81,-6.3,110.46,26.1,,,,,,,,,,,,,,,,
IMU,35059003.0,2,0.2739,-0.9351,0.0166,7.45,10.99,-0.12,-88.58,-16.91,114.85,27.7,,,,,,,,,,,,,,,,
EXO,35122429,,,,,,,,,,,,SAFE,-16.908,10.986,0.974,0.396,-0.007,-0.0,0.0,0.0,0.004,0.0,0.0,0.0,0.0,0.0,0.0
IMU,35169322.0,1,0.0879,-0.9697,0.0454,-14.71,6.35,-2.75,-87.03,-6.34,109.29,26.0,,,,,,,,,,,,,,,,
IMU,35158932.0,2,0.2764,-0.9316,-0.0303,-15.08,5.62,-2.44,-88.84,-16.91,113.64,27.7,,,,,,,,,,,,,,,,
EXO,35222816,,,,,,,,,,,,SAFE,-16.908,5.615,0.972,0.396,-0.052,-0.0,0.0,0.0,0.025,0.0,0.0,0.0,0.0,0.0,0.0
IMU,35269566.0,1,0.1172,-1.0166,0.0396,-3.42,-10.07,3.66,-88.38,-6.26,109.63,26.1,,,,,,,,,,,,,,,,
IMU,35258866.0,2,0.2637,-0.9751,0.0967,-3.48,-11.84,2.75,-90.36,-16.92,114.14,27.7,,,,,,,,,,,,,,,,
EXO,35322692,,,,,,,,,,,,SAFE,-16.919,-11.841,1.015,0.395,0.08,-0.0,0.0,0.0,-0.016,0.0,0.0,0.0,0.0,0.0,0.0
IMU,35369689.0,1,0.1211,-1.0166,0.0132,2.99,5.55,18.07,-87.84,-5.19,109.67,26.2,,,,,,,,,,,,,,,,
IMU,35358809.0,2,0.3032,-0.9761,-0.0439,-0.49,0.31,24.66,-90.26,-15.69,114.34,27.6,,,,,,,,,,,,,,,,
EXO,35422577,,,,,,,,,,,,SAFE,-15.688,0.305,1.023,0.394,-0.132,-0.0,0.0,0.0,0.02,0.0,0.0,0.0,0.0,0.0,0.0
IMU,35469876.0,1,0.0425,-1.0957,0.3374,21.3,41.87,14.53,-86.86,-4.1,108.95,25.9,,,,,,,,,,,,,,,,
IMU,35458731.0,2,0.0039,-0.9277,0.021,19.41,19.23,17.03,-89.13,-14.44,113.75,27.8,,,,,,,,,,,,,,,,
EXO,35522712,,,,,,,,,,,,SAFE,-14.436,19.226,0.928,0.359,-0.626,-0.0,0.0,0.0,0.056,0.0,0.0,0.0,0.0,0.0,0.0
IMU,35570064.0,1,0.0317,-0.9819,0.0757,-6.47,-14.34,20.75,-86.79,-1.6,107.8,26.1,,,,,,,,,,,,,,,,
IMU,35558651.0,2,0.1699,-0.9702,-0.0225,-0.18,-25.76,51.03,-88.97,-10.09,111.9,27.7,,,,,,,,,,,,,,,,
EXO,35622980,,,,,,,,,,,,SAFE,-10.091,-25.757,0.985,0.255,-1.488,-0.0,0.0,0.0,0.009,0.0,0.0,0.0,0.0,0.0,0.0
IMU,35670233.0,1,0.0171,-0.9663,0.0752,0.49,13.31,-2.2,-86.81,-1.0,107.3,26.1,,,,,,,,,,,,,,,,
IMU,35658582.0,2,0.1035,-0.978,0.0312,-6.65,13.98,73.67,-89.4,-3.96,111.83,27.6,,,,,,,,,,,,,,,,
EXO,35722540,,,,,,,,,,,,SAFE,-3.955,13.977,0.984,0.1,-1.746,-0.0,0.0,0.0,0.02,0.0,0.0,0.0,0.0,0.0,0.0
IMU,35770409.0,1,-0.0215,-0.9575,0.0435,-4.15,-3.36,-18.49,-87.17,-2.04,107.08,26.0,,,,,,,,,,,,,,,,
IMU,35758532.0,2,-0.0869,-0.9648,0.0288,-7.32,-4.27,76.6,-89.96,3.41,111.51,27.8,,,,,,,,,,,,,,,,
EXO,35822855,,,,,,,,,,,,SAFE,3.411,-4.272,0.969,0.002,0.003,-0.0,0.0,0.0,-0.012,0.0,0.0,0.0,0.0,0.0,0.0
IMU,35870594.0,1,-0.0161,-1.0156,-0.0063,-5.25,-5.92,19.78,-87.2,-2.25,106.83,26.0,,,,,,,,,,,,,,,,
IMU,35858452.0,2,-0.2471,-1.022,-0.1221,-9.09,19.04,15.99,-90.18,9.18,111.17,27.8,,,,,,,,,,,,,,,,
EXO,35922900,,,,,,,,,,,,SAFE,9.185,19.043,1.058,0.003,0.148,-0.0,0.0,0.0,0.004,0.0,0.0,0.0,0.0,0.0,0.0
IMU,35970761.0,1,0.0117,-0.9429,0.0366,5.25,-6.23,-0.98,-87.13,-1.38,108.95,26.0,,,,,,,,,,,,,,,,
IMU,35958356.0,2,-0.1855,-0.9243,-0.0161,4.52,-9.89,-2.01,-90.31,9.85,113.15,27.8,,,,,,,,,,,,,,,,
EXO,36022524,,,,,,,,,,,,SAFE,9.855,-9.888,0.943,0.007,0.21,-0.0,0.0,0.0,-0.059,0.0,0.0,0.0,0.0,0.0,0.0
IMU,36070941.0,1,0.0591,-0.9922,0.0942,-0.92,2.93,-4.09,-87.03,-1.71,109.85,26.0,,,,,,,,,,,,,,,,
IMU,36058289.0,2,-0.0996,-0.9683,0.0161,-2.01,-4.27,-10.31,-89.87,9.28,114.18,27.6,,,,,,,,,,,,,,,,
EXO,36122610,,,,,,,,,,,,SAFE,9.283,-4.272,0.974,0.026,0.24,-0.0,0.0,0.0,-0.008,0.0,0.0,0.0,0.0,0.0,0.0
IMU,36171119.0,1,0.0239,-1.001,0.084,-3.36,-3.97,-14.65,-87.48,-2.47,109.34,26.1,,,,,,,,,,,,,,,,
IMU,36158226.0,2,-0.1348,-0.9858,0.0454,-3.3,-5.13,-19.71,-90.26,7.23,113.53,27.8,,,,,,,,,,,,,,,,
EXO,36222818,,,,,,,,,,,,SAFE,7.229,-5.127,0.996,0.042,0.061,-0.0,0.0,0.0,0.033,0.0,0.0,0.0,0.0,0.0,0.0
IMU,36271300.0,1,0.04,-0.9878,0.0601,0.92,-5.31,-6.71,-87.54,-3.56,109.4,26.0,,,,,,,,,,,,,,,,
IMU,36258156.0,2,-0.1392,-0.981,0.0366,0.12,-4.27,-18.68,-90.27,5.16,113.65,27.8,,,,,,,,,,,,,,,,
EXO,36322522,,,,,,,,,,,,SAFE,5.158,-4.272,0.991,0.046,-0.095,-0.0,0.0,0.0,0.014,0.0,0.0,0.0,0.0,0.0,0.0
IMU,36371469.0,1,0.0469,-0.9805,0.0542,2.14,-4.58,-12.15,-87.36,-4.27,109.97,26.1,,,,,,,,,,,,,,,,
IMU,36358098.0,2,-0.0557,-0.9688,0.0479,3.78,-6.16,-9.16,-90.1,4.25,114.26,27.7,,,,,,,,,,,,,,,,
EXO,36422606,,,,,,,,,,,,SAFE,4.246,-6.165,0.972,0.046,0.03,-0.0,0.0,0.0,-0.007,0.0,0.0,0.0,0.0,0.0,0.0
IMU,36471646.0,1,0.0991,-0.9941,0.0552,2.93,-6.53,-7.39,-87.06,-5.38,110.24,25.9,,,,,,,,,,,,,,,,
IMU,36458023.0,2,-0.0991,-0.999,0.0039,3.05,-6.16,-9.46,-89.63,3.16,114.58,27.7,,,,,,,,,,,,,,,,
EXO,36522494,,,,,,,,,,,,SAFE,3.164,-6.165,1.004,0.046,-0.005,-0.0,0.0,0.0,0.002,0.0,0.0,0.0,0.0,0.0,0.0
IMU,36571826.0,1,0.123,-1.0059,0.0366,2.08,7.57,-1.28,-86.82,-5.72,109.98,26.0,,,,,,,,,,,,,,,,
IMU,36557950.0,2,-0.0571,-1.0073,0.0005,2.5,7.63,-1.65,-89.36,2.83,114.55,27.9,,,,,,,,,,,,,,,,
EXO,36622282,,,,,,,,,,,,SAFE,2.829,7.629,1.009,0.046,0.108,-0.0,0.0,0.0,0.005,0.0,0.0,0.0,0.0,0.0,0.0
IMU,36672004.0,1,0.1367,-1.0005,0.0454,-3.91,-10.44,1.1,-86.84,-5.86,110.19,25.9,,,,,,,,,,,,,,,,
IMU,36657871.0,2,-0.042,-1.0127,-0.042,-2.93,-8.48,-0.24,-89.34,2.77,114.5,27.7,,,,,,,,,,,,,,,,
EXO,36722725,,,,,,,,,,,,SAFE,2.769,-8.484,1.014,0.046,0.108,-0.0,0.0,0.0,-0.001,0.0,0.0,0.0,0.0,0.0,0.0
IMU,36772178.0,1,0.0845,-1.0005,0.0244,-5.86,-8.3,4.21,-87.52,-5.58,110.97,26.2,,,,,,,,,,,,,,,,
IMU,36757800.0,2,-0.0557,-0.9883,-0.0078,-6.47,-5.92,4.03,-90.08,3.03,115.2,27.7,,,,,,,,,,,,,,,,
EXO,36822547,,,,,,,,,,,,SAFE,3.027,-5.92,0.99,0.046,0.061,-0.0,0.0,0.0,-0.025,0.0,0.0,0.0,0.0,0.0,0.0
IMU,36872353.0,1,0.0986,-0.9893,0.0229,-3.91,-4.94,-5.62,-87.87,-5.7,111.7,26.0,,,,,,,,,,,,,,,,
IMU,36857733.0,2,-0.0366,-0.9956,-0.0552,-2.62,-7.2,-4.94,-90.5,3.04,115.94,27.7,,,,,,,,,,,,,,,,
EXO,36922699,,,,,,,,,,,,SAFE,3.043,-7.202,0.998,0.046,-0.015,-0.0,0.0,0.0,-0.005,0.0,0.0,0.0,0.0,0.0,0.0
IMU,36972541.0,1,0.123,-1.022,0.0034,-7.63,0.85,-7.51,-88.58,-6.33,111.52,26.0,,,,,,,,,,,,,,,,
IMU,36957657.0,2,-0.0337,-1.0244,-0.0391,-8.0,2.01,-8.0,-91.12,2.38,115.78,27.9,,,,,,,,,,,,,,,,
EXO,37022523,,,,,,,,,,,,SAFE,2.379,2.014,1.026,0.046,0.05,-0.0,0.0,0.0,0.019,0.0,0.0,0.0,0.0,0.0,0.0
IMU,37072707.0,1,0.1377,-1.0225,0.0225,-2.56,0.43,-7.57,-88.98,-7.1,111.41,26.1,,,,,,,,,,,,,,,,
IMU,37057577.0,2,-0.0371,-1.0303,-0.019,-3.11,0.37,-8.18,-91.6,1.58,115.61,27.7,,,,,,,,,,,,,,,,
EXO,37122513,,,,,,,,,,,,SAFE,1.577,0.366,1.031,0.046,0.003,-0.0,0.0,0.0,-0.003,0.0,0.0,0.0,0.0,0.0,0.0
IMU,37172880.0,1,0.125,-0.9985,0.0283,-0.85,5.49,-7.2,-89.08,-7.89,110.95,26.1,,,,,,,,,,,,,,,,
IMU,37157491.0,2,-0.0508,-1.0073,-0.0186,0.31,8.0,-7.63,-91.75,0.78,115.28,27.9,,,,,,,,,,,,,,,,
EXO,37222434,,,,,,,,,,,,SAFE,0.78,7.996,1.009,0.046,0.04,-0.0,0.0,0.0,0.005,0.0,0.0,0.0,0.0,0.0,0.0
IMU,37273064.0,1,0.1323,-1.002,0.0107,3.36,2.81,0.92,-88.98,-8.07,110.83,26.1,,,,,,,,,,,,,,,,
IMU,37257416.0,2,-0.0493,-1.0054,-0.0132,1.53,1.4,0.24,-91.61,0.53,115.16,27.7,,,,,,,,,,,,,,,,
EXO,37322159,,,,,,,,,,,,SAFE,0.533,1.404,1.007,0.046,-0.019,-0.0,0.0,0.0,-0.006,0.0,0.0,0.0,0.0,0.0,0.0
IMU,37373236.0,1,0.1553,-0.9878,0.0225,0.06,1.83,2.5,-88.79,-7.79,110.67,26.1,,,,,,,,,,,,,,,,
IMU,37357351.0,2,-0.001,-0.9971,-0.0244,-0.24,0.31,2.81,-91.36,0.88,115.0,27.7,,,,,,,,,,,,,,,,
EXO,37422287,,,,,,,,,,,,SAFE,0.879,0.305,0.997,0.046,0.069,-0.0,0.0,0.0,0.006,0.0,0.0,0.0,0.0,0.0,0.0
IMU,37473425.0,1,0.1499,-0.979,0.0205,-3.42,7.75,1.46,-88.96,-7.58,110.09,26.1,,,,,,,,,,,,,,,,
IMU,37457261.0,2,0.0034,-0.9897,-0.0176,-4.15,9.09,2.2,-91.59,1.12,114.47,27.7,,,,,,,,,,,,,,,,
EXO,37522272,,,,,,,,,,,,SAFE,1.121,9.094,0.99,0.046,-0.026,-0.0,0.0,0.0,-0.02,0.0,0.0,0.0,0.0,0.0,0.0
IMU,37573624.0,1,0.1157,-0.9912,0.0054,-1.89,8.3,-2.26,-89.18,-7.66,109.07,26.1,,,,,,,,,,,,,,,,
IMU,37557187.0,2,-0.0366,-1.0005,-0.0298,-2.26,11.66,-1.65,-91.92,1.09,113.44,27.7,,,,,,,,,,,,,,,,
EXO,37622610,,,,,,,,,,,,SAFE,1.088,11.658,1.002,0.046,-0.22,-0.0,0.0,0.0,0.015,0.0,0.0,0.0,0.0,0.0,0.0
IMU,37673807.0,1,0.1436,-0.9897,0.0068,1.04,2.08,2.75,-89.19,-7.64,108.86,26.1,,,,,,,,,,,,,,,,
IMU,37657111.0,2,-0.0386,-0.9995,-0.0244,1.16,1.65,2.2,-91.99,1.04,113.11,27.8,,,,,,,,,,,,,,,,
EXO,37722194,,,,,,,,,,,,SAFE,1.038,1.648,1.001,0.046,0.061,-0.0,0.0,0.0,-0.012,0.0,0.0,0.0,0.0,0.0,0.0
IMU,37773991.0,1,0.144,-0.9932,0.0063,2.14,1.53,4.39,-88.96,-7.26,108.83,26.1,,,,,,,,,,,,,,,,
IMU,37757046.0,2,-0.0122,-1.0044,-0.0435,2.56,-0.06,4.7,-91.76,1.46,113.08,27.7,,,,,,,,,,,,,,,,
EXO,37822265,,,,,,,,,,,,SAFE,1.456,-0.061,1.005,0.046,-0.052,-0.0,0.0,0.0,0.012,0.0,0.0,0.0,0.0,0.0,0.0
IMU,37874184.0,1,0.1294,-0.9771,0.0137,-1.04,1.22,0.98,-88.93,-7.1,108.76,26.0,,,,,,,,,,,,,,,,
IMU,37856980.0,2,-0.0342,-0.9878,-0.0449,0.79,-0.79,0.79,-91.61,1.7,113.03,27.8,,,,,,,,,,,,,,,,
EXO,37922341,,,,,,,,,,,,SAFE,1.697,-0.793,0.989,0.046,0.009,-0.0,0.0,0.0,0.005,0.0,0.0,0.0,0.0,0.0,0.0
IMU,37974366.0,1,0.1265,-0.9805,0.0156,-3.17,-2.01,-1.77,-89.16,-7.21,108.83,26.1,,,,,,,,,,,,,,,,
IMU,37956896.0,2,-0.0259,-0.9858,-0.0366,-2.08,-1.77,-1.71,-91.8,1.61,113.04,27.7,,,,,,,,,,,,,,,,
EXO,38022703,,,,,,,,,,,,SAFE,1.615,-1.77,0.987,0.046,-0.045,-0.0,0.0,0.0,-0.0,0.0,0.0,0.0,0.0,0.0,0.0
IMU,38074566.0,1,0.1372,-0.9941,0.0122,0.43,-1.71,-1.1,-89.31,-7.4,109.07,26.1,,,,,,,,,,,,,,,,
IMU,38056811.0,2,-0.0259,-1.0068,-0.0249,0.0,-2.93,-1.1,-91.97,1.41,113.26,27.8,,,,,,,,,,,,,,,,
EXO,38122523,,,,,,,,,,,,SAFE,1.412,-2.93,1.007,0.046,-0.05,-0.0,0.0,0.0,-0.018,0.0,0.0,0.0,0.0,0.0,0.0
IMU,38174721.0,1,0.1367,-0.9946,0.0205,-0.43,0.18,0.0,-89.29,-7.48,109.12,26.1,,,,,,,,,,,,,,,,
IMU,38156727.0,2,-0.0259,-1.0029,-0.0288,0.06,-0.67,-0.12,-91.9,1.33,113.35,27.8,,,,,,,,,,,,,,,,
EXO,38222452,,,,,,,,,,,,SAFE,1.335,-0.671,1.004,0.046,-0.1,-0.0,0.0,0.0,-0.029,0.0,0.0,0.0,0.0,0.0,0.0
IMU,38274932.0,1,0.1265,-0.9883,0.0063,0.92,1.28,-1.16,-89.31,-7.52,108.81,26.0,,,,,,,,,,,,,,,,
IMU,38256658.0,2,-0.0322,-0.998,-0.019,-0.24,2.44,-0.61,-91.92,1.32,113.05,27.7,,,,,,,,,,,,,,,,
EXO,38322423,,,,,,,,,,,,SAFE,1.324,2.441,0.999,0.046,-0.009,-0.0,0.0,0.0,0.002,0.0,0.0,0.0,0.0,0.0,0.0
IMU,38375087.0,1,0.1426,-0.9966,0.0127,-0.12,2.93,0.0,-89.29,-7.54,108.79,26.0,,,,,,,,,,,,,,,,
IMU,38356599.0,2,-0.0278,-1.0039,-0.0327,0.67,0.79,-0.12,-91.86,1.31,113.05,27.7,,,,,,,,,,,,,,,,
EXO,38422390,,,,,,,,,,,,SAFE,1.307,0.793,1.005,0.046,-0.177,-0.0,0.0,0.0,-0.009,0.0,0.0,0.0,0.0,0.0,0.0
IMU,38475273.0,1,0.1411,-0.998,0.0156,0.79,0.31,0.0,-89.18,-7.55,108.74,26.2,,,,,,,,,,,,,,,,
IMU,38456506.0,2,-0.0215,-1.0054,-0.0366,1.22,-0.37,-0.18,-91.79,1.32,112.96,27.8,,,,,,,,,,,,,,,,
EXO,38522374,,,,,,,,,,,,SAFE,1.324,-0.366,1.006,0.046,0.107,-0.0,0.0,0.0,-0.003,0.0,0.0,0.0,0.0,0.0,0.0
IMU,38575497.0,1,0.1328,-0.9873,0.0127,-0.61,0.85,0.55,-89.15,-7.51,108.55,26.0,,,,,,,,,,,,,,,,
IMU,38556437.0,2,-0.0264,-0.9961,-0.0366,-0.55,1.89,0.43,-91.77,1.37,112.79,27.8,,,,,,,,,,,,,,,,
EXO,38622341,,,,,,,,,,,,SAFE,1.368,1.892,0.997,0.046,-0.052,-0.0,0.0,0.0,0.001,0.0,0.0,0.0,0.0,0.0,0.0
IMU,38675675.0,1,0.1294,-0.9893,0.0088,-1.34,2.2,-0.24,-89.26,-7.44,108.51,26.1,,,,,,,,,,,,,,,,
IMU,38656365.0,2,-0.02,-0.9893,-0.0371,-1.65,0.92,0.55,-91.89,1.48,112.76,27.8,,,,,,,,,,,,,,,,
EXO,38722439,,,,,,,,,,,,SAFE,1.478,0.916,0.99,0.046,-0.001,-0.0,0.0,0.0,0.014,0.0,0.0,0.0,0.0,0.0,0.0
IMU,38775850.0,1,0.1396,-0.9971,0.0142,-0.49,-2.14,-0.06,-89.36,-7.48,108.62,26.0,,,,,,,,,,,,,,,,
IMU,38756299.0,2,-0.0244,-1.0044,-0.0337,-0.31,-4.7,-0.18,-92.0,1.44,112.76,27.7,,,,,,,,,,,,,,,,
EXO,38822707,,,,,,,,,,,,SAFE,1.439,-4.7,1.005,0.046,-0.032,-0.0,0.0,0.0,-0.005,0.0,0.0,0.0,0.0,0.0,0.0
IMU,38876048.0,1,0.1401,-0.9902,0.0161,-1.04,-1.04,0.12,-89.38,-7.55,108.71,26.0,,,,,,,,,,,,,,,,
IMU,38856221.0,2,-0.0342,-0.9976,-0.0396,-0.06,-1.77,-0.85,-92.02,1.37,112.89,27.6,,,,,,,,,,,,,,,,
EXO,38922605,,,,,,,,,,,,SAFE,1.368,-1.77,0.999,0.046,-0.099,-0.0,0.0,0.0,-0.002,0.0,0.0,0.0,0.0,0.0,0.0
IMU,38976236.0,1,0.1333,-0.9868,0.0083,0.73,0.43,0.06,-89.37,-7.54,108.69,25.9,,,,,,,,,,,,,,,,
IMU,38956132.0,2,-0.0293,-1.0005,-0.0298,-0.79,-0.12,0.12,-92.05,1.37,112.91,27.8,,,,,,,,,,,,,,,,
EXO,39022355,,,,,,,,,,,,SAFE,1.373,-0.122,1.001,0.046,0.05,-0.0,0.0,0.0,0.003,0.0,0.0,0.0,0.0,0.0,0.0
IMU,39076433.0,1,0.1401,-0.9917,0.0142,-0.37,1.16,-1.46,-89.38,-7.67,108.64,26.1,,,,,,,,,,,,,,,,
IMU,39056044.0,2,-0.0273,-0.9932,-0.0366,0.12,1.28,-1.59,-92.04,1.27,112.89,27.7,,,,,,,,,,,,,,,,
EXO,39122418,,,,,,,,,,,,SAFE,1.274,1.282,0.994,0.046,-0.049,-0.0,0.0,0.0,-0.024,0.0,0.0,0.0,0.0,0.0,0.0
IMU,39176636.0,1,0.1377,-0.9873,0.0078,0.43,-0.73,-0.31,-89.32,-7.71,108.62,26.2,,,,,,,,,,,,,,,,
IMU,39155955.0,2,-0.021,-1.0024,-0.0439,0.12,0.0,-0.24,-92.02,1.21,112.84,27.8,,,,,,,,,,,,,,,,
EXO,39222445,,,,,,,,,,,,SAFE,1.214,0.0,1.004,0.047,0.06,-0.0,0.0,0.0,0.012,0.0,0.0,0.0,0.0,0.0,0.0
IMU,39276822.0,1,0.1416,-1.0068,0.0181,-3.72,3.85,-3.17,-89.52,-7.92,108.44,26.2,,,,,,,,,,,,,,,,
IMU,39255887.0,2,-0.0161,-1.0073,-0.0303,-2.56,4.33,-3.54,-92.13,1.02,112.75,27.6,,,,,,,,,,,,,,,,
EXO,39322514,,,,,,,,,,,,SAFE,1.016,4.333,1.008,0.047,0.001,-0.0,0.0,0.0,0.003,0.0,0.0,0.0,0.0,0.0,0.0
IMU,39377014.0,1,0.1328,-0.9834,-0.0093,-0.06,-0.37,-2.26,-89.7,-8.12,108.23,26.1,,,,,,,,,,,,,,,,
IMU,39355821.0,2,-0.0166,-0.9946,-0.0396,-2.2,1.34,-2.32,-92.46,0.75,112.43,27.7,,,,,,,,,,,,,,,,
EXO,39422715,,,,,,,,,,,,SAFE,0.747,1.343,0.996,0.048,-0.101,-0.0,0.0,0.0,0.015,0.0,0.0,0.0,0.0,0.0,0.0
IMU,39477203.0,1,0.1499,-0.9761,0.0034,3.23,-2.01,-2.99,-89.55,-8.37,108.3,26.0,,,,,,,,,,,,,,,,
IMU,39455731.0,2,0.0,-0.9932,-0.0391,2.99,-1.34,-2.87,-92.35,0.46,112.47,27.6,,,,,,,,,,,,,,,,
EXO,39522442,,,,,,,,,,,,SAFE,0.461,-1.343,0.994,0.05,0.163,-0.0,0.0,0.0,-0.016,0.0,0.0,0.0,0.0,0.0,0.0
IMU,39577387.0,1,0.1816,-0.9868,0.0244,-1.04,-3.36,-0.98,-89.5,-8.68,108.37,26.1,,,,,,,,,,,,,,,,
IMU,39555682.0,2,0.0176,-0.9971,-0.0356,0.92,0.49,-4.94,-92.16,0.02,112.55,27.7,,,,,,,,,,,,,,,,
EXO,39622433,,,,,,,,,,,,SAFE,0.016,0.488,0.998,0.089,0.849,-0.0,0.0,0.0,-0.1,0.0,0.0,0.0,0.0,0.0,0.0
IMU,39677586.0,1,0.0952,-1.0068,-0.0005,-6.71,0.79,15.5,-89.8,-8.04,108.23,26.0,,,,,,,,,,,,,,,,
IMU,39655609.0,2,0.0425,-1.0151,-0.0737,-7.14,5.92,-27.89,-92.45,-1.2,112.54,27.6,,,,,,,,,,,,,,,,
EXO,39722727,,,,,,,,,,,,SAFE,-1.203,5.92,1.019,0.205,1.313,-0.0,0.0,0.0,-0.075,0.0,0.0,0.0,0.0,0.0,0.0
IMU,39777776.0,1,0.1064,-0.998,-0.0186,-5.37,-10.44,13.85,-90.53,-6.39,109.06,26.0,,,,,,,,,,,,,,,,
IMU,39755518.0,2,0.1221,-1.0034,-0.0581,-3.23,-12.57,-55.54,-93.02,-5.66,113.36,27.5,,,,,,,,,,,,,,,,
EXO,39823053,,,,,,,,,,,,SAFE,-5.663,-12.573,1.012,0.339,1.509,-0.0,0.0,0.0,0.033,0.0,0.0,0.0,0.0,0.0,0.0
IMU,39877947.0,1,0.127,-1.0093,-0.0146,-6.47,-6.16,7.75,-91.25,-5.43,109.8,26.1,,,,,,,,,,,,,,,,
IMU,39855456.0,2,0.2285,-0.9868,-0.0674,-3.54,-7.63,-71.9,-93.49,-11.87,114.67,27.6,,,,,,,,,,,,,,,,
EXO,39922868,,,,,,,,,,,,SAFE,-11.865,-7.629,1.015,0.478,1.413,-0.0,0.0,0.0,-0.025,0.0,0.0,0.0,0.0,0.0,0.0
IMU,39978115.0,1,0.0972,-0.9966,-0.0288,0.0,2.01,0.24,-91.61,-5.1,110.02,26.0,,,,,,,,,,,,,,,,
IMU,39955399.0,2,0.3652,-0.9575,-0.0508,1.53,-0.24,-80.87,-93.83,-18.93,115.74,27.6,,,,,,,,,,,,,,,,
EXO,40022616,,,,,,,,,,,,SAFE,-18.935,-0.244,1.026,0.613,1.322,-0.0,0.0,0.0,-0.041,0.0,0.0,0.0,0.0,0.0,0.0
IMU,40078301.0,1,0.0669,-0.9858,-0.0181,4.82,1.04,5.92,-91.33,-4.86,109.93,26.0,,,,,,,,,,,,,,,,
IMU,40055326.0,2,0.4219,-0.8999,-0.019,7.93,-0.61,-71.17,-93.39,-26.24,116.06,27.8,,,,,,,,,,,,,,,,
EXO,40122594,,,,,,,,,,,,SAFE,-26.241,-0.61,0.994,0.741,1.258,-0.0,0.0,0.0,0.046,0.0,0.0,0.0,0.0,0.0,0.0
IMU,40178485.0,1,0.0659,-0.9961,-0.0117,3.78,-0.06,5.31,-90.9,-4.31,109.93,26.2,,,,,,,,,,,,,,,,
IMU,40155241.0,2,0.502,-0.8135,-0.0312,7.69,2.32,-64.82,-92.57,-32.65,116.22,27.8,,,,,,,,,,,,,,,,
EXO,40222629,,,,,,,,,,,,SAFE,-32.646,2.319,0.956,0.852,0.946,-0.0,0.0,0.0,-0.008,0.0,0.0,0.0,0.0,0.0,0.0
IMU,40278668.0,1,0.064,-1.0112,-0.0146,0.67,2.99,3.97,-90.68,-4.03,109.87,26.1,,,,,,,,,,,,,,,,
IMU,40255194.0,2,0.6357,-0.7681,-0.0332,4.09,-0.31,-57.56,-92.09,-38.46,116.33,27.8,,,,,,,,,,,,,,,,
EXO,40322676,,,,,,,,,,,,SAFE,-38.458,-0.305,0.998,0.941,0.645,-0.0,0.0,0.0,0.008,0.0,0.0,0.0,0.0,0.0,0.0
IMU,40378854.0,1,0.0649,-0.9868,-0.0327,-1.04,-0.37,5.19,-90.74,-3.65,109.88,26.1,,,,,,,,,,,,,,,,
IMU,40355108.0,2,0.5981,-0.6792,-0.0176,0.31,-3.66,-41.2,-92.06,-43.2,116.54,27.7,,,,,,,,,,,,,,,,
EXO,40422817,,,,,,,,,,,,SAFE,-43.204,-3.662,0.905,0.976,-0.002,-0.0,0.0,0.0,0.035,0.0,0.0,0.0,0.0,0.0,0.0
IMU,40479061.0,1,0.0366,-0.9971,-0.0312,-0.61,-3.23,8.06,-90.94,-2.77,110.24,26.1,,,,,,,,,,,,,,,,
IMU,40455006.0,2,0.6646,-0.6738,-0.0322,4.39,-7.63,4.15,-92.32,-44.73,117.13,27.8,,,,,,,,,,,,,,,,
EXO,40522751,,,,,,,,,,,,SAFE,-44.731,-7.629,0.947,0.975,0.138,-0.0,0.0,0.0,0.003,0.0,0.0,0.0,0.0,0.0,0.0
IMU,40579260.0,1,0.0532,-1.001,-0.0063,2.62,-1.28,0.92,-90.74,-2.42,110.51,26.1,,,,,,,,,,,,,,,,
IMU,40554965.0,2,0.749,-0.6738,-0.0303,3.91,0.73,2.14,-92.04,-44.1,117.28,27.6,,,,,,,,,,,,,,,,
EXO,40622501,,,,,,,,,,,,SAFE,-44.105,0.732,1.008,0.975,-0.03,-0.0,0.0,0.0,-0.001,0.0,0.0,0.0,0.0,0.0,0.0
IMU,40679501.0,1,0.0479,-0.9932,0.0015,-0.12,1.77,0.18,-90.66,-2.56,110.43,26.1,,,,,,,,,,,,,,,,
IMU,40654862.0,2,0.7026,-0.6885,-0.0229,-0.79,1.16,3.36,-91.9,-44.1,117.18,27.8,,,,,,,,,,,,,,,,
EXO,40722461,,,,,,,,,,,,SAFE,-44.105,1.16,0.984,0.975,0.044,-0.0,0.0,0.0,-0.019,0.0,0.0,0.0,0.0,0.0,0.0
IMU,40779640.0,1,0.0225,-0.9971,-0.0078,0.79,0.06,0.55,-90.69,-2.48,110.4,26.0,,,,,,,,,,,,,,,,
IMU,40754788.0,2,0.7217,-0.6992,-0.0063,-0.67,-0.18,-0.85,-91.98,-44.17,117.13,27.7,,,,,,,,,,,,,,,,
EXO,40822617,,,,,,,,,,,,SAFE,-44.165,-0.183,1.005,0.975,-0.123,-0.0,0.0,0.0,-0.012,0.0,0.0,0.0,0.0,0.0,0.0
IMU,40879830.0,1,0.0439,-1.0,-0.0015,2.44,-0.98,-1.46,-90.51,-2.54,110.49,26.0,,,,,,,,,,,,,,,,
IMU,40854737.0,2,0.7246,-0.6875,-0.0073,3.11,1.22,-1.95,-91.77,-44.54,117.06,27.6,,,,,,,,,,,,,,,,
EXO,40922608,,,,,,,,,,,,SAFE,-44.539,1.221,0.999,0.975,0.119,-0.0,0.0,0.0,-0.004,0.0,0.0,0.0,0.0,0.0,0.0
IMU,40980009.0,1,0.0459,-0.9995,-0.0034,0.43,-0.12,-0.18,-90.34,-2.54,110.47,26.0,,,,,,,,,,,,,,,,
IMU,40954626.0,2,0.7275,-0.6851,-0.0166,0.73,-0.06,0.0,-91.47,-44.68,116.85,27.8,,,,,,,,,,,,,,,,
EXO,41022602,,,,,,,,,,,,SAFE,-44.681,-0.061,0.999,0.975,-0.001,-0.0,0.0,0.0,0.0,0.0,0.0,0.0,0.0,0.0,0.0
IMU,41080197.0,1,0.0503,-1.0049,-0.0034,2.81,-3.54,-8.36,-90.24,-2.89,110.46,26.2,,,,,,,,,,,,,,,,
IMU,41054593.0,2,0.7544,-0.6768,0.0,1.22,0.61,-6.71,-91.36,-45.03,116.72,27.6,,,,,,,,,,,,,,,,
EXO,41122548,,,,,,,,,,,,SAFE,-45.033,0.61,1.013,0.98,-0.037,-0.0,0.0,0.0,-0.024,0.0,0.0,0.0,0.0,0.0,0.0
IMU,41180387.0,1,0.0566,-0.9888,0.002,4.52,-1.1,-8.97,-89.88,-3.67,110.49,26.1,,,,,,,,,,,,,,,,
IMU,41154518.0,2,0.7578,-0.6528,0.0112,3.72,2.62,-12.45,-90.87,-46.15,116.49,27.6,,,,,,,,,,,,,,,,
EXO,41222538,,,,,,,,,,,,SAFE,-46.154,2.625,1.0,1.014,0.939,-0.0,0.0,0.0,-0.115,0.0,0.0,0.0,0.0,0.0,0.0
IMU,41280578.0,1,0.0474,-0.9897,0.0327,0.0,5.0,3.91,-89.56,-4.19,109.95,26.1,,,,,,,,,,,,,,,,
IMU,41254447.0,2,0.8091,-0.688,0.0088,-3.78,7.93,-33.39,-90.26,-48.36,115.74,27.7,,,,,,,,,,,,,,,,
EXO,41322440,,,,,,,,,,,,SAFE,-48.362,7.935,1.062,1.134,1.311,-0.0,0.0,0.0,-0.041,0.0,0.0,0.0,0.0,0.0,0.0
IMU,41380774.0,1,0.0303,-0.9937,-0.0278,-6.77,-4.27,11.05,-89.97,-3.32,110.11,26.0,,,,,,,,,,,,,,,,
IMU,41354397.0,2,0.8364,-0.5947,0.0029,0.98,-8.12,-63.78,-90.55,-53.93,116.01,27.8,,,,,,,,,,,,,,,,
EXO,41422807,,,,,,,,,,,,SAFE,-53.926,-8.118,1.026,1.273,1.31,-0.0,0.0,0.0,0.114,0.0,0.0,0.0,0.0,0.0,0.0
IMU,41480976.0,1,0.0361,-1.0049,-0.0293,-6.53,-10.62,12.57,-90.86,-2.07,110.98,26.1,,,,,,,,,,,,,,,,
IMU,41454318.0,2,0.8921,-0.4824,0.0015,9.09,-13.67,-65.8,-92.06,-60.38,118.43,27.7,,,,,,,,,,,,,,,,
EXO,41522981,,,,,,,,,,,,SAFE,-60.381,-13.672,1.014,1.4,1.267,-0.0,0.0,0.0,0.019,0.0,0.0,0.0,0.0,0.0,0.0
IMU,41581174.0,1,0.0103,-0.9751,-0.0391,-3.17,-2.62,4.52,-91.37,-1.1,111.68,26.1,,,,,,,,,,,,,,,,
IMU,41554252.0,2,0.9868,-0.3853,-0.0396,5.55,-4.27,-62.74,-93.53,-66.29,121.18,27.7,,,,,,,,,,,,,,,,
EXO,41622803,,,,,,,,,,,,SAFE,-66.286,-4.272,1.06,1.512,0.95,-0.0,0.0,0.0,0.058,0.0,0.0,0.0,0.0,0.0,0.0
IMU,41681368.0,1,-0.0039,-0.9771,-0.0542,3.17,-6.16,3.3,-91.4,-0.94,112.12,26.2,,,,,,,,,,,,,,,,
IMU,41654178.0,2,0.9004,-0.2949,-0.0288,11.9,1.95,-62.74,-94.88,-72.32,123.27,27.7,,,,,,,,,,,,,,,,
EXO,41722809,,,,,,,,,,,,SAFE,-72.318,1.953,0.948,1.61,0.943,-0.0,0.0,0.0,0.011,0.0,0.0,0.0,0.0,0.0,0.0
IMU,41781557.0,1,0.0088,-1.0103,0.0161,0.0,-1.22,9.4,-91.19,-0.23,112.23,26.1,,,,,,,,,,,,,,,,
IMU,41754124.0,2,0.9448,-0.1792,-0.0356,4.82,1.28,-43.88,-95.02,-77.2,124.02,27.7,,,,,,,,,,,,,,,,
EXO,41822539,,,,,,,,,,,,SAFE,-77.195,1.282,0.962,1.701,1.045,-0.0,0.0,0.0,-0.041,0.0,0.0,0.0,0.0,0.0,0.0
IMU,41881746.0,1,0.0146,-1.0239,-0.0352,-3.11,0.67,11.84,-91.42,0.73,112.19,26.1,,,,,,,,,,,,,,,,
IMU,41854057.0,2,0.9141,-0.0996,-0.0479,4.15,-4.46,-39.49,-98.22,-81.3,127.49,27.7,,,,,,,,,,,,,,,,
EXO,41922717,,,,,,,,,,,,SAFE,-81.304,-4.456,0.921,1.786,0.97,-0.0,0.0,0.0,0.019,0.0,0.0,0.0,0.0,0.0,0.0
IMU,41981936.0,1,-0.0278,-1.019,-0.0166,-0.06,-4.03,5.8,-91.65,1.44,112.34,26.2,,,,,,,,,,,,,,,,
IMU,41953984.0,2,1.1011,-0.0259,0.0078,4.64,-2.14,-42.6,-107.81,-84.99,137.26,27.7,,,,,,,,,,,,,,,,
EXO,42022793,,,,,,,,,,,,SAFE,-84.99,-2.136,1.101,1.867,0.824,-0.0,0.0,0.0,-0.049,0.0,0.0,0.0,0.0,0.0,0.0
IMU,42082125.0,1,-0.0269,-1.0264,0.0161,4.27,0.98,4.27,-91.31,1.85,112.5,26.2,,,,,,,,,,,,,,,,
IMU,42053900.0,2,0.9111,0.0596,-0.0332,3.05,2.5,-39.86,-157.99,-88.56,-172.02,27.8,,,,,,,,,,,,,,,,
EXO,42122514,,,,,,,,,,,,SAFE,-88.561,2.502,0.914,1.946,0.641,-0.0,0.0,0.0,-0.028,0.0,0.0,0.0,0.0,0.0,0.0
IMU,42182306.0,1,-0.0562,-1.0015,0.021,0.61,-0.92,0.12,-91.19,1.92,112.5,26.1,,,,,,,,,,,,,,,,
IMU,42153829.0,2,0.9512,0.1479,-0.0132,5.25,-1.22,-43.64,106.61,-86.19,-76.84,27.6,,,,,,,,,,,,,,,,
EXO,42222538,,,,,,,,,,,,SAFE,-86.193,-1.221,0.963,2.008,0.598,-0.0,0.0,0.0,0.031,0.0,0.0,0.0,0.0,0.0,0.0
IMU,42282487.0,1,-0.0303,-0.9863,-0.0332,5.13,-3.48,0.79,-90.8,1.91,112.53,26.0,,,,,,,,,,,,,,,,
IMU,42253771.0,2,0.9414,0.1846,-0.0117,-1.22,5.92,-31.92,96.83,-82.6,-67.5,27.9,,,,,,,,,,,,,,,,
EXO,42322524,,,,,,,,,,,,SAFE,-82.595,5.92,0.959,2.03,-0.014,-0.0,0.0,0.0,0.023,0.0,0.0,0.0,0.0,0.0,0.0
IMU,42382666.0,1,-0.0391,-0.9985,-0.001,1.22,8.48,2.38,-90.44,2.13,112.23,26.1,,,,,,,,,,,,,,,,
IMU,42353713.0,2,0.9961,0.2139,-0.0493,-7.2,3.36,2.56,92.4,-80.87,-63.71,27.7,,,,,,,,,,,,,,,,
EXO,42422275,,,,,,,,,,,,SAFE,-80.87,3.357,1.02,2.031,0.05,-0.0,0.0,0.0,0.015,0.0,0.0,0.0,0.0,0.0,0.0
IMU,42482851.0,1,-0.0542,-0.9922,-0.0205,-0.85,1.34,0.55,-90.59,2.49,111.63,26.0,,,,,,,,,,,,,,,,
IMU,42453637.0,2,0.9976,0.2227,-0.0039,-5.92,-1.95,2.93,93.89,-81.16,-66.62,27.8,,,,,,,,,,,,,,,,
EXO,42522439,,,,,,,,,,,,SAFE,-81.161,-1.953,1.022,2.043,0.422,-0.0,0.0,0.0,-0.055,0.0,0.0,0.0,0.0,0.0,0.0
IMU,42583039.0,1,-0.0728,-0.959,-0.041,-1.22,-3.66,6.23,-90.69,2.81,111.62,26.0,,,,,,,,,,,,,,,,
IMU,42553560.0,2,1.0645,0.1587,0.0,1.22,0.12,-13.49,94.35,-80.86,-68.0,27.7,,,,,,,,,,,,,,,,
EXO,42622450,,,,,,,,,,,,SAFE,-80.859,0.122,1.076,2.139,1.249,-0.0,0.0,0.0,0.046,0.0,0.0,0.0,0.0,0.0,0.0
IMU,42683210.0,1,-0.0654,-0.9746,-0.0493,2.56,-9.16,0.98,-90.66,3.37,112.42,26.0,,,,,,,,,,,,,,,,
IMU,42653479.0,2,0.9697,0.2598,-0.022,10.8,1.16,-54.75,93.54,-76.74,-67.09,27.6,,,,,,,,,,,,,,,,
EXO,42722549,,,,,,,,,,,,SAFE,-76.745,1.16,1.004,2.233,0.59,-0.0,0.0,0.0,0.04,0.0,0.0,0.0,0.0,0.0,0.0
IMU,42783400.0,1,-0.0254,-1.0215,-0.0156,2.26,-4.82,-0.12,-90.15,3.08,113.36,26.1,,,,,,,,,,,,,,,,
IMU,42753415.0,2,0.9004,0.3833,-0.0366,8.42,10.56,-45.41,90.85,-71.0,-63.83,27.7,,,,,,,,,,,,,,,,
EXO,42822614,,,,,,,,,,,,SAFE,-70.999,10.559,0.979,2.249,-0.15,-0.0,0.0,0.0,0.004,0.0,0.0,0.0,0.0,0.0,0.0
IMU,42883598.0,1,-0.0762,-1.0078,0.0132,-2.69,-4.64,5.37,-90.41,3.36,113.79,26.0,,,,,,,,,,,,,,,,
IMU,42853356.0,2,0.9048,0.4033,-0.0156,3.17,-0.98,7.51,91.03,-69.61,-63.79,27.7,,,,,,,,,,,,,,,,
EXO,42922362,,,,,,,,,,,,SAFE,-69.609,-0.977,0.991,2.248,0.048,-0.0,0.0,0.0,0.003,0.0,0.0,0.0,0.0,0.0,0.0
IMU,42983773.0,1,-0.0806,-0.9932,0.001,6.23,-5.13,2.93,-90.26,3.88,114.27,25.9,,,,,,,,,,,,,,,,
IMU,42953280.0,2,0.9287,0.3745,-0.0005,1.4,5.0,4.7,91.33,-70.22,-64.13,27.8,,,,,,,,,,,,,,,,
EXO,43022173,,,,,,,,,,,,SAFE,-70.225,5.005,1.001,2.246,-0.022,-0.0,0.0,0.0,-0.002,0.0,0.0,0.0,0.0,0.0,0.0
IMU,43083953.0,1,-0.061,-0.9824,0.0156,1.16,-2.01,3.42,-89.73,4.24,114.66,26.1,,,,,,,,,,,,,,,,
IMU,43053189.0,2,0.9106,0.3882,-0.0103,0.85,6.04,3.97,89.41,-70.49,-62.53,27.7,,,,,,,,,,,,,,,,
EXO,43122186,,,,,,,,,,,,SAFE,-70.488,6.042,0.99,2.245,-0.007,-0.0,0.0,0.0,0.016,0.0,0.0,0.0,0.0,0.0,0.0
IMU,43184134.0,1,-0.0796,-0.978,0.0127,-0.61,0.67,0.61,-89.82,4.44,114.72,26.0,,,,,,,,,,,,,,,,
IMU,43153125.0,2,0.917,0.3696,-0.0015,0.73,-1.83,2.5,89.46,-70.68,-62.84,27.8,,,,,,,,,,,,,,,,
EXO,43222271,,,,,,,,,,,,SAFE,-70.675,-1.831,0.989,2.241,-0.167,-0.0,0.0,0.0,0.001,0.0,0.0,0.0,0.0,0.0,0.0
IMU,43284306.0,1,-0.0845,-0.9927,-0.0107,1.53,-0.49,-1.28,-89.76,4.32,114.56,26.0,,,,,,,,,,,,,,,,
IMU,43253057.0,2,0.978,0.353,0.0039,-3.42,0.73,1.46,89.64,-70.73,-63.68,27.6,,,,,,,,,,,,,,,,
EXO,43322354,,,,,,,,,,,,SAFE,-70.73,0.732,1.04,2.241,-0.052,-0.0,0.0,0.0,0.008,0.0,0.0,0.0,0.0,0.0,0.0
IMU,43384489.0,1,-0.0835,-1.0098,0.0088,0.24,-1.95,-1.53,-89.72,4.17,114.71,26.1,,,,,,,,,,,,,,,,
IMU,43352993.0,2,0.9385,0.3691,-0.0103,2.81,0.92,-2.5,89.59,-70.41,-64.01,27.6,,,,,,,,,,,,,,,,
EXO,43422379,,,,,,,,,,,,SAFE,-70.411,0.916,1.009,2.241,-0.023,-0.0,0.0,0.0,-0.0,0.0,0.0,0.0,0.0,0.0,0.0
IMU,43484668.0,1,-0.085,-0.9946,0.0073,-1.46,0.49,5.07,-89.8,4.5,114.8,26.0,,,,,,,,,,,,,,,,
IMU,43452911.0,2,0.9336,0.3589,-0.0054,1.22,-1.16,4.64,89.69,-70.4,-64.34,27.8,,,,,,,,,,,,,,,,
EXO,43522282,,,,,,,,,,,,SAFE,-70.4,-1.16,1.0,2.241,0.033,-0.0,0.0,0.0,-0.008,0.0,0.0,0.0,0.0,0.0,0.0
IMU,43584846.0,1,-0.1025,-0.978,0.0171,-3.72,0.61,2.44,-90.04,4.86,114.77,26.1,,,,,,,,,,,,,,,,
IMU,43552844.0,2,0.918,0.3521,-0.0117,0.73,-2.87,3.48,90.34,-70.75,-65.35,27.9,,,,,,,,,,,,,,,,
EXO,43622277,,,,,,,,,,,,SAFE,-70.752,-2.869,0.983,2.24,-0.01,-0.0,0.0,0.0,-0.006,0.0,0.0,0.0,0.0,0.0,0.0
IMU,43685035.0,1,-0.0781,-1.0142,-0.0254,-7.45,6.59,2.26,-90.86,5.05,114.41,26.0,,,,,,,,,,,,,,,,
IMU,43652762.0,2,0.9287,0.3579,-0.0449,0.67,-11.84,1.22,92.52,-70.92,-67.99,27.6,,,,,,,,,,,,,,,,
EXO,43722456,,,,,,,,,,,,SAFE,-70.922,-11.841,0.996,2.24,-0.122,-0.0,0.0,0.0,-0.001,0.0,0.0,0.0,0.0,0.0,0.0
IMU,43785211.0,1,-0.0908,-1.0127,-0.0234,6.59,-0.18,-0.24,-90.82,5.11,114.31,26.1,,,,,,,,,,,,,,,,
IMU,43752710.0,2,0.9517,0.3682,-0.0059,-0.61,3.11,0.24,93.93,-70.93,-70.11,27.9,,,,,,,,,,,,,,,,
EXO,43822448,,,,,,,,,,,,SAFE,-70.928,3.113,1.02,2.24,-0.018,-0.0,0.0,0.0,0.004,0.0,0.0,0.0,0.0,0.0,0.0
IMU,43885407.0,1,-0.0933,-0.9888,-0.0054,1.83,6.04,2.14,-90.24,5.11,114.2,26.0,,,,,,,,,,,,,,,,
IMU,43852644.0,2,0.9336,0.3359,-0.0488,-4.52,5.43,0.06,91.62,-70.8,-68.25,27.8,,,,,,,,,,,,,,,,
EXO,43922279,,,,,,,,,,,,SAFE,-70.796,5.432,0.993,2.239,-0.01,-0.0,0.0,0.0,-0.006,0.0,0.0,0.0,0.0,0.0,0.0
IMU,43985594.0,1,-0.1001,-0.9839,-0.0049,-2.08,-0.37,0.24,-90.36,5.26,114.05,26.0,,,,,,,,,,,,,,,,
IMU,43952561.0,2,0.9321,0.3433,-0.0215,2.2,-0.85,0.49,91.66,-70.88,-68.86,27.8,,,,,,,,,,,,,,,,
EXO,44022450,,,,,,,,,,,,SAFE,-70.884,-0.854,0.994,2.24,0.01,-0.0,0.0,0.0,0.001,0.0,0.0,0.0,0.0,0.0,0.0
IMU,44085772.0,1,-0.0894,-0.9912,-0.0098,-0.24,-0.85,-2.14,-90.46,5.2,114.16,26.1,,,,,,,,,,,,,,,,
IMU,44052487.0,2,0.9326,0.3584,-0.0054,2.14,0.49,-1.65,92.16,-70.8,-69.46,27.8,,,,,,,,,,,,,,,,
EXO,44122524,,,,,,,,,,,,SAFE,-70.796,0.488,0.999,2.24,0.146,-0.0,0.0,0.0,-0.009,0.0,0.0,0.0,0.0,0.0,0.0
IMU,44185935.0,1,-0.0996,-1.0005,-0.0122,-0.55,-0.24,0.0,-90.51,5.2,114.08,26.1,,,,,,,,,,,,,,,,
IMU,44152402.0,2,0.939,0.3574,-0.0278,-1.4,-1.95,0.85,92.38,-70.61,-69.9,27.8,,,,,,,,,,,,,,,,
EXO,44222550,,,,,,,,,,,,SAFE,-70.609,-1.953,1.005,2.24,0.065,-0.0,0.0,0.0,0.005,0.0,0.0,0.0,0.0,0.0,0.0
IMU,44286145.0,1,-0.1006,-1.0024,-0.0088,1.16,-0.98,0.24,-90.52,5.25,114.08,26.2,,,,,,,,,,,,,,,,
IMU,44252335.0,2,0.9419,0.3555,-0.0156,-0.85,-0.31,0.79,92.59,-70.57,-70.4,27.8,,,,,,,,,,,,,,,,
EXO,44322427,,,,,,,,,,,,SAFE,-70.571,-0.305,1.007,2.239,0.025,-0.0,0.0,0.0,-0.021,0.0,0.0,0.0,0.0,0.0,0.0
IMU,44386331.0,1,-0.0972,-0.9912,-0.0015,0.06,0.12,0.92,-90.43,5.32,114.13,26.1,,,,,,,,,,,,,,,,
IMU,44352266.0,2,0.9326,0.3452,-0.0215,-0.12,1.04,1.28,92.25,-70.55,-70.26,27.8,,,,,,,,,,,,,,,,
EXO,44422275,,,,,,,,,,,,SAFE,-70.554,1.038,0.995,2.239,0.108,-0.0,0.0,0.0,-0.031,0.0,0.0,0.0,0.0,0.0,0.0
IMU,44486498.0,1,-0.0991,-0.9946,-0.0088,0.37,3.91,1.1,-90.44,5.47,113.86,26.2,,,,,,,,,,,,,,,,
IMU,44452175.0,2,0.9272,0.3413,-0.021,-4.64,-1.83,2.08,92.2,-70.65,-70.62,27.6,,,,,,,,,,,,,,,,
EXO,44522363,,,,,,,,,,,,SAFE,-70.648,-1.831,0.988,2.236,0.049,-0.0,0.0,0.0,-0.021,0.0,0.0,0.0,0.0,0.0,0.0
IMU,44586673.0,1,-0.1006,-1.0029,0.0073,-1.34,3.11,1.95,-90.4,5.44,113.75,26.1,,,,,,,,,,,,,,,,
IMU,44552096.0,2,0.9277,0.3428,-0.0186,-0.24,0.55,1.16,92.08,-70.69,-71.02,27.7,,,,,,,,,,,,,,,,
EXO,44622275,,,,,,,,,,,,SAFE,-70.692,0.549,0.989,2.19,-0.886,-0.0,0.0,0.0,0.045,0.0,0.0,0.0,0.0,0.0,0.0
IMU,44686862.0,1,-0.0898,-1.0044,-0.0244,1.04,9.77,-5.43,-90.55,5.33,113.04,26.2,,,,,,,,,,,,,,,,
IMU,44652009.0,2,0.9326,0.3452,-0.0103,-12.02,-4.58,34.79,92.79,-72.44,-72.59,27.7,,,,,,,,,,,,,,,,
EXO,44722639,,,,,,,,,,,,SAFE,-72.438,-4.578,0.995,2.088,-1.008,-0.0,0.0,0.0,0.071,0.0,0.0,0.0,0.0,0.0,0.0
IMU,44787064.0,1,-0.0771,-0.9976,0.0039,-6.41,5.37,-6.1,-90.88,4.8,112.15,26.2,,,,,,,,,,,,,,,,
IMU,44751924.0,2,0.9575,0.2466,0.0049,-10.62,-4.39,57.74,94.09,-77.14,-75.42,27.9,,,,,,,,,,,,,,,,
EXO,44822525,,,,,,,,,,,,SAFE,-77.141,-4.395,0.989,1.975,-0.903,-0.0,0.0,0.0,-0.005,0.0,0.0,0.0,0.0,0.0,0.0
IMU,44887247.0,1,-0.0688,-1.0112,0.0034,3.05,3.78,-1.89,-91.16,4.36,111.7,26.1,,,,,,,,,,,,,,,,
IMU,44851845.0,2,0.9761,0.1147,-0.0166,-6.9,-2.26,59.2,101.06,-82.59,-83.45,27.7,,,,,,,,,,,,,,,,
EXO,44922549,,,,,,,,,,,,SAFE,-82.59,-2.258,0.983,1.904,-0.429,-0.0,0.0,0.0,0.04,0.0,0.0,0.0,0.0,0.0,0.0
IMU,44987435.0,1,-0.064,-0.9956,-0.0059,7.63,-0.31,-12.63,-90.47,3.68,111.46,26.3,,,,,,,,,,,,,,,,
IMU,44951759.0,2,1.0747,0.1152,0.0264,-1.95,3.72,14.83,107.2,-86.65,-90.75,27.8,,,,,,,,,,,,,,,,
EXO,45022620,,,,,,,,,,,,SAFE,-86.655,3.723,1.081,1.893,0.091,-0.0,0.0,0.0,0.002,0.0,0.0,0.0,0.0,0.0,0.0
IMU,45087625.0,1,-0.0796,-0.981,-0.0103,-2.93,1.04,7.57,-90.21,3.31,111.24,26.1,,,,,,,,,,,,,,,,
IMU,45051681.0,2,0.9468,-0.0078,0.0068,-1.04,2.81,-1.16,96.99,-86.78,-80.74,27.8,,,,,,,,,,,,,,,,
EXO,45122427,,,,,,,,,,,,SAFE,-86.776,2.808,0.947,1.893,-0.22,-0.0,0.0,0.0,-0.036,0.0,0.0,0.0,0.0,0.0,0.0
IMU,45187804.0,1,-0.0801,-1.0005,-0.0205,-0.31,-7.02,6.29,-90.52,4.21,111.54,26.2,,,,,,,,,,,,,,,,
IMU,45151597.0,2,1.0083,0.019,-0.0137,6.53,-3.3,9.34,106.29,-87.51,-89.95,27.8,,,,,,,,,,,,,,,,
EXO,45222538,,,,,,,,,,,,SAFE,-87.512,-3.296,1.009,1.892,0.155,-0.0,0.0,0.0,0.004,0.0,0.0,0.0,0.0,0.0,0.0
IMU,45287993.0,1,-0.0859,-1.0137,0.0015,3.78,-10.93,8.61,-90.2,4.87,112.4,26.1,,,,,,,,,,,,,,,,
IMU,45251531.0,2,0.9971,0.0254,0.0029,10.56,4.58,8.36,108.23,-88.25,-91.44,27.8,,,,,,,,,,,,,,,,
EXO,45322344,,,,,,,,,,,,SAFE,-88.253,4.578,0.997,1.889,-0.096,-0.0,0.0,0.0,-0.001,0.0,0.0,0.0,0.0,0.0,0.0
IMU,45388169.0,1,-0.1113,-1.002,-0.002,2.2,-8.42,12.08,-89.92,6.02,113.26,26.0,,,,,,,,,,,,,,,,
IMU,45351437.0,2,0.9966,0.0039,0.0073,8.91,2.14,15.62,104.57,-89.51,-86.59,27.7,,,,,,,,,,,,,,,,
EXO,45422459,,,,,,,,,,,,SAFE,-89.506,2.136,0.997,1.834,-1.137,-0.0,0.0,0.0,0.036,0.0,0.0,0.0,0.0,0.0,0.0
IMU,45488351.0,1,-0.0693,-1.0044,0.0073,5.98,5.43,-8.0,-89.51,6.03,113.39,26.1,,,,,,,,,,,,,,,,
IMU,45451360.0,2,0.9287,0.022,0.0015,-3.91,4.39,44.19,-84.38,-87.76,102.79,27.8,,,,,,,,,,,,,,,,
EXO,45522450,,,,,,,,,,,,SAFE,-87.764,4.395,0.929,1.713,-1.19,-0.0,0.0,0.0,-0.061,0.0,0.0,0.0,0.0,0.0,0.0
IMU,45588548.0,1,-0.0864,-0.9609,0.0,3.6,4.88,-9.46,-89.04,5.12,112.95,26.1,,,,,,,,,,,,,,,,
IMU,45551257.0,2,0.9624,-0.1348,0.02,-9.34,6.16,60.42,-85.9,-82.13,99.2,27.7,,,,,,,,,,,,,,,,
EXO,45622416,,,,,,,,,,,,SAFE,-82.128,6.165,0.972,1.599,-0.986,-0.0,0.0,0.0,-0.049,0.0,0.0,0.0,0.0,0.0,0.0
IMU,45688719.0,1,-0.0776,-0.9775,0.0161,2.62,2.62,-7.81,-88.75,4.06,112.58,26.0,,,,,,,,,,,,,,,,
IMU,45651165.0,2,0.8877,-0.2427,0.0244,-5.25,4.7,48.16,-87.3,-76.72,95.11,27.6,,,,,,,,,,,,,,,,
EXO,45722381,,,,,,,,,,,,SAFE,-76.723,4.7,0.921,1.507,-0.681,-0.0,0.0,0.0,0.017,0.0,0.0,0.0,0.0,0.0,0.0
IMU,45788897.0,1,-0.0576,-0.9976,0.0,0.06,-2.69,-4.82,-88.58,3.67,112.3,26.0,,,,,,,,,,,,,,,,
IMU,45751096.0,2,0.9688,-0.3447,0.0234,-5.0,1.89,46.45,-87.85,-72.0,90.73,27.8,,,,,,,,,,,,,,,,
EXO,45822476,,,,,,,,,,,,SAFE,-72.004,1.892,1.029,1.465,-0.194,-0.0,0.0,0.0,-0.031,0.0,0.0,0.0,0.0,0.0,0.0
IMU,45889091.0,1,-0.0747,-1.0073,0.0444,0.61,3.11,1.77,-88.54,3.59,112.1,26.0,,,,,,,,,,,,,,,,
IMU,45851029.0,2,0.9419,-0.3652,0.04,-3.48,-1.28,10.44,-88.24,-69.37,86.6,27.8,,,,,,,,,,,,,,,,
EXO,45922376,,,,,,,,,,,,SAFE,-69.373,-1.282,1.011,1.465,-0.011,-0.0,0.0,0.0,0.003,0.0,0.0,0.0,0.0,0.0,0.0
IMU,45989276.0,1,-0.0669,-0.9912,0.0122,-2.14,-3.23,0.55,-88.71,3.77,112.26,26.0,,,,,,,,,,,,,,,,
IMU,45950929.0,2,0.9204,-0.3701,0.0161,0.67,-2.69,1.28,-88.51,-69.13,82.73,27.7,,,,,,,,,,,,,,,,
EXO,46022384,,,,,,,,,,,,SAFE,-69.131,-2.686,0.992,1.465,0.166,-0.0,0.0,0.0,-0.005,0.0,0.0,0.0,0.0,0.0,0.0
IMU,46089511.0,1,-0.0654,-0.9956,0.0264,0.98,-0.31,1.04,-88.75,3.85,112.52,26.1,,,,,,,,,,,,,,,,
IMU,46050856.0,2,0.9219,-0.3677,0.0254,2.2,-0.92,0.67,-88.71,-69.06,79.37,27.7,,,,,,,,,,,,,,,,
EXO,46122269,,,,,,,,,,,,SAFE,-69.06,-0.916,0.993,1.465,-0.111,-0.0,0.0,0.0,-0.009,0.0,0.0,0.0,0.0,0.0,0.0
IMU,46189632.0,1,-0.0776,-0.9917,0.0229,0.0,-7.57,2.44,-88.67,4.06,112.77,26.1,,,,,,,,,,,,,,,,
IMU,46150773.0,2,0.9116,-0.3896,0.0464,2.99,0.31,3.3,-88.26,-68.86,75.37,27.7,,,,,,,,,,,,,,,,
EXO,46222209,,,,,,,,,,,,SAFE,-68.862,0.305,0.992,1.465,-0.069,-0.0,0.0,0.0,0.005,0.0,0.0,0.0,0.0,0.0,0.0
IMU,46289816.0,1,-0.0508,-0.9922,0.0435,4.33,3.72,-2.08,-88.34,3.85,113.79,26.1,,,,,,,,,,,,,,,,
IMU,46250710.0,2,0.916,-0.375,0.0068,16.3,-0.24,-3.97,-87.31,-68.85,72.31,27.8,,,,,,,,,,,,,,,,
EXO,46322456,,,,,,,,,,,,SAFE,-68.846,-0.244,0.99,1.465,0.036,-0.0,0.0,0.0,-0.009,0.0,0.0,0.0,0.0,0.0,0.0
IMU,46390000.0,1,-0.0532,-0.9937,0.0298,-3.91,0.55,-7.2,-88.32,3.25,113.43,26.1,,,,,,,,,,,,,,,,
IMU,46350637.0,2,0.9312,-0.3535,0.0176,-2.5,0.43,-8.06,-86.49,-69.26,67.96,27.7,,,,,,,,,,,,,,,,
EXO,46422476,,,,,,,,,,,,SAFE,-69.263,0.427,0.996,1.465,0.019,-0.0,0.0,0.0,0.008,0.0,0.0,0.0,0.0,0.0,0.0
IMU,46490177.0,1,-0.0635,-0.9927,0.0225,-0.31,1.34,-13.67,-88.58,2.27,113.28,26.0,,,,,,,,,,,,,,,,
IMU,46450565.0,2,0.9409,-0.3525,0.0327,-2.44,-1.53,-13.0,-87.25,-70.14,65.34,27.8,,,,,,,,,,,,,,,,
EXO,46522729,,,,,,,,,,,,SAFE,-70.137,-1.526,1.005,1.465,0.048,-0.0,0.0,0.0,0.004,0.0,0.0,0.0,0.0,0.0,0.0
IMU,46590366.0,1,-0.0127,-1.0493,0.0293,2.81,-2.62,-9.83,-88.36,1.12,113.12,26.1,,,,,,,,,,,,,,,,
IMU,46550487.0,2,0.9443,-0.3701,0.0356,-0.92,3.48,-12.33,-86.63,-71.51,61.57,27.7,,,,,,,,,,,,,,,,
EXO,46622555,,,,,,,,,,,,SAFE,-71.51,3.479,1.015,1.465,-0.002,-0.0,0.0,0.0,0.004,0.0,0.0,0.0,0.0,0.0,0.0
IMU,46690560.0,1,-0.019,-1.0161,0.0371,12.45,-4.09,-0.49,-87.61,0.85,113.53,26.1,,,,,,,,,,,,,,,,
IMU,46650422.0,2,0.9673,-0.3262,0.0435,7.87,8.0,5.07,-84.57,-71.94,57.15,27.8,,,,,,,,,,,,,,,,
EXO,46722394,,,,,,,,,,,,SAFE,-71.944,7.996,1.022,1.465,0.033,-0.0,0.0,0.0,-0.001,0.0,0.0,0.0,0.0,0.0,0.0
IMU,46790738.0,1,-0.0054,-0.9595,0.0469,1.04,-3.66,-2.44,-86.9,0.88,113.8,26.2,,,,,,,,,,,,,,,,
IMU,46750351.0,2,0.9468,-0.2881,0.0151,3.05,6.35,-0.12,-80.84,-71.52,51.08,27.8,,,,,,,,,,,,,,,,
EXO,46822381,,,,,,,,,,,,SAFE,-71.521,6.348,0.99,1.468,0.158,-0.0,0.0,0.0,0.004,0.0,0.0,0.0,0.0,0.0,0.0
IMU,46890927.0,1,-0.0068,-0.9414,0.0635,-1.1,-7.75,-11.54,-87.14,-0.05,114.81,26.0,,,,,,,,,,,,,,,,
IMU,46850286.0,2,0.9194,-0.2866,0.0425,15.08,-8.85,-13.55,-80.51,-72.38,48.89,27.6,,,,,,,,,,,,,,,,
EXO,46922906,,,,,,,,,,,,SAFE,-72.378,-8.85,0.964,1.515,0.792,-0.0,0.0,0.0,-0.078,0.0,0.0,0.0,0.0,0.0,0.0
IMU,46991115.0,1,0.0317,-0.98,0.0962,-1.16,-4.27,-0.61,-87.13,-0.67,115.65,26.1,,,,,,,,,,,,,,,,
IMU,46950211.0,2,0.9624,-0.2358,0.1084,12.39,-3.97,-49.19,-78.71,-75.16,45.7,27.7,,,,,,,,,,,,,,,,
EXO,47022710,,,,,,,,,,,,SAFE,-75.163,-3.967,0.997,1.635,1.388,-0.0,0.0,0.0,-0.063,0.0,0.0,0.0,0.0,0.0,0.0
IMU,47091287.0,1,0.0039,-0.9868,0.0312,-3.3,0.55,0.43,-87.52,-0.53,115.91,26.2,,,,,,,,,,,,,,,,
IMU,47050148.0,2,1.042,-0.1528,0.0405,6.29,-6.59,-72.2,-72.03,-80.99,37.71,27.7,,,,,,,,,,,,,,,,
EXO,47122590,,,,,,,,,,,,SAFE,-80.991,-6.592,1.054,1.774,1.229,-0.0,0.0,0.0,-0.032,0.0,0.0,0.0,0.0,0.0,0.0
IMU,47191467.0,1,0.0142,-1.0449,0.0527,-7.26,3.85,6.04,-87.93,-0.12,115.47,26.2,,,,,,,,,,,,,,,,
IMU,47150084.0,2,0.9863,-0.0356,-0.0381,-3.6,-9.28,-74.1,-26.5,-87.26,-10.13,27.6,,,,,,,,,,,,,,,,
EXO,47222773,,,,,,,,,,,,SAFE,-87.264,-9.277,0.988,1.902,1.302,-0.0,0.0,0.0,0.076,0.0,0.0,0.0,0.0,0.0,0.0
IMU,47291653.0,1,-0.0078,-1.0273,0.0015,-1.83,-1.34,6.47,-88.58,0.53,115.58,26.3,,,,,,,,,,,,,,,,
IMU,47250026.0,2,0.9761,0.0972,0.0068,6.84,-9.16,-63.11,71.07,-84.48,-109.9,27.6,,,,,,,,,,,,,,,,
EXO,47322550,,,,,,,,,,,,SAFE,-84.479,-9.155,0.981,2.001,0.75,-0.0,0.0,0.0,0.016,0.0,0.0,0.0,0.0,0.0,0.0
IMU,47391837.0,1,-0.0269,-0.9917,0.0391,2.69,-1.28,5.37,-88.39,1.07,115.88,26.1,,,,,,,,,,,,,,,,
IMU,47349976.0,2,1.02,0.1938,0.0259,7.57,3.36,-44.01,80.51,-79.57,-120.37,27.7,,,,,,,,,,,,,,,,
EXO,47422367,,,,,,,,,,,,SAFE,-79.574,3.357,1.039,2.064,0.604,-0.0,0.0,0.0,0.008,0.0,0.0,0.0,0.0,0.0,0.0
IMU,47492027.0,1,-0.0322,-0.999,0.042,-1.16,0.18,2.14,-88.25,1.22,115.99,26.0,,,,,,,,,,,,,,,,
IMU,47449905.0,2,0.8984,0.2666,-0.0132,2.26,0.43,-27.1,81.81,-76.11,-121.71,27.8,,,,,,,,,,,,,,,,
EXO,47522443,,,,,,,,,,,,SAFE,-76.113,0.427,0.937,2.084,0.079,-0.0,0.0,0.0,0.01,0.0,0.0,0.0,0.0,0.0,0.0
IMU,47592218.0,1,-0.0142,-0.9941,0.0254,-3.72,2.87,-0.92,-88.51,1.09,115.75,26.0,,,,,,,,,,,,,,,,
IMU,47549828.0,2,0.9766,0.272,-0.0269,-5.43,0.37,-1.04,83.3,-74.49,-123.26,27.9,,,,,,,,,,,,,,,,
EXO,47622528,,,,,,,,,,,,SAFE,-74.487,0.366,1.014,2.084,-0.019,-0.0,0.0,0.0,-0.023,0.0,0.0,0.0,0.0,0.0,0.0
IMU,47692402.0,1,-0.0317,-0.9951,0.0142,-3.66,0.24,-0.55,-88.94,1.09,115.65,26.2,,,,,,,,,,,,,,,,
IMU,47649773.0,2,0.9614,0.2788,0.0171,0.37,-5.86,-0.06,85.03,-74.48,-125.28,27.8,,,,,,,,,,,,,,,,
EXO,47722464,,,,,,,,,,,,SAFE,-74.476,-5.859,1.001,2.085,0.061,-0.0,0.0,0.0,-0.012,0.0,0.0,0.0,0.0,0.0,0.0
IMU,47792608.0,1,-0.0322,-1.0078,0.0156,0.92,-2.56,4.15,-89.03,1.3,115.84,26.1,,,,,,,,,,,,,,,,
IMU,47749712.0,2,0.9619,0.2729,0.02,2.69,0.06,2.26,86.06,-74.51,-126.33,27.6,,,,,,,,,,,,,,,,
EXO,47822184,,,,,,,,,,,,SAFE,-74.509,0.061,1.0,2.084,-0.15,-0.0,0.0,0.0,0.017,0.0,0.0,0.0,0.0,0.0,0.0
IMU,47892793.0,1,-0.0283,-0.9937,0.0146,0.31,-3.17,2.32,-88.85,1.71,116.08,26.2,,,,,,,,,,,,,,,,
IMU,47849657.0,2,0.9551,0.2842,0.0098,0.67,2.93,4.88,85.37,-74.88,-125.6,27.7,,,,,,,,,,,,,,,,
EXO,47922191,,,,,,,,,,,,SAFE,-74.883,2.93,0.997,2.084,-0.042,-0.0,0.0,0.0,0.01,0.0,0.0,0.0,0.0,0.0,0.0
IMU,47992978.0,1,-0.0322,-0.9863,0.0166,-0.85,-1.53,0.24,-88.92,1.79,116.28,26.2,,,,,,,,,,,,,,,,
IMU,47949642.0,2,0.9507,0.2705,0.0029,1.77,-0.37,0.61,85.2,-75.04,-125.26,27.9,,,,,,,,,,,,,,,,
EXO,48022361,,,,,,,,,,,,SAFE,-75.042,-0.366,0.988,2.084,-0.022,-0.0,0.0,0.0,0.046,0.0,0.0,0.0,0.0,0.0,0.0
IMU,48093167.0,1,-0.0073,-0.998,0.0005,-2.93,0.92,4.15,-89.12,1.85,116.43,26.1,,,,,,,,,,,,,,,,
IMU,48049585.0,2,0.9307,0.2612,0.0142,2.99,-1.4,0.49,85.75,-75.03,-125.63,27.8,,,,,,,,,,,,,,,,
EXO,48122267,,,,,,,,,,,,SAFE,-75.031,-1.404,0.967,2.084,0.104,-0.0,0.0,0.0,0.005,0.0,0.0,0.0,0.0,0.0,0.0
IMU,48193357.0,1,-0.0518,-1.0,0.0186,-1.16,-4.58,-5.74,-89.18,2.05,116.5,26.1,,,,,,,,,,,,,,,,
IMU,48149510.0,2,0.9731,0.2588,0.0088,-0.37,1.1,3.66,86.28,-75.42,-126.16,27.7,,,,,,,,,,,,,,,,
EXO,48222442,,,,,,,,,,,,SAFE,-75.416,1.099,1.007,2.083,-0.007,-0.0,0.0,0.0,-0.005,0.0,0.0,0.0,0.0,0.0,0.0
IMU,48293556.0,1,-0.0005,-1.0308,0.0356,-7.39,-2.44,-2.32,-89.76,1.42,117.04,26.1,,,,,,,,,,,,,,,,
IMU,48249456.0,2,0.9697,0.2734,0.0225,9.16,-5.07,-7.81,87.39,-74.84,-126.71,27.9,,,,,,,,,,,,,,,,
EXO,48322516,,,,,,,,,,,,SAFE,-74.844,-5.066,1.008,2.084,0.111,-0.0,0.0,0.0,0.021,0.0,0.0,0.0,0.0,0.0,0.0
IMU,48393734.0,1,-0.02,-1.0005,-0.0015,8.61,5.49,1.89,-89.58,1.57,116.72,26.2,,,,,,,,,,,,,,,,
IMU,48349390.0,2,0.9746,0.29,0.0146,-6.16,0.12,2.75,89.25,-74.65,-128.67,27.7,,,,,,,,,,,,,,,,
EXO,48422282,,,,,,,,,,,,SAFE,-74.652,0.122,1.017,2.084,0.092,-0.0,0.0,0.0,-0.027,0.0,0.0,0.0,0.0,0.0,0.0
IMU,48493909.0,1,-0.021,-0.9888,0.0083,0.0,1.1,1.77,-89.01,1.62,116.43,26.0,,,,,,,,,,,,,,,,
IMU,48449268.0,2,0.9487,0.2769,-0.0132,-4.39,5.31,0.06,86.48,-74.7,-126.7,27.7,,,,,,,,,,,,,,,,
EXO,48522275,,,,,,,,,,,,SAFE,-74.702,5.31,0.988,2.083,-0.01,-0.0,0.0,0.0,0.023,0.0,0.0,0.0,0.0,0.0,0.0
IMU,48594102.0,1,-0.0298,-0.9985,0.0039,-5.68,1.65,-1.95,-89.51,1.63,116.38,26.0,,,,,,,,,,,,,,,,
IMU,48549202.0,2,0.957,0.2773,-0.0039,1.77,-5.68,0.55,86.9,-74.76,-127.11,27.9,,,,,,,,,,,,,,,,
EXO,48622448,,,,,,,,,,,,SAFE,-74.762,-5.676,0.996,2.083,-0.01,-0.0,0.0,0.0,-0.011,0.0,0.0,0.0,0.0,0.0,0.0
IMU,48694285.0,1,-0.0254,-1.0068,0.0044,2.81,0.49,-1.95,-89.6,1.41,116.27,26.1,,,,,,,,,,,,,,,,
IMU,48649146.0,2,0.96,0.2695,0.0151,-1.22,-0.98,-2.38,88.76,-74.54,-129.01,27.7,,,,,,,,,,,,,,,,
EXO,48722446,,,,,,,,,,,,SAFE,-74.537,-0.977,0.997,2.084,0.054,-0.0,0.0,0.0,0.003,0.0,0.0,0.0,0.0,0.0,0.0
IMU,48794480.0,1,-0.0244,-0.9985,0.0068,0.37,0.98,-0.43,-89.37,1.31,116.23,26.0,,,,,,,,,,,,,,,,
IMU,48749088.0,2,0.9556,0.2715,0.0029,-1.1,2.75,-1.34,87.9,-74.31,-128.41,27.8,,,,,,,,,,,,,,,,
EXO,48822356,,,,,,,,,,,,SAFE,-74.306,2.747,0.993,2.084,0.132,-0.0,0.0,0.0,0.047,0.0,0.0,0.0,0.0,0.0,0.0
IMU,48894667.0,1,-0.0156,-0.9995,0.0054,-3.78,0.12,-1.89,-89.63,1.09,116.23,26.2,,,,,,,,,,,,,,,,
IMU,48849102.0,2,0.9624,0.293,-0.0005,1.71,-2.5,-3.11,88.1,-74.17,-128.61,27.8,,,,,,,,,,,,,,,,
EXO,48922538,,,,,,,,,,,,SAFE,-74.174,-2.502,1.006,2.084,0.076,-0.0,0.0,0.0,-0.001,0.0,0.0,0.0,0.0,0.0,0.0
IMU,48994842.0,1,-0.0234,-1.0112,0.0,0.43,-2.01,-0.67,-89.84,1.03,116.37,26.1,,,,,,,,,,,,,,,,
IMU,48948944.0,2,0.9619,0.2788,0.0024,1.89,-1.77,-0.49,89.38,-73.99,-129.76,27.6,,,,,,,,,,,,,,,,
EXO,49022454,,,,,,,,,,,,SAFE,-73.987,-1.77,1.002,2.084,-0.046,-0.0,0.0,0.0,-0.011,0.0,0.0,0.0,0.0,0.0,0.0
IMU,49095039.0,1,-0.0142,-1.002,0.0181,0.43,-2.62,1.34,-89.68,1.02,116.61,26.2,,,,,,,,,,,,,,,,
IMU,49048858.0,2,0.9697,0.2852,0.0,1.4,2.99,-0.31,89.11,-73.92,-129.43,27.9,,,,,,,,,,,,,,,,
EXO,49122257,,,,,,,,,,,,SAFE,-73.916,2.991,1.011,2.084,-0.003,-0.0,0.0,0.0,-0.003,0.0,0.0,0.0,0.0,0.0,0.0
IMU,49195205.0,1,-0.0107,-0.9966,0.0151,0.85,-0.24,1.95,-89.61,1.14,116.76,26.1,,,,,,,,,,,,,,,,
IMU,49148794.0,2,0.9629,0.2881,0.002,0.92,1.22,1.1,88.79,-73.98,-128.95,27.7,,,,,,,,,,,,,,,,
EXO,49222178,,,,,,,,,,,,SAFE,-73.982,1.221,1.005,2.084,0.068,-0.0,0.0,0.0,-0.004,0.0,0.0,0.0,0.0,0.0,0.0
IMU,49295371.0,1,-0.0186,-0.9902,0.0156,-1.04,0.0,0.67,-89.61,1.24,116.72,26.1,,,,,,,,,,,,,,,,
IMU,49248727.0,2,0.9487,0.2881,0.0005,-0.73,-0.37,0.92,88.53,-74.1,-128.73,27.7,,,,,,,,,,,,,,,,
EXO,49322349,,,,,,,,,,,,SAFE,-74.097,-0.366,0.992,2.083,0.046,-0.0,0.0,0.0,0.0,0.0,0.0,0.0,0.0,0.0,0.0
IMU,49395582.0,1,-0.0361,-1.0093,0.0,-4.27,-2.62,4.09,-89.99,1.54,116.91,26.1,,,,,,,,,,,,,,,,
IMU,49348676.0,2,0.9492,0.2842,-0.002,8.06,-4.03,3.97,89.31,-74.25,-129.46,27.6,,,,,,,,,,,,,,,,
EXO,49422449,,,,,,,,,,,,SAFE,-74.251,-4.028,0.991,2.083,0.057,-0.0,0.0,0.0,0.005,0.0,0.0,0.0,0.0,0.0,0.0
IMU,49495751.0,1,-0.0283,-1.0132,0.0117,4.39,7.26,5.19,-89.9,1.85,117.04,26.2,,,,,,,,,,,,,,,,
IMU,49448595.0,2,0.9805,0.2744,-0.0024,3.36,2.5,2.81,90.39,-74.58,-130.17,27.7,,,,,,,,,,,,,,,,
EXO,49522193,,,,,,,,,,,,SAFE,-74.575,2.502,1.018,2.081,-0.052,-0.0,0.0,0.0,-0.002,0.0,0.0,0.0,0.0,0.0,0.0
IMU,49595939.0,1,-0.0601,-1.0078,-0.0171,-0.24,0.12,7.08,-89.67,2.43,116.63,26.0,,,,,,,,,,,,,,,,
IMU,49548513.0,2,0.9585,0.2495,0.0181,-4.58,-2.14,8.73,88.93,-75.31,-129.31,27.9,,,,,,,,,,,,,,,,
EXO,49622454,,,,,,,,,,,,SAFE,-75.306,-2.136,0.991,2.057,-0.434,-0.0,0.0,0.0,0.009,0.0,0.0,0.0,0.0,0.0,0.0
IMU,49696132.0,1,-0.041,-0.9917,-0.0415,-3.23,-11.78,8.06,-89.73,2.89,117.0,25.9,,,,,,,,,,,,,,,,
IMU,49648448.0,2,0.9917,0.2144,-0.0176,0.12,0.73,23.93,88.76,-76.82,-129.11,27.8,,,,,,,,,,,,,,,,
EXO,49722640,,,,,,,,,,,,SAFE,-76.822,0.732,1.015,1.993,-0.997,-0.0,0.0,0.0,0.031,0.0,0.0,0.0,0.0,0.0,0.0
IMU,49796307.0,1,-0.0547,-1.0239,0.0435,3.66,-2.2,2.69,-89.84,3.47,117.75,25.9,,,,,,,,,,,,,,,,
IMU,49748375.0,2,0.9312,0.209,0.0142,7.81,0.73,54.14,89.18,-80.44,-128.73,27.8,,,,,,,,,,,,,,,,
EXO,49822280,,,,,,,,,,,,SAFE,-80.442,0.732,0.954,1.907,-0.613,-0.0,0.0,0.0,-0.016,0.0,0.0,0.0,0.0,0.0,0.0
IMU,49896492.0,1,-0.021,-0.9976,0.0459,14.34,8.61,-12.82,-88.8,2.92,117.53,26.1,,,,,,,,,,,,,,,,
IMU,49848310.0,2,1.1807,0.1123,0.0132,-7.69,14.47,36.32,80.03,-85.41,-119.77,27.6,,,,,,,,,,,,,,,,
EXO,49922628,,,,,,,,,,,,SAFE,-85.413,14.465,1.186,1.892,0.088,-0.0,0.0,0.0,0.011,0.0,0.0,0.0,0.0,0.0,0.0
IMU,49996672.0,1,-0.062,-0.9653,0.0312,-6.41,4.52,4.76,-88.48,2.63,116.75,26.0,,,,,,,,,,,,,,,,
IMU,49948226.0,2,0.9141,0.0215,0.0571,-7.39,5.13,-5.49,65.15,-85.69,-105.86,27.8,,,,,,,,,,,,,,,,
EXO,50022516,,,,,,,,,,,,SAFE,-85.693,5.127,0.916,1.892,-0.066,-0.0,0.0,0.0,-0.006,0.0,0.0,0.0,0.0,0.0,0.0
IMU,50096860.0,1,-0.0649,-0.9854,-0.0063,-2.38,-4.21,0.55,-89.1,3.2,116.73,26.0,,,,,,,,,,,,,,,,
IMU,50048172.0,2,0.9771,0.0312,0.0269,0.31,-7.32,7.51,71.08,-86.26,-112.65,27.8,,,,,,,,,,,,,,,,
EXO,50122492,,,,,,,,,,,,SAFE,-86.265,-7.324,0.978,1.892,-0.046,-0.0,0.0,0.0,0.011,0.0,0.0,0.0,0.0,0.0,0.0
IMU,50197051.0,1,-0.0444,-1.0132,0.0298,0.37,-3.54,-2.99,-89.06,2.79,117.15,26.0,,,,,,,,,,,,,,,,
IMU,50148088.0,2,0.9932,0.0654,0.0186,5.43,2.26,-5.74,73.84,-86.33,-116.11,27.7,,,,,,,,,,,,,,,,
EXO,50222385,,,,,,,,,,,,SAFE,-86.331,2.258,0.995,1.892,0.08,-0.0,0.0,0.0,0.005,0.0,0.0,0.0,0.0,0.0,0.0
IMU,50297228.0,1,-0.0557,-1.0122,0.0244,0.0,1.83,2.38,-89.07,2.84,117.24,26.1,,,,,,,,,,,,,,,,
IMU,50248002.0,2,0.9971,0.0586,0.0264,1.34,-0.31,0.73,73.71,-86.06,-116.6,27.8,,,,,,,,,,,,,,,,
EXO,50322194,,,,,,,,,,,,SAFE,-86.056,-0.305,0.999,1.892,0.079,-0.0,0.0,0.0,0.005,0.0,0.0,0.0,0.0,0.0,0.0
IMU,50397434.0,1,-0.0669,-1.002,0.0137,2.08,-1.22,2.38,-88.95,3.11,117.26,26.1,,,,,,,,,,,,,,,,
IMU,50347931.0,2,1.0034,0.0444,0.0225,0.12,1.22,2.69,72.32,-86.31,-116.32,27.6,,,,,,,,,,,,,,,,
EXO,50422185,,,,,,,,,,,,SAFE,-86.309,1.221,1.005,1.892,-0.013,-0.0,0.0,0.0,0.011,0.0,0.0,0.0,0.0,0.0,0.0
IMU,50497624.0,1,-0.0439,-0.9902,0.0283,-0.49,-2.56,2.2,-88.8,3.28,117.57,26.1,,,,,,,,,,,,,,,,
IMU,50447847.0,2,0.9961,0.0454,0.0156,3.72,2.69,1.34,67.64,-86.48,-112.27,27.6,,,,,,,,,,,,,,,,
EXO,50522265,,,,,,,,,,,,SAFE,-86.484,2.686,0.997,1.892,-0.041,-0.0,0.0,0.0,0.017,0.0,0.0,0.0,0.0,0.0,0.0
IMU,50597792.0,1,-0.0557,-0.9941,0.0229,-0.67,0.0,-0.12,-88.95,3.38,117.66,26.1,,,,,,,,,,,,,,,,
IMU,50547773.0,2,0.9893,0.0557,0.0181,1.77,-2.2,1.34,67.13,-86.68,-111.79,27.7,,,,,,,,,,,,,,,,
EXO,50622366,,,,,,,,,,,,SAFE,-86.677,-2.197,0.991,1.892,0.101,-0.0,0.0,0.0,-0.005,0.0,0.0,0.0,0.0,0.0,0.0
IMU,50697996.0,1,-0.062,-1.001,0.0205,1.22,0.24,0.92,-88.87,3.34,117.61,26.1,,,,,,,,,,,,,,,,
IMU,50647702.0,2,0.9995,0.043,0.0273,-0.67,0.92,-1.04,68.47,-86.69,-113.57,27.8,,,,,,,,,,,,,,,,
EXO,50722273,,,,,,,,,,,,SAFE,-86.688,0.916,1.001,1.892,0.044,-0.0,0.0,0.0,-0.01,0.0,0.0,0.0,0.0,0.0,0.0
IMU,50798189.0,1,-0.0615,-0.9956,0.0269,-0.85,-0.31,0.55,-88.81,3.41,117.7,26.1,,,,,,,,,,,,,,,,
IMU,50747633.0,2,1.0,0.0449,0.0225,1.53,0.98,0.37,65.97,-86.69,-111.79,27.8,,,,,,,,,,,,,,,,
EXO,50822256,,,,,,,,,,,,SAFE,-86.693,0.977,1.001,1.892,-0.061,-0.0,0.0,0.0,-0.042,0.0,0.0,0.0,0.0,0.0,0.0
IMU,50898381.0,1,-0.0605,-0.9985,0.0186,-1.65,-0.55,1.77,-88.91,3.4,117.72,26.0,,,,,,,,,,,,,,,,
IMU,50847572.0,2,0.9932,0.0532,0.0195,0.12,-1.16,-0.98,66.6,-86.75,-112.91,27.6,,,,,,,,,,,,,,,,
EXO,50922468,,,,,,,,,,,,SAFE,-86.748,-1.16,0.995,1.892,-0.041,-0.0,0.0,0.0,-0.02,0.0,0.0,0.0,0.0,0.0,0.0
IMU,50998572.0,1,-0.0776,-0.9932,0.0151,-0.92,-2.26,7.69,-89.05,3.99,117.98,26.0,,,,,,,,,,,,,,,,
IMU,50947462.0,2,0.9814,0.0239,0.0229,3.97,-1.34,6.41,66.68,-87.09,-113.51,27.9,,,,,,,,,,,,,,,,
EXO,51022369,,,,,,,,,,,,SAFE,-87.089,-1.343,0.982,1.891,-0.05,-0.0,0.0,0.0,-0.006,0.0,0.0,0.0,0.0,0.0,0.0
IMU,51098762.0,1,-0.0664,-1.0,0.0181,1.4,-1.83,0.43,-89.01,4.47,118.3,26.0,,,,,,,,,,,,,,,,
IMU,51047368.0,2,1.0078,0.0464,0.0156,3.6,0.61,6.04,59.28,-87.81,-106.61,27.8,,,,,,,,,,,,,,,,
EXO,51122192,,,,,,,,,,,,SAFE,-87.814,0.61,1.009,1.891,-0.124,-0.0,0.0,0.0,-0.002,0.0,0.0,0.0,0.0,0.0,0.0
IMU,51198949.0,1,-0.0869,-0.9883,0.0142,-2.01,2.87,-0.18,-89.06,4.41,118.21,26.0,,,,,,,,,,,,,,,,
IMU,51147294.0,2,0.9985,0.0366,0.0093,-0.67,-1.34,-0.49,55.87,-87.87,-102.81,27.6,,,,,,,,,,,,,,,,
EXO,51222541,,,,,,,,,,,,SAFE,-87.869,-1.343,0.999,1.891,0.001,-0.0,0.0,0.0,-0.03,0.0,0.0,0.0,0.0,0.0,0.0
IMU,51299157.0,1,-0.0869,-0.9883,0.0142,0.43,-0.85,0.55,-89.17,4.41,118.19,25.9,,,,,,,,,,,,,,,,
IMU,51247183.0,2,0.9941,0.0122,0.0156,0.67,-1.83,0.0,61.67,-87.96,-108.68,27.8,,,,,,,,,,,,,,,,
EXO,51322281,,,,,,,,,,,,SAFE,-87.962,-1.831,0.994,1.89,-0.021,-0.0,0.0,0.0,-0.019,0.0,0.0,0.0,0.0,0.0,0.0
IMU,51399354.0,1,-0.0771,-0.9966,0.0137,-1.77,-1.77,2.26,-89.19,4.48,118.31,26.1,,,,,,,,,,,,,,,,
IMU,51347154.0,2,0.9878,0.0244,0.0088,1.22,0.0,0.06,60.46,-88.01,-108.23,27.8,,,,,,,,,,,,,,,,
EXO,51422278,,,,,,,,,,,,SAFE,-88.006,0.0,0.988,1.89,-0.015,-0.0,0.0,0.0,-0.025,0.0,0.0,0.0,0.0,0.0,0.0
IMU,51499579.0,1,-0.0811,-1.0005,0.0151,0.0,0.06,0.79,-89.25,4.58,118.38,26.1,,,,,,,,,,,,,,,,
IMU,51447069.0,2,1.0029,0.0317,0.0176,0.67,-0.98,1.16,59.65,-88.2,-107.75,27.8,,,,,,,,,,,,,,,,
EXO,51522203,,,,,,,,,,,,SAFE,-88.204,-0.977,1.004,1.889,-0.045,-0.0,0.0,0.0,-0.006,0.0,0.0,0.0,0.0,0.0,0.0
IMU,51599716.0,1,-0.0894,-0.9941,0.0181,1.22,0.18,-0.12,-89.15,4.65,118.34,26.2,,,,,,,,,,,,,,,,
IMU,51546981.0,2,1.0059,0.0225,0.0117,-0.73,0.85,1.59,56.82,-88.31,-105.25,27.7,,,,,,,,,,,,,,,,
EXO,51622268,,,,,,,,,,,,SAFE,-88.314,0.854,1.006,1.867,-0.489,-0.0,0.0,0.0,0.01,0.0,0.0,0.0,0.0,0.0,0.0
IMU,51699899.0,1,-0.0654,-1.0088,-0.0146,4.76,2.38,-11.41,-88.91,4.1,118.18,26.0,,,,,,,,,,,,,,,,
IMU,51646887.0,2,1.0557,-0.0015,-0.04,-4.64,6.29,15.38,38.8,-88.6,-87.18,27.9,,,,,,,,,,,,,,,,
EXO,51722647,,,,,,,,,,,,SAFE,-88.599,6.287,1.056,1.806,-0.358,-0.0,0.0,0.0,0.008,0.0,0.0,0.0,0.0,0.0,0.0
IMU,51800085.0,1,-0.0605,-0.9971,0.0664,0.37,5.74,-1.95,-88.54,3.22,117.7,26.2,,,,,,,,,,,,,,,,
IMU,51746791.0,2,1.0659,-0.0259,0.0503,-9.46,5.07,25.27,-39.06,-87.93,-7.49,27.6,,,,,,,,,,,,,,,,
EXO,51822356,,,,,,,,,,,,SAFE,-87.929,5.066,1.067,1.784,-0.026,-0.0,0.0,0.0,-0.02,0.0,0.0,0.0,0.0,0.0,0.0
IMU,51900268.0,1,-0.0757,-0.9834,0.0073,-0.79,1.28,-0.06,-88.55,3.1,117.16,26.1,,,,,,,,,,,,,,,,
IMU,51846727.0,2,1.0,-0.0659,0.0454,-8.61,-0.73,7.87,-56.28,-86.93,10.27,27.9,,,,,,,,,,,,,,,,
EXO,51922456,,,,,,,,,,,,SAFE,-86.935,-0.732,1.003,1.785,-0.08,-0.0,0.0,0.0,-0.002,0.0,0.0,0.0,0.0,0.0,0.0
IMU,52000460.0,1,-0.0459,-1.0044,0.0234,-3.11,-4.46,-1.34,-88.74,3.0,117.34,26.0,,,,,,,,,,,,,,,,
IMU,51946638.0,2,0.9995,-0.0684,0.0205,1.83,-1.34,-1.77,-57.95,-86.98,11.17,27.8,,,,,,,,,,,,,,,,
EXO,52022558,,,,,,,,,,,,SAFE,-86.979,-1.343,1.002,1.785,0.186,-0.0,0.0,0.0,0.002,0.0,0.0,0.0,0.0,0.0,0.0
IMU,52100650.0,1,-0.0425,-1.0122,0.0283,-1.1,0.18,0.18,-88.99,2.99,117.61,26.1,,,,,,,,,,,,,,,,
IMU,52046551.0,2,1.0054,-0.0449,0.0288,4.27,-2.93,-2.14,-59.83,-87.25,12.71,27.8,,,,,,,,,,,,,,,,
EXO,52122360,,,,,,,,,,,,SAFE,-87.248,-2.93,1.007,1.785,-0.104,-0.0,0.0,0.0,-0.007,0.0,0.0,0.0,0.0,0.0,0.0
IMU,52200840.0,1,-0.0571,-0.9941,0.0176,0.49,1.53,-1.95,-88.9,2.86,117.43,26.1,,,,,,,,,,,,,,,,
IMU,52146450.0,2,1.002,-0.0405,0.0312,-3.11,0.67,-2.08,-59.1,-87.52,11.71,27.8,,,,,,,,,,,,,,,,
EXO,52222371,,,,,,,,,,,,SAFE,-87.517,0.671,1.003,1.79,-0.019,-0.0,0.0,0.0,0.013,0.0,0.0,0.0,0.0,0.0,0.0
IMU,52301039.0,1,-0.0464,-1.0103,0.0151,2.99,-1.65,-4.52,-88.74,2.57,117.43,26.2,,,,,,,,,,,,,,,,
IMU,52246385.0,2,1.0,-0.0249,0.0273,0.31,0.85,-7.39,-51.55,-87.83,3.71,27.7,,,,,,,,,,,,,,,,
EXO,52322334,,,,,,,,,,,,SAFE,-87.83,0.854,1.001,1.794,0.093,-0.0,0.0,0.0,-0.04,0.0,0.0,0.0,0.0,0.0,0.0
IMU,52401237.0,1,-0.0503,-0.998,0.0269,1.65,-0.12,1.28,-88.5,2.39,117.56,26.1,,,,,,,,,,,,,,,,
IMU,52346316.0,2,0.9868,-0.0337,0.0249,1.22,2.81,-2.93,-32.1,-88.11,-16.29,27.7,,,,,,,,,,,,,,,,
EXO,52422367,,,,,,,,,,,,SAFE,-88.11,2.808,0.988,1.794,-0.026,-0.0,0.0,0.0,0.014,0.0,0.0,0.0,0.0,0.0,0.0
IMU,52501415.0,1,-0.0444,-0.9976,0.021,2.2,-0.37,-0.37,-88.34,2.47,117.56,26.0,,,,,,,,,,,,,,,,
IMU,52446220.0,2,1.001,-0.0283,0.0273,-0.06,1.59,0.18,-30.66,-87.93,-18.86,27.8,,,,,,,,,,,,,,,,
EXO,52522449,,,,,,,,,,,,SAFE,-87.929,1.587,1.002,1.795,0.132,-0.0,0.0,0.0,-0.003,0.0,0.0,0.0,0.0,0.0,0.0
IMU,52601628.0,1,-0.0488,-0.9932,0.0293,-1.59,-0.61,0.18,-88.37,2.56,117.61,26.0,,,,,,,,,,,,,,,,
IMU,52546126.0,2,0.9888,-0.0269,0.0303,0.79,0.0,1.28,-29.85,-87.79,-20.64,27.7,,,,,,,,,,,,,,,,
EXO,52622360,,,,,,,,,,,,SAFE,-87.786,0.0,0.99,1.794,-0.01,-0.0,0.0,0.0,-0.003,0.0,0.0,0.0,0.0,0.0,0.0
IMU,52701802.0,1,-0.0381,-1.0024,0.0352,-0.61,-2.26,0.06,-88.43,2.49,117.66,26.0,,,,,,,,,,,,,,,,
IMU,52646044.0,2,0.9941,-0.0269,0.0376,0.12,-1.04,-1.1,-32.78,-87.87,-18.3,27.8,,,,,,,,,,,,,,,,
EXO,52722564,,,,,,,,,,,,SAFE,-87.874,-1.038,0.995,1.795,-0.05,-0.0,0.0,0.0,-0.016,0.0,0.0,0.0,0.0,0.0,0.0
IMU,52801996.0,1,-0.0337,-1.001,0.0317,1.1,-0.24,-0.37,-88.43,2.5,117.76,26.1,,,,,,,,,,,,,,,,
IMU,52745955.0,2,0.9927,-0.0166,0.0283,1.04,-0.85,0.43,-33.05,-87.91,-18.19,27.7,,,,,,,,,,,,,,,,
EXO,52822455,,,,,,,,,,,,SAFE,-87.913,-0.854,0.993,1.81,0.51,-0.0,0.0,0.0,-0.06,0.0,0.0,0.0,0.0,0.0,0.0
IMU,52902189.0,1,-0.0825,-0.9517,0.0073,-3.72,-2.32,10.13,-88.45,2.9,117.76,26.0,,,,,,,,,,,,,,,,
IMU,52845888.0,2,1.0391,-0.0522,0.043,0.55,0.61,-11.6,-24.59,-87.99,-26.82,27.6,,,,,,,,,,,,,,,,
EXO,52922635,,,,,,,,,,,,SAFE,-87.995,0.61,1.041,1.87,0.507,-0.0,0.0,0.0,-0.023,0.0,0.0,0.0,0.0,0.0,0.0
IMU,53002393.0,1,-0.0859,-1.0317,0.0195,-0.85,-4.15,7.02,-88.82,3.8,118.17,26.1,,,,,,,,,,,,,,,,
IMU,52945785.0,2,0.9805,0.0195,0.0054,8.18,-5.37,-22.46,41.93,-88.04,-94.54,27.8,,,,,,,,,,,,,,,,
EXO,53022463,,,,,,,,,,,,SAFE,-88.044,-5.371,0.981,1.884,-0.048,-0.0,0.0,0.0,0.038,0.0,0.0,0.0,0.0,0.0,0.0
IMU,53102592.0,1,-0.0532,-0.9854,0.0391,-1.46,-1.83,3.05,-88.82,4.25,118.64,26.1,,,,,,,,,,,,,,,,
IMU,53045719.0,2,0.9956,0.0483,0.0132,3.85,2.56,10.19,54.83,-87.59,-108.19,27.6,,,,,,,,,,,,,,,,
EXO,53122349,,,,,,,,,,,,SAFE,-87.594,2.563,0.997,1.884,-0.058,-0.0,0.0,0.0,-0.001,0.0,0.0,0.0,0.0,0.0,0.0
IMU,53202768.0,1,-0.0767,-0.9854,0.0342,0.12,6.41,-1.83,-88.87,4.06,118.25,26.2,,,,,,,,,,,,,,,,
IMU,53145620.0,2,0.9639,0.0747,0.0239,-2.14,-2.93,-3.85,53.38,-87.76,-104.43,27.7,,,,,,,,,,,,,,,,
EXO,53222481,,,,,,,,,,,,SAFE,-87.764,-2.93,0.967,1.884,-0.033,-0.0,0.0,0.0,-0.003,0.0,0.0,0.0,0.0,0.0,0.0
IMU,53302967.0,1,-0.085,-1.0034,0.0029,1.34,0.37,0.55,-88.91,4.15,117.86,26.1,,,,,,,,,,,,,,,,
IMU,53245546.0,2,0.9873,0.0146,0.0205,-5.43,-1.4,1.65,57.21,-87.7,-106.93,27.8,,,,,,,,,,,,,,,,
EXO,53322277,,,,,,,,,,,,SAFE,-87.704,-1.404,0.988,1.884,0.018,-0.0,0.0,0.0,0.022,0.0,0.0,0.0,0.0,0.0,0.0
IMU,53403166.0,1,-0.0586,-1.0068,0.0132,1.59,1.46,-3.97,-88.76,4.06,117.86,26.2,,,,,,,,,,,,,,,,
IMU,53345461.0,2,1.0254,0.0303,0.0132,0.24,2.32,-0.18,51.32,-87.86,-99.73,27.6,,,,,,,,,,,,,,,,
EXO,53422202,,,,,,,,,,,,SAFE,-87.858,2.319,1.026,1.884,0.108,-0.0,0.0,0.0,-0.02,0.0,0.0,0.0,0.0,0.0,0.0
IMU,53503348.0,1,-0.064,-0.9902,0.04,-2.87,4.58,0.98,-88.76,3.74,117.49,26.2,,,,,,,,,,,,,,,,
IMU,53445368.0,2,0.9932,0.0347,0.0225,-7.75,1.16,-2.5,54.78,-87.44,-100.86,27.7,,,,,,,,,,,,,,,,
EXO,53522354,,,,,,,,,,,,SAFE,-87.44,1.16,0.994,1.884,0.054,-0.0,0.0,0.0,-0.044,0.0,0.0,0.0,0.0,0.0,0.0
IMU,53603557.0,1,-0.0723,-1.0029,0.0151,-1.46,-1.16,0.24,-89.07,3.83,117.39,26.2,,,,,,,,,,,,,,,,
IMU,53545283.0,2,0.9829,0.0303,0.0244,-0.67,-4.7,1.34,58.54,-87.68,-103.01,27.8,,,,,,,,,,,,,,,,
EXO,53622475,,,,,,,,,,,,SAFE,-87.676,-4.7,0.984,1.884,-0.077,-0.0,0.0,0.0,0.0,0.0,0.0,0.0,0.0,0.0,0.0
IMU,53703751.0,1,-0.0513,-1.0029,0.0127,-2.32,0.12,-0.18,-89.18,3.87,117.52,26.1,,,,,,,,,,,,,,,,
IMU,53645176.0,2,1.0093,0.0391,0.0142,2.08,-0.49,0.0,61.74,-87.8,-104.92,27.8,,,,,,,,,,,,,,,,
EXO,53722401,,,,,,,,,,,,SAFE,-87.803,-0.488,1.01,1.884,-0.087,-0.0,0.0,0.0,0.004,0.0,0.0,0.0,0.0,0.0,0.0
IMU,53803947.0,1,-0.0767,-0.9897,0.0166,-1.71,4.27,1.34,-89.41,3.8,117.31,26.1,,,,,,,,,,,,,,,,
IMU,53745117.0,2,0.998,0.0459,0.0049,-0.92,-1.77,-1.53,69.41,-87.64,-110.89,27.7,,,,,,,,,,,,,,,,
EXO,53822455,,,,,,,,,,,,SAFE,-87.643,-1.77,0.999,1.884,0.065,-0.0,0.0,0.0,-0.01,0.0,0.0,0.0,0.0,0.0,0.0
IMU,53904141.0,1,-0.0737,-0.9976,0.0049,1.1,-6.1,-0.73,-89.41,3.93,117.43,26.1,,,,,,,,,,,,,,,,
IMU,53845043.0,2,1.0034,0.0229,0.0542,-1.04,-0.24,4.58,72.55,-87.86,-113.1,27.8,,,,,,,,,,,,,,,,
EXO,53922465,,,,,,,,,,,,SAFE,-87.858,-0.244,1.005,1.884,0.019,-0.0,0.0,0.0,-0.006,0.0,0.0,0.0,0.0,0.0,0.0
IMU,54004328.0,1,-0.0645,-0.9966,0.0103,2.2,-4.27,2.2,-89.2,3.99,117.99,26.1,,,,,,,,,,,,,,,,
IMU,53944940.0,2,0.9941,0.0225,0.0073,6.96,2.87,0.24,68.01,-87.86,-107.34,27.7,,,,,,,,,,,,,,,,
EXO,54022179,,,,,,,,,,,,SAFE,-87.858,2.869,0.994,1.884,-0.178,-0.0,0.0,0.0,0.024,0.0,0.0,0.0,0.0,0.0,0.0
IMU,54104515.0,1,-0.0801,-0.9976,0.0122,1.22,-5.8,1.77,-89.03,4.37,118.61,26.0,,,,,,,,,,,,,,,,
IMU,54044851.0,2,0.9976,0.019,0.0186,6.84,2.99,4.58,56.36,-88.09,-93.52,27.7,,,,,,,,,,,,,,,,
EXO,54122107,,,,,,,,,,,,SAFE,-88.088,2.991,0.998,1.884,-0.03,-0.0,0.0,0.0,-0.027,0.0,0.0,0.0,0.0,0.0,0.0
IMU,54204719.0,1,-0.0708,-1.0,0.0259,-0.18,-4.39,0.55,-88.96,4.36,119.25,26.2,,,,,,,,,,,,,,,,
IMU,54144754.0,2,1.0005,0.0249,0.0156,8.18,1.46,-0.49,48.58,-88.16,-82.85,27.6,,,,,,,,,,,,,,,,
EXO,54222297,,,,,,,,,,,,SAFE,-88.16,1.465,1.001,1.884,-0.018,-0.0,0.0,0.0,-0.002,0.0,0.0,0.0,0.0,0.0,0.0
IMU,54304919.0,1,-0.0469,-1.0088,0.0259,4.64,8.42,-3.23,-88.74,4.1,119.3,26.0,,,,,,,,,,,,,,,,
IMU,54244678.0,2,1.0166,0.0454,0.0225,2.81,1.1,-2.99,48.91,-88.07,-80.32,27.7,,,,,,,,,,,,,,,,
EXO,54322190,,,,,,,,,,,,SAFE,-88.066,1.099,1.018,1.884,0.191,-0.0,0.0,0.0,0.069,0.0,0.0,0.0,0.0,0.0,0.0
IMU,54405116.0,1,-0.0757,-1.0088,0.0195,0.73,9.34,-2.01,-88.45,3.91,118.34,26.0,,,,,,,,,,,,,,,,
IMU,54344602.0,2,1.0073,0.0278,0.0107,-13.55,3.36,-2.08,48.07,-87.56,-77.33,27.8,,,,,,,,,,,,,,,,
EXO,54422372,,,,,,,,,,,,SAFE,-87.561,3.357,1.008,1.884,0.053,-0.0,0.0,0.0,0.006,0.0,0.0,0.0,0.0,0.0,0.0
IMU,54505303.0,1,-0.0532,-0.9971,0.0264,0.06,-1.34,-4.64,-88.46,3.41,118.09,26.0,,,,,,,,,,,,,,,,
IMU,54444459.0,2,1.0122,0.0669,0.019,-0.92,0.0,-6.71,55.55,-87.12,-83.2,27.9,,,,,,,,,,,,,,,,
EXO,54522367,,,,,,,,,,,,SAFE,-87.116,0.0,1.015,1.884,0.066,-0.0,0.0,0.0,-0.025,0.0,0.0,0.0,0.0,0.0,0.0
IMU,54605501.0,1,-0.0625,-0.9883,0.0386,-0.67,0.73,0.43,-88.47,3.33,117.9,26.2,,,,,,,,,,,,,,,,
IMU,54544367.0,2,0.9932,0.0376,0.0303,-4.64,-1.16,-1.28,60.61,-86.77,-86.73,27.8,,,,,,,,,,,,,,,,
EXO,54622358,,,,,,,,,,,,SAFE,-86.77,-1.16,0.994,1.884,-0.08,-0.0,0.0,0.0,-0.001,0.0,0.0,0.0,0.0,0.0,0.0
IMU,54705696.0,1,-0.0698,-0.9917,0.0415,6.96,-4.58,-3.36,-88.15,3.25,118.17,26.1,,,,,,,,,,,,,,,,
IMU,54644273.0,2,1.0034,0.0371,0.0327,4.27,2.32,-0.98,60.37,-86.77,-85.46,27.8,,,,,,,,,,,,,,,,
EXO,54722299,,,,,,,,,,,,SAFE,-86.77,2.319,1.005,1.884,-0.08,-0.0,0.0,0.0,-0.01,0.0,0.0,0.0,0.0,0.0,0.0
IMU,54805883.0,1,-0.0518,-0.9927,0.0518,5.55,-2.69,-0.49,-87.41,3.04,119.13,26.0,,,,,,,,,,,,,,,,
IMU,54744189.0,2,0.9526,0.0234,0.0693,13.0,8.73,-3.48,52.85,-86.19,-76.77,27.8,,,,,,,,,,,,,,,,
EXO,54822353,,,,,,,,,,,,SAFE,-86.193,8.728,0.955,1.884,-0.134,-0.0,0.0,0.0,0.003,0.0,0.0,0.0,0.0,0.0,0.0
IMU,54906086.0,1,-0.0576,-0.9927,0.0449,-1.65,-3.05,1.59,-87.26,3.13,119.47,26.0,,,,,,,,,,,,,,,,
IMU,54844110.0,2,0.9927,0.043,0.0405,5.07,3.05,0.85,46.73,-85.72,-68.93,27.8,,,,,,,,,,,,,,,,
EXO,54922189,,,,,,,,,,,,SAFE,-85.721,3.052,0.994,1.884,-0.005,-0.0,0.0,0.0,0.032,0.0,0.0,0.0,0.0,0.0,0.0
IMU,55006269.0,1,-0.0571,-1.0,0.0552,-0.43,3.66,-1.46,-87.37,3.03,119.52,26.1,,,,,,,,,,,,,,,,
IMU,54943996.0,2,0.9956,0.0679,0.0518,2.62,-1.53,-0.24,45.97,-85.89,-66.45,27.9,,,,,,,,,,,,,,,,
EXO,55022379,,,,,,,,,,,,SAFE,-85.891,-1.526,0.999,1.883,0.077,-0.0,0.0,0.0,0.013,0.0,0.0,0.0,0.0,0.0,0.0
IMU,55106461.0,1,-0.0957,-1.0332,0.0742,9.22,19.96,12.02,-86.97,3.44,118.88,26.1,,,,,,,,,,,,,,,,
IMU,55043921.0,2,1.0264,0.0088,0.0684,-7.39,-0.79,2.5,44.35,-86.13,-63.81,27.7,,,,,,,,,,,,,,,,
EXO,55122369,,,,,,,,,,,,SAFE,-86.127,-0.793,1.029,1.88,-0.113,-0.0,0.0,0.0,0.038,0.0,0.0,0.0,0.0,0.0,0.0
IMU,55206652.0,1,-0.083,-1.0088,0.0376,0.0,-20.14,14.47,-86.59,5.04,119.42,26.1,,,,,,,,,,,,,,,,
IMU,55143820.0,2,1.0068,0.0308,0.1543,-8.61,4.21,17.21,22.9,-86.37,-43.78,27.8,,,,,,,,,,,,,,,,
EXO,55222472,,,,,,,,,,,,SAFE,-86.375,4.211,1.019,1.881,0.087,-0.0,0.0,0.0,-0.003,0.0,0.0,0.0,0.0,0.0,0.0
IMU,55306844.0,1,-0.0137,-1.0083,-0.1006,5.43,-27.16,-21.18,-86.27,5.11,120.42,26.0,,,,,,,,,,,,,,,,
IMU,55243736.0,2,1.0239,0.0449,0.0024,-1.28,3.42,7.69,1.21,-86.31,-18.95,27.7,,,,,,,,,,,,,,,,
EXO,55322453,,,,,,,,,,,,SAFE,-86.314,3.418,1.025,1.885,0.148,-0.0,0.0,0.0,-0.001,0.0,0.0,0.0,0.0,0.0,0.0
IMU,55407052.0,1,-0.0239,-0.9727,0.1479,15.32,11.47,-18.31,-85.09,2.48,120.64,26.1,,,,,,,,,,,,,,,,
IMU,55343687.0,2,1.04,0.1099,0.1201,10.13,10.93,-31.31,26.67,-85.17,-39.76,27.6,,,,,,,,,,,,,,,,
EXO,55422716,,,,,,,,,,,,SAFE,-85.166,10.925,1.053,1.895,-0.026,-0.0,0.0,0.0,-0.002,0.0,0.0,0.0,0.0,0.0,0.0
IMU,55507240.0,1,-0.0327,-0.959,0.1387,23.99,3.23,-4.39,-82.97,1.31,120.68,26.1,,,,,,,,,,,,,,,,
IMU,55443587.0,2,0.8853,0.0835,0.2856,10.13,20.32,-17.15,40.46,-82.46,-50.86,27.7,,,,,,,,,,,,,,,,
EXO,55522555,,,,,,,,,,,,SAFE,-82.458,20.325,0.934,1.895,0.057,-0.0,0.0,0.0,0.02,0.0,0.0,0.0,0.0,0.0,0.0
IMU,55607440.0,1,-0.0151,-0.9966,0.1567,5.31,14.28,-10.38,-81.69,0.68,120.68,26.1,,,,,,,,,,,,,,,,
IMU,55543496.0,2,1.0122,0.1533,0.1284,4.76,15.44,-8.42,34.89,-80.27,-43.64,27.8,,,,,,,,,,,,,,,,
EXO,55622466,,,,,,,,,,,,SAFE,-80.266,15.442,1.032,1.895,-0.029,-0.0,0.0,0.0,0.022,0.0,0.0,0.0,0.0,0.0,0.0
IMU,55707641.0,1,-0.064,-0.979,0.1548,-5.98,0.73,18.19,-81.79,1.48,119.86,26.1,,,,,,,,,,,,,,,,
IMU,55643399.0,2,0.9014,0.019,0.1157,-14.22,-2.01,6.1,35.83,-79.47,-42.98,27.8,,,,,,,,,,,,,,,,
EXO,55722469,,,,,,,,,,,,SAFE,-79.47,-2.014,0.909,1.892,0.147,-0.0,0.0,0.0,0.026,0.0,0.0,0.0,0.0,0.0,0.0
IMU,55807832.0,1,-0.0415,-0.9858,0.1118,-8.48,-9.95,12.08,-82.52,3.67,118.81,26.1,,,,,,,,,,,,,,,,
IMU,55743309.0,2,1.0015,0.0244,0.0547,-30.03,-9.46,26.61,25.88,-81.1,-32.67,27.7,,,,,,,,,,,,,,,,
EXO,55822632,,,,,,,,,,,,SAFE,-81.096,-9.46,1.003,1.892,0.05,-0.0,0.0,0.0,0.02,0.0,0.0,0.0,0.0,0.0,0.0
IMU,55908023.0,1,-0.0537,-0.9761,0.1484,-3.97,1.04,11.05,-83.05,4.47,119.99,26.1,,,,,,,,,,,,,,,,
IMU,55843246.0,2,0.9961,0.061,0.0986,23.01,-4.64,8.97,17.2,-82.45,-22.1,27.8,,,,,,,,,,,,,,,,
EXO,55922357,,,,,,,,,,,,SAFE,-82.447,-4.639,1.003,1.892,0.081,-0.0,0.0,0.0,-0.037,0.0,0.0,0.0,0.0,0.0,0.0
IMU,56008209.0,1,-0.063,-0.9702,0.1309,-4.94,-3.36,2.81,-83.42,4.96,120.46,26.1,,,,,,,,,,,,,,,,
IMU,55943122.0,2,0.9741,0.064,0.1533,3.54,-4.52,7.75,11.29,-83.01,-13.23,27.7,,,,,,,,,,,,,,,,
EXO,56022294,,,,,,,,,,,,SAFE,-83.007,-4.517,0.988,1.892,-0.187,-0.0,0.0,0.0,-0.003,0.0,0.0,0.0,0.0,0.0,0.0
IMU,56108399.0,1,-0.0762,-0.9829,0.1216,2.44,1.77,-1.53,-83.49,4.82,120.43,26.0,,,,,,,,,,,,,,,,
IMU,56043016.0,2,0.9873,0.0439,0.125,0.0,-2.5,0.12,9.99,-83.35,-9.01,27.7,,,,,,,,,,,,,,,,
EXO,56122029,,,,,,,,,,,,SAFE,-83.348,-2.502,0.996,1.892,-0.019,-0.0,0.0,0.0,-0.001,0.0,0.0,0.0,0.0,0.0,0.0
IMU,56208583.0,1,-0.0835,-0.9878,0.1055,2.2,1.04,-2.01,-83.17,4.71,120.21,26.0,,,,,,,,,,,,,,,,
IMU,56142942.0,2,0.9971,0.0161,0.1211,-3.48,3.23,-0.31,11.22,-83.14,-8.38,27.8,,,,,,,,,,,,,,,,
EXO,56222196,,,,,,,,,,,,SAFE,-83.139,3.235,1.005,1.892,-0.138,-0.0,0.0,0.0,-0.009,0.0,0.0,0.0,0.0,0.0,0.0
IMU,56308763.0,1,-0.0908,-0.9751,0.125,-4.33,-1.71,-2.75,-83.32,4.43,120.25,26.2,,,,,,,,,,,,,,,,
IMU,56242856.0,2,0.9951,0.0234,0.0996,1.22,0.06,-2.69,12.2,-82.88,-7.9,27.7,,,,,,,,,,,,,,,,
EXO,56322282,,,,,,,,,,,,SAFE,-82.881,0.061,1.0,1.892,-0.011,-0.0,0.0,0.0,0.045,0.0,0.0,0.0,0.0,0.0,0.0
IMU,56408954.0,1,-0.1055,-0.9888,0.0894,-9.09,-7.75,2.32,-84.08,4.92,119.83,26.1,,,,,,,,,,,,,,,,
IMU,56342779.0,2,0.9229,-0.1499,0.0366,-20.39,-6.23,8.0,13.82,-83.2,-8.44,27.8,,,,,,,,,,,,,,,,
EXO,56422449,,,,,,,,,,,,SAFE,-83.199,-6.226,0.936,1.892,-0.015,-0.0,0.0,0.0,-0.004,0.0,0.0,0.0,0.0,0.0,0.0
IMU,56509141.0,1,-0.0957,-1.0161,0.1182,5.19,-9.77,-5.43,-84.15,4.42,120.91,26.2,,,,,,,,,,,,,,,,
IMU,56442686.0,2,1.0229,0.0303,0.1318,13.12,-5.07,-3.54,11.65,-84.12,-5.29,27.7,,,,,,,,,,,,,,,,
EXO,56522396,,,,,,,,,,,,SAFE,-84.117,-5.066,1.032,1.892,0.038,-0.0,0.0,0.0,-0.001,0.0,0.0,0.0,0.0,0.0,0.0
IMU,56609322.0,1,-0.0845,-0.9976,0.1113,-0.79,-2.62,5.68,-83.78,4.58,121.0,26.1,,,,,,,,,,,,,,,,
IMU,56542614.0,2,1.002,-0.0103,0.084,-2.01,5.55,-0.92,15.86,-83.56,-7.58,27.8,,,,,,,,,,,,,,,,
EXO,56622360,,,,,,,,,,,,SAFE,-83.557,5.554,1.006,1.892,-0.156,-0.0,0.0,0.0,0.054,0.0,0.0,0.0,0.0,0.0,0.0
IMU,56709578.0,1,-0.0879,-0.9849,0.0996,-6.47,-12.15,10.62,-84.13,5.59,121.58,26.2,,,,,,,,,,,,,,,,
IMU,56642495.0,2,0.9814,0.0,0.0918,0.43,-3.11,11.29,10.72,-83.63,-1.84,27.8,,,,,,,,,,,,,,,,
EXO,56722474,,,,,,,,,,,,SAFE,-83.628,-3.113,0.986,1.892,-0.101,-0.0,0.0,0.0,0.032,0.0,0.0,0.0,0.0,0.0,0.0
IMU,56809713.0,1,-0.0923,-0.9897,0.1123,1.22,1.83,0.31,-84.36,5.93,122.35,26.0,,,,,,,,,,,,,,,,
IMU,56742418.0,2,1.0137,0.0459,0.084,14.59,-4.09,6.59,2.39,-84.16,8.68,27.8,,,,,,,,,,,,,,,,
EXO,56821938,,,,,,,,,,,,SAFE,-84.161,-4.089,1.018,1.892,-0.131,-0.0,0.0,0.0,-0.002,0.0,0.0,0.0,0.0,0.0,0.0
IMU,56909935.0,1,-0.083,-0.9868,0.1089,2.2,3.11,-1.22,-84.15,5.65,122.03,26.0,,,,,,,,,,,,,,,,
IMU,56842405.0,2,0.9917,0.02,0.1108,-3.85,1.71,-2.99,2.0,-84.17,11.11,27.8,,,,,,,,,,,,,,,,
EXO,56922087,,,,,,,,,,,,SAFE,-84.172,1.709,0.998,1.892,0.116,-0.0,0.0,0.0,-0.008,0.0,0.0,0.0,0.0,0.0,0.0
IMU,57010119.0,1,-0.0913,-0.9805,0.1147,-3.66,-2.56,1.4,-84.23,5.73,122.16,26.1,,,,,,,,,,,,,,,,
IMU,56942243.0,2,0.9839,0.0117,0.1147,-0.49,0.55,1.34,4.17,-83.98,10.04,27.7,,,,,,,,,,,,,,,,
EXO,57022117,,,,,,,,,,,,SAFE,-83.985,0.549,0.991,1.892,-0.038,-0.0,0.0,0.0,-0.053,0.0,0.0,0.0,0.0,0.0,0.0
IMU,57110273.0,1,-0.104,-1.0015,0.0986,-1.83,2.62,0.0,-84.51,5.78,122.1,26.1,,,,,,,,,,,,,,,,
IMU,57042157.0,2,0.9941,0.0181,0.1006,0.24,-3.85,0.67,3.36,-84.22,12.35,27.8,,,,,,,,,,,,,,,,
EXO,57122012,,,,,,,,,,,,SAFE,-84.216,-3.845,0.999,1.892,-0.112,-0.0,0.0,0.0,-0.013,0.0,0.0,0.0,0.0,0.0,0.0
IMU,57210508.0,1,-0.0859,-1.0142,0.0493,4.15,15.62,-6.41,-84.37,5.6,121.46,26.1,,,,,,,,,,,,,,,,
IMU,57142082.0,2,1.0127,0.0117,0.0894,-4.94,0.0,-1.89,3.57,-84.42,13.15,27.9,,,,,,,,,,,,,,,,
EXO,57222349,,,,,,,,,,,,SAFE,-84.419,0.0,1.017,1.893,0.128,-0.0,0.0,0.0,0.013,0.0,0.0,0.0,0.0,0.0,0.0
IMU,57310696.0,1,-0.0879,-0.9722,0.104,-2.93,-6.59,-7.32,-84.33,4.8,120.36,26.1,,,,,,,,,,,,,,,,
IMU,57242026.0,2,0.9985,0.0283,0.0762,-23.44,1.28,-9.7,8.73,-84.24,7.81,27.6,,,,,,,,,,,,,,,,
EXO,57322321,,,,,,,,,,,,SAFE,-84.238,1.282,1.002,1.893,-0.079,-0.0,0.0,0.0,-0.019,0.0,0.0,0.0,0.0,0.0,0.0
IMU,57410948.0,1,-0.0874,-0.9795,0.1113,-4.88,3.17,-3.6,-84.77,4.39,120.18,26.2,,,,,,,,,,,,,,,,
IMU,57341948.0,2,0.9863,0.0112,0.0942,-1.28,-3.3,-8.61,16.95,-84.22,-0.04,27.8,,,,,,,,,,,,,,,,
EXO,57422379,,,,,,,,,,,,SAFE,-84.216,-3.296,0.991,1.896,0.045,-0.0,0.0,0.0,-0.008,0.0,0.0,0.0,0.0,0.0,0.0
IMU,57511081.0,1,-0.0557,-0.9985,0.0894,-0.67,0.24,-3.72,-84.94,4.08,119.49,26.1,,,,,,,,,,,,,,,,
IMU,57441855.0,2,0.9819,0.0342,0.0928,-6.84,-2.99,-8.3,25.91,-84.29,-9.33,27.8,,,,,,,,,,,,,,,,
EXO,57522347,,,,,,,,,,,,SAFE,-84.287,-2.991,0.987,1.922,0.586,-0.0,0.0,0.0,-0.06,0.0,0.0,0.0,0.0,0.0,0.0
IMU,57611264.0,1,-0.0469,-0.9731,0.0723,-3.6,-4.33,5.0,-85.0,3.82,119.06,26.1,,,,,,,,,,,,,,,,
IMU,57541779.0,2,1.041,0.0806,0.1006,-6.04,-0.61,-20.69,36.69,-83.61,-21.1,27.8,,,,,,,,,,,,,,,,
EXO,57622549,,,,,,,,,,,,SAFE,-83.606,-0.61,1.049,2.008,0.966,-0.0,0.0,0.0,-0.025,0.0,0.0,0.0,0.0,0.0,0.0
IMU,57711441.0,1,-0.0967,-1.022,0.0771,-3.17,-4.15,2.75,-85.48,4.27,119.48,26.1,,,,,,,,,,,,,,,,
IMU,57641703.0,2,0.9512,0.1396,0.0581,10.31,-5.31,-46.57,56.75,-81.1,-41.51,27.7,,,,,,,,,,,,,,,,
EXO,57722550,,,,,,,,,,,,SAFE,-81.101,-5.31,0.963,2.095,0.653,-0.0,0.0,0.0,-0.009,0.0,0.0,0.0,0.0,0.0,0.0
IMU,57811636.0,1,-0.0996,-1.0098,0.0684,-1.83,-1.46,1.1,-85.68,4.46,119.7,26.1,,,,,,,,,,,,,,,,
IMU,57741619.0,2,0.9897,0.1992,0.0654,8.42,-0.31,-46.88,70.02,-76.98,-55.13,27.7,,,,,,,,,,,,,,,,
EXO,57822454,,,,,,,,,,,,SAFE,-76.981,-0.305,1.012,2.146,0.166,-0.0,0.0,0.0,0.057,0.0,0.0,0.0,0.0,0.0,0.0
IMU,57911869.0,1,-0.1143,-0.998,0.0337,-3.23,1.04,-1.46,-86.14,4.48,119.59,26.2,,,,,,,,,,,,,,,,
IMU,57841574.0,2,0.8994,0.3003,0.0576,7.32,-4.15,-27.65,75.09,-73.96,-60.79,27.8,,,,,,,,,,,,,,,,
EXO,57922472,,,,,,,,,,,,SAFE,-73.96,-4.15,0.95,2.166,-0.095,-0.0,0.0,0.0,0.047,0.0,0.0,0.0,0.0,0.0,0.0
IMU,58011991.0,1,-0.0952,-0.9937,0.0703,-0.31,-3.42,3.48,-86.23,4.53,119.79,26.0,,,,,,,,,,,,,,,,
IMU,57941467.0,2,1.0342,0.2441,0.0684,1.77,-0.61,-13.43,77.29,-72.85,-63.76,27.8,,,,,,,,,,,,,,,,
EXO,58022456,,,,,,,,,,,,SAFE,-72.85,-0.61,1.065,2.174,0.108,-0.0,0.0,0.0,-0.013,0.0,0.0,0.0,0.0,0.0,0.0
IMU,58112173.0,1,-0.0713,-0.9917,0.0688,-0.85,-5.19,0.92,-86.28,4.76,120.51,26.0,,,,,,,,,,,,,,,,
IMU,58041390.0,2,0.9258,0.2974,0.0171,8.3,3.97,-0.06,77.87,-72.28,-64.42,27.6,,,,,,,,,,,,,,,,
EXO,58122295,,,,,,,,,,,,SAFE,-72.285,3.967,0.973,2.177,0.319,-0.0,0.0,0.0,-0.045,0.0,0.0,0.0,0.0,0.0,0.0
IMU,58212359.0,1,-0.084,-0.9775,0.0508,-4.46,-15.08,8.73,-86.4,5.13,121.16,26.1,,,,,,,,,,,,,,,,
IMU,58141325.0,2,0.9575,0.3262,0.0625,5.49,-0.12,-0.73,77.85,-72.34,-64.36,27.6,,,,,,,,,,,,,,,,
EXO,58222459,,,,,,,,,,,,SAFE,-72.339,-0.122,1.013,2.211,0.25,-0.0,0.0,0.0,-0.01,0.0,0.0,0.0,0.0,0.0,0.0
IMU,58312565.0,1,-0.0708,-0.9834,0.0317,-5.43,-4.33,6.71,-86.65,5.52,121.84,26.1,,,,,,,,,,,,,,,,
IMU,58241239.0,2,0.9209,0.3555,0.0293,10.99,-1.16,-13.06,79.03,-71.36,-65.17,27.7,,,,,,,,,,,,,,,,
EXO,58322558,,,,,,,,,,,,SAFE,-71.362,-1.16,0.988,2.254,0.299,-0.0,0.0,0.0,0.077,0.0,0.0,0.0,0.0,0.0,0.0
IMU,58412794.0,1,-0.1177,-1.0044,0.0317,-2.44,0.0,-1.65,-87.26,5.95,122.68,26.1,,,,,,,,,,,,,,,,
IMU,58341193.0,2,1.0112,0.3325,0.0703,15.5,-2.56,-20.81,80.99,-69.87,-66.79,27.8,,,,,,,,,,,,,,,,
EXO,58422541,,,,,,,,,,,,SAFE,-69.873,-2.563,1.067,2.269,0.066,-0.0,0.0,0.0,-0.018,0.0,0.0,0.0,0.0,0.0,0.0
IMU,58512924.0,1,-0.0874,-0.9932,0.0532,-2.32,-2.75,5.8,-87.31,5.86,123.04,26.1,,,,,,,,,,,,,,,,
IMU,58441096.0,2,0.9165,0.376,0.0449,4.7,3.23,-8.36,82.98,-68.44,-68.27,27.6,,,,,,,,,,,,,,,,
EXO,58522266,,,,,,,,,,,,SAFE,-68.445,3.235,0.992,2.281,0.142,-0.0,0.0,0.0,-0.004,0.0,0.0,0.0,0.0,0.0,0.0
IMU,58613119.0,1,-0.1191,-0.9834,0.0645,-3.17,-6.9,2.69,-87.64,6.22,123.4,26.1,,,,,,,,,,,,,,,,
IMU,58541007.0,2,0.8989,0.395,0.022,5.31,-1.04,-1.1,83.46,-68.08,-68.77,27.7,,,,,,,,,,,,,,,,
EXO,58622352,,,,,,,,,,,,SAFE,-68.082,-1.038,0.982,2.29,0.142,-0.0,0.0,0.0,0.028,0.0,0.0,0.0,0.0,0.0,0.0
IMU,58713286.0,1,-0.1074,-0.9858,0.0576,-0.67,-3.91,-1.16,-87.65,6.2,124.13,26.1,,,,,,,,,,,,,,,,
IMU,58640939.0,2,0.9175,0.3755,0.0015,8.48,5.62,-3.42,84.28,-67.73,-69.29,27.8,,,,,,,,,,,,,,,,
EXO,58722358,,,,,,,,,,,,SAFE,-67.725,5.615,0.991,2.291,0.088,-0.0,0.0,0.0,0.002,0.0,0.0,0.0,0.0,0.0,0.0
IMU,58813478.0,1,-0.0967,-0.9663,0.0674,-4.03,2.26,5.92,-87.88,6.38,124.05,26.1,,,,,,,,,,,,,,,,
IMU,58740862.0,2,0.9082,0.3926,0.0269,1.53,-1.28,-0.43,84.35,-67.52,-69.25,27.7,,,,,,,,,,,,,,,,
EXO,58822265,,,,,,,,,,,,SAFE,-67.516,-1.282,0.99,2.308,0.128,-0.0,0.0,0.0,0.048,0.0,0.0,0.0,0.0,0.0,0.0
IMU,58913720.0,1,-0.1216,-1.0151,0.0376,1.77,4.33,-4.58,-88.16,6.49,124.18,26.1,,,,,,,,,,,,,,,,
IMU,58840802.0,2,0.8945,0.4058,-0.0088,4.03,-1.95,-5.49,85.48,-67.23,-70.66,27.9,,,,,,,,,,,,,,,,
EXO,58922368,,,,,,,,,,,,SAFE,-67.231,-1.953,0.982,2.309,0.075,-0.0,0.0,0.0,0.015,0.0,0.0,0.0,0.0,0.0,0.0
IMU,59013837.0,1,-0.105,-1.0073,0.0396,3.3,1.53,3.72,-87.81,6.5,124.07,26.0,,,,,,,,,,,,,,,,
IMU,58940722.0,2,0.9146,0.3984,0.0356,-2.14,3.54,-2.93,85.78,-66.68,-71.28,27.7,,,,,,,,,,,,,,,,
EXO,59022177,,,,,,,,,,,,SAFE,-66.676,3.54,0.998,2.309,0.007,-0.0,0.0,0.0,0.003,0.0,0.0,0.0,0.0,0.0,0.0
IMU,59114022.0,1,-0.1182,-0.9917,0.0454,5.19,-2.14,-0.73,-87.42,6.69,124.1,26.1,,,,,,,,,,,,,,,,
IMU,59040650.0,2,0.9204,0.416,0.0215,-3.91,2.26,3.05,84.91,-66.77,-70.97,27.6,,,,,,,,,,,,,,,,
EXO,59122274,,,,,,,,,,,,SAFE,-66.769,2.258,1.01,2.31,0.03,-0.0,0.0,0.0,-0.004,0.0,0.0,0.0,0.0,0.0,0.0
IMU,59214219.0,1,-0.1104,-0.9834,0.0518,1.95,0.43,-0.98,-87.09,6.51,124.19,26.1,,,,,,,,,,,,,,,,
IMU,59140576.0,2,0.9121,0.4126,0.0288,-1.1,5.25,-3.23,83.83,-66.64,-70.22,27.8,,,,,,,,,,,,,,,,
EXO,59222259,,,,,,,,,,,,SAFE,-66.643,5.249,1.002,2.31,-0.011,-0.0,0.0,0.0,0.001,0.0,0.0,0.0,0.0,0.0,0.0
IMU,59314400.0,1,-0.1162,-0.9761,0.0552,-2.93,1.95,0.24,-87.21,6.55,123.96,26.2,,,,,,,,,,,,,,,,
IMU,59240501.0,2,0.9048,0.3999,0.0239,-3.17,-0.85,-0.06,83.4,-66.39,-70.09,27.7,,,,,,,,,,,,,,,,
EXO,59322360,,,,,,,,,,,,SAFE,-66.39,-0.854,0.99,2.323,0.21,-0.0,0.0,0.0,-0.034,0.0,0.0,0.0,0.0,0.0,0.0
IMU,59414651.0,1,-0.1484,-0.9839,0.022,-6.35,-7.32,8.0,-87.75,7.12,124.36,26.1,,,,,,,,,,,,,,,,
IMU,59340441.0,2,0.9204,0.3794,0.0625,3.85,-4.94,-5.62,84.2,-66.24,-71.23,27.9,,,,,,,,,,,,,,,,
EXO,59422360,,,,,,,,,,,,SAFE,-66.237,-4.944,0.997,2.349,-0.126,-0.0,0.0,0.0,0.005,0.0,0.0,0.0,0.0,0.0,0.0
IMU,59514757.0,1,-0.0986,-1.0068,0.0542,-0.37,0.12,-1.65,-87.64,6.87,124.65,26.1,,,,,,,,,,,,,,,,
IMU,59440362.0,2,0.8789,0.4526,0.0034,5.98,-1.95,-8.91,85.07,-65.18,-71.73,27.6,,,,,,,,,,,,,,,,
EXO,59522364,,,,,,,,,,,,SAFE,-65.182,-1.953,0.989,2.349,-0.034,-0.0,0.0,0.0,0.012,0.0,0.0,0.0,0.0,0.0,0.0
IMU,59614951.0,1,-0.1509,-0.9893,0.0215,-3.6,-0.79,-0.98,-88.15,6.99,124.43,26.1,,,,,,,,,,,,,,,,
IMU,59540270.0,2,0.8984,0.4438,0.02,-1.71,-5.68,2.01,85.02,-64.73,-71.86,27.9,,,,,,,,,,,,,,,,
EXO,59622452,,,,,,,,,,,,SAFE,-64.726,-5.676,1.002,2.349,-0.108,-0.0,0.0,0.0,-0.053,0.0,0.0,0.0,0.0,0.0,0.0
IMU,59715137.0,1,-0.1328,-0.998,0.0381,7.02,-5.37,0.12,-87.8,6.9,124.78,26.0,,,,,,,,,,,,,,,,
IMU,59640199.0,2,0.9126,0.4141,0.0361,2.44,1.83,-2.08,86.2,-64.81,-73.15,27.7,,,,,,,,,,,,,,,,
EXO,59722197,,,,,,,,,,,,SAFE,-64.814,1.831,1.003,2.349,0.07,-0.0,0.0,0.0,-0.022,0.0,0.0,0.0,0.0,0.0,0.0
IMU,59815334.0,1,-0.1167,-0.9902,0.0493,1.53,-2.5,1.95,-87.25,7.12,125.17,26.1,,,,,,,,,,,,,,,,
IMU,59740130.0,2,0.8979,0.4253,0.0322,-0.18,8.73,2.5,84.82,-64.75,-71.79,27.8,,,,,,,,,,,,,,,,
EXO,59822190,,,,,,,,,,,,SAFE,-64.753,8.728,0.994,2.349,-0.097,-0.0,0.0,0.0,0.006,0.0,0.0,0.0,0.0,0.0,0.0
IMU,59915599.0,1,-0.1226,-0.9785,0.0459,-1.4,-1.83,-0.37,-87.37,7.2,125.39,26.1,,,,,,,,,,,,,,,,
IMU,59840068.0,2,0.8926,0.4399,0.0308,2.32,1.1,3.11,83.73,-65.04,-70.66,27.6,,,,,,,,,,,,,,,,
EXO,59922294,,,,,,,,,,,,SAFE,-65.045,1.099,0.996,2.348,-0.037,-0.0,0.0,0.0,-0.015,0.0,0.0,0.0,0.0,0.0,0.0
IMU,60015718.0,1,-0.1299,-0.9819,0.0469,1.04,1.1,-0.31,-87.32,7.18,125.5,26.0,,,,,,,,,,,,,,,,
IMU,59939977.0,2,0.895,0.417,0.0454,2.14,0.61,0.43,84.02,-65.16,-70.81,27.8,,,,,,,,,,,,,,,,
EXO,60022085,,,,,,,,,,,,SAFE,-65.16,0.61,0.988,2.345,-0.058,-0.0,0.0,0.0,0.022,0.0,0.0,0.0,0.0,0.0,0.0
IMU,60115897.0,1,-0.1147,-0.9854,0.0605,-3.66,9.34,4.58,-87.39,7.08,125.19,26.1,,,,,,,,,,,,,,,,
IMU,60039898.0,2,0.896,0.4297,0.0293,-2.75,-0.43,0.55,83.75,-65.2,-70.72,27.9,,,,,,,,,,,,,,,,
EXO,60122285,,,,,,,,,,,,SAFE,-65.204,-0.427,0.994,2.342,0.062,-0.0,0.0,0.0,-0.014,0.0,0.0,0.0,0.0,0.0,0.0
IMU,60216081.0,1,-0.1436,-0.9937,0.0117,-9.09,2.93,2.87,-88.3,7.75,124.65,26.1,,,,,,,,,,,,,,,,
IMU,60139811.0,2,0.8955,0.4194,0.0581,-4.82,-12.21,9.89,84.53,-65.63,-72.2,27.8,,,,,,,,,,,,,,,,
EXO,60222352,,,,,,,,,,,,SAFE,-65.632,-12.207,0.991,2.34,-0.017,-0.0,0.0,0.0,0.011,0.0,0.0,0.0,0.0,0.0,0.0
IMU,60316251.0,1,-0.124,-1.0093,0.0176,1.28,8.12,-2.26,-88.57,7.59,124.71,26.3,,,,,,,,,,,,,,,,
IMU,60239734.0,2,0.9165,0.4224,0.0244,3.72,-4.82,1.1,86.71,-66.25,-74.66,27.9,,,,,,,,,,,,,,,,
EXO,60322192,,,,,,,,,,,,SAFE,-66.248,-4.822,1.009,2.327,0.029,-0.0,0.0,0.0,-0.031,0.0,0.0,0.0,0.0,0.0,0.0
IMU,60416494.0,1,-0.1338,-1.0259,0.1216,-0.24,23.38,6.53,-88.58,7.64,124.32,26.2,,,,,,,,,,,,,,,,
IMU,60339678.0,2,0.9229,0.4126,0.0376,-6.16,-1.4,4.7,87.33,-66.67,-75.42,27.9,,,,,,,,,,,,,,,,
EXO,60422365,,,,,,,,,,,,SAFE,-66.671,-1.404,1.012,2.31,-0.531,-0.0,0.0,0.0,0.079,0.0,0.0,0.0,0.0,0.0,0.0
IMU,60516616.0,1,-0.1309,-0.9761,-0.0273,5.31,11.6,-3.17,-88.52,7.71,122.92,26.1,,,,,,,,,,,,,,,,
IMU,60439613.0,2,0.855,0.4121,0.0361,-16.36,-6.47,15.56,87.61,-67.23,-76.65,27.8,,,,,,,,,,,,,,,,
EXO,60522617,,,,,,,,,,,,SAFE,-67.225,-6.47,0.95,2.256,-0.506,-0.0,0.0,0.0,0.058,0.0,0.0,0.0,0.0,0.0,0.0
IMU,60616786.0,1,-0.1187,-0.9961,0.02,-0.85,8.06,-3.23,-88.53,7.72,121.73,26.1,,,,,,,,,,,,,,,,
IMU,60539573.0,2,0.9805,0.3145,0.021,-17.33,-3.11,24.35,86.13,-69.96,-77.07,27.8,,,,,,,,,,,,,,,,
EXO,60622538,,,,,,,,,,,,SAFE,-69.961,-3.113,1.03,2.21,-0.3,-0.0,0.0,0.0,0.036,0.0,0.0,0.0,0.0,0.0,0.0
IMU,60716979.0,1,-0.1558,-1.0073,0.0083,1.04,-2.5,-3.78,-88.74,7.51,121.73,26.1,,,,,,,,,,,,,,,,
IMU,60639474.0,2,0.8975,0.3042,0.0444,-1.83,-6.04,19.35,85.95,-72.64,-78.1,27.6,,,,,,,,,,,,,,,,
EXO,60722470,,,,,,,,,,,,SAFE,-72.636,-6.042,0.949,2.163,-0.418,-0.0,0.0,0.0,0.022,0.0,0.0,0.0,0.0,0.0,0.0
IMU,60817167.0,1,-0.1519,-1.001,0.0225,-1.22,-7.26,3.05,-88.63,7.43,122.24,26.0,,,,,,,,,,,,,,,,
IMU,60739331.0,2,0.9873,0.2544,0.0283,1.83,1.04,21.3,85.68,-74.74,-77.86,27.8,,,,,,,,,,,,,,,,
EXO,60822296,,,,,,,,,,,,SAFE,-74.74,1.038,1.02,2.112,-0.495,-0.0,0.0,0.0,0.024,0.0,0.0,0.0,0.0,0.0,0.0
IMU,60917407.0,1,-0.124,-1.0249,0.0684,0.49,-3.17,-0.12,-88.58,7.29,122.58,26.1,,,,,,,,,,,,,,,,
IMU,60839260.0,2,0.9453,0.2349,-0.0244,1.71,2.26,36.25,84.57,-77.17,-76.27,27.7,,,,,,,,,,,,,,,,
EXO,60922375,,,,,,,,,,,,SAFE,-77.168,2.258,0.974,2.042,-0.691,-0.0,0.0,0.0,0.031,0.0,0.0,0.0,0.0,0.0,0.0
IMU,61017545.0,1,-0.1235,-0.9956,0.0415,1.16,-0.67,-4.09,-88.53,6.95,122.6,26.0,,,,,,,,,,,,,,,,
IMU,60939184.0,2,1.0713,0.145,0.0049,-4.27,3.11,46.02,82.02,-80.57,-73.74,27.6,,,,,,,,,,,,,,,,
EXO,61022366,,,,,,,,,,,,SAFE,-80.574,3.113,1.081,1.964,-0.712,-0.0,0.0,0.0,0.006,0.0,0.0,0.0,0.0,0.0,0.0
IMU,61117724.0,1,-0.1123,-0.9741,0.0117,-1.22,-1.95,1.46,-88.54,6.83,122.69,26.1,,,,,,,,,,,,,,,,
IMU,61039096.0,2,1.0518,0.0669,0.0308,-2.93,-1.1,41.99,76.36,-84.42,-68.37,27.6,,,,,,,,,,,,,,,,
EXO,61122451,,,,,,,,,,,,SAFE,-84.419,-1.099,1.054,1.871,-1.037,-0.0,0.0,0.0,0.042,0.0,0.0,0.0,0.0,0.0,0.0
IMU,61217879.0,1,-0.1138,-0.9937,0.061,-0.43,0.61,0.0,-88.56,6.99,122.72,26.1,,,,,,,,,,,,,,,,
IMU,61139003.0,2,0.9229,0.0132,0.0391,-0.79,-2.32,57.62,30.82,-88.51,-22.92,27.7,,,,,,,,,,,,,,,,
EXO,61222374,,,,,,,,,,,,SAFE,-88.506,-2.319,0.924,1.757,-1.181,-0.0,0.0,0.0,-0.009,0.0,0.0,0.0,0.0,0.0,0.0
IMU,61318106.0,1,-0.0933,-1.0088,0.0415,1.65,3.66,-5.68,-88.52,6.6,122.54,26.1,,,,,,,,,,,,,,,,
IMU,61238916.0,2,0.9849,-0.0854,0.0391,-4.88,-1.77,63.6,-76.25,-84.56,84.31,27.9,,,,,,,,,,,,,,,,
EXO,61322473,,,,,,,,,,,,SAFE,-84.556,-1.77,0.989,1.634,-1.267,-0.0,0.0,0.0,0.018,0.0,0.0,0.0,0.0,0.0,0.0
IMU,61418346.0,1,-0.1157,-0.9912,0.0161,1.53,2.69,-2.2,-88.46,6.36,122.4,26.1,,,,,,,,,,,,,,,,
IMU,61338864.0,2,0.8955,-0.2168,0.041,-4.21,0.37,66.28,-82.93,-78.48,92.36,27.8,,,,,,,,,,,,,,,,
EXO,61422395,,,,,,,,,,,,SAFE,-78.475,0.366,0.922,1.5,-1.471,-0.0,0.0,0.0,0.08,0.0,0.0,0.0,0.0,0.0,0.0
IMU,61518467.0,1,-0.0908,-0.9946,0.0356,0.31,-4.46,-5.49,-88.3,5.96,122.41,26.2,,,,,,,,,,,,,,,,
IMU,61438786.0,2,0.9883,-0.3428,0.0439,-4.76,2.5,75.13,-85.44,-71.49,96.32,27.7,,,,,,,,,,,,,,,,
EXO,61522448,,,,,,,,,,,,SAFE,-71.488,2.502,1.047,1.362,-1.408,-0.0,0.0,0.0,-0.066,0.0,0.0,0.0,0.0,0.0,0.0
IMU,61618653.0,1,-0.0874,-1.0088,0.0806,7.57,1.83,-8.97,-87.9,5.15,122.51,26.1,,,,,,,,,,,,,,,,
IMU,61538717.0,2,0.8901,-0.4668,0.0469,4.82,1.04,71.41,-86.23,-64.35,98.87,27.6,,,,,,,,,,,,,,,,
EXO,61622299,,,,,,,,,,,,SAFE,-64.347,1.038,1.006,1.236,-1.219,-0.0,0.0,0.0,-0.028,0.0,0.0,0.0,0.0,0.0,0.0
IMU,61718838.0,1,-0.0781,-1.0073,0.064,5.68,7.51,-1.22,-87.26,4.69,122.16,26.2,,,,,,,,,,,,,,,,
IMU,61638637.0,2,0.8506,-0.585,0.0439,-2.38,10.68,61.16,-85.9,-57.94,100.07,27.7,,,,,,,,,,,,,,,,
EXO,61722548,,,,,,,,,,,,SAFE,-57.942,10.681,1.033,1.119,-1.048,-0.0,0.0,0.0,-0.03,0.0,0.0,0.0,0.0,0.0,0.0
IMU,61819012.0,1,-0.1001,-1.0146,0.0732,0.06,-3.23,2.99,-87.02,4.98,121.89,26.2,,,,,,,,,,,,,,,,
IMU,61738566.0,2,0.6616,-0.6704,0.0234,-9.09,9.52,65.49,-85.62,-51.68,100.85,27.9,,,,,,,,,,,,,,,,
EXO,61822479,,,,,,,,,,,,SAFE,-51.68,9.521,0.942,1.001,-1.096,-0.0,0.0,0.0,-0.034,0.0,0.0,0.0,0.0,0.0,0.0
IMU,61819012.0,1,-0.1001,-1.0146,0.0732,0.06,-3.23,2.99,-87.02,4.98,121.89,26.2,,,,,,,,,,,,,,,,
IMU,61838481.0,2,0.6724,-0.7573,0.0166,1.04,-3.85,66.96,-86.22,-44.81,102.76,27.8,,,,,,,,,,,,,,,,
EXO,61922568,,,,,,,,,,,,SAFE,-44.808,-3.845,1.013,0.907,-0.463,-0.0,0.0,0.0,-0.139,0.0,0.0,0.0,0.0,0.0,0.0
IMU,61919372.0,1,-0.0884,-0.9849,0.0654,4.39,-16.05,-13.49,-86.73,4.47,122.83,26.0,,,,,,,,,,,,,,,,
IMU,61938381.0,2,0.6616,-0.79,0.0054,7.08,-4.21,30.7,-86.14,-39.82,105.19,27.8,,,,,,,,,,,,,,,,
EXO,62022769,,,,,,,,,,,,SAFE,-39.82,-4.211,1.031,0.911,0.476,-0.0,0.0,0.0,-0.044,0.0,0.0,0.0,0.0,0.0,0.0
IMU,62019563.0,1,-0.0283,-0.9795,0.0684,-4.82,8.91,-8.12,-86.63,3.37,122.54,26.1,,,,,,,,,,,,,,,,
IMU,62038292.0,2,0.6309,-0.7544,0.041,-10.19,-4.7,-18.13,-86.74,-39.73,106.0,27.8,,,,,,,,,,,,,,,,
EXO,62122848,,,,,,,,,,,,SAFE,-39.732,-4.7,0.984,0.925,-0.045,-0.0,0.0,0.0,-0.001,0.0,0.0,0.0,0.0,0.0,0.0
IMU,62119646.0,1,-0.043,-0.9893,0.0527,-8.61,-1.16,-15.56,-87.53,2.19,122.08,26.1,,,,,,,,,,,,,,,,
IMU,62138198.0,2,0.6064,-0.7832,0.0562,-5.13,-7.81,-21.06,-87.88,-42.46,107.57,27.8,,,,,,,,,,,,,,,,
EXO,62222941,,,,,,,,,,,,SAFE,-42.462,-7.812,0.992,0.927,0.143,-0.0,0.0,0.0,-0.043,0.0,0.0,0.0,0.0,0.0,0.0
IMU,62219800.0,1,-0.0083,-1.0239,0.0718,8.42,7.39,-10.25,-87.34,0.73,121.71,26.1,,,,,,,,,,,,,,,,
IMU,62238129.0,2,0.6562,-0.7935,0.0312,1.34,9.09,-9.83,-87.33,-43.64,107.71,27.8,,,,,,,,,,,,,,,,
EXO,62322487,,,,,,,,,,,,SAFE,-43.638,9.094,1.03,1.003,1.466,-0.0,0.0,0.0,-0.196,0.0,0.0,0.0,0.0,0.0,0.0
IMU,62320012.0,1,0.0,-1.0015,0.061,0.85,7.51,-0.98,-86.99,0.1,121.49,26.2,,,,,,,,,,,,,,,,
IMU,62338054.0,2,0.7139,-0.7822,0.0303,-4.58,4.33,-54.81,-86.74,-45.87,108.11,27.6,,,,,,,,,,,,,,,,
EXO,62422424,,,,,,,,,,,,SAFE,-45.873,4.333,1.059,1.168,1.895,-0.0,0.0,0.0,-0.029,0.0,0.0,0.0,0.0,0.0,0.0
IMU,62420190.0,1,-0.022,-0.978,0.0327,-9.58,-6.04,15.75,-87.39,1.24,121.29,26.1,,,,,,,,,,,,,,,,
IMU,62437920.0,2,0.7451,-0.6372,0.0093,1.16,-13.24,-80.87,-87.22,-52.53,109.37,27.6,,,,,,,,,,,,,,,,
EXO,62522819,,,,,,,,,,,,SAFE,-52.531,-13.245,0.98,1.366,2.052,-0.0,0.0,0.0,-0.036,0.0,0.0,0.0,0.0,0.0,0.0
IMU,62520344.0,1,-0.0303,-0.9937,0.0166,-13.31,-1.4,11.54,-88.62,2.76,121.7,26.0,,,,,,,,,,,,,,,,
IMU,62537811.0,2,0.9009,-0.4897,0.0356,2.75,-12.94,-104.19,-88.83,-61.56,112.16,27.9,,,,,,,,,,,,,,,,
EXO,62622995,,,,,,,,,,,,SAFE,-61.556,-12.939,1.026,1.566,1.992,-0.0,0.0,0.0,0.108,0.0,0.0,0.0,0.0,0.0,0.0
IMU,62620536.0,1,-0.0503,-0.9897,-0.0107,-9.22,0.49,7.08,-89.79,3.55,121.85,26.2,,,,,,,,,,,,,,,,
IMU,62637718.0,2,0.9736,-0.3379,0.0269,4.39,-6.29,-108.7,-90.98,-71.63,115.71,27.9,,,,,,,,,,,,,,,,
EXO,62722729,,,,,,,,,,,,SAFE,-71.631,-6.287,1.031,1.745,1.581,-0.0,0.0,0.0,0.032,0.0,0.0,0.0,0.0,0.0,0.0
IMU,62720719.0,1,-0.0532,-0.999,-0.002,1.04,-5.13,0.73,-90.14,3.77,121.92,26.1,,,,,,,,,,,,,,,,
IMU,62737631.0,2,0.9795,-0.187,0.0229,14.59,2.26,-97.84,-91.76,-81.43,118.31,27.6,,,,,,,,,,,,,,,,
EXO,62822637,,,,,,,,,,,,SAFE,-81.425,2.258,0.997,1.908,1.483,-0.0,0.0,0.0,0.111,0.0,0.0,0.0,0.0,0.0,0.0
IMU,62820897.0,1,-0.0679,-1.0029,0.0225,4.76,-6.29,3.91,-89.68,3.98,122.54,26.1,,,,,,,,,,,,,,,,
IMU,62837556.0,2,0.9746,-0.0034,0.0405,15.26,4.39,-86.18,13.67,-89.64,14.77,27.7,,,,,,,,,,,,,,,,
EXO,62922330,,,,,,,,,,,,SAFE,-89.637,4.395,0.975,2.047,1.303,-0.0,0.0,0.0,-0.004,0.0,0.0,0.0,0.0,0.0,0.0
IMU,62921104.0,1,-0.061,-0.9976,0.0444,4.76,-11.6,1.22,-89.14,4.27,123.61,26.2,,,,,,,,,,,,,,,,
IMU,62937425.0,2,0.9526,0.1362,-0.0044,12.33,8.73,-76.35,82.77,-82.21,-52.39,27.7,,,,,,,,,,,,,,,,
EXO,63022555,,,,,,,,,,,,SAFE,-82.205,8.728,0.962,2.157,0.806,-0.0,0.0,0.0,0.028,0.0,0.0,0.0,0.0,0.0,0.0
IMU,63021284.0,1,-0.0786,-0.9956,0.0669,1.59,2.69,-0.31,-88.7,4.3,123.9,26.1,,,,,,,,,,,,,,,,
IMU,63037321.0,2,0.9814,0.1899,-0.0176,-10.74,-4.52,-57.86,85.31,-75.81,-53.11,27.7,,,,,,,,,,,,,,,,
EXO,63122623,,,,,,,,,,,,SAFE,-75.806,-4.517,1.0,2.226,0.402,-0.0,0.0,0.0,-0.02,0.0,0.0,0.0,0.0,0.0,0.0
IMU,63121473.0,1,-0.1025,-1.0244,0.0254,-5.92,2.08,1.95,-89.07,4.5,122.99,26.1,,,,,,,,,,,,,,,,
IMU,63137239.0,2,0.8467,0.3169,-0.0454,1.83,-2.81,-33.14,88.68,-71.29,-54.87,27.7,,,,,,,,,,,,,,,,
EXO,63222443,,,,,,,,,,,,SAFE,-71.29,-2.808,0.905,2.233,0.032,-0.0,0.0,0.0,0.006,0.0,0.0,0.0,0.0,0.0,0.0
IMU,63221669.0,1,-0.0649,-1.0234,-0.0122,-1.65,1.89,7.08,-89.29,4.97,122.62,26.2,,,,,,,,,,,,,,,,
IMU,63237154.0,2,0.9644,0.4004,-0.0161,-2.87,0.73,3.97,89.23,-70.76,-54.06,27.7,,,,,,,,,,,,,,,,
EXO,63322365,,,,,,,,,,,,SAFE,-70.757,0.732,1.044,2.24,0.528,-0.0,0.0,0.0,-0.085,0.0,0.0,0.0,0.0,0.0,0.0
IMU,63321845.0,1,-0.064,-0.9912,0.0195,-2.32,1.22,-3.23,-89.37,4.87,122.62,26.1,,,,,,,,,,,,,,,,
IMU,63337101.0,2,0.9204,0.3555,-0.0059,-2.44,-5.25,-3.42,89.55,-70.39,-52.66,27.8,,,,,,,,,,,,,,,,
EXO,63422505,,,,,,,,,,,,SAFE,-70.389,-5.249,0.987,2.257,-0.011,-0.0,0.0,0.0,0.014,0.0,0.0,0.0,0.0,0.0,0.0
IMU,63422029.0,1,-0.1064,-0.9912,-0.0386,-1.34,0.06,-2.62,-89.71,4.89,122.42,26.2,,,,,,,,,,,,,,,,
IMU,63436984.0,2,0.9077,0.3945,-0.0127,-2.81,2.32,-10.31,90.41,-68.99,-52.01,27.7,,,,,,,,,,,,,,,,
EXO,63522627,,,,,,,,,,,,SAFE,-68.994,2.319,0.99,2.257,0.072,-0.0,0.0,0.0,0.008,0.0,0.0,0.0,0.0,0.0,0.0
IMU,63522204.0,1,-0.0859,-1.0034,0.0181,5.8,0.49,-0.49,-89.16,4.41,122.24,26.2,,,,,,,,,,,,,,,,
IMU,63536890.0,2,0.9326,0.3711,-0.0098,-4.03,3.6,1.16,88.67,-68.51,-49.19,27.9,,,,,,,,,,,,,,,,
EXO,63622271,,,,,,,,,,,,SAFE,-68.505,3.601,1.004,2.257,0.005,-0.0,0.0,0.0,0.012,0.0,0.0,0.0,0.0,0.0,0.0
IMU,63622427.0,1,-0.0776,-0.9941,0.0186,-4.03,-2.56,3.6,-89.06,4.66,122.28,26.1,,,,,,,,,,,,,,,,
IMU,63636800.0,2,0.9111,0.3828,0.0078,5.68,-2.56,4.09,88.67,-68.77,-47.64,27.8,,,,,,,,,,,,,,,,
EXO,63722290,,,,,,,,,,,,SAFE,-68.769,-2.563,0.988,2.256,0.091,-0.0,0.0,0.0,-0.003,0.0,0.0,0.0,0.0,0.0,0.0
IMU,63722601.0,1,-0.0879,-0.9839,0.0176,-1.89,-3.78,1.4,-89.45,4.94,122.67,26.0,,,,,,,,,,,,,,,,
IMU,63736695.0,2,0.9092,0.3711,0.0083,3.42,0.79,2.32,89.48,-68.96,-46.61,27.6,,,,,,,,,,,,,,,,
EXO,63822192,,,,,,,,,,,,SAFE,-68.956,0.793,0.982,2.254,-0.264,-0.0,0.0,0.0,0.016,0.0,0.0,0.0,0.0,0.0,0.0
IMU,63822774.0,1,-0.0869,-0.9878,0.0161,1.89,1.59,2.5,-89.34,5.19,122.74,26.1,,,,,,,,,,,,,,,,
IMU,63836650.0,2,0.9209,0.376,0.0024,-3.36,1.04,3.54,88.93,-69.25,-44.95,27.7,,,,,,,,,,,,,,,,
EXO,63922075,,,,,,,,,,,,SAFE,-69.252,1.038,0.995,2.251,0.091,-0.0,0.0,0.0,-0.004,0.0,0.0,0.0,0.0,0.0,0.0
IMU,63922965.0,1,-0.0801,-0.998,0.0166,-0.79,2.56,-1.65,-89.28,5.2,122.53,26.3,,,,,,,,,,,,,,,,
IMU,63936462.0,2,0.916,0.3887,0.0117,1.04,-2.44,-2.08,88.89,-69.39,-44.0,27.8,,,,,,,,,,,,,,,,
EXO,64022357,,,,,,,,,,,,SAFE,-69.39,-2.441,0.995,2.251,-0.017,-0.0,0.0,0.0,0.012,0.0,0.0,0.0,0.0,0.0,0.0
IMU,64023150.0,1,-0.0938,-1.0068,0.0054,-1.1,-1.4,-2.75,-89.46,4.95,122.57,26.1,,,,,,,,,,,,,,,,
IMU,64036379.0,2,0.9292,0.3726,0.0,1.95,0.12,0.24,89.37,-69.13,-43.18,27.7,,,,,,,,,,,,,,,,
EXO,64122420,,,,,,,,,,,,SAFE,-69.131,0.122,1.001,2.251,0.101,-0.0,0.0,0.0,0.002,0.0,0.0,0.0,0.0,0.0,0.0
IMU,64123348.0,1,-0.0898,-1.001,0.0171,0.06,-0.37,2.08,-89.43,4.89,122.68,26.1,,,,,,,,,,,,,,,,
IMU,64136285.0,2,0.9307,0.3687,0.0073,0.31,0.18,2.81,89.25,-69.21,-41.93,27.7,,,,,,,,,,,,,,,,
EXO,64222126,,,,,,,,,,,,SAFE,-69.214,0.183,1.001,2.248,0.002,-0.0,0.0,0.0,0.015,0.0,0.0,0.0,0.0,0.0,0.0
IMU,64223543.0,1,-0.0796,-0.9873,0.019,-2.38,1.04,4.52,-89.46,5.15,122.83,26.0,,,,,,,,,,,,,,,,
IMU,64236189.0,2,0.9263,0.376,0.0073,1.28,-3.11,5.92,89.42,-69.57,-40.97,27.7,,,,,,,,,,,,,,,,
EXO,64322171,,,,,,,,,,,,SAFE,-69.565,-3.113,1.0,2.246,0.032,-0.0,0.0,0.0,0.003,0.0,0.0,0.0,0.0,0.0,0.0
IMU,64323718.0,1,-0.0874,-0.9946,0.0083,0.43,1.95,-1.95,-89.6,5.25,122.86,26.1,,,,,,,,,,,,,,,,
IMU,64336188.0,2,0.9258,0.375,-0.001,-3.11,-0.61,-0.85,89.69,-69.58,-40.3,27.8,,,,,,,,,,,,,,,,
EXO,64422400,,,,,,,,,,,,SAFE,-69.582,-0.61,0.999,2.24,-0.052,-0.0,0.0,0.0,-0.032,0.0,0.0,0.0,0.0,0.0,0.0
IMU,64423900.0,1,-0.0957,-1.0005,-0.0107,-0.31,6.23,-1.53,-89.65,5.08,122.39,26.1,,,,,,,,,,,,,,,,
IMU,64436020.0,2,1.0098,0.3511,0.002,-7.51,-1.77,4.15,89.87,-69.76,-40.24,27.8,,,,,,,,,,,,,,,,
EXO,64522443,,,,,,,,,,,,SAFE,-69.763,-1.77,1.069,2.24,0.018,-0.0,0.0,0.0,0.002,0.0,0.0,0.0,0.0,0.0,0.0
IMU,64524098.0,1,-0.0913,-0.9961,0.0078,-0.98,0.55,1.34,-89.7,4.98,122.11,26.2,,,,,,,,,,,,,,,,
IMU,64535933.0,2,0.9243,0.3555,0.0059,0.92,-1.46,1.34,90.05,-69.64,-39.82,27.7,,,,,,,,,,,,,,,,
EXO,64622167,,,,,,,,,,,,SAFE,-69.642,-1.465,0.99,2.24,0.018,-0.0,0.0,0.0,0.066,0.0,0.0,0.0,0.0,0.0,0.0
IMU,64624296.0,1,-0.0889,-1.002,0.0059,-1.04,-1.1,2.01,-89.79,5.16,122.29,26.2,,,,,,,,,,,,,,,,
IMU,64635851.0,2,0.9365,0.3618,0.0015,2.75,0.24,2.14,90.3,-69.79,-39.05,27.7,,,,,,,,,,,,,,,,
EXO,64722195,,,,,,,,,,,,SAFE,-69.791,0.244,1.004,2.24,-0.069,-0.0,0.0,0.0,0.003,0.0,0.0,0.0,0.0,0.0,0.0
IMU,64724490.0,1,-0.0908,-1.002,0.001,1.1,-2.38,1.16,-89.8,5.32,122.46,26.1,,,,,,,,,,,,,,,,
IMU,64735759.0,2,0.9346,0.3477,0.0005,0.98,2.62,2.01,90.19,-69.91,-38.01,27.8,,,,,,,,,,,,,,,,
EXO,64822080,,,,,,,,,,,,SAFE,-69.911,2.625,0.997,2.24,-0.124,-0.0,0.0,0.0,-0.014,0.0,0.0,0.0,0.0,0.0,0.0
IMU,64824690.0,1,-0.1021,-0.9941,-0.0034,0.73,2.26,2.81,-89.74,5.65,122.67,26.1,,,,,,,,,,,,,,,,
IMU,64835758.0,2,0.9404,0.355,-0.0088,-4.88,-0.18,2.26,89.86,-70.22,-36.89,27.7,,,,,,,,,,,,,,,,
EXO,64922327,,,,,,,,,,,,SAFE,-70.219,-0.183,1.005,2.237,-0.218,-0.0,0.0,0.0,0.016,0.0,0.0,0.0,0.0,0.0,0.0
IMU,64924879.0,1,-0.1367,-1.0098,-0.0161,4.82,5.25,-1.1,-89.56,5.71,122.28,26.2,,,,,,,,,,,,,,,,
IMU,64935601.0,2,0.9639,0.3315,-0.0005,-7.81,3.54,0.98,89.23,-70.36,-36.08,27.8,,,,,,,,,,,,,,,,
EXO,65022368,,,,,,,,,,,,SAFE,-70.356,3.54,1.019,2.202,-0.651,-0.0,0.0,0.0,0.08,0.0,0.0,0.0,0.0,0.0,0.0
IMU,65025064.0,1,-0.0947,-0.9883,0.0322,-0.55,1.95,11.47,-89.18,6.03,122.09,26.1,,,,,,,,,,,,,,,,
IMU,65035489.0,2,0.7988,0.3486,0.0088,-5.92,-6.96,35.03,87.91,-71.71,-34.65,27.6,,,,,,,,,,,,,,,,
EXO,65122434,,,,,,,,,,,,SAFE,-71.713,-6.958,0.872,2.129,-0.824,-0.0,0.0,0.0,0.017,0.0,0.0,0.0,0.0,0.0,0.0
IMU,65125219.0,1,-0.1074,-0.9937,0.0259,-4.82,15.81,0.0,-89.83,6.8,121.28,26.0,,,,,,,,,,,,,,,,
IMU,65135417.0,2,1.0698,0.2637,0.0215,-13.12,-8.06,34.55,89.92,-75.93,-37.17,27.8,,,,,,,,,,,,,,,,
EXO,65222531,,,,,,,,,,,,SAFE,-75.932,-8.057,1.102,2.044,-0.865,-0.0,0.0,0.0,-0.009,0.0,0.0,0.0,0.0,0.0,0.0
IMU,65225443.0,1,-0.1313,-1.0122,0.0581,3.54,14.83,-6.84,-89.86,6.14,119.92,26.1,,,,,,,,,,,,,,,,
IMU,65235335.0,2,0.9727,0.1714,0.0322,-15.56,-2.26,43.33,90.15,-79.44,-38.64,27.8,,,,,,,,,,,,,,,,
EXO,65322522,,,,,,,,,,,,SAFE,-79.442,-2.258,0.988,1.954,-0.814,-0.0,0.0,0.0,-0.039,0.0,0.0,0.0,0.0,0.0,0.0
IMU,65325642.0,1,-0.124,-1.0098,0.0166,1.04,1.04,-1.53,-89.7,5.7,119.2,26.1,,,,,,,,,,,,,,,,
IMU,65335329.0,2,1.0801,0.0571,0.0044,-1.1,0.43,51.09,88.63,-84.0,-37.56,27.7,,,,,,,,,,,,,,,,
EXO,65422229,,,,,,,,,,,,SAFE,-84.001,0.427,1.082,1.861,-0.872,-0.0,0.0,0.0,0.042,0.0,0.0,0.0,0.0,0.0,0.0
IMU,65425821.0,1,-0.1035,-0.9893,-0.0288,-3.42,-11.41,1.34,-89.8,5.78,119.79,26.2,,,,,,,,,,,,,,,,
IMU,65435166.0,2,1.0498,-0.0059,-0.0073,10.99,0.92,58.17,86.07,-89.1,-33.95,27.7,,,,,,,,,,,,,,,,
EXO,65522715,,,,,,,,,,,,SAFE,-89.105,0.916,1.05,1.767,-1.099,-0.0,0.0,0.0,-0.066,0.0,0.0,0.0,0.0,0.0,0.0
IMU,65525986.0,1,-0.0708,-0.9888,-0.0151,0.0,-5.98,-3.85,-89.87,5.66,120.64,26.1,,,,,,,,,,,,,,,,
IMU,65535085.0,2,0.9561,-0.083,-0.0054,3.05,1.89,46.88,-89.03,-85.92,142.35,27.6,,,,,,,,,,,,,,,,
EXO,65622604,,,,,,,,,,,,SAFE,-85.919,1.892,0.96,1.694,-0.434,-0.0,0.0,0.0,-0.027,0.0,0.0,0.0,0.0,0.0,0.0
IMU,65626188.0,1,-0.0815,-0.9966,-0.0127,2.87,5.31,-4.03,-89.71,5.44,120.58,26.0,,,,,,,,,,,,,,,,
IMU,65635029.0,2,1.0757,-0.1748,-0.0415,-11.05,7.63,37.9,-88.55,-81.58,142.16,27.8,,,,,,,,,,,,,,,,
EXO,65722744,,,,,,,,,,,,SAFE,-81.579,7.629,1.091,1.647,-0.138,-0.0,0.0,0.0,-0.022,0.0,0.0,0.0,0.0,0.0,0.0
IMU,65726363.0,1,-0.0723,-1.0117,0.0024,1.4,5.13,-2.14,-89.51,5.23,119.9,26.2,,,,,,,,,,,,,,,,
IMU,65734937.0,2,1.0522,-0.2427,-0.0317,-5.86,5.31,31.49,-88.25,-78.82,141.41,27.8,,,,,,,,,,,,,,,,
EXO,65822526,,,,,,,,,,,,SAFE,-78.821,5.31,1.08,1.615,-0.699,-0.0,0.0,0.0,0.05,0.0,0.0,0.0,0.0,0.0,0.0
IMU,65826561.0,1,-0.1045,-0.9956,-0.0078,1.46,-4.39,5.0,-89.34,5.45,119.66,26.0,,,,,,,,,,,,,,,,
IMU,65834944.0,2,1.0,-0.2852,-0.0151,3.3,3.3,24.48,-87.76,-76.81,141.02,27.8,,,,,,,,,,,,,,,,
EXO,65922516,,,,,,,,,,,,SAFE,-76.811,3.296,1.04,1.531,-1.0,-0.0,0.0,0.0,0.0,0.0,0.0,0.0,0.0,0.0,0.0
IMU,65926750.0,1,-0.0864,-1.0073,0.0269,5.43,-5.98,-1.46,-89.0,5.56,120.07,26.1,,,,,,,,,,,,,,,,
IMU,65934773.0,2,0.8452,-0.2842,0.0244,6.77,3.05,42.85,-86.91,-73.1,140.78,27.6,,,,,,,,,,,,,,,,
EXO,66022446,,,,,,,,,,,,SAFE,-73.098,3.052,0.892,1.445,-0.657,-0.0,0.0,0.0,-0.002,0.0,0.0,0.0,0.0,0.0,0.0
IMU,66026938.0,1,-0.1055,-0.9893,0.0347,14.65,1.89,-17.52,-87.95,4.74,120.35,26.2,,,,,,,,,,,,,,,,
IMU,66034688.0,2,0.9468,-0.3501,0.0513,1.16,13.43,32.17,-84.35,-68.87,138.63,27.6,,,,,,,,,,,,,,,,
EXO,66122618,,,,,,,,,,,,SAFE,-68.873,13.428,1.011,1.43,0.155,-0.0,0.0,0.0,-0.002,0.0,0.0,0.0,0.0,0.0,0.0
IMU,66127140.0,1,-0.0107,-0.9917,0.0845,20.32,18.49,-23.01,-86.3,2.5,119.37,26.1,,,,,,,,,,,,,,,,
IMU,66134617.0,2,0.9277,-0.3716,0.0728,-11.78,24.96,-30.46,-79.78,-68.58,133.21,27.7,,,,,,,,,,,,,,,,
EXO,66222994,,,,,,,,,,,,SAFE,-68.582,24.963,1.002,1.432,-0.046,-0.0,0.0,0.0,-0.014,0.0,0.0,0.0,0.0,0.0,0.0
IMU,66227330.0,1,-0.0127,-0.9819,0.1035,10.5,15.44,-14.04,-84.84,0.93,117.59,26.2,,,,,,,,,,,,,,,,
IMU,66234509.0,2,0.9062,-0.3496,0.0825,-13.12,11.54,-13.79,-74.8,-70.31,126.57,27.7,,,,,,,,,,,,,,,,
EXO,66322971,,,,,,,,,,,,SAFE,-70.312,11.536,0.975,1.433,0.013,-0.0,0.0,0.0,-0.001,0.0,0.0,0.0,0.0,0.0,0.0
IMU,66327542.0,1,-0.0156,-0.9727,0.0874,-8.06,-0.06,-13.55,-84.96,-0.08,116.77,26.1,,,,,,,,,,,,,,,,
IMU,66334500.0,2,0.9277,-0.3281,0.0977,-0.79,-8.18,-14.95,-75.01,-71.33,125.86,27.6,,,,,,,,,,,,,,,,
EXO,66422946,,,,,,,,,,,,SAFE,-71.334,-8.179,0.989,1.437,0.404,-0.0,0.0,0.0,-0.027,0.0,0.0,0.0,0.0,0.0,0.0
IMU,66427725.0,1,0.0391,-0.9858,0.0938,-6.9,-7.63,-8.18,-85.75,-1.36,117.27,26.2,,,,,,,,,,,,,,,,
IMU,66434336.0,2,0.9272,-0.3188,0.1006,5.07,-7.39,-8.73,-76.51,-72.75,127.92,27.6,,,,,,,,,,,,,,,,
EXO,66522742,,,,,,,,,,,,SAFE,-72.746,-7.385,0.986,1.47,0.593,-0.0,0.0,0.0,-0.059,0.0,0.0,0.0,0.0,0.0,0.0
IMU,66527916.0,1,0.022,-1.0059,0.0845,4.94,2.56,-3.6,-85.78,-1.71,117.66,26.0,,,,,,,,,,,,,,,,
IMU,66534239.0,2,1.0005,-0.292,0.0938,0.85,6.29,-21.42,-75.04,-73.96,127.07,27.9,,,,,,,,,,,,,,,,
EXO,66622483,,,,,,,,,,,,SAFE,-73.96,6.287,1.046,1.566,1.092,-0.0,0.0,0.0,0.046,0.0,0.0,0.0,0.0,0.0,0.0
IMU,66628101.0,1,0.0146,-0.9722,0.0508,1.34,-7.2,2.75,-85.34,-1.77,117.75,26.0,,,,,,,,,,,,,,,,
IMU,66634149.0,2,0.9526,-0.2666,0.0215,9.46,2.81,-54.57,-67.91,-77.71,120.22,27.8,,,,,,,,,,,,,,,,
EXO,66722465,,,,,,,,,,,,SAFE,-77.712,2.808,0.989,1.674,1.102,-0.0,0.0,0.0,0.094,0.0,0.0,0.0,0.0,0.0,0.0
IMU,66728277.0,1,0.0322,-1.002,0.0635,-5.43,-8.36,1.77,-85.64,-1.43,118.47,26.0,,,,,,,,,,,,,,,,
IMU,66734052.0,2,1.0259,-0.0903,0.1113,12.88,-7.02,-60.97,-53.94,-82.64,107.01,27.7,,,,,,,,,,,,,,,,
EXO,66822712,,,,,,,,,,,,SAFE,-82.639,-7.019,1.036,1.781,1.16,-0.0,0.0,0.0,0.077,0.0,0.0,0.0,0.0,0.0,0.0
IMU,66828471.0,1,0.0581,-1.0112,0.1079,0.85,-0.24,-0.18,-85.91,-1.5,119.01,26.1,,,,,,,,,,,,,,,,
IMU,66834018.0,2,0.9438,0.0415,0.1011,5.25,-1.22,-60.55,-0.72,-85.84,54.44,27.7,,,,,,,,,,,,,,,,
EXO,66922320,,,,,,,,,,,,SAFE,-85.842,-1.221,0.95,1.88,0.77,-0.0,0.0,0.0,-0.061,0.0,0.0,0.0,0.0,0.0,0.0
IMU,66928670.0,1,0.0146,-0.9883,0.0566,1.22,-1.4,1.1,-85.75,-1.67,119.22,26.1,,,,,,,,,,,,,,,,
IMU,66933841.0,2,0.9678,0.0928,0.0225,4.15,1.71,-56.88,52.61,-82.89,1.36,27.7,,,,,,,,,,,,,,,,
EXO,67022098,,,,,,,,,,,,SAFE,-82.886,1.709,0.972,1.917,-0.034,-0.0,0.0,0.0,-0.01,0.0,0.0,0.0,0.0,0.0,0.0
IMU,67028835.0,1,0.0171,-1.0322,0.0962,0.49,-4.33,4.64,-85.66,-1.32,119.43,26.1,,,,,,,,,,,,,,,,
IMU,67033758.0,2,0.8999,0.1626,0.02,1.59,1.28,-4.7,63.71,-79.97,-9.9,27.7,,,,,,,,,,,,,,,,
EXO,67122091,,,,,,,,,,,,SAFE,-79.969,1.282,0.915,1.914,-0.04,-0.0,0.0,0.0,-0.013,0.0,0.0,0.0,0.0,0.0,0.0
IMU,67129029.0,1,0.0317,-1.0103,0.0596,-2.75,-2.93,6.29,-85.77,-0.87,119.5,26.1,,,,,,,,,,,,,,,,
IMU,67133673.0,2,1.0083,0.1611,0.0576,2.5,-1.89,8.61,62.46,-80.69,-7.76,27.8,,,,,,,,,,,,,,,,
EXO,67222199,,,,,,,,,,,,SAFE,-80.689,-1.892,1.023,1.913,-0.014,-0.0,0.0,0.0,0.004,0.0,0.0,0.0,0.0,0.0,0.0
IMU,67229218.0,1,0.0156,-0.9917,0.0747,-2.26,-2.38,1.04,-86.13,-0.55,119.85,26.2,,,,,,,,,,,,,,,,
IMU,67233592.0,2,0.9868,0.1445,0.0742,2.44,-1.53,1.46,63.32,-81.17,-7.11,27.7,,,,,,,,,,,,,,,,
EXO,67322180,,,,,,,,,,,,SAFE,-81.172,-1.526,1.0,1.913,0.015,-0.0,0.0,0.0,0.006,0.0,0.0,0.0,0.0,0.0,0.0
IMU,67329412.0,1,0.0107,-0.9858,0.0684,4.15,2.93,-1.16,-86.0,-0.48,119.77,26.0,,,,,,,,,,,,,,,,
IMU,67333581.0,2,0.9678,0.1484,0.0654,-4.21,3.48,0.06,62.34,-81.17,-5.36,27.8,,,,,,,,,,,,,,,,
EXO,67422064,,,,,,,,,,,,SAFE,-81.172,3.479,0.981,1.913,0.079,-0.0,0.0,0.0,0.01,0.0,0.0,0.0,0.0,0.0,0.0
IMU,67429609.0,1,0.0088,-0.9868,0.063,1.53,-1.65,-5.0,-85.65,-0.79,119.59,26.1,,,,,,,,,,,,,,,,
IMU,67433411.0,2,0.9819,0.1392,0.0586,1.95,1.46,-5.0,60.86,-80.89,-3.06,27.7,,,,,,,,,,,,,,,,
EXO,67522190,,,,,,,,,,,,SAFE,-80.892,1.465,0.993,1.913,-0.036,-0.0,0.0,0.0,-0.002,0.0,0.0,0.0,0.0,0.0,0.0
IMU,67529783.0,1,0.019,-0.9971,0.085,-2.44,-4.52,1.77,-85.72,-1.03,119.89,26.2,,,,,,,,,,,,,,,,
IMU,67533324.0,2,0.9775,0.1436,0.0693,4.7,-1.77,1.77,61.91,-80.71,-2.84,27.7,,,,,,,,,,,,,,,,
EXO,67622184,,,,,,,,,,,,SAFE,-80.711,-1.77,0.99,1.913,-0.122,-0.0,0.0,0.0,-0.01,0.0,0.0,0.0,0.0,0.0,0.0
IMU,67629976.0,1,0.0264,-1.0073,0.0811,-2.69,-1.59,1.59,-86.0,-0.88,120.2,26.1,,,,,,,,,,,,,,,,
IMU,67633237.0,2,0.9932,0.1582,0.0776,1.4,-2.14,2.44,62.95,-80.98,-2.76,27.5,,,,,,,,,,,,,,,,
EXO,67722204,,,,,,,,,,,,SAFE,-80.98,-2.136,1.009,1.91,-0.065,-0.0,0.0,0.0,0.043,0.0,0.0,0.0,0.0,0.0,0.0
IMU,67730171.0,1,0.0156,-0.999,0.0757,3.48,0.92,1.04,-85.91,-0.8,120.18,26.1,,,,,,,,,,,,,,,,
IMU,67733139.0,2,0.9722,0.1362,0.0718,-2.14,3.23,2.69,62.06,-81.04,-1.21,27.9,,,,,,,,,,,,,,,,
EXO,67822001,,,,,,,,,,,,SAFE,-81.041,3.235,0.984,1.9,-0.085,-0.0,0.0,0.0,-0.004,0.0,0.0,0.0,0.0,0.0,0.0
IMU,67830352.0,1,0.0171,-0.998,0.0781,0.18,1.83,-1.46,-85.72,-0.66,120.05,26.0,,,,,,,,,,,,,,,,
IMU,67833130.0,2,0.9829,0.1372,0.0513,-2.62,0.43,8.06,59.12,-81.44,2.27,27.7,,,,,,,,,,,,,,,,
EXO,67921979,,,,,,,,,,,,SAFE,-81.442,0.427,0.994,1.9,-0.112,-0.0,0.0,0.0,0.002,0.0,0.0,0.0,0.0,0.0,0.0
IMU,67930531.0,1,0.0093,-0.9893,0.0737,-3.36,0.0,0.43,-85.89,-0.69,119.97,26.0,,,,,,,,,,,,,,,,
IMU,67932962.0,2,0.9766,0.1318,0.0757,0.98,-2.81,0.37,59.91,-81.64,2.22,27.7,,,,,,,,,,,,,,,,
EXO,68022006,,,,,,,,,,,,SAFE,-81.639,-2.808,0.988,1.9,-0.085,-0.0,0.0,0.0,-0.01,0.0,0.0,0.0,0.0,0.0,0.0
IMU,68030720.0,1,0.0122,-1.0,0.0669,0.06,0.73,0.49,-86.01,-0.66,119.94,26.2,,,,,,,,,,,,,,,,
IMU,68032868.0,2,0.9917,0.1313,0.0737,-1.1,0.12,0.37,60.58,-81.7,2.02,27.7,,,,,,,,,,,,,,,,
EXO,68121918,,,,,,,,,,,,SAFE,-81.7,0.122,1.003,1.901,-0.1,-0.0,0.0,0.0,0.002,0.0,0.0,0.0,0.0,0.0,0.0
IMU,68130925.0,1,0.0151,-1.0,0.0674,-0.61,-0.12,0.85,-86.01,-0.61,119.92,26.1,,,,,,,,,,,,,,,,
IMU,68132777.0,2,0.9941,0.1313,0.0654,0.18,-0.37,0.67,60.46,-81.73,2.63,27.8,,,,,,,,,,,,,,,,
EXO,68222109,,,,,,,,,,,,SAFE,-81.733,-0.366,1.005,1.9,-0.177,-0.0,0.0,0.0,0.008,0.0,0.0,0.0,0.0,0.0,0.0
IMU,68231098.0,1,0.0093,-0.9932,0.0693,-2.01,0.61,2.26,-86.13,-0.49,119.9,26.2,,,,,,,,,,,,,,,,
IMU,68232690.0,2,0.9849,0.124,0.0625,-0.92,-1.83,1.95,60.79,-81.88,2.79,27.7,,,,,,,,,,,,,,,,
EXO,68322104,,,,,,,,,,,,SAFE,-81.876,-1.831,0.995,1.9,-0.108,-0.0,0.0,0.0,0.003,0.0,0.0,0.0,0.0,0.0,0.0
IMU,68331360.0,1,0.0083,-0.9946,0.0635,-1.28,0.31,-1.46,-86.32,-0.44,119.81,26.2,,,,,,,,,,,,,,,,
IMU,68332679.0,2,0.9873,0.127,0.064,-0.06,-1.46,-1.65,62.01,-82.0,1.94,27.7,,,,,,,,,,,,,,,,
EXO,68422221,,,,,,,,,,,,SAFE,-82.002,-1.465,0.997,1.901,0.003,-0.0,0.0,0.0,-0.001,0.0,0.0,0.0,0.0,0.0,0.0
IMU,68431543.0,1,0.0127,-1.0088,0.0625,0.18,-0.49,-0.92,-86.33,-0.59,119.79,26.1,,,,,,,,,,,,,,,,
IMU,68432495.0,2,0.9956,0.1265,0.0605,0.61,0.24,-0.85,62.63,-81.85,1.73,27.7,,,,,,,,,,,,,,,,
EXO,68522086,,,,,,,,,,,,SAFE,-81.854,0.244,1.005,1.901,0.001,-0.0,0.0,0.0,-0.003,0.0,0.0,0.0,0.0,0.0,0.0
IMU,68531735.0,1,0.0073,-0.9907,0.0698,0.24,-0.61,1.89,-86.3,-0.49,119.87,26.1,,,,,,,,,,,,,,,,
IMU,68532390.0,2,0.9814,0.1274,0.0649,0.18,0.37,1.89,62.07,-81.94,2.79,27.9,,,,,,,,,,,,,,,,
EXO,68621923,,,,,,,,,,,,SAFE,-81.942,0.366,0.992,1.901,0.023,-0.0,0.0,0.0,-0.001,0.0,0.0,0.0,0.0,0.0,0.0
IMU,68631850.0,1,0.0083,-0.9883,0.0664,-1.04,0.24,-1.04,-86.36,-0.44,119.93,26.1,,,,,,,,,,,,,,,,
IMU,68632304.0,2,0.9819,0.1294,0.0615,-0.18,-0.98,-0.92,62.29,-81.99,3.03,27.7,,,,,,,,,,,,,,,,
EXO,68722282,,,,,,,,,,,,SAFE,-81.991,-0.977,0.992,1.901,0.054,-0.0,0.0,0.0,-0.002,0.0,0.0,0.0,0.0,0.0,0.0
IMU,68732048.0,1,0.0195,-1.0103,0.0566,-3.17,0.12,0.24,-86.57,-0.57,119.92,26.1,,,,,,,,,,,,,,,,
IMU,68732221.0,2,0.9917,0.1284,0.0596,0.0,-2.99,0.37,64.18,-81.97,1.53,27.7,,,,,,,,,,,,,,,,
EXO,68822043,,,,,,,,,,,,SAFE,-81.969,-2.991,1.002,1.9,-0.166,-0.0,0.0,0.0,0.003,0.0,0.0,0.0,0.0,0.0,0.0
IMU,68832382.0,1,0.0063,-1.0117,0.0605,2.14,0.0,2.44,-86.61,-0.41,119.91,26.0,,,,,,,,,,,,,,,,
IMU,68832228.0,2,0.9961,0.1167,0.0649,-0.06,1.71,2.93,63.85,-82.17,2.14,27.8,,,,,,,,,,,,,,,,
EXO,68921859,,,,,,,,,,,,SAFE,-82.167,1.709,1.005,1.9,0.034,-0.0,0.0,0.0,-0.004,0.0,0.0,0.0,0.0,0.0,0.0
IMU,68932342.0,1,-0.0015,-0.9976,0.061,1.1,-0.49,5.13,-86.45,0.03,120.0,26.1,,,,,,,,,,,,,,,,
IMU,68932110.0,2,0.9893,0.1196,0.0566,0.12,1.22,5.98,61.06,-82.53,5.31,27.7,,,,,,,,,,,,,,,,
EXO,69021918,,,,,,,,,,,,SAFE,-82.535,1.221,0.998,1.897,-0.187,-0.0,0.0,0.0,0.017,0.0,0.0,0.0,0.0,0.0,0.0
IMU,69032538.0,1,-0.0112,-0.9883,0.0615,-1.71,-1.46,4.82,-86.48,0.47,120.08,26.1,,,,,,,,,,,,,,,,
IMU,69032003.0,2,0.9785,0.1025,0.0547,1.16,-1.71,6.16,59.3,-83.03,7.6,27.7,,,,,,,,,,,,,,,,
EXO,69122086,,,,,,,,,,,,SAFE,-83.035,-1.709,0.985,1.873,-0.473,-0.0,0.0,0.0,0.049,0.0,0.0,0.0,0.0,0.0,0.0
IMU,69132715.0,1,-0.0166,-1.0049,0.041,-1.83,-3.23,5.8,-86.64,0.9,120.19,26.0,,,,,,,,,,,,,,,,
IMU,69131902.0,2,0.9136,0.1079,0.0854,0.79,-2.26,16.85,54.43,-84.14,13.0,27.8,,,,,,,,,,,,,,,,
EXO,69222280,,,,,,,,,,,,SAFE,-84.139,-2.258,0.924,1.795,-1.134,-0.0,0.0,0.0,0.102,0.0,0.0,0.0,0.0,0.0,0.0
IMU,69232900.0,1,-0.0015,-1.0259,0.0791,-1.4,1.16,-0.12,-86.75,1.16,120.37,26.2,,,,,,,,,,,,,,,,
IMU,69231916.0,2,0.9399,0.0361,-0.0034,-5.74,1.46,54.57,26.54,-86.28,41.72,27.8,,,,,,,,,,,,,,,,
EXO,69322354,,,,,,,,,,,,SAFE,-86.281,1.465,0.941,1.679,-1.274,-0.0,0.0,0.0,0.103,0.0,0.0,0.0,0.0,0.0,0.0
IMU,69333107.0,1,0.0,-0.9805,0.0435,-1.46,2.38,-6.77,-86.83,0.77,119.98,26.2,,,,,,,,,,,,,,,,
IMU,69332047.0,2,0.9438,-0.0649,0.0854,-6.16,-4.76,62.44,-49.59,-85.02,118.93,27.8,,,,,,,,,,,,,,,,
EXO,69422469,,,,,,,,,,,,SAFE,-85.023,-4.761,0.95,1.547,-1.247,-0.0,0.0,0.0,0.003,0.0,0.0,0.0,0.0,0.0,0.0
IMU,69433283.0,1,0.001,-0.9956,0.04,0.24,-5.13,-1.16,-86.89,0.53,119.95,26.1,,,,,,,,,,,,,,,,
IMU,69431759.0,2,0.9912,-0.1816,0.0776,0.73,-1.34,75.13,-73.06,-79.0,144.2,27.7,,,,,,,,,,,,,,,,
EXO,69522439,,,,,,,,,,,,SAFE,-79.003,-1.343,1.011,1.395,-1.447,-0.0,0.0,0.0,0.065,0.0,0.0,0.0,0.0,0.0,0.0
IMU,69533475.0,1,-0.0029,-0.9995,0.0483,0.06,-4.03,-1.28,-86.87,0.42,120.33,26.2,,,,,,,,,,,,,,,,
IMU,69531632.0,2,1.0073,-0.335,0.0376,1.89,-2.81,87.34,-79.88,-71.3,153.61,27.9,,,,,,,,,,,,,,,,
EXO,69622520,,,,,,,,,,,,SAFE,-71.301,-2.808,1.062,1.237,-1.62,-0.0,0.0,0.0,-0.03,0.0,0.0,0.0,0.0,0.0,0.0
IMU,69633688.0,1,-0.0073,-1.021,0.1035,1.89,2.75,-2.5,-86.72,0.13,120.34,26.2,,,,,,,,,,,,,,,,
IMU,69631476.0,2,0.8477,-0.5,0.0103,-7.08,2.99,86.55,-82.61,-63.03,158.43,27.8,,,,,,,,,,,,,,,,
EXO,69722461,,,,,,,,,,,,SAFE,-63.034,2.991,0.984,1.078,-1.507,-0.0,0.0,0.0,-0.089,0.0,0.0,0.0,0.0,0.0,0.0
IMU,69733879.0,1,0.0073,-0.9873,0.0347,0.43,-5.13,-2.01,-86.6,-0.02,120.47,26.1,,,,,,,,,,,,,,,,
IMU,69731383.0,2,0.8535,-0.5957,0.0845,0.73,-3.23,90.03,-84.18,-54.46,162.15,27.6,,,,,,,,,,,,,,,,
EXO,69822521,,,,,,,,,,,,SAFE,-54.465,-3.235,1.044,0.926,-1.385,-0.0,0.0,0.0,0.047,0.0,0.0,0.0,0.0,0.0,0.0
IMU,69834145.0,1,0.0186,-0.9956,0.0791,7.45,5.49,-6.71,-86.12,-0.6,120.57,26.2,,,,,,,,,,,,,,,,
IMU,69831286.0,2,0.7061,-0.7153,0.061,-1.34,10.01,79.53,-84.49,-46.55,164.71,27.8,,,,,,,,,,,,,,,,
EXO,69922499,,,,,,,,,,,,SAFE,-46.555,10.01,1.007,0.789,-1.251,-0.0,0.0,0.0,-0.068,0.0,0.0,0.0,0.0,0.0,0.0
IMU,69934258.0,1,0.0278,-0.9834,0.0767,1.4,6.04,-11.41,-85.81,-1.58,120.37,26.2,,,,,,,,,,,,,,,,
IMU,69931194.0,2,0.6445,-0.7788,0.0806,-4.27,6.47,66.28,-84.73,-39.69,166.78,27.6,,,,,,,,,,,,,,,,
EXO,70022539,,,,,,,,,,,,SAFE,-39.694,6.47,1.014,0.666,-1.174,-0.0,0.0,0.0,-0.112,0.0,0.0,0.0,0.0,0.0,0.0
IMU,70034449.0,1,0.0449,-0.9902,0.0508,2.56,4.46,-11.54,-85.64,-2.54,119.8,26.1,,,,,,,,,,,,,,,,
IMU,70031074.0,2,0.5381,-0.8613,0.0801,-2.14,4.58,60.18,-85.08,-33.56,168.44,27.8,,,,,,,,,,,,,,,,
EXO,70122514,,,,,,,,,,,,SAFE,-33.558,4.578,1.019,0.564,-0.802,-0.0,0.0,0.0,-0.051,0.0,0.0,0.0,0.0,0.0,0.0
IMU,70134640.0,1,0.0488,-1.0034,0.0703,2.99,3.11,-4.39,-85.2,-3.21,118.9,26.3,,,,,,,,,,,,,,,,
IMU,70130986.0,2,0.4414,-0.9355,0.064,-0.79,3.78,53.96,-85.05,-28.11,169.39,27.7,,,,,,,,,,,,,,,,
EXO,70222441,,,,,,,,,,,,SAFE,-28.109,3.784,1.036,0.521,-0.327,-0.0,0.0,0.0,0.038,0.0,0.0,0.0,0.0,0.0,0.0
IMU,70234806.0,1,0.0254,-0.9937,0.0508,4.7,7.45,0.18,-84.81,-3.4,118.44,26.1,,,,,,,,,,,,,,,,
IMU,70230900.0,2,0.4229,-0.9214,0.0864,-0.24,8.36,19.59,-84.94,-24.35,170.66,27.6,,,,,,,,,,,,,,,,
EXO,70322329,,,,,,,,,,,,SAFE,-24.351,8.362,1.017,0.508,-0.1,-0.0,0.0,0.0,-0.002,0.0,0.0,0.0,0.0,0.0,0.0
IMU,70335075.0,1,0.0405,-0.9888,0.1079,2.01,7.75,-2.26,-84.63,-3.5,118.54,26.2,,,,,,,,,,,,,,,,
IMU,70330806.0,2,0.4375,-0.937,0.0542,0.37,5.92,1.4,-84.81,-23.35,172.22,27.6,,,,,,,,,,,,,,,,
EXO,70422221,,,,,,,,,,,,SAFE,-23.351,5.92,1.036,0.508,-0.07,-0.0,0.0,0.0,0.004,0.0,0.0,0.0,0.0,0.0,0.0
IMU,70435190.0,1,0.0693,-0.9746,0.104,-0.31,2.44,-3.85,-84.53,-3.82,118.16,26.2,,,,,,,,,,,,,,,,
IMU,70430736.0,2,0.3467,-0.915,0.0664,-1.65,2.38,-3.85,-84.81,-23.67,173.08,27.8,,,,,,,,,,,,,,,,
EXO,70522522,,,,,,,,,,,,SAFE,-23.67,2.38,0.981,0.508,-0.065,-0.0,0.0,0.0,-0.004,0.0,0.0,0.0,0.0,0.0,0.0
IMU,70535387.0,1,0.0664,-0.9932,0.0967,-0.67,-2.93,-2.44,-84.64,-4.12,118.02,26.1,,,,,,,,,,,,,,,,
IMU,70530641.0,2,0.3433,-0.9321,0.0762,-0.31,-2.69,-2.81,-85.02,-23.86,174.24,27.7,,,,,,,,,,,,,,,,
EXO,70622685,,,,,,,,,,,,SAFE,-23.857,-2.686,0.996,0.508,0.049,-0.0,0.0,0.0,0.001,0.0,0.0,0.0,0.0,0.0,0.0
IMU,70635594.0,1,0.0884,-0.9844,0.0776,0.31,-3.85,-4.46,-84.72,-4.37,118.15,26.2,,,,,,,,,,,,,,,,
IMU,70630564.0,2,0.3799,-0.9043,0.0903,0.79,-2.87,-4.39,-85.21,-24.19,175.58,27.8,,,,,,,,,,,,,,,,
EXO,70722539,,,,,,,,,,,,SAFE,-24.186,-2.869,0.985,0.508,-0.007,-0.0,0.0,0.0,-0.002,0.0,0.0,0.0,0.0,0.0,0.0
IMU,70735774.0,1,0.0913,-0.999,0.0923,0.61,-0.12,-2.5,-84.73,-4.74,118.21,26.2,,,,,,,,,,,,,,,,
IMU,70730464.0,2,0.3701,-0.9351,0.0825,0.24,0.12,-2.93,-85.25,-24.42,176.78,27.9,,,,,,,,,,,,,,,,
EXO,70822417,,,,,,,,,,,,SAFE,-24.423,0.122,1.009,0.509,0.1,-0.0,0.0,0.0,-0.0,0.0,0.0,0.0,0.0,0.0,0.0
IMU,70836043.0,1,0.0928,-0.9927,0.0957,-0.06,-3.72,-3.3,-84.67,-5.02,118.43,26.1,,,,,,,,,,,,,,,,
IMU,70830370.0,2,0.3823,-0.9263,0.0723,1.83,-3.72,-3.78,-85.23,-24.58,178.02,27.8,,,,,,,,,,,,,,,,
EXO,70922566,,,,,,,,,,,,SAFE,-24.582,-3.723,1.005,0.509,0.03,-0.0,0.0,0.0,-0.008,0.0,0.0,0.0,0.0,0.0,0.0
IMU,70936168.0,1,0.1025,-0.98,0.0894,-0.98,0.73,-3.85,-84.64,-5.37,118.43,26.2,,,,,,,,,,,,,,,,
IMU,70930285.0,2,0.3921,-0.9048,0.0654,-2.75,0.37,-3.78,-85.33,-24.82,179.08,27.6,,,,,,,,,,,,,,,,
EXO,71022509,,,,,,,,,,,,SAFE,-24.824,0.366,0.988,0.509,0.17,-0.0,0.0,0.0,-0.0,0.0,0.0,0.0,0.0,0.0,0.0
IMU,71036356.0,1,0.0957,-0.9814,0.0913,-0.37,2.26,-1.95,-84.81,-5.65,118.34,26.0,,,,,,,,,,,,,,,,
IMU,71030197.0,2,0.3706,-0.9131,0.0757,-2.62,1.4,-1.83,-85.51,-24.97,179.98,27.6,,,,,,,,,,,,,,,,
EXO,71122512,,,,,,,,,,,,SAFE,-24.972,1.404,0.988,0.509,-0.068,-0.0,0.0,0.0,-0.004,0.0,0.0,0.0,0.0,0.0,0.0
IMU,71136562.0,1,0.1084,-0.9956,0.0933,-2.81,-1.59,2.5,-84.9,-5.65,118.06,26.2,,,,,,,,,,,,,,,,
IMU,71130104.0,2,0.3804,-0.9229,0.0684,-1.1,-1.04,2.44,-85.67,-24.8,-179.42,27.8,,,,,,,,,,,,,,,,
EXO,71222618,,,,,,,,,,,,SAFE,-24.802,-1.038,1.001,0.508,0.026,-0.0,0.0,0.0,-0.016,0.0,0.0,0.0,0.0,0.0,0.0
IMU,71236739.0,1,0.0957,-0.9946,0.0796,2.01,-1.28,4.88,-84.96,-5.19,118.12,26.2,,,,,,,,,,,,,,,,
IMU,71230014.0,2,0.3672,-0.9238,0.0864,-0.06,-1.28,8.79,-85.8,-24.13,-178.45,27.8,,,,,,,,,,,,,,,,
EXO,71322506,,,,,,,,,,,,SAFE,-24.126,-1.282,0.998,0.508,-0.037,-0.0,0.0,0.0,-0.015,0.0,0.0,0.0,0.0,0.0,0.0
IMU,71337004.0,1,0.085,-1.0107,0.0845,-0.79,-2.56,8.0,-84.97,-4.63,118.22,26.2,,,,,,,,,,,,,,,,
IMU,71329922.0,2,0.3564,-0.9453,0.0659,1.1,-2.5,8.42,-85.87,-23.24,-177.48,27.7,,,,,,,,,,,,,,,,
EXO,71422473,,,,,,,,,,,,SAFE,-23.236,-2.502,1.012,0.506,0.028,-0.0,0.0,0.0,0.005,0.0,0.0,0.0,0.0,0.0,0.0
IMU,71437122.0,1,0.0552,-0.9922,0.1064,-0.43,2.75,12.02,-84.91,-3.66,118.39,26.1,,,,,,,,,,,,,,,,
IMU,71429844.0,2,0.3438,-0.9292,0.0635,-2.81,1.65,13.37,-85.95,-22.04,-176.53,27.8,,,,,,,,,,,,,,,,
EXO,71522621,,,,,,,,,,,,SAFE,-22.044,1.648,0.993,0.503,-0.054,-0.0,0.0,0.0,-0.014,0.0,0.0,0.0,0.0,0.0,0.0
IMU,71537313.0,1,0.0459,-0.9805,0.0713,-4.46,-0.79,5.8,-84.98,-2.85,118.34,26.1,,,,,,,,,,,,,,,,
IMU,71529758.0,2,0.3491,-0.9253,0.0249,-3.3,-2.01,7.57,-86.42,-20.8,-175.8,27.8,,,,,,,,,,,,,,,,
EXO,71622645,,,,,,,,,,,,SAFE,-20.803,-2.014,0.989,0.501,-0.164,-0.0,0.0,0.0,-0.002,0.0,0.0,0.0,0.0,0.0,0.0
IMU,71637502.0,1,0.0464,-0.9995,0.0713,-1.83,-6.84,4.52,-85.35,-2.52,118.92,26.1,,,,,,,,,,,,,,,,
IMU,71629643.0,2,0.3218,-0.9458,0.043,0.0,-7.2,4.58,-86.89,-20.41,-174.4,27.6,,,,,,,,,,,,,,,,
EXO,71722527,,,,,,,,,,,,SAFE,-20.407,-7.202,1.0,0.468,-0.496,-0.0,0.0,0.0,0.033,0.0,0.0,0.0,0.0,0.0,0.0
IMU,71737695.0,1,0.083,-0.9854,0.0757,0.18,-12.08,-3.78,-85.45,-2.48,119.82,26.2,,,,,,,,,,,,,,,,
IMU,71729568.0,2,0.2852,-0.9375,0.063,3.05,-9.4,18.07,-87.05,-19.33,-172.83,27.6,,,,,,,,,,,,,,,,
EXO,71822703,,,,,,,,,,,,SAFE,-19.33,-9.399,0.982,0.395,-0.808,-0.0,0.0,0.0,0.048,0.0,0.0,0.0,0.0,0.0,0.0
IMU,71837957.0,1,0.0591,-0.9824,0.0952,6.23,13.43,-10.5,-85.17,-3.21,120.08,26.2,,,,,,,,,,,,,,,,
IMU,71829456.0,2,0.2925,-0.9536,0.0938,0.43,11.84,32.78,-86.86,-16.52,-171.66,27.8,,,,,,,,,,,,,,,,
EXO,71922670,,,,,,,,,,,,SAFE,-16.518,11.841,1.002,0.325,-0.433,-0.0,0.0,0.0,-0.087,0.0,0.0,0.0,0.0,0.0,0.0
IMU,71938068.0,1,0.082,-0.979,0.0874,4.76,15.14,-8.12,-84.61,-4.22,118.93,26.1,,,,,,,,,,,,,,,,
IMU,71929373.0,2,0.1704,-0.9775,0.061,-0.31,24.72,25.27,-86.44,-13.46,-172.14,27.7,,,,,,,,,,,,,,,,
EXO,72022752,,,,,,,,,,,,SAFE,-13.458,24.719,0.994,0.306,-0.17,-0.0,0.0,0.0,-0.016,0.0,0.0,0.0,0.0,0.0,0.0
IMU,72038258.0,1,0.0444,-0.9839,0.1089,-1.83,4.88,0.73,-84.3,-4.83,118.39,26.2,,,,,,,,,,,,,,,,
IMU,72029254.0,2,0.1626,-0.9834,0.0259,0.24,6.35,0.06,-86.07,-11.56,-172.28,27.8,,,,,,,,,,,,,,,,
EXO,72122342,,,,,,,,,,,,SAFE,-11.558,6.348,0.997,0.307,0.007,-0.0,0.0,0.0,-0.011,0.0,0.0,0.0,0.0,0.0,0.0
IMU,72138431.0,1,0.0996,-0.9673,0.0801,-3.48,-7.32,-5.19,-84.57,-4.94,118.88,26.2,,,,,,,,,,,,,,,,
IMU,72129168.0,2,0.1621,-0.9561,0.0596,-2.38,-3.05,-8.06,-86.3,-12.07,-171.45,27.9,,,,,,,,,,,,,,,,
EXO,72222783,,,,,,,,,,,,SAFE,-12.068,-3.052,0.972,0.307,-0.032,-0.0,0.0,0.0,0.012,0.0,0.0,0.0,0.0,0.0,0.0
IMU,72238630.0,1,0.0967,-0.9937,0.1099,-6.23,-1.28,-8.79,-84.98,-5.74,119.22,26.2,,,,,,,,,,,,,,,,
IMU,72229083.0,2,0.2134,-0.9707,0.0493,-3.66,-0.55,-8.67,-86.73,-12.89,-170.54,27.7,,,,,,,,,,,,,,,,
EXO,72322783,,,,,,,,,,,,SAFE,-12.887,-0.549,0.995,0.315,0.322,-0.0,0.0,0.0,-0.063,0.0,0.0,0.0,0.0,0.0,0.0
IMU,72338876.0,1,0.106,-1.0317,0.0576,-5.19,-12.82,-4.88,-85.66,-6.6,120.06,26.0,,,,,,,,,,,,,,,,
IMU,72328988.0,2,0.2002,-1.0112,0.0337,-7.63,-14.71,-9.89,-87.51,-13.88,-169.28,27.7,,,,,,,,,,,,,,,,
EXO,72422920,,,,,,,,,,,,SAFE,-13.881,-14.709,1.031,0.344,0.148,-0.0,0.0,0.0,0.047,0.0,0.0,0.0,0.0,0.0,0.0
IMU,72438988.0,1,0.0762,-1.0063,0.0239,-3.6,-0.24,9.34,-86.16,-6.37,121.04,26.1,,,,,,,,,,,,,,,,
IMU,72428928.0,2,0.1538,-0.9326,0.0571,0.49,-10.62,-13.55,-88.01,-15.06,-167.76,27.7,,,,,,,,,,,,,,,,
EXO,72522790,,,,,,,,,,,,SAFE,-15.062,-10.62,0.947,0.344,0.003,-0.0,0.0,0.0,0.001,0.0,0.0,0.0,0.0,0.0,0.0
IMU,72539183.0,1,0.1567,-0.98,0.0571,4.27,8.91,0.31,-86.07,-6.34,121.54,26.2,,,,,,,,,,,,,,,,
IMU,72528832.0,2,0.249,-0.958,0.0244,1.16,4.39,-0.24,-87.8,-15.39,-166.8,27.7,,,,,,,,,,,,,,,,
EXO,72622352,,,,,,,,,,,,SAFE,-15.392,4.395,0.99,0.344,-0.009,-0.0,0.0,0.0,0.01,0.0,0.0,0.0,0.0,0.0,0.0
IMU,72639350.0,1,0.1221,-1.0063,0.0532,-1.53,2.08,-2.08,-86.0,-6.42,120.87,26.0,,,,,,,,,,,,,,,,
IMU,72628761.0,2,0.25,-0.979,0.0298,-2.81,0.61,-2.5,-87.6,-15.34,-167.2,27.8,,,,,,,,,,,,,,,,
EXO,72722610,,,,,,,,,,,,SAFE,-15.337,0.61,1.011,0.344,0.143,-0.0,0.0,0.0,-0.032,0.0,0.0,0.0,0.0,0.0,0.0
IMU,72739593.0,1,0.123,-0.9902,0.0718,-0.43,-7.02,-1.77,-86.12,-6.71,120.9,26.1,,,,,,,,,,,,,,,,
IMU,72728680.0,2,0.2354,-0.9688,0.0469,0.79,-6.29,-3.05,-87.79,-15.59,-166.92,27.7,,,,,,,,,,,,,,,,
EXO,72822677,,,,,,,,,,,,SAFE,-15.59,-6.287,0.998,0.35,0.089,-0.0,0.0,0.0,-0.0,0.0,0.0,0.0,0.0,0.0,0.0
IMU,72839807.0,1,0.1323,-1.0078,0.0806,10.5,9.34,3.66,-85.59,-6.37,120.53,26.1,,,,,,,,,,,,,,,,
IMU,72828618.0,2,0.3032,-0.9722,0.0913,4.64,8.48,6.16,-87.52,-15.59,-166.84,27.8,,,,,,,,,,,,,,,,
EXO,72922334,,,,,,,,,,,,SAFE,-15.59,8.484,1.022,0.35,0.091,-0.0,0.0,0.0,-0.03,0.0,0.0,0.0,0.0,0.0,0.0
IMU,72939913.0,1,0.0884,-0.978,0.1055,6.41,2.14,4.94,-84.53,-5.91,120.11,26.2,,,,,,,,,,,,,,,,
IMU,72928507.0,2,0.2461,-0.9604,0.0493,8.18,3.11,6.41,-86.57,-14.96,-167.21,27.7,,,,,,,,,,,,,,,,
EXO,73022261,,,,,,,,,,,,SAFE,-14.963,3.113,0.993,0.35,-0.122,-0.0,0.0,0.0,0.016,0.0,0.0,0.0,0.0,0.0,0.0
IMU,73040103.0,1,0.0776,-0.9678,0.1006,0.85,-0.55,-5.07,-84.09,-5.98,119.87,26.1,,,,,,,,,,,,,,,,
IMU,73028414.0,2,0.2227,-0.9521,0.0347,1.71,1.4,-4.76,-86.09,-14.86,-167.27,27.8,,,,,,,,,,,,,,,,
EXO,73122506,,,,,,,,,,,,SAFE,-14.865,1.404,0.978,0.351,-0.154,-0.0,0.0,0.0,-0.013,0.0,0.0,0.0,0.0,0.0,0.0
IMU,73140295.0,1,0.1226,-0.9829,0.0952,-0.06,-3.66,-5.68,-84.27,-6.55,120.23,26.1,,,,,,,,,,,,,,,,
IMU,73128318.0,2,0.2461,-0.96,0.0732,-0.85,-4.7,-6.77,-86.3,-15.48,-166.65,27.8,,,,,,,,,,,,,,,,
EXO,73222791,,,,,,,,,,,,SAFE,-15.48,-4.7,0.994,0.351,0.097,-0.0,0.0,0.0,0.046,0.0,0.0,0.0,0.0,0.0,0.0
IMU,73240475.0,1,0.1221,-0.9878,0.104,7.2,-2.62,-2.81,-83.93,-6.91,120.21,26.2,,,,,,,,,,,,,,,,
IMU,73228245.0,2,0.2485,-0.9653,0.0869,3.97,0.31,-3.42,-86.19,-15.82,-166.43,27.8,,,,,,,,,,,,,,,,
EXO,73322509,,,,,,,,,,,,SAFE,-15.82,0.305,1.001,0.351,-0.053,-0.0,0.0,0.0,0.006,0.0,0.0,0.0,0.0,0.0,0.0
IMU,73340720.0,1,0.145,-0.9849,0.1182,2.93,0.0,-2.08,-83.57,-7.15,120.48,26.2,,,,,,,,,,,,,,,,
IMU,73328149.0,2,0.2705,-0.9619,0.0771,2.2,0.37,-2.62,-85.68,-15.99,-166.0,27.8,,,,,,,,,,,,,,,,
EXO,73422390,,,,,,,,,,,,SAFE,-15.991,0.366,1.002,0.351,0.128,-0.0,0.0,0.0,0.012,0.0,0.0,0.0,0.0,0.0,0.0
IMU,73440837.0,1,0.1118,-0.979,0.1064,-2.56,1.71,-2.62,-83.6,-7.33,120.42,26.2,,,,,,,,,,,,,,,,
IMU,73428081.0,2,0.2617,-0.959,0.064,-4.03,1.89,-2.5,-85.7,-16.13,-165.81,27.7,,,,,,,,,,,,,,,,
EXO,73522612,,,,,,,,,,,,SAFE,-16.128,1.892,0.996,0.354,0.238,-0.0,0.0,0.0,-0.055,0.0,0.0,0.0,0.0,0.0,0.0
IMU,73541035.0,1,0.1362,-0.9844,0.104,-1.83,-3.97,-2.5,-83.9,-7.62,120.69,26.2,,,,,,,,,,,,,,,,
IMU,73527980.0,2,0.2725,-0.959,0.0688,-1.53,-4.82,-4.88,-86.05,-16.45,-165.35,27.8,,,,,,,,,,,,,,,,
EXO,73622772,,,,,,,,,,,,SAFE,-16.447,-4.822,0.999,0.443,1.211,-0.0,0.0,0.0,-0.087,0.0,0.0,0.0,0.0,0.0,0.0
IMU,73641220.0,1,0.0811,-1.0063,0.0962,-3.85,-7.14,27.04,-84.06,-6.39,120.45,26.3,,,,,,,,,,,,,,,,
IMU,73627880.0,2,0.2817,-0.9897,0.0586,-3.54,1.89,-35.77,-86.14,-17.96,-165.55,27.7,,,,,,,,,,,,,,,,
EXO,73722791,,,,,,,,,,,,SAFE,-17.957,1.892,1.031,0.567,1.286,-0.0,0.0,0.0,0.043,0.0,0.0,0.0,0.0,0.0,0.0
IMU,73741393.0,1,0.0972,-0.9927,0.0972,-7.26,-5.31,22.16,-84.67,-3.99,121.63,26.3,,,,,,,,,,,,,,,,
IMU,73727796.0,2,0.3706,-0.9248,0.0283,-1.59,-5.37,-51.21,-86.57,-22.03,-164.4,27.6,,,,,,,,,,,,,,,,
EXO,73822857,,,,,,,,,,,,SAFE,-22.033,-5.371,0.997,0.674,0.91,-0.0,0.0,0.0,-0.056,0.0,0.0,0.0,0.0,0.0,0.0
IMU,73841661.0,1,0.0386,-0.9741,0.0674,-7.45,-10.62,16.3,-85.36,-2.09,122.33,26.1,,,,,,,,,,,,,,,,
IMU,73827712.0,2,0.4487,-0.8662,0.0552,-2.01,-9.83,-43.4,-87.09,-26.46,-163.68,27.8,,,,,,,,,,,,,,,,
EXO,73922925,,,,,,,,,,,,SAFE,-26.455,-9.827,0.977,0.76,0.591,-0.0,0.0,0.0,0.049,0.0,0.0,0.0,0.0,0.0,0.0
IMU,73941760.0,1,0.0107,-0.9893,0.0615,-6.04,-5.55,-0.06,-86.06,-1.61,123.22,26.2,,,,,,,,,,,,,,,,
IMU,73927629.0,2,0.5459,-0.8496,0.0576,0.49,-9.4,-48.03,-87.57,-30.83,-162.44,27.7,,,,,,,,,,,,,,,,
EXO,74022778,,,,,,,,,,,,SAFE,-30.833,-9.399,1.012,0.832,0.788,-0.0,0.0,0.0,-0.068,0.0,0.0,0.0,0.0,0.0,0.0
IMU,74041949.0,1,0.0142,-0.9956,0.0576,-2.26,-3.54,2.32,-86.41,-1.64,123.6,26.2,,,,,,,,,,,,,,,,
IMU,74027542.0,2,0.6152,-0.834,0.0679,-2.2,-0.79,-45.23,-87.73,-35.16,-161.79,27.7,,,,,,,,,,,,,,,,
EXO,74122766,,,,,,,,,,,,SAFE,-35.156,-0.793,1.039,0.906,0.892,-0.0,0.0,0.0,-0.027,0.0,0.0,0.0,0.0,0.0,0.0
IMU,74142141.0,1,0.0376,-1.0063,0.085,-1.4,1.04,4.03,-86.5,-1.27,123.63,26.1,,,,,,,,,,,,,,,,
IMU,74127433.0,2,0.6245,-0.7515,0.0405,0.0,-4.7,-31.92,-87.72,-38.77,-161.67,27.7,,,,,,,,,,,,,,,,
EXO,74222624,,,,,,,,,,,,SAFE,-38.771,-4.7,0.978,0.976,0.684,-0.0,0.0,0.0,0.054,0.0,0.0,0.0,0.0,0.0,0.0
IMU,74242312.0,1,0.0366,-1.0024,0.0562,-3.97,-1.04,5.25,-86.75,-0.82,123.69,26.4,,,,,,,,,,,,,,,,
IMU,74227368.0,2,0.7329,-0.7563,0.0254,1.65,-2.01,-30.82,-87.67,-42.11,-161.53,27.7,,,,,,,,,,,,,,,,
EXO,74322678,,,,,,,,,,,,SAFE,-42.111,-2.014,1.054,1.04,0.518,-0.0,0.0,0.0,0.064,0.0,0.0,0.0,0.0,0.0,0.0
IMU,74342571.0,1,0.0205,-1.0146,0.0762,-2.81,0.0,5.37,-87.13,-0.25,123.75,26.2,,,,,,,,,,,,,,,,
IMU,74327281.0,2,0.7305,-0.6802,0.0508,-0.61,-2.44,-27.77,-88.02,-45.09,-161.14,27.6,,,,,,,,,,,,,,,,
EXO,74422665,,,,,,,,,,,,SAFE,-45.093,-2.441,0.999,1.096,0.542,-0.0,0.0,0.0,0.1,0.0,0.0,0.0,0.0,0.0,0.0
IMU,74442676.0,1,0.0176,-1.0127,0.0645,-0.43,-2.56,2.81,-87.34,0.07,124.24,26.3,,,,,,,,,,,,,,,,
IMU,74427214.0,2,0.791,-0.6572,0.0503,6.1,-7.45,-23.99,-87.99,-47.87,-160.57,27.8,,,,,,,,,,,,,,,,
EXO,74522630,,,,,,,,,,,,SAFE,-47.873,-7.446,1.03,1.15,0.753,-0.0,0.0,0.0,0.001,0.0,0.0,0.0,0.0,0.0,0.0
IMU,74542866.0,1,0.0073,-1.0146,0.0801,-0.18,-0.43,0.61,-87.28,0.16,124.37,26.1,,,,,,,,,,,,,,,,
IMU,74527133.0,2,0.7979,-0.606,0.0581,0.98,-1.95,-27.65,-87.49,-50.76,-160.64,27.6,,,,,,,,,,,,,,,,
EXO,74622618,,,,,,,,,,,,SAFE,-50.757,-1.953,1.004,1.208,0.6,-0.0,0.0,0.0,0.064,0.0,0.0,0.0,0.0,0.0,0.0
IMU,74643068.0,1,-0.0063,-1.0024,0.0601,-1.1,1.71,1.83,-87.4,0.42,124.27,26.2,,,,,,,,,,,,,,,,
IMU,74627039.0,2,0.8574,-0.5815,0.0483,-0.98,-0.06,-28.81,-87.35,-53.71,-160.68,27.6,,,,,,,,,,,,,,,,
EXO,74722723,,,,,,,,,,,,SAFE,-53.712,-0.061,1.037,1.267,0.597,-0.0,0.0,0.0,0.092,0.0,0.0,0.0,0.0,0.0,0.0
IMU,74743260.0,1,-0.021,-0.9736,0.019,0.49,0.49,1.34,-87.48,0.64,124.13,26.2,,,,,,,,,,,,,,,,
IMU,74726955.0,2,0.8823,-0.5356,0.0254,0.92,0.55,-31.01,-87.17,-56.77,-160.89,27.8,,,,,,,,,,,,,,,,
EXO,74822424,,,,,,,,,,,,SAFE,-56.766,0.549,1.032,1.328,0.671,-0.0,0.0,0.0,0.026,0.0,0.0,0.0,0.0,0.0,0.0
IMU,74843538.0,1,-0.0234,-0.9946,0.0518,-0.85,2.56,0.18,-87.46,0.71,124.01,26.1,,,,,,,,,,,,,,,,
IMU,74826869.0,2,0.833,-0.4502,0.0,-1.04,1.16,-34.42,-86.59,-59.96,-161.37,27.6,,,,,,,,,,,,,,,,
EXO,74922592,,,,,,,,,,,,SAFE,-59.963,1.16,0.947,1.389,0.481,-0.0,0.0,0.0,0.062,0.0,0.0,0.0,0.0,0.0,0.0
IMU,74943648.0,1,0.001,-0.9956,0.0474,-0.73,1.22,-1.22,-87.63,0.67,124.0,26.2,,,,,,,,,,,,,,,,
IMU,74926784.0,2,0.9116,-0.4038,0.0615,-0.85,-2.32,-34.24,-86.32,-63.35,-161.5,27.9,,,,,,,,,,,,,,,,
EXO,75022718,,,,,,,,,,,,SAFE,-63.347,-2.319,0.999,1.449,0.621,-0.0,0.0,0.0,0.049,0.0,0.0,0.0,0.0,0.0,0.0
IMU,75043819.0,1,-0.0513,-1.0039,0.0371,1.83,3.36,2.75,-87.54,0.73,123.91,26.1,,,,,,,,,,,,,,,,
IMU,75026714.0,2,0.9697,-0.3975,-0.0015,1.83,4.52,-35.52,-85.35,-66.79,-162.32,27.7,,,,,,,,,,,,,,,,
EXO,75122524,,,,,,,,,,,,SAFE,-66.791,4.517,1.048,1.503,0.408,-0.0,0.0,0.0,0.086,0.0,0.0,0.0,0.0,0.0,0.0
IMU,75144008.0,1,-0.0249,-0.9746,0.0161,-0.49,0.61,3.72,-87.42,0.88,124.01,26.1,,,,,,,,,,,,,,,,
IMU,75126627.0,2,1.0269,-0.3452,0.02,4.88,1.22,-27.53,-84.09,-69.64,-163.36,27.7,,,,,,,,,,,,,,,,
EXO,75222552,,,,,,,,,,,,SAFE,-69.642,1.221,1.084,1.547,0.639,-0.0,0.0,0.0,0.004,0.0,0.0,0.0,0.0,0.0,0.0
IMU,75244194.0,1,-0.0356,-0.9717,0.0317,-0.12,-2.75,0.55,-87.43,1.06,124.33,26.1,,,,,,,,,,,,,,,,
IMU,75226557.0,2,0.9561,-0.2671,0.0469,3.05,-1.53,-24.96,-82.91,-72.11,-164.13,27.7,,,,,,,,,,,,,,,,
EXO,75322698,,,,,,,,,,,,SAFE,-72.114,-1.526,0.994,1.584,0.422,-0.0,0.0,0.0,-0.061,0.0,0.0,0.0,0.0,0.0,0.0
IMU,75344463.0,1,-0.0186,-1.0107,0.0635,-2.62,-1.28,-1.34,-87.59,1.06,124.79,26.3,,,,,,,,,,,,,,,,
IMU,75326458.0,2,0.9937,-0.2065,0.0166,9.03,-4.15,-14.47,-81.89,-74.71,-164.59,27.8,,,,,,,,,,,,,,,,
EXO,75422788,,,,,,,,,,,,SAFE,-74.707,-4.15,1.015,1.626,0.087,-0.0,0.0,0.0,0.05,0.0,0.0,0.0,0.0,0.0,0.0
IMU,75444592.0,1,-0.0195,-0.9922,-0.0005,-2.08,-4.39,1.95,-87.79,1.26,125.01,26.2,,,,,,,,,,,,,,,,
IMU,75426372.0,2,1.0156,-0.187,0.043,2.93,-1.46,-27.95,-80.98,-76.84,-165.11,27.7,,,,,,,,,,,,,,,,
EXO,75522798,,,,,,,,,,,,SAFE,-76.844,-1.465,1.034,1.625,-0.065,-0.0,0.0,0.0,0.012,0.0,0.0,0.0,0.0,0.0,0.0
IMU,75544763.0,1,-0.0073,-1.0083,0.0591,4.58,5.86,-0.67,-87.64,0.97,124.78,26.1,,,,,,,,,,,,,,,,
IMU,75526283.0,2,0.9756,-0.1787,0.0469,-5.13,5.19,-3.48,-80.05,-77.9,-166.0,27.7,,,,,,,,,,,,,,,,
EXO,75622525,,,,,,,,,,,,SAFE,-77.899,5.188,0.993,1.626,0.019,-0.0,0.0,0.0,0.004,0.0,0.0,0.0,0.0,0.0,0.0
IMU,75644946.0,1,-0.0283,-0.9907,0.0293,0.73,4.64,-0.85,-87.45,1.02,124.31,26.1,,,,,,,,,,,,,,,,
IMU,75626198.0,2,0.9795,-0.1729,0.0229,-5.25,0.92,-1.46,-78.91,-77.92,-167.57,27.8,,,,,,,,,,,,,,,,
EXO,75722548,,,,,,,,,,,,SAFE,-77.915,0.916,0.995,1.626,-0.049,-0.0,0.0,0.0,0.01,0.0,0.0,0.0,0.0,0.0,0.0
IMU,75745135.0,1,-0.0259,-0.9922,0.042,0.67,0.79,-1.28,-87.39,0.88,123.96,26.2,,,,,,,,,,,,,,,,
IMU,75726121.0,2,0.9688,-0.1768,0.0386,-2.32,1.59,-1.71,-78.57,-78.18,-168.3,27.7,,,,,,,,,,,,,,,,
EXO,75822526,,,,,,,,,,,,SAFE,-78.184,1.587,0.985,1.626,0.107,-0.0,0.0,0.0,0.015,0.0,0.0,0.0,0.0,0.0,0.0
IMU,75845399.0,1,-0.0161,-1.0024,0.0449,0.0,-1.95,-0.67,-87.4,0.86,124.08,26.1,,,,,,,,,,,,,,,,
IMU,75826026.0,2,0.9863,-0.1626,0.0366,2.26,0.0,-0.06,-78.34,-78.34,-168.39,27.7,,,,,,,,,,,,,,,,
EXO,75922526,,,,,,,,,,,,SAFE,-78.344,0.0,1.0,1.658,0.835,-0.0,0.0,0.0,-0.041,0.0,0.0,0.0,0.0,0.0,0.0
IMU,75945512.0,1,-0.0366,-0.9775,0.0508,-1.16,-0.24,7.57,-87.44,1.1,124.21,26.2,,,,,,,,,,,,,,,,
IMU,75925933.0,2,0.9146,-0.1548,0.0498,0.85,-2.01,-15.62,-77.73,-78.83,-168.72,27.7,,,,,,,,,,,,,,,,
EXO,76022722,,,,,,,,,,,,SAFE,-78.827,-2.014,0.929,1.728,0.616,-0.0,0.0,0.0,0.078,0.0,0.0,0.0,0.0,0.0,0.0
IMU,76045712.0,1,-0.0283,-0.9922,0.0112,-1.16,-2.08,3.72,-87.63,1.76,124.46,26.1,,,,,,,,,,,,,,,,
IMU,76025856.0,2,0.9492,-0.0942,0.0176,5.68,-3.42,-31.8,-74.56,-81.53,-171.41,27.7,,,,,,,,,,,,,,,,
EXO,76122745,,,,,,,,,,,,SAFE,-81.53,-3.418,0.954,1.762,0.075,-0.0,0.0,0.0,0.038,0.0,0.0,0.0,0.0,0.0,0.0
IMU,76145887.0,1,-0.0425,-0.9937,0.0654,0.43,1.16,0.85,-87.57,1.99,124.71,26.1,,,,,,,,,,,,,,,,
IMU,76125761.0,2,0.9497,-0.041,0.0371,1.59,-1.4,-14.65,-66.63,-84.08,-178.96,27.9,,,,,,,,,,,,,,,,
EXO,76222547,,,,,,,,,,,,SAFE,-84.084,-1.404,0.951,1.778,0.375,-0.0,0.0,0.0,-0.017,0.0,0.0,0.0,0.0,0.0,0.0
IMU,76246081.0,1,-0.0288,-0.9912,0.0352,-1.22,2.44,-4.03,-87.65,1.93,124.65,26.2,,,,,,,,,,,,,,,,
IMU,76225682.0,2,0.9653,-0.0137,0.0459,-0.06,-0.73,-7.02,-61.62,-85.11,176.01,27.8,,,,,,,,,,,,,,,,
EXO,76322632,,,,,,,,,,,,SAFE,-85.111,-0.732,0.967,1.79,-0.089,-0.0,0.0,0.0,0.009,0.0,0.0,0.0,0.0,0.0,0.0
IMU,76346346.0,1,-0.0298,-1.0088,0.0527,2.01,2.01,-4.58,-87.52,1.55,124.4,26.2,,,,,,,,,,,,,,,,
IMU,76325613.0,2,0.9565,-0.0171,0.0303,-1.59,2.01,-10.19,-49.69,-86.35,164.16,27.9,,,,,,,,,,,,,,,,
EXO,76422530,,,,,,,,,,,,SAFE,-86.347,2.014,0.957,1.791,-0.056,-0.0,0.0,0.0,-0.01,0.0,0.0,0.0,0.0,0.0,0.0
IMU,76446446.0,1,-0.0269,-1.002,0.0381,0.0,0.85,-0.73,-87.45,1.37,124.21,26.2,,,,,,,,,,,,,,,,
IMU,76425529.0,2,1.0029,-0.0186,0.0381,-1.95,0.61,-0.79,-44.02,-86.56,158.41,27.7,,,,,,,,,,,,,,,,
EXO,76522430,,,,,,,,,,,,SAFE,-86.556,0.61,1.004,1.793,0.006,-0.0,0.0,0.0,0.007,0.0,0.0,0.0,0.0,0.0,0.0
IMU,76546650.0,1,-0.0239,-0.9912,0.043,-1.65,-2.26,-2.93,-87.52,1.2,124.21,26.1,,,,,,,,,,,,,,,,
IMU,76525443.0,2,0.9844,-0.0083,0.0425,1.28,-0.18,-4.64,-39.94,-86.84,154.78,27.6,,,,,,,,,,,,,,,,
EXO,76622604,,,,,,,,,,,,SAFE,-86.836,-0.183,0.985,1.793,-0.069,-0.0,0.0,0.0,0.025,0.0,0.0,0.0,0.0,0.0,0.0
IMU,76646839.0,1,-0.0034,-1.0142,0.0391,-4.82,-2.44,0.43,-87.93,1.04,124.45,26.1,,,,,,,,,,,,,,,,
IMU,76625356.0,2,1.0015,-0.0034,0.0327,1.83,-4.76,-1.22,-38.46,-87.31,154.11,27.7,,,,,,,,,,,,,,,,
EXO,76722531,,,,,,,,,,,,SAFE,-87.308,-4.761,1.002,1.794,0.017,-0.0,0.0,0.0,0.005,0.0,0.0,0.0,0.0,0.0,0.0
IMU,76747039.0,1,-0.0322,-0.9966,0.0347,1.77,-1.46,-0.73,-88.06,1.17,124.67,26.1,,,,,,,,,,,,,,,,
IMU,76725261.0,2,1.0024,0.001,0.0352,2.32,1.22,0.73,-41.47,-87.49,158.62,27.8,,,,,,,,,,,,,,,,
EXO,76822267,,,,,,,,,,,,SAFE,-87.49,1.221,1.003,1.795,0.032,-0.0,0.0,0.0,0.011,0.0,0.0,0.0,0.0,0.0,0.0
IMU,76847310.0,1,-0.0093,-0.9937,0.0366,2.69,1.71,-2.08,-87.78,1.02,124.59,26.2,,,,,,,,,,,,,,,,
IMU,76825178.0,2,0.999,0.0098,0.0381,-2.44,2.56,-2.2,-33.24,-87.38,152.0,27.8,,,,,,,,,,,,,,,,
EXO,76922344,,,,,,,,,,,,SAFE,-87.38,2.563,1.0,1.819,0.518,-0.0,0.0,0.0,-0.067,0.0,0.0,0.0,0.0,0.0,0.0
IMU,76947431.0,1,-0.0239,-0.9766,0.0254,-3.6,-0.92,4.15,-87.76,1.09,124.43,26.1,,,,,,,,,,,,,,,,
IMU,76925100.0,2,1.043,-0.0117,0.0425,0.55,-1.65,-9.83,-22.53,-87.49,142.66,27.8,,,,,,,,,,,,,,,,
EXO,77022541,,,,,,,,,,,,SAFE,-87.49,-1.648,1.044,1.892,0.925,-0.0,0.0,0.0,-0.019,0.0,0.0,0.0,0.0,0.0,0.0
IMU,77047630.0,1,-0.04,-1.0249,0.0674,-0.18,-4.94,0.18,-87.96,1.5,124.68,26.3,,,,,,,,,,,,,,,,
IMU,77025024.0,2,1.0166,0.0376,0.0264,10.13,0.31,-38.7,41.84,-87.23,77.88,27.7,,,,,,,,,,,,,,,,
EXO,77122354,,,,,,,,,,,,SAFE,-87.226,0.305,1.018,1.913,-0.046,-0.0,0.0,0.0,-0.024,0.0,0.0,0.0,0.0,0.0,0.0
IMU,77147818.0,1,-0.0225,-1.0347,0.0708,-2.62,1.22,3.3,-88.07,1.65,125.41,26.2,,,,,,,,,,,,,,,,
IMU,77124966.0,2,0.9292,0.1074,-0.0103,6.71,-2.38,-1.53,65.79,-84.67,51.97,27.7,,,,,,,,,,,,,,,,
EXO,77222275,,,,,,,,,,,,SAFE,-84.672,-2.38,0.935,1.913,-0.022,-0.0,0.0,0.0,-0.012,0.0,0.0,0.0,0.0,0.0,0.0
IMU,77248014.0,1,-0.0269,-0.9995,0.0352,2.32,7.32,7.57,-88.12,2.29,125.1,26.0,,,,,,,,,,,,,,,,
IMU,77224890.0,2,0.9912,0.1157,0.0479,-6.1,-0.18,8.67,64.47,-85.37,50.87,27.9,,,,,,,,,,,,,,,,
EXO,77322094,,,,,,,,,,,,SAFE,-85.375,-0.183,0.999,1.912,-0.099,-0.0,0.0,0.0,-0.0,0.0,0.0,0.0,0.0,0.0,0.0
IMU,77348293.0,1,-0.0498,-0.9731,0.0234,2.26,9.58,-4.64,-87.71,2.51,124.11,26.1,,,,,,,,,,,,,,,,
IMU,77324808.0,2,1.0308,0.1021,0.0259,-11.66,3.66,1.77,56.29,-85.87,56.41,27.7,,,,,,,,,,,,,,,,
EXO,77422167,,,,,,,,,,,,SAFE,-85.875,3.662,1.036,1.892,-0.257,-0.0,0.0,0.0,-0.035,0.0,0.0,0.0,0.0,0.0,0.0
IMU,77448401.0,1,-0.0464,-1.0239,0.0645,-2.87,14.77,-1.34,-88.06,2.18,122.93,26.1,,,,,,,,,,,,,,,,
IMU,77424737.0,2,0.8867,0.1108,0.0044,-11.9,-7.26,15.62,59.64,-86.08,50.97,27.7,,,,,,,,,,,,,,,,
EXO,77522524,,,,,,,,,,,,SAFE,-86.078,-7.263,0.894,1.892,0.01,-0.0,0.0,0.0,-0.004,0.0,0.0,0.0,0.0,0.0,0.0
IMU,77548598.0,1,-0.0562,-1.0015,0.0093,-0.92,-3.23,2.38,-88.31,2.41,122.64,26.3,,,,,,,,,,,,,,,,
IMU,77524682.0,2,0.9966,0.0557,0.0166,0.92,-2.08,3.78,57.72,-86.87,51.08,27.8,,,,,,,,,,,,,,,,
EXO,77622230,,,,,,,,,,,,SAFE,-86.874,-2.075,0.998,1.892,0.108,-0.0,0.0,0.0,-0.005,0.0,0.0,0.0,0.0,0.0,0.0
IMU,77648766.0,1,-0.0322,-1.0015,0.0229,0.06,-3.91,4.88,-88.36,2.68,123.12,26.1,,,,,,,,,,,,,,,,
IMU,77624596.0,2,0.9902,0.0674,0.0269,5.07,0.79,4.15,56.5,-87.04,51.39,27.6,,,,,,,,,,,,,,,,
EXO,77722014,,,,,,,,,,,,SAFE,-87.045,0.793,0.993,1.892,-0.08,-0.0,0.0,0.0,-0.009,0.0,0.0,0.0,0.0,0.0,0.0
IMU,77748957.0,1,-0.0508,-0.9766,0.0391,-1.77,1.16,-2.87,-88.41,2.71,123.24,26.1,,,,,,,,,,,,,,,,
IMU,77724529.0,2,0.9858,0.0664,0.0205,0.92,-0.49,-2.38,55.35,-87.15,51.82,27.8,,,,,,,,,,,,,,,,
EXO,77822264,,,,,,,,,,,,SAFE,-87.149,-0.488,0.988,1.893,0.079,-0.0,0.0,0.0,-0.039,0.0,0.0,0.0,0.0,0.0,0.0
IMU,77849269.0,1,-0.0576,-1.0049,0.0186,-0.49,5.98,-4.52,-88.67,2.32,122.81,26.1,,,,,,,,,,,,,,,,
IMU,77824445.0,2,0.9868,0.0547,0.0303,-5.68,-4.03,-4.58,65.58,-86.88,40.3,27.7,,,,,,,,,,,,,,,,
EXO,77922357,,,,,,,,,,,,SAFE,-86.88,-4.028,0.989,1.893,0.135,-0.0,0.0,0.0,-0.027,0.0,0.0,0.0,0.0,0.0,0.0
IMU,77949320.0,1,-0.04,-1.0195,0.022,2.38,-0.37,0.37,-88.43,2.11,122.51,26.1,,,,,,,,,,,,,,,,
IMU,77924369.0,2,1.0107,0.0566,0.0249,-1.65,3.85,-0.98,66.64,-86.47,37.18,27.8,,,,,,,,,,,,,,,,
EXO,78022187,,,,,,,,,,,,SAFE,-86.468,3.845,1.013,1.893,0.058,-0.0,0.0,0.0,-0.008,0.0,0.0,0.0,0.0,0.0,0.0
IMU,78049571.0,1,-0.0327,-0.9985,0.0356,-0.18,-1.28,1.65,-88.43,2.26,122.66,26.2,,,,,,,,,,,,,,,,
IMU,78024292.0,2,1.0015,0.0713,0.0283,1.77,0.0,1.65,64.71,-86.48,38.0,27.8,,,,,,,,,,,,,,,,
EXO,78122084,,,,,,,,,,,,SAFE,-86.479,0.0,1.004,1.893,0.014,-0.0,0.0,0.0,-0.012,0.0,0.0,0.0,0.0,0.0,0.0
IMU,78149691.0,1,-0.0469,-0.9858,0.0259,2.2,2.2,-1.16,-88.36,2.32,122.56,26.1,,,,,,,,,,,,,,,,
IMU,78124221.0,2,0.979,0.0737,0.0244,-2.2,1.34,-0.06,63.84,-86.54,37.83,27.6,,,,,,,,,,,,,,,,
EXO,78222189,,,,,,,,,,,,SAFE,-86.539,1.343,0.982,1.893,-0.022,-0.0,0.0,0.0,0.041,0.0,0.0,0.0,0.0,0.0,0.0
IMU,78249868.0,1,-0.0405,-0.9902,0.0273,-1.28,-1.16,-4.76,-88.24,2.06,122.55,26.1,,,,,,,,,,,,,,,,
IMU,78224148.0,2,1.002,0.0713,0.0176,1.4,0.85,-4.82,63.15,-86.24,37.49,27.8,,,,,,,,,,,,,,,,
EXO,78322258,,,,,,,,,,,,SAFE,-86.237,0.854,1.005,1.894,-0.017,-0.0,0.0,0.0,-0.002,0.0,0.0,0.0,0.0,0.0,0.0
IMU,78350126.0,1,-0.0234,-1.0122,0.0254,-0.43,-2.93,-3.66,-88.41,1.63,122.88,26.0,,,,,,,,,,,,,,,,
IMU,78324077.0,2,1.0029,0.082,0.0195,4.52,-0.92,-5.55,69.72,-85.56,30.36,27.7,,,,,,,,,,,,,,,,
EXO,78422371,,,,,,,,,,,,SAFE,-85.562,-0.916,1.006,1.894,-0.13,-0.0,0.0,0.0,-0.03,0.0,0.0,0.0,0.0,0.0,0.0
IMU,78450238.0,1,-0.0244,-1.0093,0.0371,-0.43,0.24,2.2,-88.37,1.59,122.96,26.2,,,,,,,,,,,,,,,,
IMU,78424011.0,2,0.9912,0.0796,0.0264,0.06,0.18,1.28,70.29,-85.35,28.95,27.8,,,,,,,,,,,,,,,,
EXO,78521996,,,,,,,,,,,,SAFE,-85.347,0.183,0.995,1.894,0.014,-0.0,0.0,0.0,0.003,0.0,0.0,0.0,0.0,0.0,0.0
IMU,78550425.0,1,-0.0293,-1.0024,0.0317,2.26,0.06,-1.59,-88.29,1.54,122.92,26.3,,,,,,,,,,,,,,,,
IMU,78523949.0,2,0.9912,0.0981,0.0327,0.06,1.83,-2.26,70.27,-85.33,27.99,27.8,,,,,,,,,,,,,,,,
EXO,78622081,,,,,,,,,,,,SAFE,-85.331,1.831,0.997,1.894,-0.028,-0.0,0.0,0.0,-0.012,0.0,0.0,0.0,0.0,0.0,0.0
IMU,78650625.0,1,-0.0269,-0.9912,0.0229,1.53,-0.55,-0.98,-88.13,1.41,122.89,26.2,,,,,,,,,,,,,,,,
IMU,78623876.0,2,0.9878,0.083,0.0303,-0.37,1.53,-1.53,69.04,-85.09,28.38,27.7,,,,,,,,,,,,,,,,
EXO,78722268,,,,,,,,,,,,SAFE,-85.089,1.526,0.992,1.894,-0.034,-0.0,0.0,0.0,-0.025,0.0,0.0,0.0,0.0,0.0,0.0
IMU,78750803.0,1,-0.0288,-0.9941,0.0415,1.22,-4.15,1.4,-87.98,1.44,123.16,26.1,,,,,,,,,,,,,,,,
IMU,78723811.0,2,0.9863,0.0835,0.0371,3.72,2.5,1.53,67.47,-84.99,29.42,27.7,,,,,,,,,,,,,,,,
EXO,78821999,,,,,,,,,,,,SAFE,-84.99,2.502,0.991,1.894,0.046,-0.0,0.0,0.0,-0.003,0.0,0.0,0.0,0.0,0.0,0.0
IMU,78851069.0,1,-0.0161,-0.9951,0.0381,-1.28,-1.1,0.55,-87.97,1.57,123.46,26.3,,,,,,,,,,,,,,,,
IMU,78823741.0,2,0.9922,0.1001,0.0308,2.32,-0.12,1.16,65.8,-85.07,30.76,27.8,,,,,,,,,,,,,,,,
EXO,78922187,,,,,,,,,,,,SAFE,-85.073,-0.122,0.998,1.894,-0.15,-0.0,0.0,0.0,0.037,0.0,0.0,0.0,0.0,0.0,0.0
IMU,78951194.0,1,-0.019,-1.0059,0.0332,1.83,2.93,-3.11,-87.97,1.43,123.36,26.1,,,,,,,,,,,,,,,,
IMU,78923667.0,2,0.9937,0.1011,0.0312,-2.26,0.0,-1.22,66.89,-85.06,29.15,27.7,,,,,,,,,,,,,,,,
EXO,79022179,,,,,,,,,,,,SAFE,-85.062,0.0,0.999,1.893,0.107,-0.0,0.0,0.0,0.019,0.0,0.0,0.0,0.0,0.0,0.0
IMU,79051380.0,1,-0.0347,-1.001,0.0513,0.37,2.14,0.73,-87.8,1.37,123.1,26.1,,,,,,,,,,,,,,,,
IMU,79023607.0,2,0.9883,0.0757,0.043,-0.24,0.06,1.89,64.54,-85.09,30.66,27.8,,,,,,,,,,,,,,,,
EXO,79122046,,,,,,,,,,,,SAFE,-85.095,0.061,0.992,1.893,0.115,-0.0,0.0,0.0,0.0,0.0,0.0,0.0,0.0,0.0,0.0
IMU,79151536.0,1,-0.0195,-1.0015,0.0469,5.13,-0.06,0.0,-87.43,1.33,123.02,26.2,,,,,,,,,,,,,,,,
IMU,79123511.0,2,0.9966,0.0776,0.0474,-1.46,6.04,-0.79,61.94,-85.01,32.49,27.6,,,,,,,,,,,,,,,,
EXO,79222192,,,,,,,,,,,,SAFE,-85.007,6.042,1.001,1.892,0.048,-0.0,0.0,0.0,0.001,0.0,0.0,0.0,0.0,0.0,0.0
IMU,79251757.0,1,-0.0283,-1.0,0.0562,3.17,2.38,3.72,-87.07,1.5,123.28,26.2,,,,,,,,,,,,,,,,
IMU,79223448.0,2,0.9893,0.0723,0.0239,2.26,3.78,2.56,57.15,-84.81,36.9,27.8,,,,,,,,,,,,,,,,
EXO,79321920,,,,,,,,,,,,SAFE,-84.814,3.784,0.992,1.893,0.077,-0.0,0.0,0.0,-0.003,0.0,0.0,0.0,0.0,0.0,0.0
IMU,79352019.0,1,-0.0244,-0.9985,0.0488,1.83,0.18,0.24,-86.91,1.7,123.2,26.2,,,,,,,,,,,,,,,,
IMU,79323357.0,2,0.9995,0.0859,0.0469,0.0,1.46,0.98,53.59,-84.92,40.02,27.7,,,,,,,,,,,,,,,,
EXO,79421928,,,,,,,,,,,,SAFE,-84.924,1.465,1.004,1.892,0.046,-0.0,0.0,0.0,0.003,0.0,0.0,0.0,0.0,0.0,0.0
IMU,79452152.0,1,-0.0332,-0.999,0.0488,0.67,1.46,1.04,-86.82,1.74,123.13,26.2,,,,,,,,,,,,,,,,
IMU,79423278.0,2,0.9946,0.0801,0.0483,-1.16,0.24,1.34,52.68,-84.86,40.76,27.8,,,,,,,,,,,,,,,,
EXO,79522005,,,,,,,,,,,,SAFE,-84.858,0.244,0.999,1.893,-0.038,-0.0,0.0,0.0,-0.008,0.0,0.0,0.0,0.0,0.0,0.0
IMU,79552341.0,1,-0.0356,-0.9956,0.0576,0.98,0.18,1.22,-86.76,1.8,123.12,26.1,,,,,,,,,,,,,,,,
IMU,79523197.0,2,0.9883,0.0708,0.0527,0.79,0.85,0.61,52.03,-84.86,41.13,27.6,,,,,,,,,,,,,,,,
EXO,79621905,,,,,,,,,,,,SAFE,-84.858,0.854,0.992,1.892,-0.066,-0.0,0.0,0.0,-0.0,0.0,0.0,0.0,0.0,0.0,0.0
IMU,79652541.0,1,-0.0317,-0.9902,0.064,-0.24,-5.49,1.4,-86.69,1.92,123.34,26.2,,,,,,,,,,,,,,,,
IMU,79623115.0,2,0.999,0.0806,0.0674,3.11,0.73,1.28,50.47,-84.88,42.39,27.7,,,,,,,,,,,,,,,,
EXO,79722099,,,,,,,,,,,,SAFE,-84.88,0.732,1.005,1.892,0.166,-0.0,0.0,0.0,-0.005,0.0,0.0,0.0,0.0,0.0,0.0
IMU,79752724.0,1,-0.0376,-0.9966,0.0576,1.46,0.06,-0.12,-86.62,2.01,123.45,26.2,,,,,,,,,,,,,,,,
IMU,79723042.0,2,0.9937,0.0757,0.0615,-2.01,1.16,0.55,49.47,-84.91,43.28,27.6,,,,,,,,,,,,,,,,
EXO,79822078,,,,,,,,,,,,SAFE,-84.913,1.16,0.998,1.892,-0.057,-0.0,0.0,0.0,0.002,0.0,0.0,0.0,0.0,0.0,0.0
IMU,79852989.0,1,-0.043,-0.9873,0.0596,-0.06,0.98,-0.92,-86.52,1.92,123.53,26.2,,,,,,,,,,,,,,,,
IMU,79822967.0,2,0.9927,0.062,0.0469,1.1,1.04,-1.22,48.86,-84.77,43.58,27.8,,,,,,,,,,,,,,,,
EXO,79922193,,,,,,,,,,,,SAFE,-84.765,1.038,0.996,1.893,0.144,-0.0,0.0,0.0,-0.004,0.0,0.0,0.0,0.0,0.0,0.0
IMU,79953115.0,1,-0.0142,-1.0049,0.0698,-0.98,2.08,-3.97,-86.63,1.48,123.61,26.2,,,,,,,,,,,,,,,,
IMU,79922879.0,2,0.9932,0.0752,0.0269,1.34,-1.22,-6.71,52.18,-84.5,40.05,27.9,,,,,,,,,,,,,,,,
EXO,80022273,,,,,,,,,,,,SAFE,-84.501,-1.221,0.996,1.893,0.046,-0.0,0.0,0.0,0.005,0.0,0.0,0.0,0.0,0.0,0.0
IMU,80053293.0,1,-0.0146,-0.998,0.061,-1.4,4.64,-4.33,-86.8,1.22,123.21,26.2,,,,,,,,,,,,,,,,
IMU,80022797.0,2,0.9927,0.0991,0.0601,-6.1,-2.99,-3.48,56.2,-84.31,35.32,27.6,,,,,,,,,,,,,,,,
EXO,80122349,,,,,,,,,,,,SAFE,-84.309,-2.991,0.999,1.894,0.201,-0.0,0.0,0.0,0.01,0.0,0.0,0.0,0.0,0.0,0.0
IMU,80153498.0,1,-0.0249,-0.998,0.0679,1.71,3.23,-1.71,-86.76,0.88,122.97,26.0,,,,,,,,,,,,,,,,
IMU,80122743.0,2,0.9766,0.0894,0.0698,-1.89,0.37,-3.66,60.29,-83.78,30.36,27.8,,,,,,,,,,,,,,,,
EXO,80222190,,,,,,,,,,,,SAFE,-83.782,0.366,0.983,1.894,-0.025,-0.0,0.0,0.0,-0.006,0.0,0.0,0.0,0.0,0.0,0.0
IMU,80253671.0,1,-0.0054,-1.0029,0.0532,0.31,0.43,-3.3,-86.63,0.75,122.69,26.2,,,,,,,,,,,,,,,,
IMU,80222658.0,2,1.001,0.1074,0.0518,-2.75,0.92,-2.75,59.77,-83.55,29.86,27.7,,,,,,,,,,,,,,,,
EXO,80322169,,,,,,,,,,,,SAFE,-83.546,0.916,1.008,1.896,0.052,-0.0,0.0,0.0,0.018,0.0,0.0,0.0,0.0,0.0,0.0
IMU,80353909.0,1,-0.0146,-0.9966,0.0605,-2.38,0.0,-0.67,-86.84,0.59,122.91,26.2,,,,,,,,,,,,,,,,
IMU,80322588.0,2,0.9907,0.0952,0.0474,4.82,-2.38,-2.87,61.78,-83.33,27.6,27.6,,,,,,,,,,,,,,,,
EXO,80422274,,,,,,,,,,,,SAFE,-83.326,-2.38,0.996,1.904,-0.049,-0.0,0.0,0.0,-0.027,0.0,0.0,0.0,0.0,0.0,0.0
IMU,80454057.0,1,-0.0044,-1.0142,0.0669,-0.18,4.64,-1.95,-86.92,0.68,122.74,26.2,,,,,,,,,,,,,,,,
IMU,80422508.0,2,0.895,0.1597,0.0728,-0.98,-4.27,-8.79,65.0,-82.96,23.69,27.8,,,,,,,,,,,,,,,,
EXO,80522367,,,,,,,,,,,,SAFE,-82.963,-4.272,0.912,1.904,0.099,-0.0,0.0,0.0,0.007,0.0,0.0,0.0,0.0,0.0,0.0
IMU,80554269.0,1,-0.0098,-1.0,0.0493,0.18,0.79,-1.22,-86.85,0.53,122.58,26.1,,,,,,,,,,,,,,,,
IMU,80522393.0,2,0.9839,0.1123,0.0522,-1.16,1.34,-0.92,65.28,-82.8,22.82,27.7,,,,,,,,,,,,,,,,
EXO,80622197,,,,,,,,,,,,SAFE,-82.804,1.343,0.992,1.904,-0.041,-0.0,0.0,0.0,0.003,0.0,0.0,0.0,0.0,0.0,0.0
IMU,80654442.0,1,-0.0132,-0.9966,0.0508,-1.22,0.37,1.22,-86.91,0.48,122.56,26.1,,,,,,,,,,,,,,,,
IMU,80622345.0,2,0.9756,0.1035,0.0508,0.18,-1.1,0.43,65.71,-82.7,22.02,27.7,,,,,,,,,,,,,,,,
EXO,80722101,,,,,,,,,,,,SAFE,-82.7,-1.099,0.982,1.903,-0.054,-0.0,0.0,0.0,-0.005,0.0,0.0,0.0,0.0,0.0,0.0
IMU,80754632.0,1,-0.0093,-0.9985,0.0576,0.0,-3.05,3.48,-86.92,0.73,122.71,26.0,,,,,,,,,,,,,,,,
IMU,80722270.0,2,0.9839,0.1182,0.0674,1.59,0.24,4.03,65.21,-82.93,22.16,27.9,,,,,,,,,,,,,,,,
EXO,80822008,,,,,,,,,,,,SAFE,-82.93,0.244,0.993,1.904,0.14,-0.0,0.0,0.0,0.008,0.0,0.0,0.0,0.0,0.0,0.0
IMU,80854849.0,1,0.0107,-0.9824,0.0718,-1.28,2.93,-2.26,-86.96,0.65,122.77,26.1,,,,,,,,,,,,,,,,
IMU,80822199.0,2,0.9814,0.1318,0.0518,0.24,-1.4,-2.81,64.81,-82.99,22.46,27.8,,,,,,,,,,,,,,,,
EXO,80922205,,,,,,,,,,,,SAFE,-82.985,-1.404,0.992,1.904,-0.011,-0.0,0.0,0.0,0.016,0.0,0.0,0.0,0.0,0.0,0.0
IMU,80955022.0,1,-0.0103,-0.999,0.0449,-3.48,10.07,-4.58,-87.21,0.39,122.07,26.3,,,,,,,,,,,,,,,,
IMU,80922076.0,2,0.9751,0.1382,0.0439,-8.12,-5.49,-3.11,67.72,-82.79,18.85,27.9,,,,,,,,,,,,,,,,
EXO,81022481,,,,,,,,,,,,SAFE,-82.793,-5.493,0.986,1.904,0.08,-0.0,0.0,0.0,-0.012,0.0,0.0,0.0,0.0,0.0,0.0
IMU,81055204.0,1,0.0024,-1.0449,0.043,4.76,6.35,0.55,-87.26,0.1,121.35,26.1,,,,,,,,,,,,,,,,
IMU,81021984.0,2,1.0176,0.1172,0.0454,-6.29,-1.53,-3.3,71.29,-82.51,14.14,27.7,,,,,,,,,,,,,,,,
EXO,81122117,,,,,,,,,,,,SAFE,-82.513,-1.526,1.025,1.905,-0.111,-0.0,0.0,0.0,-0.014,0.0,0.0,0.0,0.0,0.0,0.0
IMU,81155388.0,1,-0.0083,-0.9849,0.0581,6.71,4.03,2.56,-86.42,0.55,120.84,26.2,,,,,,,,,,,,,,,,
IMU,81121902.0,2,1.0078,0.1245,0.0532,-7.93,9.28,5.25,65.76,-82.53,18.67,27.8,,,,,,,,,,,,,,,,
EXO,81222041,,,,,,,,,,,,SAFE,-82.529,9.277,1.017,1.908,0.19,-0.0,0.0,0.0,-0.037,0.0,0.0,0.0,0.0,0.0,0.0
IMU,81255583.0,1,-0.0122,-0.9824,0.0625,-1.65,2.08,-2.56,-86.42,0.42,120.76,26.3,,,,,,,,,,,,,,,,
IMU,81221818.0,2,0.9741,0.126,0.0474,2.75,-2.87,-3.23,63.12,-82.4,21.12,27.9,,,,,,,,,,,,,,,,
EXO,81322281,,,,,,,,,,,,SAFE,-82.397,-2.869,0.983,1.987,1.019,-0.0,0.0,0.0,-0.093,0.0,0.0,0.0,0.0,0.0,0.0
IMU,81355768.0,1,-0.019,-0.9863,0.0811,-1.34,-10.38,8.73,-86.46,0.72,120.95,26.1,,,,,,,,,,,,,,,,
IMU,81321733.0,2,1.0166,0.0996,0.0957,6.84,-0.55,-43.03,68.41,-80.86,15.64,27.7,,,,,,,,,,,,,,,,
EXO,81422461,,,,,,,,,,,,SAFE,-80.865,-0.549,1.026,2.093,0.848,-0.0,0.0,0.0,0.041,0.0,0.0,0.0,0.0,0.0,0.0
IMU,81455934.0,1,-0.0127,-1.0405,0.0962,1.77,-5.74,7.45,-86.41,1.4,122.25,26.1,,,,,,,,,,,,,,,,
IMU,81421644.0,2,0.9648,0.2275,0.0254,19.41,6.84,-53.89,76.04,-75.83,8.25,27.8,,,,,,,,,,,,,,,,
EXO,81522207,,,,,,,,,,,,SAFE,-75.828,6.836,0.992,2.154,0.158,-0.0,0.0,0.0,0.027,0.0,0.0,0.0,0.0,0.0,0.0
IMU,81556129.0,1,-0.0156,-0.9985,0.0312,-2.69,-2.44,1.16,-86.6,1.8,123.07,26.1,,,,,,,,,,,,,,,,
IMU,81521570.0,2,0.8218,0.3677,0.0469,14.71,-1.34,-38.45,79.26,-71.66,5.09,27.6,,,,,,,,,,,,,,,,
EXO,81622504,,,,,,,,,,,,SAFE,-71.658,-1.343,0.901,2.174,0.311,-0.0,0.0,0.0,-0.051,0.0,0.0,0.0,0.0,0.0,0.0
IMU,81656300.0,1,-0.0264,-0.9761,0.0469,0.12,4.88,-1.22,-86.66,1.7,122.56,26.2,,,,,,,,,,,,,,,,
IMU,81621487.0,2,0.9502,0.3467,0.0977,-4.39,-2.81,-15.81,80.8,-70.28,2.65,27.8,,,,,,,,,,,,,,,,
EXO,81722317,,,,,,,,,,,,SAFE,-70.28,-2.808,1.016,2.205,0.225,-0.0,0.0,0.0,-0.033,0.0,0.0,0.0,0.0,0.0,0.0
IMU,81756491.0,1,-0.0234,-0.9995,0.0229,-1.53,2.69,-4.76,-86.75,1.54,122.37,26.2,,,,,,,,,,,,,,,,
IMU,81721397.0,2,0.8975,0.3613,0.0532,4.21,1.04,-24.6,81.91,-68.39,0.43,27.7,,,,,,,,,,,,,,,,
EXO,81822186,,,,,,,,,,,,SAFE,-68.39,1.038,0.969,2.236,0.479,-0.0,0.0,0.0,-0.026,0.0,0.0,0.0,0.0,0.0,0.0
IMU,81856692.0,1,-0.0356,-0.9917,0.0732,1.53,-2.08,5.92,-86.62,1.3,122.05,26.2,,,,,,,,,,,,,,,,
IMU,81821330.0,2,1.0063,0.3569,0.0757,0.0,3.91,-17.58,82.54,-66.73,-1.21,27.8,,,,,,,,,,,,,,,,
EXO,81922204,,,,,,,,,,,,SAFE,-66.731,3.906,1.07,2.254,0.015,-0.0,0.0,0.0,-0.0,0.0,0.0,0.0,0.0,0.0,0.0
IMU,81956858.0,1,-0.042,-1.0166,0.043,1.83,1.71,-0.98,-86.69,1.9,122.29,26.2,,,,,,,,,,,,,,,,
IMU,81921260.0,2,0.8535,0.4492,0.0034,4.09,0.06,-1.83,83.07,-65.31,-2.2,27.6,,,,,,,,,,,,,,,,
EXO,82022125,,,,,,,,,,,,SAFE,-65.308,0.061,0.965,2.251,0.095,-0.0,0.0,0.0,0.012,0.0,0.0,0.0,0.0,0.0,0.0
IMU,82057044.0,1,-0.0444,-0.9907,0.0654,0.49,-2.81,8.48,-86.41,2.35,122.48,26.1,,,,,,,,,,,,,,,,
IMU,82021180.0,2,0.9253,0.4038,0.0527,-1.59,3.97,8.79,82.36,-65.71,-2.08,27.9,,,,,,,,,,,,,,,,
EXO,82122105,,,,,,,,,,,,SAFE,-65.715,3.967,1.011,2.251,0.006,-0.0,0.0,0.0,0.008,0.0,0.0,0.0,0.0,0.0,0.0
IMU,82157224.0,1,-0.0249,-0.9688,0.0718,-5.13,2.56,0.61,-86.73,2.65,122.65,26.1,,,,,,,,,,,,,,,,
IMU,82121102.0,2,0.877,0.418,0.0483,4.39,-2.87,1.46,82.41,-66.25,-2.5,27.8,,,,,,,,,,,,,,,,
EXO,82222277,,,,,,,,,,,,SAFE,-66.253,-2.869,0.973,2.251,0.084,-0.0,0.0,0.0,0.011,0.0,0.0,0.0,0.0,0.0,0.0
IMU,82257413.0,1,-0.0439,-1.002,0.0469,3.78,5.19,-9.03,-86.84,2.2,122.05,26.3,,,,,,,,,,,,,,,,
IMU,82221046.0,2,0.8906,0.4277,0.0576,-6.04,-3.48,-5.8,83.53,-66.05,-4.55,27.7,,,,,,,,,,,,,,,,
EXO,82322319,,,,,,,,,,,,SAFE,-66.05,-3.479,0.99,2.251,-0.083,-0.0,0.0,0.0,0.005,0.0,0.0,0.0,0.0,0.0,0.0
IMU,82357625.0,1,-0.0337,-1.0283,0.0542,-0.67,1.83,-0.31,-86.56,1.59,121.71,26.1,,,,,,,,,,,,,,,,
IMU,82320951.0,2,0.9141,0.4102,0.0381,-3.3,1.22,-5.92,82.95,-65.12,-5.08,27.6,,,,,,,,,,,,,,,,
EXO,82422274,,,,,,,,,,,,SAFE,-65.116,1.221,1.003,2.251,-0.245,-0.0,0.0,0.0,-0.007,0.0,0.0,0.0,0.0,0.0,0.0
IMU,82457772.0,1,-0.0361,-1.0034,0.0586,-2.26,-1.34,5.55,-86.75,1.95,121.82,26.2,,,,,,,,,,,,,,,,
IMU,82420885.0,2,0.9092,0.4229,0.042,2.75,-0.73,4.21,83.19,-65.21,-5.82,27.6,,,,,,,,,,,,,,,,
EXO,82522213,,,,,,,,,,,,SAFE,-65.215,-0.732,1.004,2.251,-0.13,-0.0,0.0,0.0,-0.008,0.0,0.0,0.0,0.0,0.0,0.0
IMU,82557960.0,1,-0.0332,-0.9883,0.0542,-0.12,2.5,-0.31,-86.95,2.2,121.93,26.1,,,,,,,,,,,,,,,,
IMU,82520807.0,2,0.8965,0.4331,0.0376,2.56,-2.14,1.71,83.59,-65.63,-6.44,27.6,,,,,,,,,,,,,,,,
EXO,82622188,,,,,,,,,,,,SAFE,-65.627,-2.136,0.996,2.251,-0.057,-0.0,0.0,0.0,-0.002,0.0,0.0,0.0,0.0,0.0,0.0
IMU,82658150.0,1,-0.0542,-0.999,0.0542,5.98,2.87,-0.49,-86.55,2.16,121.64,26.2,,,,,,,,,,,,,,,,
IMU,82620731.0,2,0.9102,0.4141,0.0527,-4.46,3.42,0.06,83.33,-65.6,-6.95,27.7,,,,,,,,,,,,,,,,
EXO,82722113,,,,,,,,,,,,SAFE,-65.599,3.418,1.001,2.247,0.015,-0.0,0.0,0.0,0.001,0.0,0.0,0.0,0.0,0.0,0.0
IMU,82758338.0,1,-0.0503,-0.978,0.0547,-2.01,-3.23,6.23,-86.25,2.43,121.51,26.2,,,,,,,,,,,,,,,,
IMU,82720671.0,2,0.8892,0.394,0.061,-4.09,-0.79,7.63,82.02,-65.85,-6.55,27.7,,,,,,,,,,,,,,,,
EXO,82822277,,,,,,,,,,,,SAFE,-65.852,-0.793,0.974,2.24,0.061,-0.0,0.0,0.0,-0.008,0.0,0.0,0.0,0.0,0.0,0.0
IMU,82858572.0,1,-0.0332,-1.0078,0.0537,-0.73,0.92,-2.69,-86.56,2.58,121.75,26.1,,,,,,,,,,,,,,,,
IMU,82820601.0,2,0.9185,0.4146,0.0522,4.94,-2.08,11.6,82.34,-66.75,-6.92,27.9,,,,,,,,,,,,,,,,
EXO,82922300,,,,,,,,,,,,SAFE,-66.753,-2.075,1.009,2.24,0.069,-0.0,0.0,0.0,-0.011,0.0,0.0,0.0,0.0,0.0,0.0
IMU,82958731.0,1,-0.0269,-1.0244,0.0698,13.0,8.3,-10.13,-85.86,1.87,121.26,26.3,,,,,,,,,,,,,,,,
IMU,82920534.0,2,0.9414,0.4175,0.0298,-10.19,6.04,-8.3,82.14,-66.37,-7.26,27.7,,,,,,,,,,,,,,,,
EXO,83022490,,,,,,,,,,,,SAFE,-66.368,6.042,1.03,2.24,-0.013,-0.0,0.0,0.0,0.001,0.0,0.0,0.0,0.0,0.0,0.0
IMU,83058919.0,1,-0.0464,-0.9863,0.0718,-2.81,-1.4,5.25,-85.34,1.9,121.0,26.1,,,,,,,,,,,,,,,,
IMU,83020449.0,2,0.8979,0.3887,0.0552,-4.09,3.3,3.05,79.98,-65.7,-6.31,27.8,,,,,,,,,,,,,,,,
EXO,83122214,,,,,,,,,,,,SAFE,-65.698,3.296,0.98,2.24,-0.014,-0.0,0.0,0.0,-0.017,0.0,0.0,0.0,0.0,0.0,0.0
IMU,83159101.0,1,-0.0342,-0.9795,0.0791,-0.92,-3.05,0.79,-85.65,2.06,121.26,26.2,,,,,,,,,,,,,,,,
IMU,83120366.0,2,0.8989,0.3999,0.0649,3.36,-1.65,0.67,80.54,-66.07,-6.9,27.7,,,,,,,,,,,,,,,,
EXO,83222220,,,,,,,,,,,,SAFE,-66.072,-1.648,0.986,2.24,-0.04,-0.0,0.0,0.0,0.004,0.0,0.0,0.0,0.0,0.0,0.0
IMU,83259292.0,1,-0.0308,-0.9971,0.085,1.89,-2.93,-2.75,-85.56,2.0,121.46,26.3,,,,,,,,,,,,,,,,
IMU,83220294.0,2,0.8931,0.4126,0.0703,0.49,1.89,-0.98,80.66,-66.08,-7.11,27.8,,,,,,,,,,,,,,,,
EXO,83322210,,,,,,,,,,,,SAFE,-66.083,1.892,0.986,2.24,0.091,-0.0,0.0,0.0,0.044,0.0,0.0,0.0,0.0,0.0,0.0
IMU,83359565.0,1,-0.021,-1.0146,0.0796,-0.12,0.12,1.65,-85.58,1.94,121.48,26.2,,,,,,,,,,,,,,,,
IMU,83320212.0,2,0.9058,0.417,0.0713,-0.67,-1.46,0.73,80.61,-65.85,-7.26,27.7,,,,,,,,,,,,,,,,
EXO,83422220,,,,,,,,,,,,SAFE,-65.852,-1.465,1.0,2.24,-0.042,-0.0,0.0,0.0,-0.005,0.0,0.0,0.0,0.0,0.0,0.0
IMU,83459688.0,1,-0.0249,-0.9932,0.0898,4.64,2.75,1.77,-85.33,2.13,121.27,26.2,,,,,,,,,,,,,,,,
IMU,83420137.0,2,0.9062,0.418,0.0669,-4.7,1.4,2.44,80.42,-65.99,-7.51,27.5,,,,,,,,,,,,,,,,
EXO,83522040,,,,,,,,,,,,SAFE,-65.989,1.404,1.0,2.24,0.034,-0.0,0.0,0.0,0.012,0.0,0.0,0.0,0.0,0.0,0.0
IMU,83559869.0,1,-0.0464,-0.9761,0.0947,1.46,5.62,-1.4,-84.96,2.22,120.83,26.2,,,,,,,,,,,,,,,,
IMU,83520110.0,2,0.8857,0.3975,0.0698,-7.02,0.92,0.92,79.3,-66.05,-7.11,27.7,,,,,,,,,,,,,,,,
EXO,83622140,,,,,,,,,,,,SAFE,-66.05,0.916,0.973,2.24,0.032,-0.0,0.0,0.0,-0.002,0.0,0.0,0.0,0.0,0.0,0.0
IMU,83660066.0,1,-0.0347,-1.0039,0.0908,0.18,-1.89,-1.95,-84.89,1.97,120.66,26.3,,,,,,,,,,,,,,,,
IMU,83620001.0,2,0.9082,0.3999,0.0791,-1.4,0.43,-3.72,79.14,-65.86,-7.68,27.7,,,,,,,,,,,,,,,,
EXO,83722316,,,,,,,,,,,,SAFE,-65.858,0.427,0.995,2.24,0.068,-0.0,0.0,0.0,-0.004,0.0,0.0,0.0,0.0,0.0,0.0
IMU,83760260.0,1,-0.0303,-1.0142,0.1011,-1.83,0.49,-0.31,-84.94,1.91,120.72,26.1,,,,,,,,,,,,,,,,
IMU,83719897.0,2,0.9307,0.4136,0.0781,0.0,-0.12,-0.49,79.15,-65.69,-7.86,27.8,,,,,,,,,,,,,,,,
EXO,83822325,,,,,,,,,,,,SAFE,-65.687,-0.122,1.021,2.24,-0.018,-0.0,0.0,0.0,0.008,0.0,0.0,0.0,0.0,0.0,0.0
IMU,83860466.0,1,-0.0381,-0.998,0.103,-0.12,-0.18,3.78,-85.03,2.2,120.64,26.1,,,,,,,,,,,,,,,,
IMU,83819817.0,2,0.9131,0.416,0.0835,-0.92,-1.46,3.66,79.45,-65.81,-8.44,27.8,,,,,,,,,,,,,,,,
EXO,83922344,,,,,,,,,,,,SAFE,-65.814,-1.465,1.007,2.24,0.049,-0.0,0.0,0.0,0.005,0.0,0.0,0.0,0.0,0.0,0.0
IMU,83960666.0,1,-0.0396,-0.9795,0.0918,4.27,0.31,1.46,-84.74,2.53,120.7,26.1,,,,,,,,,,,,,,,,
IMU,83919719.0,2,0.897,0.4053,0.0742,-1.95,3.6,4.15,78.99,-66.15,-8.25,27.7,,,,,,,,,,,,,,,,
EXO,84022092,,,,,,,,,,,,SAFE,-66.149,3.601,0.987,2.24,0.023,-0.0,0.0,0.0,0.001,0.0,0.0,0.0,0.0,0.0,0.0
IMU,84060856.0,1,-0.0352,-0.9888,0.1006,-3.66,1.59,-1.53,-84.75,2.4,120.57,26.2,,,,,,,,,,,,,,,,
IMU,84019662.0,2,0.8926,0.4038,0.0728,-1.22,-2.26,-1.59,78.29,-66.12,-7.89,27.7,,,,,,,,,,,,,,,,
EXO,84122461,,,,,,,,,,,,SAFE,-66.116,-2.258,0.982,2.24,-0.005,-0.0,0.0,0.0,-0.005,0.0,0.0,0.0,0.0,0.0,0.0
IMU,84161047.0,1,-0.0483,-1.0098,0.0801,-1.16,0.79,-1.65,-85.05,2.26,120.32,26.1,,,,,,,,,,,,,,,,
IMU,84119672.0,2,0.9224,0.4004,0.0781,-1.89,-4.58,-1.46,79.27,-66.02,-9.18,27.7,,,,,,,,,,,,,,,,
EXO,84222470,,,,,,,,,,,,SAFE,-66.022,-4.578,1.009,2.24,-0.057,-0.0,0.0,0.0,0.014,0.0,0.0,0.0,0.0,0.0,0.0
IMU,84261233.0,1,-0.0483,-1.0063,0.0825,0.0,-0.49,-0.31,-84.99,2.19,120.28,26.1,,,,,,,,,,,,,,,,
IMU,84219584.0,2,0.9282,0.3975,0.0552,-1.53,1.53,-0.79,79.41,-65.89,-9.62,27.6,,,,,,,,,,,,,,,,
EXO,84322376,,,,,,,,,,,,SAFE,-65.891,1.526,1.011,2.24,0.093,-0.0,0.0,0.0,0.004,0.0,0.0,0.0,0.0,0.0,0.0
IMU,84361438.0,1,-0.0474,-0.9888,0.0825,-2.99,-5.0,4.88,-85.16,2.45,120.72,26.2,,,,,,,,,,,,,,,,
IMU,84319550.0,2,0.9023,0.3916,0.0649,5.37,1.28,3.42,79.4,-65.96,-9.61,27.6,,,,,,,,,,,,,,,,
EXO,84422180,,,,,,,,,,,,SAFE,-65.956,1.282,0.986,2.24,0.21,-0.0,0.0,0.0,-0.008,0.0,0.0,0.0,0.0,0.0,0.0
IMU,84461632.0,1,-0.0381,-0.9971,0.0938,-2.93,-2.38,0.43,-85.45,2.66,121.16,26.2,,,,,,,,,,,,,,,,
IMU,84419318.0,2,0.9014,0.4043,0.0752,5.55,-0.98,2.14,79.89,-66.35,-9.65,27.7,,,,,,,,,,,,,,,,
EXO,84522327,,,,,,,,,,,,SAFE,-66.352,-0.977,0.991,2.24,0.032,-0.0,0.0,0.0,-0.003,0.0,0.0,0.0,0.0,0.0,0.0
IMU,84561825.0,1,-0.0356,-0.9897,0.0718,7.57,-1.65,-2.26,-85.12,2.57,121.15,26.0,,,,,,,,,,,,,,,,
IMU,84519173.0,2,0.9004,0.3921,0.0591,0.06,0.61,-1.16,80.07,-66.36,-9.84,27.6,,,,,,,,,,,,,,,,
EXO,84622238,,,,,,,,,,,,SAFE,-66.363,0.61,0.984,2.24,0.123,-0.0,0.0,0.0,-0.01,0.0,0.0,0.0,0.0,0.0,0.0
IMU,84661995.0,1,-0.0439,-0.9907,0.1079,-8.06,2.44,0.06,-85.05,2.44,121.2,26.2,,,,,,,,,,,,,,,,
IMU,84718993.0,2,0.9331,0.3955,0.085,2.14,-6.59,0.85,80.51,-66.2,-10.55,27.7,,,,,,,,,,,,,,,,
EXO,84722205,,,,,,,,,,,,SAFE,-66.204,-6.592,1.017,2.24,0.088,-0.0,0.0,0.0,0.013,0.0,0.0,0.0,0.0,0.0,0.0
IMU,84762171.0,1,-0.0532,-1.0034,0.0791,0.0,3.91,0.37,-85.62,2.53,120.99,26.0,,,,,,,,,,,,,,,,
IMU,84818905.0,2,0.9141,0.4062,0.0688,-6.41,0.49,-0.06,80.4,-66.25,-11.06,27.9,,,,,,,,,,,,,,,,
EXO,84822187,,,,,,,,,,,,SAFE,-66.248,0.488,1.003,2.24,-0.042,-0.0,0.0,0.0,-0.01,0.0,0.0,0.0,0.0,0.0,0.0
IMU,84862375.0,1,-0.042,-1.001,0.0757,0.06,5.19,1.1,-85.44,2.59,120.48,26.2,,,,,,,,,,,,,,,,
IMU,84918833.0,2,0.9229,0.3955,0.0791,-0.24,-2.32,1.59,80.42,-66.38,-11.66,27.9,,,,,,,,,,,,,,,,
EXO,84922244,,,,,,,,,,,,SAFE,-66.379,-2.319,1.007,2.24,0.115,-0.0,0.0,0.0,0.0,0.0,0.0,0.0,0.0,0.0,0.0
IMU,84962563.0,1,-0.043,-0.9912,0.083,-0.24,-2.99,2.2,-85.54,2.76,120.34,26.3,,,,,,,,,,,,,,,,
IMU,85018758.0,2,0.9136,0.4062,0.0684,0.67,0.61,2.26,80.32,-66.58,-11.51,27.6,,,,,,,,,,,,,,,,
EXO,85022198,,,,,,,,,,,,SAFE,-66.583,0.61,1.002,2.24,-0.006,-0.0,0.0,0.0,-0.002,0.0,0.0,0.0,0.0,0.0,0.0
IMU,85062762.0,1,-0.0464,-1.0005,0.0908,-0.67,2.26,0.67,-85.52,2.96,120.43,26.1,,,,,,,,,,,,,,,,
IMU,85118667.0,2,0.915,0.3989,0.0723,-2.69,-2.56,0.12,80.46,-66.65,-12.0,27.7,,,,,,,,,,,,,,,,
EXO,85122330,,,,,,,,,,,,SAFE,-66.649,-2.563,1.001,2.24,0.038,-0.0,0.0,0.0,-0.009,0.0,0.0,0.0,0.0,0.0,0.0
IMU,85162932.0,1,-0.0518,-0.9961,0.0757,1.71,5.68,0.98,-85.55,3.0,120.04,26.2,,,,,,,,,,,,,,,,
IMU,85218592.0,2,0.9175,0.396,0.0625,-7.08,4.7,-0.06,79.74,-66.68,-11.98,27.7,,,,,,,,,,,,,,,,
EXO,85222207,,,,,,,,,,,,SAFE,-66.676,4.7,1.001,2.24,-0.073,-0.0,0.0,0.0,0.014,0.0,0.0,0.0,0.0,0.0,0.0
IMU,85263126.0,1,-0.0469,-0.9951,0.0674,5.25,2.62,-0.61,-85.03,3.04,119.62,26.2,,,,,,,,,,,,,,,,
IMU,85318497.0,2,0.9199,0.397,0.0537,-0.12,0.24,-0.37,78.8,-66.54,-11.38,27.8,,,,,,,,,,,,,,,,
EXO,85322293,,,,,,,,,,,,SAFE,-66.539,0.244,1.003,2.24,0.009,-0.0,0.0,0.0,-0.027,0.0,0.0,0.0,0.0,0.0,0.0
IMU,85363320.0,1,-0.0532,-0.9917,0.0791,-4.15,-2.81,0.18,-85.05,2.97,119.6,26.2,,,,,,,,,,,,,,,,
IMU,85418408.0,2,0.9141,0.3809,0.0811,8.24,-4.46,1.22,80.06,-66.63,-12.16,27.8,,,,,,,,,,,,,,,,
EXO,85422281,,,,,,,,,,,,SAFE,-66.627,-4.456,0.994,2.24,-0.138,-0.0,0.0,0.0,0.004,0.0,0.0,0.0,0.0,0.0,0.0
IMU,85463507.0,1,-0.061,-0.9902,0.084,-4.88,-8.67,2.5,-85.66,3.07,120.16,26.2,,,,,,,,,,,,,,,,
IMU,85518335.0,2,0.9155,0.3936,0.0684,5.13,2.56,1.1,80.82,-66.82,-12.19,27.8,,,,,,,,,,,,,,,,
EXO,85522196,,,,,,,,,,,,SAFE,-66.824,2.563,0.999,2.24,0.022,-0.0,0.0,0.0,-0.006,0.0,0.0,0.0,0.0,0.0,0.0
IMU,85563708.0,1,-0.0542,-0.9917,0.0913,3.48,-1.04,-0.24,-85.64,3.16,120.72,26.1,,,,,,,,,,,,,,,,
IMU,85618256.0,2,0.9048,0.3906,0.061,-0.37,3.17,-1.65,79.96,-66.7,-11.4,27.9,,,,,,,,,,,,,,,,
EXO,85622366,,,,,,,,,,,,SAFE,-66.698,3.174,0.987,2.24,0.003,-0.0,0.0,0.0,0.004,0.0,0.0,0.0,0.0,0.0,0.0
IMU,85663896.0,1,-0.063,-0.9858,0.0806,0.49,1.04,-1.4,-85.36,3.04,120.76,26.2,,,,,,,,,,,,,,,,
IMU,85718177.0,2,0.9214,0.3843,0.0771,1.28,-3.36,-2.81,80.12,-66.53,-11.68,27.7,,,,,,,,,,,,,,,,
EXO,85722274,,,,,,,,,,,,SAFE,-66.533,-3.357,1.001,2.24,0.126,-0.0,0.0,0.0,0.049,0.0,0.0,0.0,0.0,0.0,0.0
IMU,85764096.0,1,-0.063,-1.0044,0.0874,-5.13,0.12,-0.92,-85.64,2.85,120.68,26.3,,,,,,,,,,,,,,,,
IMU,85818106.0,2,0.9346,0.3892,0.0757,-0.18,-0.12,1.65,81.06,-66.57,-12.68,27.7,,,,,,,,,,,,,,,,
EXO,85822360,,,,,,,,,,,,SAFE,-66.566,-0.122,1.015,2.24,-0.042,-0.0,0.0,0.0,0.001,0.0,0.0,0.0,0.0,0.0,0.0
IMU,85864297.0,1,-0.0537,-1.0103,0.0771,4.76,1.71,2.2,-85.65,3.03,120.62,26.1,,,,,,,,,,,,,,,,
IMU,85918039.0,2,0.9214,0.3994,0.0518,-4.21,3.66,1.28,79.84,-66.71,-11.83,27.7,,,,,,,,,,,,,,,,
EXO,85922117,,,,,,,,,,,,SAFE,-66.709,3.662,1.006,2.24,-0.023,-0.0,0.0,0.0,-0.003,0.0,0.0,0.0,0.0,0.0,0.0
IMU,85964482.0,1,-0.0542,-0.9785,0.0806,2.08,1.77,0.43,-85.22,3.18,120.44,26.1,,,,,,,,,,,,,,,,
IMU,86017954.0,2,0.9043,0.3794,0.0571,-0.37,-4.15,0.37,79.61,-66.75,-11.81,27.7,,,,,,,,,,,,,,,,
EXO,86022190,,,,,,,,,,,,SAFE,-66.747,-4.15,0.982,2.24,-0.026,-0.0,0.0,0.0,0.004,0.0,0.0,0.0,0.0,0.0,0.0
IMU,86064685.0,1,-0.0596,-0.9834,0.0791,-3.6,1.16,-0.92,-85.46,3.18,120.24,26.3,,,,,,,,,,,,,,,,
IMU,86117883.0,2,0.915,0.3896,0.0586,1.1,-0.79,-0.61,80.48,-66.74,-12.71,27.7,,,,,,,,,,,,,,,,
EXO,86122370,,,,,,,,,,,,SAFE,-66.742,-0.793,0.996,2.24,0.017,-0.0,0.0,0.0,-0.002,0.0,0.0,0.0,0.0,0.0,0.0
IMU,86164861.0,1,-0.0508,-1.0029,0.0786,1.4,1.22,-0.92,-85.57,3.12,120.23,26.1,,,,,,,,,,,,,,,,
IMU,86217806.0,2,0.9229,0.396,0.0664,-0.92,-0.06,-1.65,80.33,-66.63,-12.72,27.6,,,,,,,,,,,,,,,,
EXO,86222378,,,,,,,,,,,,SAFE,-66.632,-0.061,1.006,2.24,0.002,-0.0,0.0,0.0,0.002,0.0,0.0,0.0,0.0,0.0,0.0
IMU,86265057.0,1,-0.0522,-1.0024,0.0864,-2.08,1.46,-0.24,-85.57,3.01,120.12,26.0,,,,,,,,,,,,,,,,
IMU,86317735.0,2,0.9204,0.3901,0.0713,-0.06,-1.89,0.67,80.76,-66.65,-13.31,27.8,,,,,,,,,,,,,,,,
EXO,86322376,,,,,,,,,,,,SAFE,-66.649,-1.892,1.002,2.24,0.058,-0.0,0.0,0.0,-0.003,0.0,0.0,0.0,0.0,0.0,0.0
IMU,86365249.0,1,-0.0518,-1.0117,0.0615,0.79,1.53,1.59,-85.69,3.1,120.01,26.2,,,,,,,,,,,,,,,,
IMU,86417651.0,2,0.9272,0.3936,0.0615,-2.93,0.55,0.12,80.45,-66.76,-13.26,27.7,,,,,,,,,,,,,,,,
EXO,86422108,,,,,,,,,,,,SAFE,-66.758,0.549,1.009,2.24,0.048,-0.0,0.0,0.0,-0.006,0.0,0.0,0.0,0.0,0.0,0.0
IMU,86465429.0,1,-0.0493,-0.9951,0.0732,-0.43,-1.04,1.4,-85.6,3.18,119.88,26.1,,,,,,,,,,,,,,,,
IMU,86517587.0,2,0.9106,0.3799,0.0645,0.98,0.43,4.15,80.41,-66.93,-13.17,27.7,,,,,,,,,,,,,,,,
EXO,86522183,,,,,,,,,,,,SAFE,-66.929,0.427,0.989,2.24,-0.076,-0.0,0.0,0.0,0.023,0.0,0.0,0.0,0.0,0.0,0.0
IMU,86565623.0,1,-0.0601,-0.9858,0.063,1.16,-0.55,1.95,-85.61,3.47,120.0,26.2,,,,,,,,,,,,,,,,
IMU,86617498.0,2,0.9077,0.3892,0.0615,-0.06,1.4,-1.34,80.08,-67.03,-12.82,27.7,,,,,,,,,,,,,,,,
EXO,86622276,,,,,,,,,,,,SAFE,-67.028,1.404,0.99,2.24,0.112,-0.0,0.0,0.0,0.012,0.0,0.0,0.0,0.0,0.0,0.0
IMU,86665799.0,1,-0.0513,-0.9897,0.084,-1.83,-0.37,-1.22,-85.55,3.38,120.06,26.3,,,,,,,,,,,,,,,,
IMU,86717416.0,2,0.9141,0.3843,0.0747,0.98,-2.69,-0.31,80.6,-66.93,-13.29,27.8,,,,,,,,,,,,,,,,
EXO,86722452,,,,,,,,,,,,SAFE,-66.934,-2.686,0.994,2.24,0.044,-0.0,0.0,0.0,-0.001,0.0,0.0,0.0,0.0,0.0,0.0
IMU,86765996.0,1,-0.0591,-0.998,0.0815,-0.55,-1.22,-1.1,-85.74,3.31,120.06,26.1,,,,,,,,,,,,,,,,
IMU,86817332.0,2,0.9116,0.3857,0.0581,-2.2,0.0,-1.22,80.73,-66.86,-13.45,27.8,,,,,,,,,,,,,,,,
EXO,86822445,,,,,,,,,,,,SAFE,-66.857,0.0,0.992,2.24,0.028,-0.0,0.0,0.0,0.056,0.0,0.0,0.0,0.0,0.0,0.0
IMU,86866192.0,1,-0.0513,-1.0088,0.0718,0.18,-0.31,-1.53,-85.71,3.21,119.98,26.2,,,,,,,,,,,,,,,,
IMU,86917258.0,2,0.9248,0.3906,0.0601,0.31,0.0,0.18,80.7,-66.77,-13.48,27.8,,,,,,,,,,,,,,,,
EXO,86922198,,,,,,,,,,,,SAFE,-66.769,0.0,1.006,2.24,-0.045,-0.0,0.0,0.0,-0.003,0.0,0.0,0.0,0.0,0.0,0.0
IMU,86966379.0,1,-0.0542,-1.0039,0.0713,-0.85,-1.1,0.49,-85.74,3.19,120.05,26.1,,,,,,,,,,,,,,,,
IMU,87017179.0,2,0.9189,0.3931,0.0747,1.22,-0.12,1.46,80.82,-66.84,-13.54,27.9,,,,,,,,,,,,,,,,
EXO,87022279,,,,,,,,,,,,SAFE,-66.841,-0.122,1.002,2.24,-0.001,-0.0,0.0,0.0,-0.016,0.0,0.0,0.0,0.0,0.0,0.0
IMU,87066570.0,1,-0.0571,-0.9966,0.0747,0.18,0.31,1.77,-85.78,3.31,120.13,26.1,,,,,,,,,,,,,,,,
IMU,87117106.0,2,0.9141,0.395,0.0688,-1.46,1.59,0.37,80.6,-66.95,-13.39,27.7,,,,,,,,,,,,,,,,
EXO,87122105,,,,,,,,,,,,SAFE,-66.951,1.587,0.998,2.24,-0.065,-0.0,0.0,0.0,-0.017,0.0,0.0,0.0,0.0,0.0,0.0
IMU,87166753.0,1,-0.0591,-0.9961,0.0874,0.18,2.01,1.1,-85.65,3.4,120.04,26.2,,,,,,,,,,,,,,,,
IMU,87217039.0,2,0.9131,0.3833,0.0625,-1.4,-1.77,1.16,80.49,-67.04,-13.47,27.5,,,,,,,,,,,,,,,,
EXO,87222198,,,,,,,,,,,,SAFE,-67.039,-1.77,0.992,2.24,-0.066,-0.0,0.0,0.0,-0.056,0.0,0.0,0.0,0.0,0.0,0.0
IMU,87266939.0,1,-0.0693,-0.9922,0.0801,-1.71,1.65,0.55,-85.75,3.51,119.84,26.1,,,,,,,,,,,,,,,,
IMU,87316966.0,2,0.9072,0.3765,0.0615,-0.85,-2.26,0.18,80.84,-67.12,-14.0,27.9,,,,,,,,,,,,,,,,
EXO,87322279,,,,,,,,,,,,SAFE,-67.121,-2.258,0.984,2.24,-0.03,-0.0,0.0,0.0,-0.012,0.0,0.0,0.0,0.0,0.0,0.0
IMU,87367137.0,1,-0.0649,-0.9951,0.0806,-1.77,2.69,1.34,-85.88,3.57,119.66,26.1,,,,,,,,,,,,,,,,
IMU,87416895.0,2,0.9082,0.3853,0.062,0.0,-1.04,0.98,81.14,-67.26,-14.52,27.7,,,,,,,,,,,,,,,,
EXO,87422193,,,,,,,,,,,,SAFE,-67.258,-1.038,0.988,2.24,-0.028,-0.0,0.0,0.0,-0.007,0.0,0.0,0.0,0.0,0.0,0.0
IMU,87467309.0,1,-0.0698,-0.9873,0.0679,0.79,2.44,0.12,-85.94,3.69,119.54,26.1,,,,,,,,,,,,,,,,
IMU,87516831.0,2,0.9082,0.3872,0.0557,-3.11,0.61,-1.22,80.91,-67.24,-14.56,27.7,,,,,,,,,,,,,,,,
EXO,87522187,,,,,,,,,,,,SAFE,-67.242,0.61,0.989,2.24,-0.003,-0.0,0.0,0.0,-0.015,0.0,0.0,0.0,0.0,0.0,0.0
IMU,87567499.0,1,-0.0571,-0.9907,0.0649,1.16,3.3,-0.49,-85.8,3.61,119.25,26.1,,,,,,,,,,,,,,,,
IMU,87616761.0,2,0.9243,0.3794,0.0537,-2.32,-1.4,-2.26,80.77,-67.13,-14.76,27.9,,,,,,,,,,,,,,,,
EXO,87622354,,,,,,,,,,,,SAFE,-67.132,-1.404,1.001,2.239,-0.143,-0.0,0.0,0.0,-0.023,0.0,0.0,0.0,0.0,0.0,0.0
IMU,87667688.0,1,-0.0664,-0.9985,0.0659,1.34,2.01,0.55,-85.79,3.5,118.98,26.2,,,,,,,,,,,,,,,,
IMU,87716679.0,2,0.9248,0.3892,0.0601,0.98,2.81,1.95,80.5,-67.17,-14.61,27.8,,,,,,,,,,,,,,,,
EXO,87722011,,,,,,,,,,,,SAFE,-67.17,2.808,1.005,2.24,-0.075,-0.0,0.0,0.0,0.008,0.0,0.0,0.0,0.0,0.0,0.0
IMU,87767878.0,1,-0.064,-1.0,0.0747,-1.95,-0.98,0.24,-85.73,3.65,119.1,26.3,,,,,,,,,,,,,,,,
IMU,87816606.0,2,0.9268,0.3799,0.0615,1.22,-3.6,0.12,80.96,-67.25,-14.89,27.6,,,,,,,,,,,,,,,,
EXO,87822265,,,,,,,,,,,,SAFE,-67.253,-3.601,1.003,2.24,-0.011,-0.0,0.0,0.0,0.004,0.0,0.0,0.0,0.0,0.0,0.0
IMU,87868085.0,1,-0.0664,-0.9941,0.0713,-1.16,0.12,1.89,-86.01,3.7,119.09,26.2,,,,,,,,,,,,,,,,
IMU,87916515.0,2,0.9131,0.3799,0.0649,0.24,1.4,1.65,81.18,-67.42,-15.11,27.6,,,,,,,,,,,,,,,,
EXO,87922116,,,,,,,,,,,,SAFE,-67.418,1.404,0.991,2.24,-0.12,-0.0,0.0,0.0,0.033,0.0,0.0,0.0,0.0,0.0,0.0
IMU,87968268.0,1,-0.064,-0.9868,0.0742,1.16,0.61,0.18,-85.93,3.84,119.12,26.0,,,,,,,,,,,,,,,,
IMU,88016424.0,2,0.9126,0.3828,0.0605,-0.24,0.0,-0.24,80.87,-67.42,-14.89,27.7,,,,,,,,,,,,,,,,
EXO,88022191,,,,,,,,,,,,SAFE,-67.423,0.0,0.991,2.24,0.115,-0.0,0.0,0.0,0.005,0.0,0.0,0.0,0.0,0.0,0.0
IMU,88068429.0,1,-0.0669,-0.9805,0.0742,-0.18,0.92,0.0,-85.9,3.82,119.08,26.0,,,,,,,,,,,,,,,,
IMU,88116346.0,2,0.9102,0.3789,0.0615,-1.1,-0.18,-0.61,80.94,-67.39,-15.03,27.9,,,,,,,,,,,,,,,,
EXO,88122360,,,,,,,,,,,,SAFE,-67.39,-0.183,0.988,2.24,-0.05,-0.0,0.0,0.0,-0.004,0.0,0.0,0.0,0.0,0.0,0.0
IMU,88168654.0,1,-0.0581,-0.9995,0.0581,2.32,2.08,-1.16,-85.83,3.75,118.94,26.1,,,,,,,,,,,,,,,,
IMU,88216267.0,2,0.9204,0.3936,0.061,1.16,2.62,-0.92,80.55,-67.25,-14.77,27.8,,,,,,,,,,,,,,,,
EXO,88222208,,,,,,,,,,,,SAFE,-67.253,2.625,1.003,2.24,-0.023,-0.0,0.0,0.0,-0.001,0.0,0.0,0.0,0.0,0.0,0.0
IMU,88268834.0,1,-0.0605,-0.9995,0.0693,0.18,0.67,2.26,-85.71,3.71,118.98,26.1,,,,,,,,,,,,,,,,
IMU,88316190.0,2,0.9214,0.3809,0.0679,0.12,0.06,2.01,80.46,-67.38,-14.6,27.6,,,,,,,,,,,,,,,,
EXO,88322016,,,,,,,,,,,,SAFE,-67.379,0.061,0.999,2.24,0.011,-0.0,0.0,0.0,-0.002,0.0,0.0,0.0,0.0,0.0,0.0
IMU,88369060.0,1,-0.0684,-0.9946,0.0908,-2.08,4.64,4.52,-85.78,3.98,118.88,26.1,,,,,,,,,,,,,,,,
IMU,88416108.0,2,0.9233,0.3887,0.0972,-0.43,-1.83,6.1,80.81,-67.86,-15.16,27.9,,,,,,,,,,,,,,,,
EXO,88422287,,,,,,,,,,,,SAFE,-67.863,-1.831,1.007,2.24,-0.107,-0.0,0.0,0.0,0.025,0.0,0.0,0.0,0.0,0.0,0.0
IMU,88469228.0,1,-0.0728,-1.0078,0.0845,0.79,-5.55,0.55,-85.86,4.38,118.99,26.2,,,,,,,,,,,,,,,,
IMU,88516024.0,2,0.9346,0.395,0.0679,-1.4,2.01,0.06,80.35,-67.93,-14.46,27.6,,,,,,,,,,,,,,,,
EXO,88522187,,,,,,,,,,,,SAFE,-67.928,2.014,1.017,2.24,-0.033,-0.0,0.0,0.0,-0.004,0.0,0.0,0.0,0.0,0.0,0.0
IMU,88569481.0,1,-0.0679,-1.0044,0.0854,1.34,-0.73,2.5,-85.64,4.41,119.12,26.2,,,,,,,,,,,,,,,,
IMU,88615921.0,2,0.9316,0.3643,0.0625,-3.78,-0.55,2.69,79.83,-68.04,-13.99,27.7,,,,,,,,,,,,,,,,
EXO,88622262,,,,,,,,,,,,SAFE,-68.044,-0.549,1.002,2.24,0.009,-0.0,0.0,0.0,-0.003,0.0,0.0,0.0,0.0,0.0,0.0
IMU,88669654.0,1,-0.0889,-0.9863,0.0771,4.33,1.53,2.93,-85.45,4.65,118.92,26.2,,,,,,,,,,,,,,,,
IMU,88715840.0,2,0.9209,0.3428,0.0659,-7.51,4.27,3.54,78.59,-68.26,-13.16,27.7,,,,,,,,,,,,,,,,
EXO,88722103,,,,,,,,,,,,SAFE,-68.264,4.272,0.985,2.24,-0.017,-0.0,0.0,0.0,-0.008,0.0,0.0,0.0,0.0,0.0,0.0
IMU,88769818.0,1,-0.0947,-0.9785,0.0942,4.33,0.61,0.37,-84.86,4.91,118.66,26.1,,,,,,,,,,,,,,,,
IMU,88815760.0,2,0.917,0.3398,0.0625,-4.82,-4.76,1.71,77.63,-68.36,-12.6,27.8,,,,,,,,,,,,,,,,
EXO,88822177,,,,,,,,,,,,SAFE,-68.362,-4.761,0.98,2.24,0.053,-0.0,0.0,0.0,-0.015,0.0,0.0,0.0,0.0,0.0,0.0
IMU,88870021.0,1,-0.0957,-0.9897,0.0762,-1.22,2.38,-0.18,-84.95,5.08,118.24,26.1,,,,,,,,,,,,,,,,
IMU,88915678.0,2,0.9321,0.3384,0.0635,-6.16,-0.12,0.67,77.89,-68.51,-13.24,27.8,,,,,,,,,,,,,,,,
EXO,88922374,,,,,,,,,,,,SAFE,-68.505,-0.122,0.994,2.24,0.088,-0.0,0.0,0.0,0.011,0.0,0.0,0.0,0.0,0.0,0.0
IMU,88970209.0,1,-0.0698,-1.0166,0.0854,9.64,2.87,9.58,-84.61,5.34,117.84,26.2,,,,,,,,,,,,,,,,
IMU,89015602.0,2,0.9326,0.3047,0.1411,-7.87,17.03,21.91,74.76,-69.35,-10.65,27.7,,,,,,,,,,,,,,,,
EXO,89022288,,,,,,,,,,,,SAFE,-69.346,17.029,0.991,2.24,0.068,-0.0,0.0,0.0,-0.006,0.0,0.0,0.0,0.0,0.0,0.0
IMU,89070408.0,1,-0.1523,-0.9546,0.1172,16.05,-14.89,8.79,-83.0,6.97,118.6,26.2,,,,,,,,,,,,,,,,
IMU,89115512.0,2,0.9355,0.3384,0.0688,-4.52,9.83,2.5,69.18,-69.76,-4.53,27.6,,,,,,,,,,,,,,,,
EXO,89122292,,,,,,,,,,,,SAFE,-69.763,9.827,0.997,2.24,-0.023,-0.0,0.0,0.0,0.027,0.0,0.0,0.0,0.0,0.0,0.0
IMU,89170608.0,1,-0.1006,-0.978,0.1436,-3.91,-3.72,-2.87,-82.23,7.12,119.06,26.2,,,,,,,,,,,,,,,,
IMU,89215429.0,2,0.9355,0.3374,0.0879,5.8,-16.17,-6.59,70.49,-69.59,-5.33,27.8,,,,,,,,,,,,,,,,
EXO,89222471,,,,,,,,,,,,SAFE,-69.593,-16.174,0.998,2.24,0.053,-0.0,0.0,0.0,-0.005,0.0,0.0,0.0,0.0,0.0,0.0
IMU,89270798.0,1,-0.1152,-0.98,0.127,-14.71,6.53,-8.73,-83.63,6.47,118.64,26.3,,,,,,,,,,,,,,,,
IMU,89315361.0,2,0.9404,0.3296,0.1299,0.92,-7.81,-8.67,75.15,-69.27,-10.13,27.8,,,,,,,,,,,,,,,,
EXO,89322458,,,,,,,,,,,,SAFE,-69.269,-7.812,1.005,2.24,-0.021,-0.0,0.0,0.0,0.029,0.0,0.0,0.0,0.0,0.0,0.0
IMU,89370997.0,1,-0.1108,-1.0107,0.0967,-1.46,8.79,-6.23,-84.36,5.74,118.05,26.2,,,,,,,,,,,,,,,,
IMU,89415286.0,2,0.9463,0.3589,0.0806,-9.7,-2.75,-4.52,76.1,-68.79,-12.0,27.8,,,,,,,,,,,,,,,,
EXO,89422462,,,,,,,,,,,,SAFE,-68.791,-2.747,1.015,2.24,0.03,-0.0,0.0,0.0,-0.052,0.0,0.0,0.0,0.0,0.0,0.0
IMU,89471171.0,1,-0.0928,-1.0039,0.0928,0.37,8.24,0.61,-84.34,5.5,117.08,26.1,,,,,,,,,,,,,,,,
IMU,89515203.0,2,0.9399,0.3335,0.1108,0.18,-2.14,5.0,76.16,-68.94,-12.82,27.8,,,,,,,,,,,,,,,,
EXO,89522116,,,,,,,,,,,,SAFE,-68.939,-2.136,1.003,2.24,-0.131,-0.0,0.0,0.0,0.0,0.0,0.0,0.0,0.0,0.0,0.0
IMU,89571360.0,1,-0.1411,-0.9971,0.1064,-5.86,1.04,-1.1,-84.64,5.82,116.91,26.3,,,,,,,,,,,,,,,,
IMU,89615141.0,2,0.9448,0.3452,0.0757,-3.05,-6.47,-4.33,77.4,-69.07,-14.14,27.9,,,,,,,,,,,,,,,,
EXO,89622460,,,,,,,,,,,,SAFE,-69.066,-6.47,1.009,2.24,0.068,-0.0,0.0,0.0,-0.001,0.0,0.0,0.0,0.0,0.0,0.0
IMU,89671542.0,1,-0.0928,-0.9766,0.082,4.09,6.41,-0.37,-84.89,5.64,116.33,26.4,,,,,,,,,,,,,,,,
IMU,89715072.0,2,0.8911,0.3423,0.0972,-4.03,4.58,2.93,76.81,-69.04,-14.28,27.7,,,,,,,,,,,,,,,,
EXO,89722191,,,,,,,,,,,,SAFE,-69.038,4.578,0.96,2.24,0.006,-0.0,0.0,0.0,-0.037,0.0,0.0,0.0,0.0,0.0,0.0
IMU,89771734.0,1,-0.1025,-0.9624,0.0947,-0.85,1.22,-0.49,-84.53,5.84,116.24,26.2,,,,,,,,,,,,,,,,
IMU,89814992.0,2,0.9429,0.354,0.0449,-8.97,-11.05,-5.74,76.93,-69.02,-14.66,27.8,,,,,,,,,,,,,,,,
EXO,89822531,,,,,,,,,,,,SAFE,-69.016,-11.047,1.008,2.24,-0.065,-0.0,0.0,0.0,-0.006,0.0,0.0,0.0,0.0,0.0,0.0
IMU,89871934.0,1,-0.0933,-0.9941,0.0854,-5.74,-0.55,-8.18,-85.07,5.31,115.43,26.1,,,,,,,,,,,,,,,,
IMU,89914910.0,2,0.9292,0.334,0.0576,1.22,-5.19,-2.62,79.01,-68.53,-16.97,27.6,,,,,,,,,,,,,,,,
EXO,89922467,,,,,,,,,,,,SAFE,-68.527,-5.188,0.989,2.24,-0.072,-0.0,0.0,0.0,0.009,0.0,0.0,0.0,0.0,0.0,0.0
IMU,89972112.0,1,-0.0947,-1.0098,0.0728,1.46,1.59,0.43,-85.4,5.1,115.27,26.2,,,,,,,,,,,,,,,,
IMU,90014838.0,2,0.9365,0.3613,0.0835,-0.49,5.13,1.65,78.71,-68.58,-16.95,27.7,,,,,,,,,,,,,,,,
EXO,90022110,,,,,,,,,,,,SAFE,-68.582,5.127,1.007,2.24,-0.005,-0.0,0.0,0.0,0.003,0.0,0.0,0.0,0.0,0.0,0.0
IMU,90072305.0,1,-0.083,-1.0,0.085,0.61,1.16,0.24,-85.09,5.23,115.38,26.2,,,,,,,,,,,,,,,,
IMU,90114739.0,2,0.9414,0.3755,0.0859,-1.34,-1.53,0.0,78.24,-68.63,-16.57,27.8,,,,,,,,,,,,,,,,
EXO,90122177,,,,,,,,,,,,SAFE,-68.632,-1.526,1.017,2.24,-0.064,-0.0,0.0,0.0,-0.003,0.0,0.0,0.0,0.0,0.0,0.0
IMU,90172501.0,1,-0.0679,-0.998,0.0903,-3.72,-1.89,1.59,-85.24,5.24,115.39,26.1,,,,,,,,,,,,,,,,
IMU,90214700.0,2,0.9404,0.3584,0.0703,-0.55,-4.76,2.01,79.01,-68.76,-17.13,27.7,,,,,,,,,,,,,,,,
EXO,90222386,,,,,,,,,,,,SAFE,-68.758,-4.761,1.009,2.24,-0.018,-0.0,0.0,0.0,-0.015,0.0,0.0,0.0,0.0,0.0,0.0
IMU,90272703.0,1,-0.1138,-0.9697,0.0967,2.75,-3.3,-3.42,-85.36,5.25,115.39,26.2,,,,,,,,,,,,,,,,
IMU,90314635.0,2,0.9209,0.3384,0.0601,-2.2,-0.98,-4.33,78.73,-68.49,-16.88,27.8,,,,,,,,,,,,,,,,
EXO,90322442,,,,,,,,,,,,SAFE,-68.489,-0.977,0.983,2.24,0.119,-0.0,0.0,0.0,-0.015,0.0,0.0,0.0,0.0,0.0,0.0
IMU,90372900.0,1,-0.0835,-1.0049,0.0913,-0.61,0.37,0.85,-85.3,5.01,115.22,26.1,,,,,,,,,,,,,,,,
IMU,90414556.0,2,0.9375,0.373,0.0649,3.48,2.38,1.34,78.8,-68.48,-17.12,27.9,,,,,,,,,,,,,,,,
EXO,90422116,,,,,,,,,,,,SAFE,-68.483,2.38,1.011,2.24,0.064,-0.0,0.0,0.0,-0.003,0.0,0.0,0.0,0.0,0.0,0.0
IMU,90473095.0,1,-0.0859,-1.0093,0.0708,3.11,2.99,1.28,-85.18,5.13,115.35,26.2,,,,,,,,,,,,,,,,
IMU,90514474.0,2,0.9395,0.3643,0.0864,-2.38,3.66,-1.59,78.06,-68.52,-16.55,27.8,,,,,,,,,,,,,,,,
EXO,90522203,,,,,,,,,,,,SAFE,-68.516,3.662,1.011,2.24,-0.1,-0.0,0.0,0.0,0.011,0.0,0.0,0.0,0.0,0.0,0.0
IMU,90573288.0,1,-0.0874,-0.9824,0.0977,-2.87,3.05,-2.2,-85.04,4.96,115.22,26.3,,,,,,,,,,,,,,,,
IMU,90614396.0,2,0.9072,0.3545,0.0952,-0.61,-5.19,1.1,78.67,-68.38,-17.23,27.7,,,,,,,,,,,,,,,,
EXO,90622361,,,,,,,,,,,,SAFE,-68.384,-5.188,0.979,2.24,0.091,-0.0,0.0,0.0,0.001,0.0,0.0,0.0,0.0,0.0,0.0
IMU,90673467.0,1,-0.083,-0.9858,0.082,-0.67,-5.74,1.16,-85.3,5.03,115.26,26.2,,,,,,,,,,,,,,,,
IMU,90714322.0,2,0.9277,0.3735,0.0459,0.18,-0.24,-0.12,78.77,-68.47,-17.03,27.6,,,,,,,,,,,,,,,,
EXO,90722367,,,,,,,,,,,,SAFE,-68.472,-0.244,1.001,2.24,0.056,-0.0,0.0,0.0,0.008,0.0,0.0,0.0,0.0,0.0,0.0
IMU,90773667.0,1,-0.0811,-1.0015,0.0747,-1.95,-1.1,-2.93,-85.39,4.94,115.31,26.1,,,,,,,,,,,,,,,,
IMU,90814245.0,2,0.9517,0.3555,0.0703,2.26,-1.53,-4.52,79.4,-68.24,-17.57,27.8,,,,,,,,,,,,,,,,
EXO,90822453,,,,,,,,,,,,SAFE,-68.236,-1.526,1.018,2.24,-0.076,-0.0,0.0,0.0,-0.017,0.0,0.0,0.0,0.0,0.0,0.0
IMU,90873851.0,1,-0.0854,-1.0,0.083,-2.26,1.59,-2.81,-85.64,4.53,115.29,26.2,,,,,,,,,,,,,,,,
IMU,90914163.0,2,0.9243,0.3657,0.0811,0.18,1.89,1.59,80.02,-68.03,-18.27,27.7,,,,,,,,,,,,,,,,
EXO,90922195,,,,,,,,,,,,SAFE,-68.033,1.892,0.997,2.24,0.013,-0.0,0.0,0.0,0.0,0.0,0.0,0.0,0.0,0.0,0.0
IMU,90974030.0,1,-0.0811,-1.0015,0.0654,4.33,1.22,2.38,-85.45,4.68,115.36,26.2,,,,,,,,,,,,,,,,
IMU,91014085.0,2,0.9277,0.3789,0.0537,-4.82,0.92,-0.49,78.92,-68.17,-17.35,27.7,,,,,,,,,,,,,,,,
EXO,91022181,,,,,,,,,,,,SAFE,-68.17,0.916,1.004,2.24,0.032,-0.0,0.0,0.0,0.01,0.0,0.0,0.0,0.0,0.0,0.0
IMU,91074221.0,1,-0.0811,-0.9897,0.0776,-5.55,2.81,-3.85,-85.46,4.56,115.08,26.1,,,,,,,,,,,,,,,,
IMU,91114007.0,2,0.9185,0.3555,0.0825,1.89,-5.49,-1.71,80.21,-67.98,-18.67,27.7,,,,,,,,,,,,,,,,
EXO,91122348,,,,,,,,,,,,SAFE,-67.983,-5.493,0.988,2.24,0.007,-0.0,0.0,0.0,-0.017,0.0,0.0,0.0,0.0,0.0,0.0
IMU,91174390.0,1,-0.0737,-0.9927,0.0713,0.0,-2.01,2.99,-85.84,4.51,115.12,26.1,,,,,,,,,,,,,,,,
IMU,91213927.0,2,0.9434,0.3877,0.0513,-2.01,1.28,2.5,80.25,-68.16,-18.56,27.8,,,,,,,,,,,,,,,,
EXO,91222195,,,,,,,,,,,,SAFE,-68.159,1.282,1.021,2.24,-0.12,-0.0,0.0,0.0,0.041,0.0,0.0,0.0,0.0,0.0,0.0
IMU,91274589.0,1,-0.083,-0.9976,0.082,-1.4,-1.46,-4.52,-85.74,4.52,115.19,26.0,,,,,,,,,,,,,,,,
IMU,91313842.0,2,0.9282,0.3613,0.0605,0.18,-6.1,-3.97,80.66,-67.88,-18.87,27.6,,,,,,,,,,,,,,,,
EXO,91322444,,,,,,,,,,,,SAFE,-67.885,-6.104,0.998,2.24,-0.111,-0.0,0.0,0.0,0.037,0.0,0.0,0.0,0.0,0.0,0.0
IMU,91374772.0,1,-0.0757,-1.0,0.0698,-1.59,-3.23,2.69,-86.14,4.32,115.13,26.2,,,,,,,,,,,,,,,,
IMU,91413767.0,2,0.9292,0.3672,0.0537,0.06,5.43,4.33,81.02,-68.04,-19.12,27.9,,,,,,,,,,,,,,,,
EXO,91422205,,,,,,,,,,,,SAFE,-68.038,5.432,1.001,2.24,-0.013,-0.0,0.0,0.0,-0.002,0.0,0.0,0.0,0.0,0.0,0.0
IMU,91474965.0,1,-0.0723,-0.9927,0.0654,6.1,0.85,0.55,-85.66,4.61,115.28,26.1,,,,,,,,,,,,,,,,
IMU,91513676.0,2,0.9199,0.377,0.0503,0.12,0.37,-2.38,79.52,-68.04,-17.78,27.6,,,,,,,,,,,,,,,,
EXO,91522096,,,,,,,,,,,,SAFE,-68.044,0.366,0.995,2.24,-0.048,-0.0,0.0,0.0,0.006,0.0,0.0,0.0,0.0,0.0,0.0
IMU,91575150.0,1,-0.082,-0.9897,0.0728,-5.98,5.19,-2.93,-85.8,4.38,115.05,26.4,,,,,,,,,,,,,,,,
IMU,91613609.0,2,0.9082,0.3618,0.0815,2.87,-2.93,-1.28,81.02,-67.87,-19.37,27.7,,,,,,,,,,,,,,,,
EXO,91622372,,,,,,,,,,,,SAFE,-67.874,-2.93,0.981,2.24,-0.048,-0.0,0.0,0.0,-0.04,0.0,0.0,0.0,0.0,0.0,0.0
IMU,91675334.0,1,-0.0801,-1.0068,0.0698,1.46,-0.85,2.75,-86.02,4.39,115.11,26.0,,,,,,,,,,,,,,,,
IMU,91713509.0,2,0.9448,0.3823,0.0571,0.43,3.78,0.43,80.69,-68.02,-18.91,27.7,,,,,,,,,,,,,,,,
EXO,91722117,,,,,,,,,,,,SAFE,-68.016,3.784,1.021,2.24,0.015,-0.0,0.0,0.0,0.008,0.0,0.0,0.0,0.0,0.0,0.0
IMU,91775531.0,1,-0.0693,-1.0073,0.0815,-2.08,0.12,-1.22,-85.89,4.38,115.31,26.2,,,,,,,,,,,,,,,,
IMU,91813418.0,2,0.9219,0.3735,0.0576,-1.04,-5.68,-0.18,81.01,-67.93,-19.09,27.7,,,,,,,,,,,,,,,,
EXO,91822458,,,,,,,,,,,,SAFE,-67.934,-5.676,0.996,2.24,-0.089,-0.0,0.0,0.0,-0.034,0.0,0.0,0.0,0.0,0.0,0.0
IMU,91875730.0,1,-0.0771,-0.9858,0.0664,2.38,-4.46,1.89,-86.09,4.4,115.28,26.2,,,,,,,,,,,,,,,,
IMU,91913334.0,2,0.9126,0.3628,0.0479,-1.95,5.37,2.81,80.61,-68.04,-18.55,27.8,,,,,,,,,,,,,,,,
EXO,91922188,,,,,,,,,,,,SAFE,-68.038,5.371,0.983,2.24,-0.12,-0.0,0.0,0.0,0.0,0.0,0.0,0.0,0.0,0.0,0.0
IMU,91975904.0,1,-0.0718,-0.9956,0.0806,1.71,-2.01,0.18,-85.64,4.58,115.47,26.3,,,,,,,,,,,,,,,,
IMU,92013247.0,2,0.9233,0.3711,0.0493,1.28,-3.72,-1.28,79.95,-68.05,-17.79,27.9,,,,,,,,,,,,,,,,
EXO,92022273,,,,,,,,,,,,SAFE,-68.049,-3.723,0.996,2.24,0.092,-0.0,0.0,0.0,-0.008,0.0,0.0,0.0,0.0,0.0,0.0
IMU,92076057.0,1,-0.0732,-1.0068,0.0713,-6.53,1.22,0.0,-86.11,4.48,115.38,26.3,,,,,,,,,,,,,,,,
IMU,92113166.0,2,0.9277,0.3677,0.0698,0.98,-1.22,2.69,81.54,-68.13,-19.32,27.9,,,,,,,,,,,,,,,,
EXO,92122171,,,,,,,,,,,,SAFE,-68.132,-1.221,1.0,2.24,0.088,-0.0,0.0,0.0,0.011,0.0,0.0,0.0,0.0,0.0,0.0
IMU,92176290.0,1,-0.0767,-0.9966,0.0718,3.23,0.43,3.42,-86.12,4.74,115.39,26.2,,,,,,,,,,,,,,,,
IMU,92213084.0,2,0.9209,0.3755,0.0547,-1.89,2.2,1.22,80.67,-68.38,-18.59,27.8,,,,,,,,,,,,,,,,
EXO,92222110,,,,,,,,,,,,SAFE,-68.384,2.197,0.996,2.24,-0.014,-0.0,0.0,0.0,-0.026,0.0,0.0,0.0,0.0,0.0,0.0
IMU,92276476.0,1,-0.0884,-0.9917,0.0742,-2.5,2.14,-1.77,-86.0,4.78,115.32,26.2,,,,,,,,,,,,,,,,
IMU,92312989.0,2,0.9194,0.3525,0.0693,-0.85,-5.62,-0.79,81.11,-68.31,-19.12,27.9,,,,,,,,,,,,,,,,
EXO,92322449,,,,,,,,,,,,SAFE,-68.313,-5.615,0.987,2.24,-0.013,-0.0,0.0,0.0,0.001,0.0,0.0,0.0,0.0,0.0,0.0
IMU,92376678.0,1,-0.0894,-0.9893,0.0781,-1.1,-2.69,3.42,-86.28,4.82,115.24,26.2,,,,,,,,,,,,,,,,
IMU,92412917.0,2,0.939,0.3569,0.0649,1.1,1.89,3.54,81.34,-68.55,-19.28,27.9,,,,,,,,,,,,,,,,
EXO,92422188,,,,,,,,,,,,SAFE,-68.555,1.892,1.007,2.24,0.182,-0.0,0.0,0.0,0.001,0.0,0.0,0.0,0.0,0.0,0.0
IMU,92476851.0,1,-0.084,-0.999,0.0811,1.1,-1.22,-0.43,-86.15,5.04,115.41,26.1,,,,,,,,,,,,,,,,
IMU,92512830.0,2,0.9365,0.3652,0.0522,-0.61,-1.95,-0.85,80.93,-68.58,-18.9,27.8,,,,,,,,,,,,,,,,
EXO,92522464,,,,,,,,,,,,SAFE,-68.582,-1.953,1.007,2.24,0.04,-0.0,0.0,0.0,0.017,0.0,0.0,0.0,0.0,0.0,0.0
IMU,92577041.0,1,-0.0854,-0.9888,0.0645,-0.18,2.93,0.67,-86.21,5.02,115.19,26.1,,,,,,,,,,,,,,,,
IMU,92612763.0,2,0.936,0.3506,0.0576,-2.62,1.34,1.34,81.05,-68.65,-19.34,27.8,,,,,,,,,,,,,,,,
EXO,92622186,,,,,,,,,,,,SAFE,-68.648,1.343,1.001,2.24,0.049,-0.0,0.0,0.0,-0.0,0.0,0.0,0.0,0.0,0.0,0.0
IMU,92677226.0,1,-0.0947,-0.9937,0.0591,4.64,2.14,0.06,-85.91,5.14,114.97,26.1,,,,,,,,,,,,,,,,
IMU,92712679.0,2,0.939,0.3574,0.0474,-2.5,1.65,-1.89,79.93,-68.63,-18.54,27.9,,,,,,,,,,,,,,,,
EXO,92722206,,,,,,,,,,,,SAFE,-68.632,1.648,1.006,2.24,0.12,-0.0,0.0,0.0,-0.101,0.0,0.0,0.0,0.0,0.0,0.0
IMU,92777412.0,1,-0.0825,-1.0,0.0527,-2.75,2.38,0.49,-85.89,5.02,114.75,26.2,,,,,,,,,,,,,,,,
IMU,92812607.0,2,0.9312,0.355,0.064,2.38,0.0,3.72,80.5,-68.66,-19.14,27.8,,,,,,,,,,,,,,,,
EXO,92822117,,,,,,,,,,,,SAFE,-68.665,0.0,0.999,2.24,-0.018,-0.0,0.0,0.0,0.006,0.0,0.0,0.0,0.0,0.0,0.0
IMU,92877609.0,1,-0.0889,-0.9893,0.0586,3.05,-0.73,3.05,-85.92,5.33,114.89,26.1,,,,,,,,,,,,,,,,
IMU,92912518.0,2,0.9209,0.3647,0.0605,1.1,4.7,0.85,79.79,-68.91,-18.24,27.8,,,,,,,,,,,,,,,,
EXO,92922092,,,,,,,,,,,,SAFE,-68.912,4.7,0.992,2.24,0.159,-0.0,0.0,0.0,0.007,0.0,0.0,0.0,0.0,0.0,0.0
IMU,92977786.0,1,-0.0874,-0.9868,0.083,-2.69,1.28,-0.06,-85.81,5.36,115.08,26.2,,,,,,,,,,,,,,,,
IMU,93012434.0,2,0.9292,0.3545,0.0703,-0.06,-3.97,-0.43,80.19,-68.9,-18.46,27.7,,,,,,,,,,,,,,,,
EXO,93022457,,,,,,,,,,,,SAFE,-68.901,-3.967,0.997,2.24,-0.034,-0.0,0.0,0.0,0.008,0.0,0.0,0.0,0.0,0.0,0.0
IMU,93077972.0,1,-0.0889,-0.9961,0.0752,-0.31,-3.36,-0.79,-86.02,5.28,115.14,26.3,,,,,,,,,,,,,,,,
IMU,93112341.0,2,0.9346,0.3613,0.0527,-0.67,0.98,-0.12,80.41,-68.82,-18.48,27.6,,,,,,,,,,,,,,,,
EXO,93122435,,,,,,,,,,,,SAFE,-68.824,0.977,1.003,2.24,0.038,-0.0,0.0,0.0,-0.005,0.0,0.0,0.0,0.0,0.0,0.0
IMU,93178166.0,1,-0.0957,-1.0,0.0752,0.55,0.18,-2.56,-85.92,5.21,115.15,26.3,,,,,,,,,,,,,,,,
IMU,93212253.0,2,0.938,0.3521,0.0591,0.73,-2.01,-3.42,80.35,-68.65,-18.49,27.6,,,,,,,,,,,,,,,,
EXO,93222280,,,,,,,,,,,,SAFE,-68.648,-2.014,1.004,2.24,-0.097,-0.0,0.0,0.0,-0.0,0.0,0.0,0.0,0.0,0.0,0.0
IMU,93278351.0,1,-0.0879,-0.9932,0.0708,-0.24,-0.06,1.59,-86.03,5.07,115.04,26.2,,,,,,,,,,,,,,,,
IMU,93312174.0,2,0.9316,0.356,0.0659,1.22,3.48,1.95,80.45,-68.69,-18.63,27.9,,,,,,,,,,,,,,,,
EXO,93322175,,,,,,,,,,,,SAFE,-68.692,3.479,1.0,2.24,-0.006,-0.0,0.0,0.0,0.022,0.0,0.0,0.0,0.0,0.0,0.0
IMU,93378557.0,1,-0.0815,-0.9854,0.0664,3.6,2.08,-0.85,-85.78,5.16,115.1,26.1,,,,,,,,,,,,,,,,
IMU,93412097.0,2,0.917,0.3633,0.0669,-1.04,2.99,-2.32,79.59,-68.62,-17.89,27.7,,,,,,,,,,,,,,,,
EXO,93422288,,,,,,,,,,,,SAFE,-68.615,2.991,0.989,2.24,-0.017,-0.0,0.0,0.0,-0.01,0.0,0.0,0.0,0.0,0.0,0.0
IMU,93478717.0,1,-0.0884,-0.999,0.0767,-3.36,4.39,-3.54,-85.75,4.9,114.95,26.2,,,,,,,,,,,,,,,,
IMU,93512006.0,2,0.9355,0.3594,0.082,0.55,-4.88,-2.62,80.42,-68.36,-18.83,27.7,,,,,,,,,,,,,,,,
EXO,93522374,,,,,,,,,,,,SAFE,-68.357,-4.883,1.006,2.24,-0.179,-0.0,0.0,0.0,-0.017,0.0,0.0,0.0,0.0,0.0,0.0
IMU,93578879.0,1,-0.0796,-1.0039,0.0791,-10.01,0.98,3.36,-86.37,4.82,114.83,26.1,,,,,,,,,,,,,,,,
IMU,93611919.0,2,0.9429,0.3584,0.0752,4.64,-11.47,3.97,82.6,-68.63,-20.87,27.8,,,,,,,,,,,,,,,,
EXO,93622370,,,,,,,,,,,,SAFE,-68.626,-11.475,1.011,2.24,0.046,-0.0,0.0,0.0,-0.004,0.0,0.0,0.0,0.0,0.0,0.0
IMU,93679071.0,1,-0.1016,-0.9824,0.0737,-5.37,-0.92,-0.85,-87.32,5.0,114.87,26.1,,,,,,,,,,,,,,,,
IMU,93711842.0,2,0.9258,0.3511,0.0786,-2.08,2.2,-0.31,84.27,-68.74,-22.53,27.9,,,,,,,,,,,,,,,,
EXO,93722462,,,,,,,,,,,,SAFE,-68.741,2.197,0.993,2.24,-0.032,-0.0,0.0,0.0,0.013,0.0,0.0,0.0,0.0,0.0,0.0
IMU,93779258.0,1,-0.0703,-0.9956,0.0625,10.74,2.69,0.92,-86.65,5.02,114.9,26.2,,,,,,,,,,,,,,,,
IMU,93811762.0,2,0.9395,0.3809,0.0249,-9.46,2.44,1.4,81.41,-68.69,-20.31,27.7,,,,,,,,,,,,,,,,
EXO,93822189,,,,,,,,,,,,SAFE,-68.687,2.441,1.014,2.24,0.092,-0.0,0.0,0.0,-0.009,0.0,0.0,0.0,0.0,0.0,0.0
IMU,93879499.0,1,-0.083,-1.0107,0.0454,-4.58,1.46,1.34,-86.42,5.14,114.48,26.2,,,,,,,,,,,,,,,,
IMU,93911686.0,2,0.9404,0.3594,0.0142,-0.79,-5.98,4.21,82.0,-68.87,-21.03,27.8,,,,,,,,,,,,,,,,
EXO,93922273,,,,,,,,,,,,SAFE,-68.873,-5.981,1.007,2.24,-0.045,-0.0,0.0,0.0,-0.0,0.0,0.0,0.0,0.0,0.0,0.0
IMU,93979660.0,1,-0.0918,-0.9873,0.0215,-2.26,6.84,5.49,-86.94,5.57,113.92,26.2,,,,,,,,,,,,,,,,
IMU,94011612.0,2,0.9268,0.354,0.0259,-1.89,-1.83,5.0,82.99,-69.45,-22.4,27.8,,,,,,,,,,,,,,,,
EXO,94022278,,,,,,,,,,,,SAFE,-69.45,-1.831,0.992,2.24,-0.019,-0.0,0.0,0.0,-0.012,0.0,0.0,0.0,0.0,0.0,0.0
IMU,94079781.0,1,-0.1147,-0.9619,0.0483,-4.15,2.87,0.79,-87.25,5.93,113.59,26.1,,,,,,,,,,,,,,,,
IMU,94111504.0,2,0.9155,0.3335,0.0439,4.64,-6.41,-1.59,84.11,-69.66,-23.49,27.6,,,,,,,,,,,,,,,,
EXO,94122275,,,,,,,,,,,,SAFE,-69.664,-6.409,0.975,2.24,-0.076,-0.0,0.0,0.0,-0.004,0.0,0.0,0.0,0.0,0.0,0.0
IMU,94179960.0,1,-0.1001,-0.9893,0.0591,-8.97,-6.77,-0.43,-87.99,5.81,113.88,26.1,,,,,,,,,,,,,,,,
IMU,94211418.0,2,0.9297,0.3413,0.0322,9.58,-3.85,1.28,86.36,-69.65,-25.05,27.8,,,,,,,,,,,,,,,,
EXO,94222366,,,,,,,,,,,,SAFE,-69.648,-3.845,0.991,2.24,0.065,-0.0,0.0,0.0,0.002,0.0,0.0,0.0,0.0,0.0,0.0
IMU,94280147.0,1,-0.0942,-1.0103,0.0361,-3.48,-1.22,0.55,-88.54,5.9,114.35,26.2,,,,,,,,,,,,,,,,
IMU,94311345.0,2,0.9526,0.3467,0.0049,-4.09,-3.36,0.24,87.33,-69.75,-25.85,27.6,,,,,,,,,,,,,,,,
EXO,94322355,,,,,,,,,,,,SAFE,-69.752,-3.357,1.014,2.24,-0.048,-0.0,0.0,0.0,0.014,0.0,0.0,0.0,0.0,0.0,0.0
IMU,94380339.0,1,-0.1094,-1.0107,0.0029,0.85,19.35,-4.15,-88.64,5.85,113.16,26.2,,,,,,,,,,,,,,,,
IMU,94411265.0,2,0.9302,0.3286,0.0249,-6.9,-4.64,-4.03,87.87,-69.52,-28.07,27.7,,,,,,,,,,,,,,,,
EXO,94422482,,,,,,,,,,,,SAFE,-69.521,-4.639,0.987,2.24,0.104,-0.0,0.0,0.0,-0.002,0.0,0.0,0.0,0.0,0.0,0.0
IMU,94480535.0,1,-0.1211,-0.9897,0.0059,-3.91,2.56,9.4,-88.9,5.99,112.66,26.2,,,,,,,,,,,,,,,,
IMU,94511180.0,2,0.9487,0.355,-0.0024,-3.17,-7.08,8.54,88.81,-70.13,-29.26,27.7,,,,,,,,,,,,,,,,
EXO,94522365,,,,,,,,,,,,SAFE,-70.131,-7.08,1.013,2.24,-0.01,-0.0,0.0,0.0,0.002,0.0,0.0,0.0,0.0,0.0,0.0
IMU,94580719.0,1,-0.1035,-0.9976,0.0044,-4.7,-9.7,-1.1,-89.38,6.48,112.67,26.1,,,,,,,,,,,,,,,,
IMU,94611107.0,2,0.9453,0.3384,-0.0054,13.06,0.73,-2.32,89.99,-70.27,-29.84,27.7,,,,,,,,,,,,,,,,
EXO,94622538,,,,,,,,,,,,SAFE,-70.274,0.732,1.004,2.24,0.026,-0.0,0.0,0.0,-0.005,0.0,0.0,0.0,0.0,0.0,0.0
IMU,94680900.0,1,-0.1133,-1.001,0.0278,2.5,-5.68,0.12,-89.52,6.31,113.37,26.2,,,,,,,,,,,,,,,,
IMU,94711022.0,2,0.9453,0.3174,0.0122,0.0,5.68,3.3,89.38,-70.22,-28.84,27.8,,,,,,,,,,,,,,,,
EXO,94722121,,,,,,,,,,,,SAFE,-70.219,5.676,0.997,2.24,-0.048,-0.0,0.0,0.0,0.001,0.0,0.0,0.0,0.0,0.0,0.0
IMU,94781093.0,1,-0.1167,-0.9839,0.0098,1.34,2.14,4.88,-89.07,6.58,113.73,26.1,,,,,,,,,,,,,,,,
IMU,94810955.0,2,0.9341,0.3345,0.0239,7.75,0.67,5.68,88.54,-70.61,-27.79,27.8,,,,,,,,,,,,,,,,
EXO,94822032,,,,,,,,,,,,SAFE,-70.615,0.671,0.992,2.24,0.097,-0.0,0.0,0.0,-0.011,0.0,0.0,0.0,0.0,0.0,0.0
IMU,94881282.0,1,-0.1113,-0.9937,0.0249,-5.31,-12.51,-0.98,-89.44,6.84,114.33,26.2,,,,,,,,,,,,,,,,
IMU,94910874.0,2,0.9233,0.3633,0.0601,-9.77,-16.97,14.71,89.71,-71.05,-28.32,27.7,,,,,,,,,,,,,,,,
EXO,94922720,,,,,,,,,,,,SAFE,-71.054,-16.968,0.994,2.223,-0.569,-0.0,0.0,0.0,0.099,0.0,0.0,0.0,0.0,0.0,0.0
IMU,94981460.0,1,-0.1235,-1.0059,-0.0391,1.77,-0.92,5.43,-89.6,7.62,113.93,26.2,,,,,,,,,,,,,,,,
IMU,95010789.0,2,1.0029,0.3037,-0.0249,-21.0,4.09,64.7,88.6,-74.64,-28.12,27.7,,,,,,,,,,,,,,,,
EXO,95022538,,,,,,,,,,,,SAFE,-74.641,4.089,1.048,2.105,-1.619,-0.0,0.0,0.0,0.089,0.0,0.0,0.0,0.0,0.0,0.0
IMU,95081648.0,1,-0.1201,-1.0225,0.0474,7.93,11.9,-4.33,-88.87,7.35,112.76,26.2,,,,,,,,,,,,,,,,
IMU,95110698.0,2,1.0171,0.1113,0.0186,-11.05,-0.18,96.13,82.78,-82.26,-24.01,27.8,,,,,,,,,,,,,,,,
EXO,95122532,,,,,,,,,,,,SAFE,-82.26,-0.183,1.023,1.928,-2.03,-0.0,0.0,0.0,0.074,0.0,0.0,0.0,0.0,0.0,0.0
IMU,95181817.0,1,-0.1602,-0.9512,0.0605,0.24,-6.59,-6.84,-88.8,6.82,112.48,26.2,,,,,,,,,,,,,,,,
IMU,95210623.0,2,0.9214,-0.1157,0.0249,1.89,1.34,120.97,-68.61,-87.28,127.37,27.6,,,,,,,,,,,,,,,,
EXO,95222548,,,,,,,,,,,,SAFE,-87.275,1.343,0.929,1.705,-2.384,-0.0,0.0,0.0,-0.028,0.0,0.0,0.0,0.0,0.0,0.0
IMU,95282002.0,1,-0.0737,-0.9795,0.0229,3.91,-4.7,-7.93,-88.57,6.32,113.16,26.1,,,,,,,,,,,,,,,,
IMU,95310548.0,2,0.8818,-0.3228,0.0068,-3.54,1.83,137.82,-84.57,-75.07,144.55,27.8,,,,,,,,,,,,,,,,
EXO,95322623,,,,,,,,,,,,SAFE,-75.07,1.831,0.939,1.449,-2.627,-0.0,0.0,0.0,0.101,0.0,0.0,0.0,0.0,0.0,0.0
IMU,95382188.0,1,-0.0811,-0.9814,0.0254,-1.34,-6.59,3.3,-88.43,6.22,113.32,26.1,,,,,,,,,,,,,,,,
IMU,95410446.0,2,0.8633,-0.543,0.0288,0.67,-2.99,161.32,-87.32,-60.01,148.79,27.9,,,,,,,,,,,,,,,,
EXO,95422669,,,,,,,,,,,,SAFE,-60.007,-2.991,1.02,1.164,-2.98,-0.0,0.0,0.0,0.054,0.0,0.0,0.0,0.0,0.0,0.0
IMU,95482366.0,1,-0.0796,-0.9946,0.02,6.47,9.03,-5.92,-88.12,5.96,113.13,26.1,,,,,,,,,,,,,,,,
IMU,95510363.0,2,0.6934,-0.7588,0.0557,-3.17,7.02,152.65,-87.86,-44.62,149.99,27.7,,,,,,,,,,,,,,,,
EXO,95522575,,,,,,,,,,,,SAFE,-44.621,7.019,1.029,0.88,-2.631,-0.0,0.0,0.0,-0.044,0.0,0.0,0.0,0.0,0.0,0.0
IMU,95582554.0,1,-0.0728,-0.9824,0.0933,13.24,11.41,-11.05,-87.12,4.88,112.61,26.2,,,,,,,,,,,,,,,,
IMU,95610267.0,2,0.4282,-0.9229,0.0244,-8.85,22.77,143.19,-87.29,-30.46,150.23,27.8,,,,,,,,,,,,,,,,
EXO,95622883,,,,,,,,,,,,SAFE,-30.46,22.766,1.018,0.615,-2.435,-0.0,0.0,0.0,-0.068,0.0,0.0,0.0,0.0,0.0,0.0
IMU,95682729.0,1,-0.0952,-0.9863,0.0342,5.19,2.5,-8.12,-86.29,4.07,111.31,26.2,,,,,,,,,,,,,,,,
IMU,95710180.0,2,0.2822,-0.9985,0.0205,-0.31,5.07,124.21,-87.34,-17.26,150.92,27.8,,,,,,,,,,,,,,,,
EXO,95722538,,,,,,,,,,,,SAFE,-17.26,5.066,1.038,0.39,-1.938,-0.0,0.0,0.0,-0.074,0.0,0.0,0.0,0.0,0.0,0.0
IMU,95782893.0,1,-0.0508,-0.999,0.0513,3.17,0.79,-13.12,-85.94,3.17,110.99,26.2,,,,,,,,,,,,,,,,
IMU,95810072.0,2,0.1558,-1.0205,-0.0107,-1.59,0.0,74.71,-87.55,-7.87,152.34,27.6,,,,,,,,,,,,,,,,
EXO,95822530,,,,,,,,,,,,SAFE,-7.866,0.0,1.032,0.243,-1.044,-0.0,0.0,0.0,-0.155,0.0,0.0,0.0,0.0,0.0,0.0
IMU,95883093.0,1,-0.0684,-0.9785,0.0557,-4.09,1.53,-3.05,-86.12,2.42,110.77,26.1,,,,,,,,,,,,,,,,
IMU,95909979.0,2,0.0859,-0.9785,0.0239,-5.55,-6.96,37.17,-88.19,-2.46,153.53,27.8,,,,,,,,,,,,,,,,
EXO,95922529,,,,,,,,,,,,SAFE,-2.461,-6.958,0.983,0.205,-0.084,-0.0,0.0,0.0,0.019,0.0,0.0,0.0,0.0,0.0,0.0
IMU,95983267.0,1,-0.0269,-0.9775,0.0576,-0.92,-18.92,-5.55,-86.46,2.18,111.46,26.1,,,,,,,,,,,,,,,,
IMU,96009896.0,2,-0.0537,-0.9771,0.0322,0.73,-1.71,-5.92,-88.45,-2.77,155.55,27.7,,,,,,,,,,,,,,,,
EXO,96022695,,,,,,,,,,,,SAFE,-2.774,-1.709,0.979,0.205,-0.076,-0.0,0.0,0.0,-0.003,0.0,0.0,0.0,0.0,0.0,0.0
IMU,96083453.0,1,-0.0039,-0.9858,0.0825,4.21,-3.23,-7.39,-86.25,1.57,111.66,26.2,,,,,,,,,,,,,,,,
IMU,96109812.0,2,-0.0273,-0.9883,0.043,5.92,0.37,-7.08,-87.99,-3.31,156.54,27.7,,,,,,,,,,,,,,,,
EXO,96122427,,,,,,,,,,,,SAFE,-3.307,0.366,0.99,0.205,-0.041,-0.0,0.0,0.0,-0.011,0.0,0.0,0.0,0.0,0.0,0.0
IMU,96183637.0,1,0.0073,-0.9771,0.0464,1.59,-2.14,-6.16,-85.83,0.85,111.64,26.2,,,,,,,,,,,,,,,,
IMU,96209740.0,2,-0.0405,-1.0083,0.0054,-5.19,1.77,-3.78,-87.72,-3.72,157.51,27.7,,,,,,,,,,,,,,,,
EXO,96222435,,,,,,,,,,,,SAFE,-3.719,1.77,1.009,0.205,-0.123,-0.0,0.0,0.0,-0.003,0.0,0.0,0.0,0.0,0.0,0.0
IMU,96283819.0,1,-0.0098,-1.0161,0.0845,-3.66,-1.59,1.53,-85.95,0.71,111.57,26.2,,,,,,,,,,,,,,,,
IMU,96309657.0,2,-0.0234,-1.043,0.0308,-6.29,2.44,1.95,-88.11,-3.39,158.35,27.9,,,,,,,,,,,,,,,,
EXO,96322419,,,,,,,,,,,,SAFE,-3.395,2.441,1.044,0.205,0.048,-0.0,0.0,0.0,0.03,0.0,0.0,0.0,0.0,0.0,0.0
IMU,96384026.0,1,0.0029,-1.0347,0.0449,6.35,3.91,4.21,-85.9,0.98,111.32,26.3,,,,,,,,,,,,,,,,
IMU,96409583.0,2,0.0024,-1.0322,0.022,8.79,6.41,5.07,-87.81,-2.75,158.89,27.8,,,,,,,,,,,,,,,,
EXO,96422044,,,,,,,,,,,,SAFE,-2.747,6.409,1.032,0.205,0.081,-0.0,0.0,0.0,-0.014,0.0,0.0,0.0,0.0,0.0,0.0
IMU,96484196.0,1,-0.002,-1.0005,0.0542,10.44,3.11,2.5,-84.92,1.33,110.89,26.2,,,,,,,,,,,,,,,,
IMU,96509531.0,2,0.022,-0.9941,0.0,9.95,7.02,0.61,-86.76,-2.19,159.26,27.8,,,,,,,,,,,,,,,,
EXO,96522185,,,,,,,,,,,,SAFE,-2.186,7.019,0.994,0.205,-0.092,-0.0,0.0,0.0,-0.006,0.0,0.0,0.0,0.0,0.0,0.0
IMU,96584390.0,1,-0.019,-0.9897,0.0732,5.25,5.49,-5.19,-84.26,1.03,110.32,26.3,,,,,,,,,,,,,,,,
IMU,96609480.0,2,-0.0386,-0.9741,0.0063,3.11,5.55,-4.21,-86.25,-2.43,159.42,27.8,,,,,,,,,,,,,,,,
EXO,96622352,,,,,,,,,,,,SAFE,-2.428,5.554,0.975,0.205,0.127,-0.0,0.0,0.0,-0.005,0.0,0.0,0.0,0.0,0.0,0.0
IMU,96684575.0,1,-0.0308,-0.9688,0.1265,-9.58,-6.29,-2.69,-84.48,0.62,110.24,26.2,,,,,,,,,,,,,,,,
IMU,96709355.0,2,-0.0518,-0.9819,0.0366,-13.31,-7.87,-2.01,-86.97,-2.63,160.42,27.6,,,,,,,,,,,,,,,,
EXO,96722955,,,,,,,,,,,,SAFE,-2.626,-7.874,0.984,0.205,-0.095,-0.0,0.0,0.0,0.008,0.0,0.0,0.0,0.0,0.0,0.0
IMU,96784775.0,1,-0.0059,-1.0107,0.0938,-13.0,-6.84,3.17,-85.83,0.68,110.94,26.0,,,,,,,,,,,,,,,,
IMU,96809276.0,2,-0.0117,-1.0156,0.105,-8.67,-6.23,2.08,-88.45,-2.3,161.86,27.9,,,,,,,,,,,,,,,,
EXO,96822793,,,,,,,,,,,,SAFE,-2.296,-6.226,1.021,0.205,0.087,-0.0,0.0,0.0,-0.028,0.0,0.0,0.0,0.0,0.0,0.0
IMU,96884966.0,1,-0.0044,-0.9961,0.0879,2.99,-0.73,-1.04,-86.03,0.79,111.36,26.2,,,,,,,,,,,,,,,,
IMU,96909199.0,2,-0.0029,-0.9995,0.0371,2.75,1.77,-1.1,-88.31,-2.06,162.73,27.8,,,,,,,,,,,,,,,,
EXO,96922443,,,,,,,,,,,,SAFE,-2.06,1.77,1.0,0.205,0.056,-0.0,0.0,0.0,0.01,0.0,0.0,0.0,0.0,0.0,0.0
IMU,96985124.0,1,-0.0107,-0.9917,0.0801,2.38,0.24,-1.34,-85.72,0.66,111.26,26.1,,,,,,,,,,,,,,,,
IMU,97009123.0,2,-0.0171,-0.9932,0.0356,2.62,1.95,-2.08,-88.03,-2.01,163.26,27.7,,,,,,,,,,,,,,,,
EXO,97022350,,,,,,,,,,,,SAFE,-2.005,1.953,0.994,0.205,0.07,-0.0,0.0,0.0,-0.0,0.0,0.0,0.0,0.0,0.0,0.0
IMU,97085306.0,1,-0.0015,-1.0063,0.0864,0.79,-0.24,-1.4,-85.46,0.43,111.04,26.3,,,,,,,,,,,,,,,,
IMU,97109049.0,2,-0.0293,-1.0107,0.0234,-0.18,-0.85,0.31,-87.86,-2.02,163.67,27.7,,,,,,,,,,,,,,,,
EXO,97122538,,,,,,,,,,,,SAFE,-2.021,-0.854,1.011,0.205,-0.148,-0.0,0.0,0.0,0.01,0.0,0.0,0.0,0.0,0.0,0.0
IMU,97185480.0,1,-0.0059,-1.0049,0.0654,0.49,2.2,0.43,-85.48,0.51,110.87,26.2,,,,,,,,,,,,,,,,
IMU,97208969.0,2,-0.0034,-0.9961,0.0342,1.59,1.4,-0.24,-87.91,-1.76,163.99,27.8,,,,,,,,,,,,,,,,
EXO,97222281,,,,,,,,,,,,SAFE,-1.758,1.404,0.997,0.205,-0.045,-0.0,0.0,0.0,0.015,0.0,0.0,0.0,0.0,0.0,0.0
IMU,97285667.0,1,-0.0122,-0.9873,0.0801,1.16,2.75,-0.61,-85.34,0.49,110.68,26.1,,,,,,,,,,,,,,,,
IMU,97308901.0,2,-0.0107,-0.9883,0.0151,0.37,3.3,-0.67,-87.76,-1.64,164.28,27.7,,,,,,,,,,,,,,,,
EXO,97322345,,,,,,,,,,,,SAFE,-1.642,3.296,0.988,0.205,-0.019,-0.0,0.0,0.0,-0.01,0.0,0.0,0.0,0.0,0.0,0.0
IMU,97385823.0,1,0.0073,-0.998,0.0601,-2.14,2.81,0.0,-85.44,0.45,110.39,26.2,,,,,,,,,,,,,,,,
IMU,97408836.0,2,-0.0005,-0.9922,0.0132,-1.83,2.44,0.18,-87.95,-1.54,164.49,27.8,,,,,,,,,,,,,,,,
EXO,97422291,,,,,,,,,,,,SAFE,-1.538,2.441,0.992,0.205,-0.081,-0.0,0.0,0.0,0.022,0.0,0.0,0.0,0.0,0.0,0.0
IMU,97486044.0,1,0.0059,-0.9927,0.0908,-6.59,2.69,-0.67,-85.86,0.38,110.2,26.2,,,,,,,,,,,,,,,,
IMU,97508765.0,2,-0.0151,-0.9966,0.0522,-6.47,1.71,0.49,-88.5,-1.51,164.78,27.8,,,,,,,,,,,,,,,,
EXO,97522348,,,,,,,,,,,,SAFE,-1.505,1.709,0.998,0.205,-0.033,-0.0,0.0,0.0,-0.0,0.0,0.0,0.0,0.0,0.0,0.0
IMU,97586230.0,1,-0.0029,-1.0073,0.0659,1.77,0.43,2.81,-86.19,0.55,110.05,26.1,,,,,,,,,,,,,,,,
IMU,97608703.0,2,-0.0063,-1.0034,0.0527,4.64,-0.24,3.17,-88.65,-1.14,165.12,27.7,,,,,,,,,,,,,,,,
EXO,97622292,,,,,,,,,,,,SAFE,-1.143,-0.244,1.005,0.205,-0.164,-0.0,0.0,0.0,0.028,0.0,0.0,0.0,0.0,0.0,0.0
IMU,97686411.0,1,-0.0034,-0.9888,0.1016,-1.04,-1.95,0.55,-85.83,0.71,110.09,26.2,,,,,,,,,,,,,,,,
IMU,97708640.0,2,-0.0171,-0.9917,0.0156,-4.58,-1.1,0.67,-88.39,-0.88,165.61,27.6,,,,,,,,,,,,,,,,
EXO,97722530,,,,,,,,,,,,SAFE,-0.884,-1.099,0.992,0.205,-0.026,-0.0,0.0,0.0,-0.02,0.0,0.0,0.0,0.0,0.0,0.0
IMU,97786606.0,1,-0.0215,-0.999,0.0752,-2.5,1.04,1.22,-86.17,0.86,110.06,26.1,,,,,,,,,,,,,,,,
IMU,97808579.0,2,-0.0171,-1.0,0.0508,-0.92,-0.18,0.06,-88.83,-0.64,165.92,27.7,,,,,,,,,,,,,,,,
EXO,97822456,,,,,,,,,,,,SAFE,-0.637,-0.183,1.001,0.205,0.038,-0.0,0.0,0.0,-0.015,0.0,0.0,0.0,0.0,0.0,0.0
IMU,97886792.0,1,-0.002,-1.0103,0.0698,4.15,3.66,0.92,-85.98,0.91,109.82,26.1,,,,,,,,,,,,,,,,
IMU,97908473.0,2,-0.0171,-1.0098,0.0146,4.09,2.01,2.38,-88.47,-0.46,166.0,27.8,,,,,,,,,,,,,,,,
EXO,97922194,,,,,,,,,,,,SAFE,-0.456,2.014,1.01,0.205,0.001,-0.0,0.0,0.0,-0.001,0.0,0.0,0.0,0.0,0.0,0.0
IMU,97986956.0,1,-0.0269,-1.0078,0.0571,-0.61,4.82,-0.61,-85.78,1.08,109.46,26.2,,,,,,,,,,,,,,,,
IMU,98008396.0,2,-0.0049,-1.0112,-0.0093,-1.89,3.85,-2.87,-88.39,-0.26,165.93,27.8,,,,,,,,,,,,,,,,
EXO,98022611,,,,,,,,,,,,SAFE,-0.258,3.845,1.011,0.205,-0.142,-0.0,0.0,0.0,0.028,0.0,0.0,0.0,0.0,0.0,0.0
IMU,98087140.0,1,-0.0298,-1.001,0.0522,-3.78,2.56,-1.22,-86.11,0.83,109.14,26.2,,,,,,,,,,,,,,,,
IMU,98108304.0,2,-0.0444,-1.0024,0.0171,-2.69,1.89,-0.92,-88.78,-0.42,165.98,27.7,,,,,,,,,,,,,,,,
EXO,98122530,,,,,,,,,,,,SAFE,-0.423,1.892,1.004,0.205,-0.116,-0.0,0.0,0.0,0.027,0.0,0.0,0.0,0.0,0.0,0.0
IMU,98187325.0,1,-0.0352,-1.0059,0.0483,0.92,0.06,1.16,-86.34,0.87,109.03,26.3,,,,,,,,,,,,,,,,
IMU,98208230.0,2,-0.0483,-1.0044,0.0229,3.05,-1.4,1.77,-88.87,-0.25,166.23,27.8,,,,,,,,,,,,,,,,
EXO,98222269,,,,,,,,,,,,SAFE,-0.247,-1.404,1.006,0.205,-0.036,-0.0,0.0,0.0,-0.004,0.0,0.0,0.0,0.0,0.0,0.0
IMU,98287531.0,1,-0.0283,-0.9932,0.0854,0.31,-1.83,3.85,-86.13,1.17,109.24,26.2,,,,,,,,,,,,,,,,
IMU,98308154.0,2,-0.0225,-0.9946,0.0254,-0.92,0.55,3.6,-88.7,0.2,166.71,27.8,,,,,,,,,,,,,,,,
EXO,98322258,,,,,,,,,,,,SAFE,0.203,0.549,0.995,0.205,0.15,-0.0,0.0,0.0,-0.001,0.0,0.0,0.0,0.0,0.0,0.0
IMU,98387726.0,1,-0.0361,-0.9819,0.0742,-0.49,2.93,1.28,-86.2,1.46,109.13,26.3,,,,,,,,,,,,,,,,
IMU,98408048.0,2,-0.021,-0.9863,0.0259,-0.79,3.72,0.0,-88.85,0.51,166.79,27.8,,,,,,,,,,,,,,,,
EXO,98422286,,,,,,,,,,,,SAFE,0.505,3.723,0.987,0.205,0.099,-0.0,0.0,0.0,-0.016,0.0,0.0,0.0,0.0,0.0,0.0
IMU,98487889.0,1,-0.0161,-1.0107,0.0537,1.95,6.1,-1.71,-86.13,1.4,108.74,26.3,,,,,,,,,,,,,,,,
IMU,98507990.0,2,-0.0156,-1.0117,0.0078,2.75,5.92,-1.16,-88.7,0.45,166.6,27.8,,,,,,,,,,,,,,,,
EXO,98522271,,,,,,,,,,,,SAFE,0.45,5.92,1.012,0.205,0.042,-0.0,0.0,0.0,-0.003,0.0,0.0,0.0,0.0,0.0,0.0
IMU,98588085.0,1,-0.0181,-0.9951,0.064,0.92,1.77,0.73,-85.95,1.3,108.42,26.1,,,,,,,,,,,,,,,,
IMU,98607919.0,2,-0.0371,-0.9922,0.0083,-0.31,2.62,1.95,-88.58,0.48,166.59,27.6,,,,,,,,,,,,,,,,
EXO,98622175,,,,,,,,,,,,SAFE,0.483,2.625,0.993,0.205,-0.045,-0.0,0.0,0.0,0.008,0.0,0.0,0.0,0.0,0.0,0.0
IMU,98688261.0,1,-0.0283,-0.9868,0.0669,-0.43,-0.18,-0.31,-86.04,1.41,108.21,26.1,,,,,,,,,,,,,,,,
IMU,98707826.0,2,-0.0215,-0.9888,0.0225,-0.55,0.37,-0.98,-88.7,0.6,166.65,27.9,,,,,,,,,,,,,,,,
EXO,98722547,,,,,,,,,,,,SAFE,0.604,0.366,0.989,0.205,0.014,-0.0,0.0,0.0,-0.009,0.0,0.0,0.0,0.0,0.0,0.0
IMU,98788414.0,1,-0.0151,-1.0059,0.0688,-0.12,0.61,0.0,-86.04,1.34,108.13,26.3,,,,,,,,,,,,,,,,
IMU,98807715.0,2,-0.0215,-1.0112,0.021,-0.37,2.69,0.0,-88.71,0.62,166.75,27.6,,,,,,,,,,,,,,,,
EXO,98822265,,,,,,,,,,,,SAFE,0.615,2.686,1.012,0.205,0.021,-0.0,0.0,0.0,0.015,0.0,0.0,0.0,0.0,0.0,0.0
IMU,98888637.0,1,-0.0176,-1.0103,0.0654,1.1,-0.31,-0.18,-86.01,1.31,108.0,26.2,,,,,,,,,,,,,,,,
IMU,98907659.0,2,-0.0234,-1.0068,0.0176,0.98,-0.73,0.55,-88.67,0.64,166.85,27.8,,,,,,,,,,,,,,,,
EXO,98922364,,,,,,,,,,,,SAFE,0.643,-0.732,1.007,0.205,-0.005,-0.0,0.0,0.0,-0.027,0.0,0.0,0.0,0.0,0.0,0.0
IMU,98988787.0,1,-0.0215,-0.9893,0.0786,0.0,0.55,0.06,-85.96,1.32,107.97,26.1,,,,,,,,,,,,,,,,
IMU,99007543.0,2,-0.0269,-0.9854,0.0205,-0.85,0.0,0.0,-88.64,0.7,166.99,27.9,,,,,,,,,,,,,,,,
EXO,99022173,,,,,,,,,,,,SAFE,0.703,0.0,0.986,0.205,-0.054,-0.0,0.0,0.0,-0.017,0.0,0.0,0.0,0.0,0.0,0.0
IMU,99088971.0,1,-0.0264,-0.9907,0.0728,-2.56,0.85,0.37,-86.16,1.33,107.89,26.2,,,,,,,,,,,,,,,,
IMU,99107500.0,2,-0.019,-0.9985,0.0337,-2.2,0.06,0.37,-88.89,0.76,167.1,27.8,,,,,,,,,,,,,,,,
EXO,99122267,,,,,,,,,,,,SAFE,0.764,0.061,0.999,0.205,-0.014,-0.0,0.0,0.0,0.013,0.0,0.0,0.0,0.0,0.0,0.0
IMU,99189147.0,1,-0.0229,-1.0078,0.0625,0.0,0.67,0.49,-86.23,1.38,107.81,26.2,,,,,,,,,,,,,,,,
IMU,99207418.0,2,-0.0171,-1.0098,0.0142,0.31,0.0,0.18,-88.95,0.87,167.2,27.7,,,,,,,,,,,,,,,,
EXO,99222106,,,,,,,,,,,,SAFE,0.868,0.0,1.01,0.205,0.023,-0.0,0.0,0.0,-0.004,0.0,0.0,0.0,0.0,0.0,0.0
IMU,99289334.0,1,-0.021,-1.001,0.0674,-0.06,1.16,-0.06,-86.23,1.39,107.72,26.1,,,,,,,,,,,,,,,,
IMU,99307340.0,2,-0.0361,-0.998,0.0146,-0.73,0.37,0.24,-88.94,0.91,167.25,27.5,,,,,,,,,,,,,,,,
EXO,99322338,,,,,,,,,,,,SAFE,0.912,0.366,0.999,0.205,0.065,-0.0,0.0,0.0,-0.001,0.0,0.0,0.0,0.0,0.0,0.0
IMU,99389595.0,1,-0.0239,-0.9937,0.0674,-1.1,1.04,0.31,-86.33,1.43,107.64,26.2,,,,,,,,,,,,,,,,
IMU,99407260.0,2,-0.0293,-0.9976,0.0264,-0.73,0.37,0.49,-89.06,0.99,167.32,27.8,,,,,,,,,,,,,,,,
EXO,99422275,,,,,,,,,,,,SAFE,0.994,0.366,0.998,0.205,-0.003,-0.0,0.0,0.0,-0.003,0.0,0.0,0.0,0.0,0.0,0.0
IMU,99489697.0,1,-0.0293,-1.0005,0.0664,0.55,0.49,0.67,-86.35,1.5,107.56,26.2,,,,,,,,,,,,,,,,
IMU,99507193.0,2,-0.0239,-0.998,0.02,0.79,-0.24,0.43,-89.07,1.1,167.38,27.7,,,,,,,,,,,,,,,,
EXO,99522172,,,,,,,,,,,,SAFE,1.099,-0.244,0.999,0.205,-0.111,-0.0,0.0,0.0,-0.006,0.0,0.0,0.0,0.0,0.0,0.0
IMU,99589870.0,1,-0.0254,-1.002,0.0557,0.0,1.53,0.31,-86.31,1.5,107.5,26.1,,,,,,,,,,,,,,,,
IMU,99607115.0,2,-0.0269,-1.0039,0.0029,-0.43,0.24,0.67,-89.06,1.14,167.44,27.8,,,,,,,,,,,,,,,,
EXO,99622190,,,,,,,,,,,,SAFE,1.137,0.244,1.004,0.205,-0.088,-0.0,0.0,0.0,0.002,0.0,0.0,0.0,0.0,0.0,0.0
IMU,99690065.0,1,-0.0229,-0.9941,0.0605,-1.28,0.98,0.85,-86.41,1.59,107.52,26.0,,,,,,,,,,,,,,,,
IMU,99707035.0,2,-0.0278,-0.9956,0.0151,-1.28,0.06,0.43,-89.19,1.26,167.6,27.6,,,,,,,,,,,,,,,,
EXO,99722276,,,,,,,,,,,,SAFE,1.258,0.061,0.996,0.205,-0.085,-0.0,0.0,0.0,-0.009,0.0,0.0,0.0,0.0,0.0,0.0
IMU,99790243.0,1,-0.0264,-0.9976,0.0649,0.67,0.18,-0.79,-86.46,1.6,107.53,26.1,,,,,,,,,,,,,,,,
IMU,99806949.0,2,-0.0317,-1.001,0.0171,0.79,1.46,-0.61,-89.21,1.28,167.72,27.7,,,,,,,,,,,,,,,,
EXO,99822259,,,,,,,,,,,,SAFE,1.28,1.465,1.002,0.205,-0.022,-0.0,0.0,0.0,-0.026,0.0,0.0,0.0,0.0,0.0,0.0
IMU,99890436.0,1,-0.0278,-1.0044,0.0518,1.16,-1.16,0.43,-86.37,1.59,107.44,26.1,,,,,,,,,,,,,,,,
IMU,99906872.0,2,-0.0234,-1.0039,0.0073,1.71,-0.98,0.31,-89.1,1.31,167.78,27.7,,,,,,,,,,,,,,,,
EXO,99922268,,,,,,,,,,,,SAFE,1.313,-0.977,1.004,0.205,-0.076,-0.0,0.0,0.0,-0.019,0.0,0.0,0.0,0.0,0.0,0.0
IMU,99990608.0,1,-0.0186,-0.9897,0.0625,-0.12,0.79,0.06,-86.31,1.56,107.4,26.2,,,,,,,,,,,,,,,,
IMU,100006786.0,2,-0.0317,-0.9897,0.0146,-0.31,0.37,0.06,-89.09,1.31,167.81,27.8,,,,,,,,,,,,,,,,
EXO,100022339,,,,,,,,,,,,SAFE,1.313,0.366,0.99,0.205,0.144,-0.0,0.0,0.0,0.001,0.0,0.0,0.0,0.0,0.0,0.0
IMU,100090775.0,1,-0.0293,-0.9927,0.0581,0.85,-0.24,-0.06,-86.33,1.58,107.41,26.2,,,,,,,,,,,,,,,,
IMU,100106717.0,2,-0.0464,-0.9966,0.0249,1.34,0.55,0.49,-89.1,1.37,167.92,27.7,,,,,,,,,,,,,,,,
EXO,100122430,,,,,,,,,,,,SAFE,1.368,0.549,0.998,0.205,-0.076,-0.0,0.0,0.0,-0.026,0.0,0.0,0.0,0.0,0.0,0.0
IMU,100190956.0,1,-0.0229,-1.001,0.0669,3.36,-0.24,0.24,-86.07,1.61,107.41,26.3,,,,,,,,,,,,,,,,
IMU,100206636.0,2,-0.0225,-0.9995,0.0151,3.48,-0.92,0.43,-88.79,1.45,168.01,27.8,,,,,,,,,,,,,,,,
EXO,100222450,,,,,,,,,,,,SAFE,1.45,-0.916,1.0,0.205,0.034,-0.0,0.0,0.0,-0.016,0.0,0.0,0.0,0.0,0.0,0.0
IMU,100291139.0,1,-0.0278,-0.998,0.0771,0.06,0.24,-0.73,-85.89,1.58,107.4,26.2,,,,,,,,,,,,,,,,
IMU,100306550.0,2,-0.0293,-1.0005,0.0171,-0.55,-0.85,-0.85,-88.67,1.43,168.07,27.8,,,,,,,,,,,,,,,,
EXO,100322594,,,,,,,,,,,,SAFE,1.434,-0.854,1.001,0.205,0.054,-0.0,0.0,0.0,-0.0,0.0,0.0,0.0,0.0,0.0,0.0
IMU,100391345.0,1,-0.0239,-1.001,0.0728,0.31,-0.61,-0.24,-85.94,1.55,107.52,26.2,,,,,,,,,,,,,,,,
IMU,100406457.0,2,-0.0327,-1.0078,0.0283,0.79,-0.85,-0.24,-88.71,1.43,168.27,27.6,,,,,,,,,,,,,,,,
EXO,100422681,,,,,,,,,,,,SAFE,1.428,-0.854,1.009,0.205,-0.139,-0.0,0.0,0.0,-0.05,0.0,0.0,0.0,0.0,0.0,0.0
IMU,100491499.0,1,-0.0249,-0.9946,0.0747,2.01,-2.38,0.49,-85.81,1.55,107.71,26.2,,,,,,,,,,,,,,,,
IMU,100506372.0,2,-0.0298,-0.9946,0.0303,1.95,-1.77,0.55,-88.55,1.48,168.55,27.6,,,,,,,,,,,,,,,,
EXO,100522463,,,,,,,,,,,,SAFE,1.483,-1.77,0.996,0.205,0.009,-0.0,0.0,0.0,0.002,0.0,0.0,0.0,0.0,0.0,0.0
IMU,100591689.0,1,-0.0273,-0.9941,0.0796,-0.24,-0.49,0.49,-85.69,1.58,107.79,26.2,,,,,,,,,,,,,,,,
IMU,100606294.0,2,-0.0249,-0.998,0.0234,-0.43,-0.37,0.31,-88.46,1.54,168.67,27.7,,,,,,,,,,,,,,,,
EXO,100622619,,,,,,,,,,,,SAFE,1.538,-0.366,0.999,0.205,-0.022,-0.0,0.0,0.0,0.028,0.0,0.0,0.0,0.0,0.0,0.0
IMU,100691865.0,1,-0.0298,-1.002,0.083,-1.59,0.31,0.18,-85.81,1.58,107.81,26.3,,,,,,,,,,,,,,,,
IMU,100706212.0,2,-0.0396,-1.0073,0.0356,-1.59,0.43,0.43,-88.6,1.54,168.75,27.7,,,,,,,,,,,,,,,,
EXO,100722454,,,,,,,,,,,,SAFE,1.538,0.427,1.009,0.205,0.015,-0.0,0.0,0.0,-0.014,0.0,0.0,0.0,0.0,0.0,0.0
IMU,100792045.0,1,-0.0156,-1.0293,0.0698,2.26,1.89,0.92,-85.74,1.63,107.76,26.2,,,,,,,,,,,,,,,,
IMU,100806123.0,2,-0.0229,-1.0273,0.0176,2.5,2.87,1.83,-88.49,1.63,168.76,27.6,,,,,,,,,,,,,,,,
EXO,100822278,,,,,,,,,,,,SAFE,1.631,2.869,1.028,0.205,0.135,-0.0,0.0,0.0,-0.011,0.0,0.0,0.0,0.0,0.0,0.0
IMU,100892228.0,1,-0.0454,-0.9814,0.1064,-2.08,-2.69,0.24,-85.61,1.7,107.63,26.1,,,,,,,,,,,,,,,,
IMU,100906052.0,2,-0.0576,-0.9829,0.021,-3.3,-2.69,0.12,-88.42,1.71,168.74,27.8,,,,,,,,,,,,,,,,
EXO,100922628,,,,,,,,,,,,SAFE,1.708,-2.686,0.985,0.205,0.001,-0.0,0.0,0.0,-0.01,0.0,0.0,0.0,0.0,0.0,0.0
IMU,100992396.0,1,-0.0347,-0.9814,0.0562,0.92,-3.91,4.33,-85.94,1.94,107.84,26.3,,,,,,,,,,,,,,,,
IMU,101005965.0,2,-0.0415,-0.9829,0.0762,3.91,-4.46,4.09,-88.77,2.02,169.05,27.6,,,,,,,,,,,,,,,,
EXO,101022424,,,,,,,,,,,,SAFE,2.021,-4.456,0.987,0.205,-0.099,-0.0,0.0,0.0,0.003,0.0,0.0,0.0,0.0,0.0,0.0
IMU,101092592.0,1,-0.0083,-0.9985,0.0645,11.29,0.31,1.46,-84.98,2.24,108.17,26.1,,,,,,,,,,,,,,,,
IMU,101105887.0,2,-0.0015,-1.0054,-0.0186,10.74,2.2,1.22,-87.63,2.36,169.34,27.8,,,,,,,,,,,,,,,,
EXO,101122530,,,,,,,,,,,,SAFE,2.357,2.197,1.006,0.205,0.021,-0.0,0.0,0.0,0.002,0.0,0.0,0.0,0.0,0.0,0.0
IMU,101192772.0,1,-0.0596,-0.9834,0.0967,-5.25,1.95,-6.35,-84.72,1.97,107.89,26.1,,,,,,,,,,,,,,,,
IMU,101205811.0,2,-0.0645,-0.9863,0.0024,-7.26,1.16,-7.26,-87.6,1.97,169.08,27.7,,,,,,,,,,,,,,,,
EXO,101222609,,,,,,,,,,,,SAFE,1.967,1.16,0.988,0.205,0.064,-0.0,0.0,0.0,-0.004,0.0,0.0,0.0,0.0,0.0,0.0
IMU,101292964.0,1,-0.0488,-0.9946,0.0811,-3.97,-2.56,0.98,-85.53,1.67,108.04,26.3,,,,,,,,,,,,,,,,
IMU,101305747.0,2,-0.0625,-0.9897,0.085,-1.53,-2.32,1.16,-88.39,1.74,169.34,27.7,,,,,,,,,,,,,,,,
EXO,101322608,,,,,,,,,,,,SAFE,1.736,-2.319,0.995,0.205,0.015,-0.0,0.0,0.0,0.007,0.0,0.0,0.0,0.0,0.0,0.0
IMU,101393186.0,1,-0.0269,-0.9922,0.124,-1.4,1.77,-0.73,-85.41,1.71,108.22,26.2,,,,,,,,,,,,,,,,
IMU,101405669.0,2,-0.0308,-0.9966,0.0288,-3.17,2.08,-0.67,-88.18,1.79,169.5,27.7,,,,,,,,,,,,,,,,
EXO,101422681,,,,,,,,,,,,SAFE,1.791,2.075,0.997,0.205,0.006,-0.0,0.0,0.0,0.007,0.0,0.0,0.0,0.0,0.0,0.0
IMU,101493352.0,1,-0.0059,-1.0132,0.0762,-3.72,3.23,2.14,-85.86,1.77,108.23,26.1,,,,,,,,,,,,,,,,
IMU,101505598.0,2,-0.0254,-1.0176,0.0801,-3.48,4.76,2.44,-88.72,1.88,169.55,27.7,,,,,,,,,,,,,,,,
EXO,101522466,,,,,,,,,,,,SAFE,1.879,4.761,1.021,0.205,0.025,-0.0,0.0,0.0,0.008,0.0,0.0,0.0,0.0,0.0,0.0
IMU,101593516.0,1,-0.022,-0.998,0.0581,13.92,4.03,0.0,-85.07,1.85,107.94,26.3,,,,,,,,,,,,,,,,
IMU,101605515.0,2,-0.022,-0.9976,-0.002,14.77,5.49,1.1,-87.72,2.01,169.29,27.7,,,,,,,,,,,,,,,,
EXO,101622547,,,,,,,,,,,,SAFE,2.01,5.493,0.998,0.205,-0.113,-0.0,0.0,0.0,0.011,0.0,0.0,0.0,0.0,0.0,0.0
IMU,101693737.0,1,-0.0337,-0.9927,0.0913,-4.58,2.99,-1.77,-84.6,1.74,107.46,26.2,,,,,,,,,,,,,,,,
IMU,101705429.0,2,-0.0444,-0.9946,0.0,-7.14,2.26,-1.71,-87.45,1.9,168.87,27.7,,,,,,,,,,,,,,,,
EXO,101722625,,,,,,,,,,,,SAFE,1.895,2.258,0.996,0.205,0.101,-0.0,0.0,0.0,-0.01,0.0,0.0,0.0,0.0,0.0,0.0
IMU,101793918.0,1,-0.043,-0.9946,0.0786,-8.79,1.83,-0.55,-85.55,1.66,107.43,26.1,,,,,,,,,,,,,,,,
IMU,101805360.0,2,-0.0508,-0.998,0.0747,-7.32,1.65,-0.85,-88.52,1.77,168.88,27.8,,,,,,,,,,,,,,,,
EXO,101822619,,,,,,,,,,,,SAFE,1.769,1.648,1.002,0.205,-0.15,-0.0,0.0,0.0,-0.005,0.0,0.0,0.0,0.0,0.0,0.0
IMU,101894112.0,1,-0.0298,-1.0054,0.0908,3.17,-0.31,-0.06,-85.62,1.64,107.59,26.2,,,,,,,,,,,,,,,,
IMU,101905246.0,2,-0.0366,-1.0078,0.0259,3.05,1.04,0.0,-88.39,1.78,169.1,27.7,,,,,,,,,,,,,,,,
EXO,101922456,,,,,,,,,,,,SAFE,1.78,1.038,1.009,0.205,0.021,-0.0,0.0,0.0,0.022,0.0,0.0,0.0,0.0,0.0,0.0
IMU,101994277.0,1,-0.0117,-0.9956,0.0527,2.81,-0.55,1.95,-85.39,1.71,107.59,26.3,,,,,,,,,,,,,,,,
IMU,102005194.0,2,-0.0269,-0.9917,0.022,2.93,0.92,2.56,-88.17,1.9,169.15,27.6,,,,,,,,,,,,,,,,
EXO,102022354,,,,,,,,,,,,SAFE,1.901,0.916,0.992,0.205,-0.037,-0.0,0.0,0.0,-0.041,0.0,0.0,0.0,0.0,0.0,0.0
IMU,102094450.0,1,-0.0356,-0.9814,0.0889,-0.67,1.95,-2.08,-85.16,1.76,107.49,26.2,,,,,,,,,,,,,,,,
IMU,102105116.0,2,-0.0415,-0.9868,0.0107,-1.22,3.23,-2.08,-87.96,1.92,169.01,27.8,,,,,,,,,,,,,,,,
EXO,102122597,,,,,,,,,,,,SAFE,1.923,3.235,0.988,0.205,0.109,-0.0,0.0,0.0,-0.017,0.0,0.0,0.0,0.0,0.0,0.0
IMU,102194649.0,1,-0.0366,-0.9961,0.1104,-6.84,1.16,-0.31,-85.64,1.63,107.24,26.3,,,,,,,,,,,,,,,,
IMU,102205024.0,2,-0.0498,-0.9956,0.0532,-7.2,1.28,-0.06,-88.51,1.78,168.82,27.8,,,,,,,,,,,,,,,,
EXO,102222625,,,,,,,,,,,,SAFE,1.78,1.282,0.998,0.205,-0.186,-0.0,0.0,0.0,0.009,0.0,0.0,0.0,0.0,0.0,0.0
IMU,102294823.0,1,-0.0264,-1.0044,0.0903,-1.71,0.18,0.49,-86.08,1.71,107.06,26.3,,,,,,,,,,,,,,,,
IMU,102304934.0,2,-0.0347,-1.0083,0.0581,-1.1,-0.92,0.61,-88.95,1.86,168.68,27.9,,,,,,,,,,,,,,,,
EXO,102322501,,,,,,,,,,,,SAFE,1.857,-0.916,1.011,0.205,0.193,-0.0,0.0,0.0,0.005,0.0,0.0,0.0,0.0,0.0,0.0
IMU,102395017.0,1,-0.0068,-1.0054,0.0444,6.59,2.62,4.27,-85.81,1.96,106.97,26.3,,,,,,,,,,,,,,,,
IMU,102404862.0,2,-0.0024,-1.0029,0.0166,7.14,2.69,4.52,-88.59,2.19,168.62,27.7,,,,,,,,,,,,,,,,
EXO,102422286,,,,,,,,,,,,SAFE,2.192,2.686,1.003,0.205,-0.093,-0.0,0.0,0.0,-0.005,0.0,0.0,0.0,0.0,0.0,0.0
IMU,102495187.0,1,-0.0444,-0.9917,0.0718,1.59,2.14,-3.6,-85.19,1.98,106.59,26.2,,,,,,,,,,,,,,,,
IMU,102504784.0,2,-0.0342,-0.9956,-0.0449,0.43,1.59,-4.15,-87.98,2.16,168.26,27.8,,,,,,,,,,,,,,,,
EXO,102522530,,,,,,,,,,,,SAFE,2.159,1.587,0.997,0.205,0.04,-0.0,0.0,0.0,-0.02,0.0,0.0,0.0,0.0,0.0,0.0
IMU,102595354.0,1,-0.0396,-1.0034,0.0747,-9.16,-1.71,-0.55,-85.94,1.76,106.52,26.3,,,,,,,,,,,,,,,,
IMU,102604702.0,2,-0.0493,-1.0029,0.0532,-8.79,-3.48,-1.22,-88.86,1.91,168.22,27.8,,,,,,,,,,,,,,,,
EXO,102622791,,,,,,,,,,,,SAFE,1.906,-3.479,1.006,0.205,-0.009,-0.0,0.0,0.0,0.044,0.0,0.0,0.0,0.0,0.0,0.0
IMU,102695554.0,1,-0.0469,-0.9971,0.0879,3.05,-1.83,0.67,-86.11,1.8,106.85,26.2,,,,,,,,,,,,,,,,
IMU,102704630.0,2,-0.0474,-1.0,0.0361,2.99,-1.46,0.55,-88.91,1.97,168.58,27.7,,,,,,,,,,,,,,,,
EXO,102722456,,,,,,,,,,,,SAFE,1.967,-1.465,1.002,0.205,-0.065,-0.0,0.0,0.0,-0.006,0.0,0.0,0.0,0.0,0.0,0.0
IMU,102795722.0,1,-0.0205,-0.999,0.0645,1.04,-2.62,2.26,-85.86,1.9,107.01,26.4,,,,,,,,,,,,,,,,
IMU,102804546.0,2,-0.0366,-1.001,0.0068,0.55,-2.62,2.87,-88.66,2.12,168.78,27.8,,,,,,,,,,,,,,,,
EXO,102822439,,,,,,,,,,,,SAFE,2.12,-2.625,1.002,0.205,-0.175,-0.0,0.0,0.0,0.009,0.0,0.0,0.0,0.0,0.0,0.0
IMU,102895920.0,1,-0.0356,-0.9868,0.0728,-1.1,-0.24,-0.49,-85.83,2.07,107.08,26.1,,,,,,,,,,,,,,,,
IMU,102904441.0,2,-0.0322,-0.9868,0.0107,-1.28,-0.06,-0.92,-88.68,2.26,168.84,27.8,,,,,,,,,,,,,,,,
EXO,102922814,,,,,,,,,,,,SAFE,2.258,-0.061,0.987,0.205,0.061,-0.0,0.0,0.0,-0.015,0.0,0.0,0.0,0.0,0.0,0.0
IMU,102996071.0,1,-0.0303,-1.002,0.0649,-1.34,-1.28,-0.67,-86.07,2.01,107.05,26.2,,,,,,,,,,,,,,,,
IMU,103004354.0,2,-0.0493,-1.0078,0.0425,-0.73,-0.79,-0.79,-88.92,2.18,168.83,27.6,,,,,,,,,,,,,,,,
EXO,103022794,,,,,,,,,,,,SAFE,2.181,-0.793,1.01,0.205,0.084,-0.0,0.0,0.0,0.003,0.0,0.0,0.0,0.0,0.0,0.0
IMU,103096233.0,1,-0.0342,-0.9961,0.0649,1.46,-1.28,-0.06,-85.93,2.02,106.98,26.1,,,,,,,,,,,,,,,,
IMU,103104269.0,2,-0.042,-0.998,0.0132,0.85,-1.46,0.06,-88.77,2.21,168.79,27.8,,,,,,,,,,,,,,,,
EXO,103122547,,,,,,,,,,,,SAFE,2.214,-1.465,0.999,0.205,-0.062,-0.0,0.0,0.0,0.042,0.0,0.0,0.0,0.0,0.0,0.0
IMU,103196408.0,1,-0.0312,-0.9932,0.0674,-2.5,0.37,-0.55,-85.96,2.03,107.0,26.2,,,,,,,,,,,,,,,,
IMU,103204179.0,2,-0.0342,-0.9961,0.0146,-2.75,0.31,-0.43,-88.83,2.22,168.81,27.6,,,,,,,,,,,,,,,,
EXO,103222780,,,,,,,,,,,,SAFE,2.225,0.305,0.997,0.205,0.001,-0.0,0.0,0.0,-0.015,0.0,0.0,0.0,0.0,0.0,0.0
IMU,103296622.0,1,-0.0312,-1.0024,0.0747,-1.53,0.73,-1.16,-86.14,1.94,107.0,26.2,,,,,,,,,,,,,,,,
IMU,103304097.0,2,-0.0356,-1.0044,0.0205,-1.83,1.53,-1.53,-89.0,2.12,168.81,27.7,,,,,,,,,,,,,,,,
EXO,103322804,,,,,,,,,,,,SAFE,2.12,1.526,1.005,0.205,-0.119,-0.0,0.0,0.0,0.002,0.0,0.0,0.0,0.0,0.0,0.0
IMU,103396783.0,1,-0.0347,-1.0073,0.0762,0.61,-2.99,-0.79,-86.18,1.81,106.97,26.4,,,,,,,,,,,,,,,,
IMU,103404004.0,2,-0.0464,-1.0107,0.021,0.73,-2.99,-0.67,-89.01,1.99,168.84,27.9,,,,,,,,,,,,,,,,
EXO,103422663,,,,,,,,,,,,SAFE,1.994,-2.991,1.012,0.205,-0.025,-0.0,0.0,0.0,-0.01,0.0,0.0,0.0,0.0,0.0,0.0
IMU,103496957.0,1,-0.0269,-1.001,0.0732,0.43,-2.44,0.98,-86.13,1.88,107.08,26.2,,,,,,,,,,,,,,,,
IMU,103503915.0,2,-0.0337,-1.0015,0.0229,0.12,-2.5,0.67,-88.96,2.08,168.96,27.8,,,,,,,,,,,,,,,,
EXO,103522460,,,,,,,,,,,,SAFE,2.082,-2.502,1.002,0.205,-0.045,-0.0,0.0,0.0,-0.002,0.0,0.0,0.0,0.0,0.0,0.0
IMU,103597154.0,1,-0.0366,-0.9907,0.0762,2.75,-1.34,1.28,-85.95,1.94,107.19,26.2,,,,,,,,,,,,,,,,
IMU,103603831.0,2,-0.0493,-0.9917,0.0146,3.05,-1.22,1.22,-88.78,2.18,169.07,27.8,,,,,,,,,,,,,,,,
EXO,103622469,,,,,,,,,,,,SAFE,2.175,-1.221,0.993,0.205,0.026,-0.0,0.0,0.0,-0.028,0.0,0.0,0.0,0.0,0.0,0.0
IMU,103697318.0,1,-0.0317,-1.0078,0.061,-1.59,1.89,-0.73,-85.9,1.98,107.19,26.2,,,,,,,,,,,,,,,,
IMU,103703737.0,2,-0.0425,-1.0098,-0.0039,-1.46,2.69,-1.1,-88.72,2.2,169.06,27.7,,,,,,,,,,,,,,,,
EXO,103722733,,,,,,,,,,,,SAFE,2.197,2.686,1.011,0.205,0.079,-0.0,0.0,0.0,0.0,0.0,0.0,0.0,0.0,0.0,0.0
IMU,103797509.0,1,-0.0391,-0.9917,0.0664,-2.26,-0.37,1.83,-86.2,2.05,107.14,26.2,,,,,,,,,,,,,,,,
IMU,103803651.0,2,-0.0488,-0.9941,0.0342,-2.01,-0.61,1.77,-89.06,2.28,169.03,27.7,,,,,,,,,,,,,,,,
EXO,103822647,,,,,,,,,,,,SAFE,2.28,-0.61,0.996,0.205,-0.01,-0.0,0.0,0.0,0.02,0.0,0.0,0.0,0.0,0.0,0.0
IMU,103897712.0,1,-0.0327,-0.9927,0.0737,1.95,-3.85,0.92,-86.15,2.17,107.35,26.2,,,,,,,,,,,,,,,,
IMU,103903574.0,2,-0.041,-0.9971,0.02,2.26,-3.66,0.67,-88.95,2.4,169.26,27.8,,,,,,,,,,,,,,,,
EXO,103922457,,,,,,,,,,,,SAFE,2.401,-3.662,0.998,0.205,-0.017,-0.0,0.0,0.0,-0.008,0.0,0.0,0.0,0.0,0.0,0.0
IMU,103997873.0,1,-0.043,-1.0005,0.1035,-5.98,-1.59,0.49,-86.2,2.29,107.48,26.2,,,,,,,,,,,,,,,,
IMU,104003482.0,2,-0.0347,-1.0059,0.0132,-7.32,-1.95,-0.37,-89.04,2.52,169.39,27.8,,,,,,,,,,,,,,,,
EXO,104022688,,,,,,,,,,,,SAFE,2.516,-1.953,1.007,0.205,0.099,-0.0,0.0,0.0,-0.04,0.0,0.0,0.0,0.0,0.0,0.0
IMU,104098069.0,1,-0.0396,-1.0112,0.0522,-0.37,9.09,4.76,-86.7,2.47,107.3,26.2,,,,,,,,,,,,,,,,
IMU,104103405.0,2,-0.0278,-1.0063,0.0303,-0.49,9.22,5.07,-89.59,2.7,169.19,27.7,,,,,,,,,,,,,,,,
EXO,104122433,,,,,,,,,,,,SAFE,2.703,9.216,1.007,0.205,-0.011,-0.0,0.0,0.0,-0.003,0.0,0.0,0.0,0.0,0.0,0.0
IMU,104198237.0,1,-0.0557,-0.9653,0.0439,1.53,8.54,0.92,-86.54,2.63,106.21,26.1,,,,,,,,,,,,,,,,
IMU,104203322.0,2,-0.042,-0.9639,-0.0298,0.85,8.42,1.1,-89.41,2.85,168.11,27.8,,,,,,,,,,,,,,,,
EXO,104222360,,,,,,,,,,,,SAFE,2.845,8.423,0.965,0.205,-0.099,-0.0,0.0,0.0,-0.01,0.0,0.0,0.0,0.0,0.0,0.0
IMU,104298419.0,1,-0.0596,-0.9844,0.0571,-8.42,0.18,-1.04,-87.06,2.58,105.79,26.2,,,,,,,,,,,,,,,,
IMU,104303239.0,2,-0.0742,-0.9907,0.0068,-8.18,0.37,-1.28,-89.99,2.73,167.74,27.6,,,,,,,,,,,,,,,,
EXO,104322605,,,,,,,,,,,,SAFE,2.73,0.366,0.994,0.205,-0.057,-0.0,0.0,0.0,0.015,0.0,0.0,0.0,0.0,0.0,0.0
IMU,104398616.0,1,-0.0474,-1.0186,0.043,-0.73,-0.37,1.46,-87.6,2.62,105.72,26.3,,,,,,,,,,,,,,,,
IMU,104403168.0,2,-0.0659,-1.0171,0.0264,-0.43,-0.37,1.4,-90.51,2.76,167.69,27.7,,,,,,,,,,,,,,,,
EXO,104422628,,,,,,,,,,,,SAFE,2.758,-0.366,1.02,0.205,0.058,-0.0,0.0,0.0,0.02,0.0,0.0,0.0,0.0,0.0,0.0
IMU,104498773.0,1,-0.0562,-0.9956,0.0474,5.37,1.34,3.54,-87.2,2.93,105.68,26.2,,,,,,,,,,,,,,,,
IMU,104503102.0,2,-0.0571,-1.0,-0.0098,5.55,1.83,3.6,-90.09,3.12,167.66,27.8,,,,,,,,,,,,,,,,
EXO,104522365,,,,,,,,,,,,SAFE,3.12,1.831,1.002,0.205,-0.002,-0.0,0.0,0.0,-0.001,0.0,0.0,0.0,0.0,0.0,0.0
IMU,104598956.0,1,-0.0527,-1.0,0.0396,-0.24,4.15,-0.37,-86.95,3.13,105.43,26.1,,,,,,,,,,,,,,,,
IMU,104603015.0,2,-0.0537,-1.0015,-0.0244,-0.06,4.64,-0.49,-89.86,3.3,167.4,27.9,,,,,,,,,,,,,,,,
EXO,104622693,,,,,,,,,,,,SAFE,3.301,4.639,1.003,0.205,0.019,-0.0,0.0,0.0,0.018,0.0,0.0,0.0,0.0,0.0,0.0
IMU,104699145.0,1,-0.0557,-0.9863,0.0449,1.4,1.59,0.43,-86.98,3.08,105.0,26.2,,,,,,,,,,,,,,,,
IMU,104702936.0,2,-0.064,-0.9854,-0.0015,1.1,1.59,0.24,-89.9,3.24,166.97,27.7,,,,,,,,,,,,,,,,
EXO,104722371,,,,,,,,,,,,SAFE,3.241,1.587,0.987,0.205,-0.23,-0.0,0.0,0.0,0.004,0.0,0.0,0.0,0.0,0.0,0.0
IMU,104799331.0,1,-0.0493,-0.9858,0.0596,0.79,-2.87,-1.28,-86.79,3.09,104.96,26.2,,,,,,,,,,,,,,,,
IMU,104802855.0,2,-0.0522,-0.9888,-0.0132,1.83,-2.93,-1.28,-89.69,3.25,166.94,27.6,,,,,,,,,,,,,,,,
EXO,104822700,,,,,,,,,,,,SAFE,3.252,-2.93,0.99,0.205,-0.06,-0.0,0.0,0.0,0.007,0.0,0.0,0.0,0.0,0.0,0.0
IMU,104899579.0,1,-0.0396,-1.0039,0.0396,-4.33,-1.83,-3.05,-87.08,2.9,104.97,26.2,,,,,,,,,,,,,,,,
IMU,104902766.0,2,-0.0483,-1.0063,-0.0029,-3.78,-2.26,-3.54,-90.02,3.03,166.95,27.8,,,,,,,,,,,,,,,,
EXO,104922892,,,,,,,,,,,,SAFE,3.032,-2.258,1.008,0.205,0.143,-0.0,0.0,0.0,-0.022,0.0,0.0,0.0,0.0,0.0,0.0
IMU,104999691.0,1,-0.0474,-0.9941,0.0469,-3.05,-0.12,-1.22,-87.46,2.75,105.03,26.1,,,,,,,,,,,,,,,,
IMU,105002680.0,2,-0.0449,-0.9917,0.0205,-1.28,-0.67,-1.22,-90.39,2.86,167.02,27.8,,,,,,,,,,,,,,,,
EXO,105022779,,,,,,,,,,,,SAFE,2.862,-0.671,0.993,0.205,-0.025,-0.0,0.0,0.0,-0.022,0.0,0.0,0.0,0.0,0.0,0.0
IMU,105099860.0,1,-0.0444,-1.0024,0.0449,1.22,2.26,-2.69,-87.48,2.58,104.96,26.1,,,,,,,,,,,,,,,,
IMU,105102601.0,2,-0.0479,-1.0024,0.0054,1.89,2.2,-2.5,-90.37,2.7,166.95,27.8,,,,,,,,,,,,,,,,
EXO,105122429,,,,,,,,,,,,SAFE,2.697,2.197,1.004,0.205,0.104,-0.0,0.0,0.0,0.007,0.0,0.0,0.0,0.0,0.0,0.0
IMU,105200027.0,1,-0.04,-0.9956,0.042,4.15,-0.61,-0.49,-87.14,2.43,104.95,26.3,,,,,,,,,,,,,,,,
IMU,105202502.0,2,-0.0444,-0.9961,-0.0088,4.64,-0.24,-0.12,-89.97,2.58,166.94,27.7,,,,,,,,,,,,,,,,
EXO,105222701,,,,,,,,,,,,SAFE,2.582,-0.244,0.997,0.205,-0.13,-0.0,0.0,0.0,0.012,0.0,0.0,0.0,0.0,0.0,0.0
IMU,105300213.0,1,-0.0474,-0.9868,0.0508,1.22,-7.14,-3.54,-86.88,2.25,105.21,26.2,,,,,,,,,,,,,,,,
IMU,105302414.0,2,-0.0449,-0.9873,-0.0039,2.08,-6.84,-3.78,-89.68,2.41,167.2,27.7,,,,,,,,,,,,,,,,
EXO,105322682,,,,,,,,,,,,SAFE,2.406,-6.836,0.988,0.205,0.087,-0.0,0.0,0.0,0.003,0.0,0.0,0.0,0.0,0.0,0.0
IMU,105400405.0,1,-0.0259,-1.0034,0.0542,2.01,-6.77,-3.91,-86.75,1.74,106.08,26.1,,,,,,,,,,,,,,,,
IMU,105402332.0,2,-0.0542,-1.0039,0.0093,2.62,-6.16,-3.85,-89.51,1.88,168.06,27.8,,,,,,,,,,,,,,,,
EXO,105422634,,,,,,,,,,,,SAFE,1.884,-6.165,1.005,0.205,0.028,-0.0,0.0,0.0,-0.004,0.0,0.0,0.0,0.0,0.0,0.0
IMU,105500580.0,1,-0.0303,-0.999,0.0757,0.37,-1.46,0.24,-86.61,1.63,106.35,26.1,,,,,,,,,,,,,,,,
IMU,105502217.0,2,-0.0342,-1.001,0.0132,0.49,-1.4,0.0,-89.34,1.82,168.32,27.7,,,,,,,,,,,,,,,,
EXO,105522444,,,,,,,,,,,,SAFE,1.818,-1.404,1.002,0.205,0.046,-0.0,0.0,0.0,-0.001,0.0,0.0,0.0,0.0,0.0,0.0
IMU,105600763.0,1,-0.0171,-1.0176,0.0576,-2.14,2.5,-0.92,-86.74,1.63,106.31,26.2,,,,,,,,,,,,,,,,
IMU,105602173.0,2,-0.0098,-1.0176,0.0181,-2.62,2.5,-0.73,-89.48,1.83,168.27,27.7,,,,,,,,,,,,,,,,
EXO,105622609,,,,,,,,,,,,SAFE,1.829,2.502,1.018,0.205,-0.017,-0.0,0.0,0.0,-0.003,0.0,0.0,0.0,0.0,0.0,0.0
IMU,105700938.0,1,-0.0391,-0.9932,0.0581,2.69,1.95,0.18,-86.69,1.54,106.03,26.2,,,,,,,,,,,,,,,,
IMU,105702087.0,2,-0.0454,-0.9941,0.0215,2.44,1.77,0.61,-89.45,1.74,168.01,27.6,,,,,,,,,,,,,,,,
EXO,105722278,,,,,,,,,,,,SAFE,1.741,1.77,0.995,0.205,-0.025,-0.0,0.0,0.0,-0.011,0.0,0.0,0.0,0.0,0.0,0.0
IMU,105801123.0,1,-0.0186,-0.9966,0.0669,0.43,0.85,1.59,-86.46,1.63,106.01,26.1,,,,,,,,,,,,,,,,
IMU,105802004.0,2,-0.0405,-0.999,0.0024,0.55,0.98,2.01,-89.22,1.86,167.99,27.7,,,,,,,,,,,,,,,,
EXO,105822272,,,,,,,,,,,,SAFE,1.862,0.977,1.0,0.205,0.295,-0.0,0.0,0.0,-0.008,0.0,0.0,0.0,0.0,0.0,0.0
IMU,105901307.0,1,-0.0239,-0.9985,0.0483,-0.31,2.5,1.28,-86.53,1.8,105.91,26.2,,,,,,,,,,,,,,,,
IMU,105901917.0,2,-0.0259,-0.998,0.0161,-0.85,2.62,1.04,-89.32,2.04,167.9,27.7,,,,,,,,,,,,,,,,
EXO,105922449,,,,,,,,,,,,SAFE,2.038,2.625,0.999,0.205,-0.019,-0.0,0.0,0.0,-0.013,0.0,0.0,0.0,0.0,0.0,0.0
IMU,106001490.0,1,-0.0264,-0.999,0.0664,-0.92,-1.89,-0.43,-86.5,1.77,106.03,26.2,,,,,,,,,,,,,,,,
IMU,106001832.0,2,-0.0439,-1.0,0.0054,-0.49,-2.14,-0.55,-89.26,2.0,168.02,27.8,,,,,,,,,,,,,,,,
EXO,106022779,,,,,,,,,,,,SAFE,2.0,-2.136,1.001,0.205,-0.109,-0.0,0.0,0.0,-0.007,0.0,0.0,0.0,0.0,0.0,0.0
IMU,106101706.0,1,-0.0312,-1.0059,0.0566,-1.16,0.12,1.1,-86.64,1.8,105.97,26.2,,,,,,,,,,,,,,,,
IMU,106101854.0,2,-0.0273,-1.0059,0.0122,-1.46,0.18,1.28,-89.42,2.03,167.96,27.9,,,,,,,,,,,,,,,,
EXO,106122599,,,,,,,,,,,,SAFE,2.027,0.183,1.006,0.205,0.011,-0.0,0.0,0.0,-0.009,0.0,0.0,0.0,0.0,0.0,0.0
IMU,106201930.0,1,-0.041,-0.9863,0.0728,1.77,-0.73,0.37,-86.52,1.92,106.07,26.2,,,,,,,,,,,,,,,,
IMU,106201777.0,2,-0.043,-0.9878,0.0117,1.59,-0.67,0.18,-89.29,2.15,168.05,27.6,,,,,,,,,,,,,,,,
EXO,106222486,,,,,,,,,,,,SAFE,2.153,-0.671,0.989,0.205,-0.038,-0.0,0.0,0.0,-0.009,0.0,0.0,0.0,0.0,0.0,0.0
IMU,106301973.0,1,-0.0366,-0.998,0.0625,-1.65,1.65,-0.73,-86.53,1.92,106.11,26.1,,,,,,,,,,,,,,,,
IMU,106301664.0,2,-0.0273,-0.9976,0.0059,-1.59,1.77,-0.61,-89.31,2.15,168.1,27.8,,,,,,,,,,,,,,,,
EXO,106322601,,,,,,,,,,,,SAFE,2.148,1.77,0.998,0.205,-0.056,-0.0,0.0,0.0,0.003,0.0,0.0,0.0,0.0,0.0,0.0
IMU,106402164.0,1,-0.0391,-1.0,0.0635,-0.49,0.43,0.98,-86.73,1.86,105.99,26.1,,,,,,,,,,,,,,,,
IMU,106401611.0,2,-0.041,-0.999,0.0283,-0.79,0.43,0.79,-89.52,2.07,167.98,27.9,,,,,,,,,,,,,,,,
EXO,106422493,,,,,,,,,,,,SAFE,2.071,0.427,1.0,0.205,-0.065,-0.0,0.0,0.0,0.013,0.0,0.0,0.0,0.0,0.0,0.0
IMU,106502357.0,1,-0.0254,-1.0044,0.0581,1.95,1.95,0.18,-86.59,1.89,105.98,26.2,,,,,,,,,,,,,,,,
IMU,106501504.0,2,-0.0264,-1.0068,0.0,2.08,2.01,0.12,-89.38,2.11,167.98,27.9,,,,,,,,,,,,,,,,
EXO,106522286,,,,,,,,,,,,SAFE,2.115,2.014,1.007,0.205,-0.015,-0.0,0.0,0.0,-0.015,0.0,0.0,0.0,0.0,0.0,0.0
IMU,106602553.0,1,-0.0376,-0.9849,0.0537,-0.37,3.6,1.16,-86.56,1.98,105.74,26.2,,,,,,,,,,,,,,,,
IMU,106601436.0,2,-0.0264,-0.9854,0.0083,-1.1,3.97,0.79,-89.36,2.21,167.74,27.7,,,,,,,,,,,,,,,,
EXO,106622452,,,,,,,,,,,,SAFE,2.214,3.967,0.986,0.205,-0.079,-0.0,0.0,0.0,-0.017,0.0,0.0,0.0,0.0,0.0,0.0
IMU,106702725.0,1,-0.0293,-1.0146,0.0571,-2.62,0.61,-4.27,-86.71,1.8,105.62,26.2,,,,,,,,,,,,,,,,
IMU,106701358.0,2,-0.0386,-1.0132,0.0059,-2.87,0.92,-4.82,-89.52,2.01,167.63,27.8,,,,,,,,,,,,,,,,
EXO,106722636,,,,,,,,,,,,SAFE,2.01,0.916,1.014,0.205,0.104,-0.0,0.0,0.0,-0.004,0.0,0.0,0.0,0.0,0.0,0.0
IMU,106802910.0,1,-0.0234,-1.0122,0.0547,0.55,2.26,0.92,-86.81,1.71,105.58,26.4,,,,,,,,,,,,,,,,
IMU,106801274.0,2,-0.0396,-1.0127,0.0156,0.18,2.2,1.04,-89.61,1.91,167.6,27.7,,,,,,,,,,,,,,,,
EXO,106822288,,,,,,,,,,,,SAFE,1.906,2.197,1.014,0.205,-0.003,-0.0,0.0,0.0,-0.02,0.0,0.0,0.0,0.0,0.0,0.0
IMU,106903093.0,1,-0.0308,-0.9858,0.0645,1.95,-0.85,2.26,-86.63,1.88,105.56,26.2,,,,,,,,,,,,,,,,
IMU,106901206.0,2,-0.0288,-0.9863,0.0073,2.26,-1.28,2.44,-89.45,2.11,167.57,27.7,,,,,,,,,,,,,,,,
EXO,106922453,,,,,,,,,,,,SAFE,2.109,-1.282,0.987,0.205,-0.015,-0.0,0.0,0.0,-0.003,0.0,0.0,0.0,0.0,0.0,0.0
IMU,107003274.0,1,-0.021,-1.001,0.0532,-0.24,2.08,-0.92,-86.59,1.91,105.31,26.2,,,,,,,,,,,,,,,,
IMU,107001111.0,2,-0.0293,-1.0015,-0.0015,-0.24,2.38,-1.04,-89.41,2.14,167.33,27.8,,,,,,,,,,,,,,,,
EXO,107022688,,,,,,,,,,,,SAFE,2.142,2.38,1.002,0.205,-0.021,-0.0,0.0,0.0,0.018,0.0,0.0,0.0,0.0,0.0,0.0
IMU,107103464.0,1,-0.0474,-0.9858,0.0542,-0.37,0.55,-0.24,-86.68,1.92,105.14,26.1,,,,,,,,,,,,,,,,
IMU,107101057.0,2,-0.0361,-0.9844,0.0127,-0.24,0.92,0.18,-89.52,2.14,167.16,27.6,,,,,,,,,,,,,,,,
EXO,107122525,,,,,,,,,,,,SAFE,2.137,0.916,0.985,0.205,-0.01,-0.0,0.0,0.0,-0.0,0.0,0.0,0.0,0.0,0.0,0.0
IMU,107203649.0,1,-0.0283,-1.0122,0.0522,-2.5,1.28,-0.12,-86.8,1.92,105.16,26.2,,,,,,,,,,,,,,,,
IMU,107200930.0,2,-0.0264,-1.0107,0.0049,-2.62,1.34,0.0,-89.62,2.14,167.18,27.8,,,,,,,,,,,,,,,,
EXO,107222562,,,,,,,,,,,,SAFE,2.142,1.343,1.011,0.205,0.054,-0.0,0.0,0.0,-0.023,0.0,0.0,0.0,0.0,0.0,0.0
IMU,107303830.0,1,-0.04,-1.0083,0.0635,0.67,3.48,-1.83,-86.88,1.83,105.0,26.2,,,,,,,,,,,,,,,,
IMU,107300888.0,2,-0.0415,-1.0068,0.0103,0.12,3.17,-1.53,-89.72,2.04,167.03,27.9,,,,,,,,,,,,,,,,
EXO,107322433,,,,,,,,,,,,SAFE,2.038,3.174,1.008,0.205,-0.056,-0.0,0.0,0.0,0.041,0.0,0.0,0.0,0.0,0.0,0.0
IMU,107404021.0,1,-0.0684,-1.0249,0.082,-5.0,10.38,-4.39,-86.97,1.65,104.44,26.2,,,,,,,,,,,,,,,,
IMU,107400824.0,2,-0.0312,-1.0264,-0.0083,-4.21,9.16,-4.03,-89.78,1.85,166.5,27.6,,,,,,,,,,,,,,,,
EXO,107422846,,,,,,,,,,,,SAFE,1.846,9.155,1.027,0.205,0.018,-0.0,0.0,0.0,-0.009,0.0,0.0,0.0,0.0,0.0,0.0
IMU,107504206.0,1,-0.0005,-0.9951,0.0493,-8.0,1.16,-2.99,-87.73,1.07,103.61,26.2,,,,,,,,,,,,,,,,
IMU,107500757.0,2,-0.0581,-0.9985,0.0166,-8.48,0.85,-3.72,-90.57,1.19,165.66,27.7,,,,,,,,,,,,,,,,
EXO,107522668,,,,,,,,,,,,SAFE,1.187,0.854,1.0,0.205,0.108,-0.0,0.0,0.0,-0.019,0.0,0.0,0.0,0.0,0.0,0.0
IMU,107604388.0,1,-0.0024,-0.9868,0.0405,5.68,-22.89,-4.46,-87.78,0.99,104.41,26.4,,,,,,,,,,,,,,,,
IMU,107600647.0,2,0.0244,-0.9858,0.0347,5.86,-23.32,-4.39,-90.67,1.15,166.36,27.6,,,,,,,,,,,,,,,,
EXO,107622720,,,,,,,,,,,,SAFE,1.154,-23.315,0.987,0.205,-0.038,-0.0,0.0,0.0,0.015,0.0,0.0,0.0,0.0,0.0,0.0
IMU,107704569.0,1,0.0098,-0.9927,0.0234,12.51,-0.37,-1.71,-86.78,0.55,104.95,26.2,,,,,,,,,,,,,,,,
IMU,107700560.0,2,0.0132,-0.9951,-0.0205,13.18,1.28,-0.85,-89.55,0.76,166.98,27.9,,,,,,,,,,,,,,,,
EXO,107722640,,,,,,,,,,,,SAFE,0.764,1.282,0.995,0.205,0.014,-0.0,0.0,0.0,0.035,0.0,0.0,0.0,0.0,0.0,0.0
IMU,107804726.0,1,0.0273,-0.978,0.043,2.44,-4.7,-0.37,-86.09,0.2,105.53,26.0,,,,,,,,,,,,,,,,
IMU,107800460.0,2,-0.002,-0.9819,-0.0205,3.05,-4.03,-0.92,-88.72,0.44,167.53,27.8,,,,,,,,,,,,,,,,
EXO,107822624,,,,,,,,,,,,SAFE,0.445,-4.028,0.982,0.205,-0.182,-0.0,0.0,0.0,0.01,0.0,0.0,0.0,0.0,0.0,0.0
IMU,107904893.0,1,0.0024,-1.0039,0.04,-1.28,-3.42,-1.1,-86.23,0.13,105.92,26.3,,,,,,,,,,,,,,,,
IMU,107900380.0,2,0.0093,-0.999,0.0083,-1.22,-3.72,-0.73,-88.86,0.39,167.9,27.8,,,,,,,,,,,,,,,,
EXO,107922618,,,,,,,,,,,,SAFE,0.39,-3.723,0.999,0.205,-0.044,-0.0,0.0,0.0,0.016,0.0,0.0,0.0,0.0,0.0,0.0
IMU,108005072.0,1,-0.0161,-0.9951,0.0684,-2.08,-1.1,-4.09,-86.39,-0.25,105.81,26.3,,,,,,,,,,,,,,,,
IMU,108000280.0,2,-0.0137,-0.9971,0.0005,-1.28,-0.18,-4.39,-89.01,0.0,167.79,27.7,,,,,,,,,,,,,,,,
EXO,108022883,,,,,,,,,,,,SAFE,0.0,-0.183,0.997,0.205,-0.018,-0.0,0.0,0.0,-0.013,0.0,0.0,0.0,0.0,0.0,0.0
IMU,108105231.0,1,-0.0005,-0.9888,0.0654,-16.11,-5.07,2.08,-87.29,-0.35,105.9,26.1,,,,,,,,,,,,,,,,
IMU,108100203.0,2,-0.0068,-0.9897,-0.0015,-19.9,-2.38,0.73,-90.09,-0.18,167.83,27.7,,,,,,,,,,,,,,,,
EXO,108123050,,,,,,,,,,,,SAFE,-0.181,-2.38,0.99,0.205,-0.009,-0.0,0.0,0.0,0.022,0.0,0.0,0.0,0.0,0.0,0.0
IMU,108205405.0,1,0.0205,-1.0317,0.0596,4.39,-6.65,-4.03,-88.05,-0.47,107.28,26.3,,,,,,,,,,,,,,,,
IMU,108200124.0,2,0.0068,-1.0259,0.0977,5.86,-6.71,-3.78,-90.79,-0.31,169.29,27.7,,,,,,,,,,,,,,,,
EXO,108222630,,,,,,,,,,,,SAFE,-0.308,-6.714,1.031,0.205,0.089,-0.0,0.0,0.0,-0.022,0.0,0.0,0.0,0.0,0.0,0.0
IMU,108305587.0,1,0.04,-1.019,0.0767,10.38,-3.48,0.55,-87.04,-0.82,107.79,26.3,,,,,,,,,,,,,,,,
IMU,108300044.0,2,0.0049,-1.0234,0.0356,11.78,-3.05,0.85,-89.66,-0.62,169.81,27.8,,,,,,,,,,,,,,,,
EXO,108322598,,,,,,,,,,,,SAFE,-0.621,-3.052,1.024,0.205,-0.05,-0.0,0.0,0.0,0.013,0.0,0.0,0.0,0.0,0.0,0.0
IMU,108405760.0,1,-0.0581,-1.042,0.1006,-9.64,25.7,14.89,-86.62,-0.25,106.87,26.1,,,,,,,,,,,,,,,,
IMU,108399956.0,2,0.0967,-0.9888,-0.1821,-12.02,20.39,27.77,-89.44,0.35,169.0,27.8,,,,,,,,,,,,,,,,
EXO,108422977,,,,,,,,,,,,SAFE,0.352,20.386,1.01,0.204,0.182,-0.0,0.0,0.0,-0.0,0.0,0.0,0.0,0.0,0.0,0.0
IMU,108505947.0,1,0.0298,-0.9453,-0.0195,0.24,-22.52,-10.07,-87.97,0.46,107.51,26.3,,,,,,,,,,,,,,,,
IMU,108499871.0,2,-0.2168,-0.9688,0.082,-5.86,-23.07,-18.07,-90.76,0.75,169.39,27.7,,,,,,,,,,,,,,,,
EXO,108523076,,,,,,,,,,,,SAFE,0.753,-23.071,0.996,0.205,0.124,-0.0,0.0,0.0,0.003,0.0,0.0,0.0,0.0,0.0,0.0
IMU,108606119.0,1,-0.0015,-0.9624,0.0918,-5.8,11.11,-8.61,-87.85,-0.73,106.91,26.1,,,,,,,,,,,,,,,,
IMU,108599791.0,2,-0.0239,-0.9297,0.0234,-4.76,11.29,-8.91,-90.58,-0.52,168.99,27.8,,,,,,,,,,,,,,,,
EXO,108623003,,,,,,,,,,,,SAFE,-0.516,11.292,0.93,0.205,-0.075,-0.0,0.0,0.0,0.052,0.0,0.0,0.0,0.0,0.0,0.0
IMU,108706291.0,1,-0.0283,-1.0361,-0.002,-4.33,-4.58,-0.18,-88.67,-0.89,106.12,26.3,,,,,,,,,,,,,,,,
IMU,108699695.0,2,-0.0127,-1.0312,0.019,0.37,-2.44,-0.61,-91.57,-0.76,168.14,27.7,,,,,,,,,,,,,,,,
EXO,108722984,,,,,,,,,,,,SAFE,-0.758,-2.441,1.032,0.207,0.104,-0.0,0.0,0.0,-0.034,0.0,0.0,0.0,0.0,0.0,0.0
IMU,108806462.0,1,0.0317,-0.9546,0.04,17.09,5.55,2.93,-87.53,-1.26,106.88,26.3,,,,,,,,,,,,,,,,
IMU,108799683.0,2,0.02,-0.9678,-0.0034,5.98,11.72,-35.71,-90.78,-2.1,168.99,27.8,,,,,,,,,,,,,,,,
EXO,108822733,,,,,,,,,,,,SAFE,-2.104,11.719,0.968,0.294,1.384,-0.0,0.0,0.0,-0.049,0.0,0.0,0.0,0.0,0.0,0.0
IMU,108906639.0,1,0.0249,-0.9595,0.0229,-8.0,9.22,3.42,-87.31,-0.98,107.39,26.3,,,,,,,,,,,,,,,,
IMU,108899603.0,2,0.2422,-0.9785,-0.0518,-9.52,5.68,-96.62,-90.68,-8.76,169.67,27.7,,,,,,,,,,,,,,,,
EXO,108922727,,,,,,,,,,,,SAFE,-8.756,5.676,1.009,0.482,2.128,-0.0,0.0,0.0,-0.136,0.0,0.0,0.0,0.0,0.0,0.0
IMU,109006801.0,1,0.0117,-1.0293,0.0532,-4.7,2.81,3.54,-88.2,-0.65,106.75,26.3,,,,,,,,,,,,,,,,
IMU,108999507.0,2,0.3516,-1.0112,0.0347,2.87,0.79,-123.47,-90.93,-19.82,169.27,27.8,,,,,,,,,,,,,,,,
EXO,109022729,,,,,,,,,,,,SAFE,-19.825,0.793,1.071,0.704,2.223,-0.0,0.0,0.0,0.049,0.0,0.0,0.0,0.0,0.0,0.0
IMU,109106976.0,1,-0.0015,-1.0493,0.0269,3.11,8.85,13.61,-88.17,0.08,106.16,26.1,,,,,,,,,,,,,,,,
IMU,109099379.0,2,0.4609,-0.9141,0.0146,5.98,10.13,-106.69,-90.18,-31.11,168.69,27.8,,,,,,,,,,,,,,,,
EXO,109122781,,,,,,,,,,,,SAFE,-31.108,10.132,1.024,0.905,1.838,-0.0,0.0,0.0,-0.003,0.0,0.0,0.0,0.0,0.0,0.0
IMU,109207152.0,1,-0.0054,-0.9697,0.0215,4.15,9.34,13.37,-87.79,1.2,106.31,26.2,,,,,,,,,,,,,,,,
IMU,109199290.0,2,0.5459,-0.7505,-0.0034,5.31,7.32,-82.89,-88.8,-40.16,168.4,27.7,,,,,,,,,,,,,,,,
EXO,109222725,,,,,,,,,,,,SAFE,-40.155,7.324,0.928,1.063,1.211,-0.0,0.0,0.0,0.044,0.0,0.0,0.0,0.0,0.0,0.0
IMU,109307331.0,1,-0.0234,-0.9956,0.0195,1.1,9.52,2.75,-87.56,1.99,105.65,26.3,,,,,,,,,,,,,,,,
IMU,109299196.0,2,0.6631,-0.6343,-0.0034,-4.21,7.75,-54.69,-87.84,-46.69,167.16,27.7,,,,,,,,,,,,,,,,
EXO,109322715,,,,,,,,,,,,SAFE,-46.692,7.751,0.918,1.155,0.253,-0.0,0.0,0.0,0.144,0.0,0.0,0.0,0.0,0.0,0.0
IMU,109407511.0,1,-0.043,-1.0078,0.0605,-1.28,13.12,2.44,-87.52,2.32,105.14,26.2,,,,,,,,,,,,,,,,
IMU,109399156.0,2,0.7437,-0.625,-0.0557,-5.43,6.84,9.83,-87.5,-49.14,166.37,27.7,,,,,,,,,,,,,,,,
EXO,109422739,,,,,,,,,,,,SAFE,-49.136,6.836,0.973,1.135,-0.226,-0.0,0.0,0.0,-0.054,0.0,0.0,0.0,0.0,0.0,0.0
IMU,109507692.0,1,-0.0464,-1.0039,0.0234,1.77,6.16,3.97,-87.56,2.68,104.23,26.2,,,,,,,,,,,,,,,,
IMU,109499066.0,2,0.7329,-0.6362,0.0596,-10.68,3.91,18.49,-87.98,-47.11,165.69,27.6,,,,,,,,,,,,,,,,
EXO,109522616,,,,,,,,,,,,SAFE,-47.109,3.906,0.972,1.103,-0.754,-0.0,0.0,0.0,0.104,0.0,0.0,0.0,0.0,0.0,0.0
IMU,109607874.0,1,-0.0298,-1.0044,0.0718,-3.66,4.64,5.98,-87.63,3.35,104.0,26.2,,,,,,,,,,,,,,,,
IMU,109598984.0,2,0.7056,-0.7075,-0.0093,-4.58,4.58,72.51,-88.42,-43.31,165.7,27.8,,,,,,,,,,,,,,,,
EXO,109622700,,,,,,,,,,,,SAFE,-43.314,4.578,0.999,0.971,-1.682,-0.0,0.0,0.0,0.131,0.0,0.0,0.0,0.0,0.0,0.0
IMU,109708068.0,1,-0.04,-0.978,0.0464,0.61,3.78,-8.24,-87.89,2.88,104.35,26.2,,,,,,,,,,,,,,,,
IMU,109698876.0,2,0.5322,-0.8013,0.0073,-7.81,2.08,94.42,-89.2,-35.22,166.51,27.7,,,,,,,,,,,,,,,,
EXO,109722605,,,,,,,,,,,,SAFE,-35.217,2.075,0.962,0.778,-2.187,-0.0,0.0,0.0,-0.017,0.0,0.0,0.0,0.0,0.0,0.0
IMU,109808237.0,1,-0.0605,-0.998,0.0342,-3.36,-5.43,-7.57,-88.06,2.17,104.53,26.2,,,,,,,,,,,,,,,,
IMU,109798800.0,2,0.4419,-0.917,-0.0005,-2.56,-6.53,110.9,-89.8,-24.96,166.87,27.7,,,,,,,,,,,,,,,,
EXO,109823050,,,,,,,,,,,,SAFE,-24.961,-6.531,1.018,0.573,-1.928,-0.0,0.0,0.0,0.031,0.0,0.0,0.0,0.0,0.0,0.0
IMU,109908420.0,1,-0.021,-1.0127,0.0493,6.53,-5.68,-4.52,-87.72,1.48,104.93,26.1,,,,,,,,,,,,,,,,
IMU,109898731.0,2,0.2646,-1.0049,0.0005,2.81,-1.59,95.21,-89.86,-15.08,167.26,27.7,,,,,,,,,,,,,,,,
EXO,109922706,,,,,,,,,,,,SAFE,-15.079,-1.587,1.039,0.409,-1.296,-0.0,0.0,0.0,-0.089,0.0,0.0,0.0,0.0,0.0,0.0
IMU,110008612.0,1,-0.0371,-0.9956,0.0415,9.28,-8.12,-3.6,-86.93,1.29,105.61,26.2,,,,,,,,,,,,,,,,
IMU,109998631.0,2,0.2554,-0.9834,0.0405,4.7,-6.47,61.04,-89.2,-7.7,167.78,27.7,,,,,,,,,,,,,,,,
EXO,110022621,,,,,,,,,,,,SAFE,-7.701,-6.47,1.017,0.323,-0.038,-0.0,0.0,0.0,-0.143,0.0,0.0,0.0,0.0,0.0,0.0
IMU,110108783.0,1,-0.0537,-0.9707,0.0249,-4.39,-8.97,4.39,-86.73,1.38,105.14,26.2,,,,,,,,,,,,,,,,
IMU,110098540.0,2,0.1191,-0.9746,-0.0249,-6.04,-0.49,-8.91,-89.19,-5.52,167.37,27.6,,,,,,,,,,,,,,,,
EXO,110122789,,,,,,,,,,,,SAFE,-5.521,-0.488,0.982,0.343,0.181,-0.0,0.0,0.0,0.071,0.0,0.0,0.0,0.0,0.0,0.0
IMU,110208961.0,1,0.0049,-0.9648,0.0649,-0.06,-8.54,-19.71,-87.09,0.32,106.83,26.1,,,,,,,,,,,,,,,,
IMU,110198443.0,2,0.2212,-0.9634,0.019,-4.76,-14.1,-35.28,-89.74,-7.95,169.24,27.8,,,,,,,,,,,,,,,,
EXO,110222986,,,,,,,,,,,,SAFE,-7.954,-14.099,0.989,0.397,1.403,-0.0,0.0,0.0,-0.099,0.0,0.0,0.0,0.0,0.0,0.0
IMU,110309146.0,1,-0.0298,-1.0103,0.043,-7.81,18.31,1.89,-87.45,-0.31,106.4,26.3,,,,,,,,,,,,,,,,
IMU,110298372.0,2,0.291,-1.0093,-0.0112,-6.96,11.11,-85.82,-90.09,-14.12,169.26,27.8,,,,,,,,,,,,,,,,
EXO,110323055,,,,,,,,,,,,SAFE,-14.123,11.108,1.05,0.577,2.242,-0.0,0.0,0.0,-0.029,0.0,0.0,0.0,0.0,0.0,0.0
IMU,110409325.0,1,-0.0068,-1.0195,0.0225,-3.72,-10.56,1.34,-87.93,-0.03,105.78,26.3,,,,,,,,,,,,,,,,
IMU,110398303.0,2,0.4346,-0.9609,0.0293,9.64,-6.23,-135.93,-90.08,-25.33,168.56,27.7,,,,,,,,,,,,,,,,
EXO,110423068,,,,,,,,,,,,SAFE,-25.329,-6.226,1.055,0.827,2.698,-0.0,0.0,0.0,-0.071,0.0,0.0,0.0,0.0,0.0,0.0
IMU,110509531.0,1,-0.0122,-0.9927,0.0664,5.62,-0.92,9.64,-87.56,0.29,106.3,26.3,,,,,,,,,,,,,,,,
IMU,110498209.0,2,0.582,-0.8325,0.0737,16.48,3.78,-142.46,-88.33,-39.21,168.65,27.7,,,,,,,,,,,,,,,,
EXO,110522787,,,,,,,,,,,,SAFE,-39.21,3.784,1.018,1.088,2.437,-0.0,0.0,0.0,0.043,0.0,0.0,0.0,0.0,0.0,0.0
IMU,110609676.0,1,-0.0195,-1.0142,0.0732,-1.65,-0.79,14.04,-87.07,1.44,106.53,26.3,,,,,,,,,,,,,,,,
IMU,110598129.0,2,0.7808,-0.6426,-0.001,9.83,0.0,-119.38,-86.12,-51.63,167.42,27.6,,,,,,,,,,,,,,,,
EXO,110622969,,,,,,,,,,,,SAFE,-51.63,0.0,1.011,1.304,1.698,-0.0,0.0,0.0,0.119,0.0,0.0,0.0,0.0,0.0,0.0
IMU,110709861.0,1,-0.0479,-1.0142,0.0215,-8.06,-4.33,16.42,-87.81,3.07,106.77,26.1,,,,,,,,,,,,,,,,
IMU,110698057.0,2,0.8506,-0.4443,0.0659,2.14,-6.41,-63.48,-86.06,-60.03,167.61,27.7,,,,,,,,,,,,,,,,
EXO,110722895,,,,,,,,,,,,SAFE,-60.029,-6.409,0.962,1.408,0.05,-0.0,0.0,0.0,0.149,0.0,0.0,0.0,0.0,0.0,0.0
IMU,110810042.0,1,-0.0552,-1.022,0.0938,7.69,15.32,15.75,-87.73,4.17,106.57,26.2,,,,,,,,,,,,,,,,
IMU,110797977.0,2,0.8525,-0.4653,0.0322,-9.83,13.85,25.09,-85.84,-61.49,167.49,27.7,,,,,,,,,,,,,,,,
EXO,110822947,,,,,,,,,,,,SAFE,-61.49,13.855,0.972,1.341,-1.423,-0.0,0.0,0.0,0.18,0.0,0.0,0.0,0.0,0.0,0.0
IMU,110910217.0,1,-0.1055,-0.98,0.0513,-0.31,14.59,15.69,-87.34,5.85,105.18,26.3,,,,,,,,,,,,,,,,
IMU,110897913.0,2,0.7144,-0.5571,0.0063,-20.81,9.83,119.14,-86.73,-53.41,166.48,27.7,,,,,,,,,,,,,,,,
EXO,110923041,,,,,,,,,,,,SAFE,-53.41,9.827,0.906,1.129,-2.717,-0.0,0.0,0.0,0.037,0.0,0.0,0.0,0.0,0.0,0.0
IMU,111010407.0,1,-0.1304,-0.9517,0.0688,-8.12,-5.92,-6.96,-87.98,6.16,104.79,26.4,,,,,,,,,,,,,,,,
IMU,110997814.0,2,0.6035,-0.7485,0.0254,-8.97,-6.16,160.28,-89.01,-39.3,167.45,27.8,,,,,,,,,,,,,,,,
EXO,111023015,,,,,,,,,,,,SAFE,-39.304,-6.165,0.962,0.827,-3.096,-0.0,0.0,0.0,0.035,0.0,0.0,0.0,0.0,0.0,0.0
IMU,111110605.0,1,-0.104,-1.0225,0.0474,15.38,2.75,-5.43,-87.98,5.34,105.61,26.3,,,,,,,,,,,,,,,,
IMU,111097728.0,2,0.4097,-0.9985,0.125,0.79,4.94,175.9,-89.65,-23.05,168.9,27.6,,,,,,,,,,,,,,,,
EXO,111122718,,,,,,,,,,,,SAFE,-23.055,4.944,1.087,0.513,-3.076,-0.0,0.0,0.0,-0.005,0.0,0.0,0.0,0.0,0.0,0.0
IMU,111210783.0,1,-0.0137,-1.0049,-0.0283,12.51,-2.14,-21.36,-86.12,4.21,105.15,26.3,,,,,,,,,,,,,,,,
IMU,111197641.0,2,0.457,-1.0439,-0.1387,5.8,2.62,129.58,-88.42,-7.55,168.07,27.7,,,,,,,,,,,,,,,,
EXO,111222998,,,,,,,,,,,,SAFE,-7.548,2.625,1.148,0.267,-1.889,-0.0,0.0,0.0,-0.227,0.0,0.0,0.0,0.0,0.0,0.0
IMU,111310963.0,1,-0.0723,-0.9824,0.0723,-4.7,0.49,-20.26,-86.15,1.93,104.34,26.3,,,,,,,,,,,,,,,,
IMU,111297566.0,2,-0.0005,-0.9995,0.0156,-9.09,4.27,64.88,-88.68,1.12,167.6,27.8,,,,,,,,,,,,,,,,
EXO,111322717,,,,,,,,,,,,SAFE,1.121,4.272,1.0,0.158,-0.097,-0.0,0.0,0.0,-0.176,0.0,0.0,0.0,0.0,0.0,0.0
IMU,111411152.0,1,-0.0654,-0.9863,0.0425,1.83,-19.71,-11.35,-86.29,0.66,104.7,26.3,,,,,,,,,,,,,,,,
IMU,111397502.0,2,0.019,-0.9888,0.0322,-3.54,-14.83,-31.56,-89.48,2.25,167.95,27.6,,,,,,,,,,,,,,,,
EXO,111422982,,,,,,,,,,,,SAFE,2.252,-14.832,0.989,0.219,1.321,-0.0,0.0,0.0,-0.101,0.0,0.0,0.0,0.0,0.0,0.0
IMU,111511332.0,1,-0.0688,-0.9648,0.0596,-8.48,-13.98,3.36,-86.43,0.61,105.98,26.2,,,,,,,,,,,,,,,,
IMU,111497411.0,2,0.0659,-0.9736,-0.0425,-0.98,-12.76,-87.34,-89.58,-3.85,169.43,27.7,,,,,,,,,,,,,,,,
EXO,111523053,,,,,,,,,,,,SAFE,-3.845,-12.756,0.977,0.41,2.608,-0.0,0.0,0.0,-0.046,0.0,0.0,0.0,0.0,0.0,0.0
IMU,111611512.0,1,0.0127,-1.022,0.0557,-16.66,-9.22,0.55,-87.54,0.66,107.04,26.2,,,,,,,,,,,,,,,,
IMU,111597353.0,2,0.3564,-1.0122,-0.019,-4.09,-10.13,-161.8,-90.3,-16.42,170.86,27.7,,,,,,,,,,,,,,,,
EXO,111623149,,,,,,,,,,,,SAFE,-16.425,-10.132,1.073,0.713,3.437,-0.0,0.0,0.0,-0.168,0.0,0.0,0.0,0.0,0.0,0.0
IMU,111711695.0,1,-0.0361,-1.0073,0.0601,1.46,1.28,10.38,-88.53,1.14,107.15,26.1,,,,,,,,,,,,,,,,
IMU,111697286.0,2,0.5005,-0.9517,0.1016,10.93,3.3,-193.24,-90.42,-34.05,171.73,27.7,,,,,,,,,,,,,,,,
EXO,111722812,,,,,,,,,,,,SAFE,-34.047,3.296,1.08,1.068,3.605,-0.0,0.0,0.0,-0.058,0.0,0.0,0.0,0.0,0.0,0.0
IMU,111811885.0,1,-0.0444,-1.0146,0.0459,4.64,-7.69,25.57,-87.75,2.85,107.26,26.2,,,,,,,,,,,,,,,,
IMU,111797205.0,2,0.772,-0.729,0.0488,20.87,4.64,-171.39,-87.51,-51.58,170.41,27.7,,,,,,,,,,,,,,,,
EXO,111822905,,,,,,,,,,,,SAFE,-51.581,4.639,1.063,1.394,2.967,-0.0,0.0,0.0,0.211,0.0,0.0,0.0,0.0,0.0,0.0
IMU,111912072.0,1,-0.1045,-1.0322,0.0356,-2.01,-4.7,28.08,-87.57,5.59,108.1,26.2,,,,,,,,,,,,,,,,
IMU,111897145.0,2,0.8667,-0.373,0.04,10.31,-4.39,-120.61,-84.4,-64.73,168.92,27.8,,,,,,,,,,,,,,,,
EXO,111923098,,,,,,,,,,,,SAFE,-64.726,-4.395,0.944,1.617,1.44,-0.0,0.0,0.0,0.364,0.0,0.0,0.0,0.0,0.0,0.0
IMU,112012260.0,1,-0.1191,-1.0,0.0327,-1.77,-5.37,19.84,-87.99,7.96,108.47,26.1,,,,,,,,,,,,,,,,
IMU,111997057.0,2,0.8696,-0.2373,0.0322,12.51,-5.62,-27.47,-83.86,-71.48,168.84,27.7,,,,,,,,,,,,,,,,
EXO,112022990,,,,,,,,,,,,SAFE,-71.477,-5.615,0.902,1.648,-0.479,-0.0,0.0,0.0,0.096,0.0,0.0,0.0,0.0,0.0,0.0
IMU,112112444.0,1,-0.1499,-0.9712,0.0742,15.75,11.41,16.72,-87.34,9.45,107.93,26.2,,,,,,,,,,,,,,,,
IMU,112096975.0,2,0.8022,-0.2998,0.1304,-20.2,12.76,85.57,-83.92,-68.16,168.52,27.7,,,,,,,,,,,,,,,,
EXO,112122991,,,,,,,,,,,,SAFE,-68.165,12.756,0.866,1.488,-2.469,-0.0,0.0,0.0,0.216,0.0,0.0,0.0,0.0,0.0,0.0
IMU,112212635.0,1,-0.1694,-0.9419,0.0386,7.87,6.41,1.65,-86.13,10.44,106.38,26.1,,,,,,,,,,,,,,,,
IMU,112196891.0,2,0.7393,-0.521,0.0796,-18.62,16.24,169.37,-84.63,-55.13,167.11,27.7,,,,,,,,,,,,,,,,
EXO,112222917,,,,,,,,,,,,SAFE,-55.129,16.235,0.908,1.167,-3.738,-0.0,0.0,0.0,0.104,0.0,0.0,0.0,0.0,0.0,0.0
IMU,112312809.0,1,-0.1553,-0.9673,0.1182,-0.43,-7.51,-22.95,-86.09,9.04,107.34,26.1,,,,,,,,,,,,,,,,
IMU,112296810.0,2,0.6084,-0.832,0.0962,9.83,-11.66,196.72,-86.13,-36.94,169.81,27.7,,,,,,,,,,,,,,,,
EXO,112323070,,,,,,,,,,,,SAFE,-36.936,-11.658,1.035,0.783,-3.73,-0.0,0.0,0.0,-0.18,0.0,0.0,0.0,0.0,0.0,0.0
IMU,112413003.0,1,-0.0767,-0.9961,0.0615,4.58,24.23,-33.2,-85.45,6.44,106.16,26.2,,,,,,,,,,,,,,,,
IMU,112396735.0,2,0.4893,-0.9731,0.0356,-20.51,28.93,172.06,-86.79,-18.83,170.23,27.8,,,,,,,,,,,,,,,,
EXO,112423070,,,,,,,,,,,,SAFE,-18.825,28.931,1.09,0.452,-2.94,-0.0,0.0,0.0,-0.083,0.0,0.0,0.0,0.0,0.0,0.0
IMU,112513184.0,1,-0.1074,-1.0078,0.0708,-13.85,18.31,-28.75,-86.21,3.29,103.89,26.2,,,,,,,,,,,,,,,,
IMU,112496635.0,2,0.0908,-1.0186,0.0146,-22.89,19.59,117.25,-88.35,-5.99,168.95,27.6,,,,,,,,,,,,,,,,
EXO,112523136,,,,,,,,,,,,SAFE,-5.993,19.592,1.023,0.227,-1.772,-0.0,0.0,0.0,-0.064,0.0,0.0,0.0,0.0,0.0,0.0
IMU,112613366.0,1,-0.1201,-1.0156,0.0439,-13.12,-4.7,4.82,-87.81,2.26,103.45,26.1,,,,,,,,,,,,,,,,
IMU,112596537.0,2,-0.1611,-1.0127,0.0508,-16.54,-3.42,78.06,-90.81,2.47,168.62,27.8,,,,,,,,,,,,,,,,
EXO,112622878,,,,,,,,,,,,SAFE,2.472,-3.418,1.027,0.119,-0.366,-0.0,0.0,0.0,-0.08,0.0,0.0,0.0,0.0,0.0,0.0
IMU,112713553.0,1,-0.0044,-1.02,0.0566,15.08,-15.08,3.23,-87.14,3.26,104.57,26.3,,,,,,,,,,,,,,,,
IMU,112696427.0,2,-0.0186,-1.0137,0.0034,14.65,-21.06,24.78,-90.44,7.62,169.71,27.7,,,,,,,,,,,,,,,,
EXO,112722902,,,,,,,,,,,,SAFE,7.625,-21.057,1.014,0.104,0.113,-0.0,0.0,0.0,0.0,0.0,0.0,0.0,0.0,0.0,0.0
IMU,112813719.0,1,-0.041,-0.9888,0.0474,-8.79,-7.14,-7.26,-87.42,3.55,105.2,26.3,,,,,,,,,,,,,,,,
IMU,112796346.0,2,-0.0127,-0.9902,-0.042,-2.44,-5.8,-1.22,-90.26,7.99,170.75,27.6,,,,,,,,,,,,,,,,
EXO,112822876,,,,,,,,,,,,SAFE,7.987,-5.798,0.991,0.104,0.001,-0.0,0.0,0.0,0.02,0.0,0.0,0.0,0.0,0.0,0.0
IMU,112913900.0,1,-0.0425,-0.9829,0.085,8.06,13.92,-9.77,-87.14,1.89,104.61,26.3,,,,,,,,,,,,,,,,
IMU,112896272.0,2,-0.2266,-0.9678,0.0205,10.19,13.79,-13.85,-90.2,6.21,170.79,27.7,,,,,,,,,,,,,,,,
EXO,112922816,,,,,,,,,,,,SAFE,6.213,13.794,0.994,0.105,-0.032,-0.0,0.0,0.0,0.004,0.0,0.0,0.0,0.0,0.0,0.0
IMU,113014081.0,1,-0.061,-1.0063,0.0273,3.78,-32.59,-17.58,-86.84,1.27,105.21,26.2,,,,,,,,,,,,,,,,
IMU,112996173.0,2,0.0034,-0.9766,0.0029,0.67,-22.16,-21.97,-90.33,5.49,170.84,27.8,,,,,,,,,,,,,,,,
EXO,113022892,,,,,,,,,,,,SAFE,5.493,-22.156,0.977,0.158,1.564,-0.0,0.0,0.0,-0.202,0.0,0.0,0.0,0.0,0.0,0.0
IMU,113114270.0,1,-0.0215,-0.9834,0.1206,-4.7,-21.67,2.93,-86.79,-0.11,108.17,26.3,,,,,,,,,,,,,,,,
IMU,113096093.0,2,-0.0454,-1.0005,0.0112,4.64,-30.09,-116.46,-90.14,-1.89,174.18,27.6,,,,,,,,,,,,,,,,
EXO,113123140,,,,,,,,,,,,SAFE,-1.89,-30.09,1.002,0.405,3.512,-0.0,0.0,0.0,-0.174,0.0,0.0,0.0,0.0,0.0,0.0
IMU,113214459.0,1,-0.0088,-1.0005,0.0576,-11.29,0.18,11.6,-87.67,0.75,109.13,26.3,,,,,,,,,,,,,,,,
IMU,113196021.0,2,0.3281,-1.0649,-0.0024,1.4,0.92,-206.36,-90.27,-17.82,175.9,27.8,,,,,,,,,,,,,,,,
EXO,113222999,,,,,,,,,,,,SAFE,-17.82,0.916,1.114,0.814,4.578,-0.0,0.0,0.0,0.001,0.0,0.0,0.0,0.0,0.0,0.0
IMU,113314646.0,1,-0.0244,-1.001,0.041,-1.89,-6.23,22.52,-88.07,2.29,109.65,26.1,,,,,,,,,,,,,,,,
IMU,113295952.0,2,0.6914,-0.9453,0.0601,18.07,-3.17,-243.84,-89.25,-40.23,176.47,27.7,,,,,,,,,,,,,,,,
EXO,113323072,,,,,,,,,,,,SAFE,-40.232,-3.174,1.173,1.279,4.652,-0.0,0.0,0.0,0.149,0.0,0.0,0.0,0.0,0.0,0.0
IMU,113414830.0,1,-0.0586,-1.022,0.0215,-4.33,-6.71,29.91,-88.25,5.04,110.31,26.3,,,,,,,,,,,,,,,,
IMU,113395874.0,2,0.9058,-0.5625,0.0537,19.78,-5.07,-219.6,-86.71,-62.37,175.91,27.6,,,,,,,,,,,,,,,,
EXO,113423080,,,,,,,,,,,,SAFE,-62.369,-5.066,1.068,1.692,3.566,-0.0,0.0,0.0,0.134,0.0,0.0,0.0,0.0,0.0,0.0
IMU,113515012.0,1,-0.104,-1.0107,-0.0034,0.92,-0.12,25.33,-88.21,7.51,111.46,26.2,,,,,,,,,,,,,,,,
IMU,113495781.0,2,0.9395,-0.1523,-0.0249,19.1,-3.72,-152.4,-78.99,-79.56,170.54,27.8,,,,,,,,,,,,,,,,
EXO,113523149,,,,,,,,,,,,SAFE,-79.563,-3.723,0.952,1.957,1.679,-0.0,0.0,0.0,0.25,0.0,0.0,0.0,0.0,0.0,0.0
IMU,113615202.0,1,-0.1265,-0.9829,0.0107,8.42,24.17,3.48,-87.87,8.79,110.3,26.3,,,,,,,,,,,,,,,,
IMU,113595712.0,2,0.9219,0.083,-0.0249,-25.27,2.2,-73.97,-6.2,-87.89,97.05,27.6,,,,,,,,,,,,,,,,
EXO,113622633,,,,,,,,,,,,SAFE,-87.885,2.197,0.926,2.052,-0.095,-0.0,0.0,0.0,0.112,0.0,0.0,0.0,0.0,0.0,0.0
IMU,113715389.0,1,-0.1616,-0.9399,0.0503,-3.48,4.76,-5.62,-87.97,8.1,109.3,26.2,,,,,,,,,,,,,,,,
IMU,113695630.0,2,0.9097,0.0928,0.021,-2.44,0.24,0.98,54.73,-86.52,36.76,27.6,,,,,,,,,,,,,,,,
EXO,113722373,,,,,,,,,,,,SAFE,-86.517,0.244,0.915,2.046,-0.005,-0.0,0.0,0.0,-0.004,0.0,0.0,0.0,0.0,0.0,0.0
IMU,113815580.0,1,-0.1724,-1.0059,0.0254,-6.96,1.89,0.92,-88.87,8.25,109.18,26.3,,,,,,,,,,,,,,,,
IMU,113795548.0,2,0.9927,0.0747,-0.002,0.0,-8.42,4.21,66.03,-87.02,31.26,27.6,,,,,,,,,,,,,,,,
EXO,113822355,,,,,,,,,,,,SAFE,-87.023,-8.423,0.995,2.04,-0.346,-0.0,0.0,0.0,0.094,0.0,0.0,0.0,0.0,0.0,0.0
IMU,113915748.0,1,-0.1729,-1.0479,-0.0684,2.56,9.64,7.32,-89.5,8.71,107.76,26.2,,,,,,,,,,,,,,,,
IMU,113895468.0,2,0.7803,0.1431,0.0356,-14.34,-10.07,52.06,76.19,-88.73,25.35,27.7,,,,,,,,,,,,,,,,
EXO,113922636,,,,,,,,,,,,SAFE,-88.731,-10.071,0.794,1.924,-1.854,-0.0,0.0,0.0,0.138,0.0,0.0,0.0,0.0,0.0,0.0
IMU,114015927.0,1,-0.1655,-0.9868,0.0386,5.13,-2.56,12.51,-88.59,9.5,107.76,26.1,,,,,,,,,,,,,,,,
IMU,113995365.0,2,0.9023,-0.1538,0.0088,-5.37,15.44,133.91,-80.33,-81.86,-173.43,27.7,,,,,,,,,,,,,,,,
EXO,114022990,,,,,,,,,,,,SAFE,-81.865,15.442,0.915,1.672,-3.214,-0.0,0.0,0.0,0.288,0.0,0.0,0.0,0.0,0.0,0.0
IMU,114116109.0,1,-0.168,-0.9009,0.0601,-9.7,-9.28,9.03,-89.07,10.45,108.61,26.1,,,,,,,,,,,,,,,,
IMU,114095302.0,2,0.7651,-0.4536,-0.0151,-0.73,-12.63,207.4,-85.89,-64.91,-160.92,27.6,,,,,,,,,,,,,,,,
EXO,114123248,,,,,,,,,,,,SAFE,-64.907,-12.634,0.89,1.282,-4.585,-0.0,0.0,0.0,0.131,0.0,0.0,0.0,0.0,0.0,0.0
IMU,114216288.0,1,-0.1538,-0.9722,-0.0371,-1.53,-4.88,-25.51,-89.84,10.15,108.4,26.2,,,,,,,,,,,,,,,,
IMU,114195212.0,2,0.7871,-0.7417,0.0796,-22.09,-3.17,250.67,-88.88,-40.95,-152.16,27.7,,,,,,,,,,,,,,,,
EXO,114223433,,,,,,,,,,,,SAFE,-40.952,-3.174,1.084,0.823,-4.294,-0.0,0.0,0.0,-0.06,0.0,0.0,0.0,0.0,0.0,0.0
IMU,114316484.0,1,-0.0791,-1.0186,0.0986,14.22,31.8,-38.76,-88.41,6.17,108.44,26.2,,,,,,,,,,,,,,,,
IMU,114295114.0,2,0.5132,-1.0308,-0.0371,-2.69,31.56,181.4,-87.29,-19.42,-146.07,27.9,,,,,,,,,,,,,,,,
EXO,114323241,,,,,,,,,,,,SAFE,-19.418,31.555,1.152,0.439,-3.321,-0.0,0.0,0.0,-0.193,0.0,0.0,0.0,0.0,0.0,0.0
IMU,114416662.0,1,-0.0947,-1.0127,-0.0005,-2.5,28.5,-28.02,-88.48,3.13,104.65,26.3,,,,,,,,,,,,,,,,
IMU,114395021.0,2,0.1904,-1.0557,0.02,-17.46,36.62,145.51,-87.18,-2.87,-143.13,27.7,,,,,,,,,,,,,,,,
EXO,114423227,,,,,,,,,,,,SAFE,-2.873,36.621,1.073,0.17,-2.16,-0.0,0.0,0.0,-0.041,0.0,0.0,0.0,0.0,0.0,0.0
IMU,114516836.0,1,-0.0918,-1.0244,-0.0005,-0.12,10.38,-4.64,-88.65,1.68,103.04,26.3,,,,,,,,,,,,,,,,
IMU,114494908.0,2,-0.1089,-1.0273,-0.0483,-4.58,11.9,95.76,-87.23,8.27,-138.55,27.7,,,,,,,,,,,,,,,,
EXO,114523042,,,,,,,,,,,,SAFE,8.273,11.902,1.034,0.02,-0.571,-0.0,0.0,0.0,-0.403,0.0,0.0,0.0,0.0,0.0,0.0
IMU,114617006.0,1,-0.0591,-1.0073,-0.0132,-1.71,-25.63,13.31,-88.74,2.79,103.29,26.3,,,,,,,,,,,,,,,,
IMU,114594840.0,2,-0.1216,-0.9775,-0.0825,-7.14,-1.28,5.74,-87.14,14.11,-132.68,27.7,,,,,,,,,,,,,,,,
EXO,114623132,,,,,,,,,,,,SAFE,14.112,-1.282,0.989,0.046,0.502,-0.0,0.0,0.0,0.021,0.0,0.0,0.0,0.0,0.0,0.0
IMU,114717177.0,1,-0.0161,-0.9795,0.0405,-2.5,-9.28,-1.95,-88.97,3.44,105.06,26.2,,,,,,,,,,,,,,,,
IMU,114694739.0,2,-0.1953,-0.9663,-0.0356,-3.17,-21.18,-3.3,-86.84,12.49,-124.78,27.6,,,,,,,,,,,,,,,,
EXO,114723143,,,,,,,,,,,,SAFE,12.491,-21.179,0.986,0.05,0.015,-0.0,0.0,0.0,0.006,0.0,0.0,0.0,0.0,0.0,0.0
IMU,114817348.0,1,-0.0547,-0.9731,-0.0176,2.08,2.08,-6.71,-88.92,2.89,104.96,26.1,,,,,,,,,,,,,,,,
IMU,114794659.0,2,-0.1289,-0.9727,-0.1108,-1.1,-1.4,-4.64,-86.74,11.84,-118.85,27.6,,,,,,,,,,,,,,,,
EXO,114822959,,,,,,,,,,,,SAFE,11.843,-1.404,0.987,0.049,0.014,-0.0,0.0,0.0,-0.007,0.0,0.0,0.0,0.0,0.0,0.0
IMU,114917511.0,1,-0.0884,-1.0342,0.0376,0.0,-17.33,5.8,-89.19,3.42,104.43,26.1,,,,,,,,,,,,,,,,
IMU,114894598.0,2,-0.1987,-0.98,-0.0977,7.39,3.05,10.8,-87.53,11.88,-114.32,27.7,,,,,,,,,,,,,,,,
EXO,114922834,,,,,,,,,,,,SAFE,11.882,3.052,1.005,0.049,0.044,-0.0,0.0,0.0,0.02,0.0,0.0,0.0,0.0,0.0,0.0
IMU,115017703.0,1,-0.0176,-0.9829,0.0186,-13.24,-4.58,0.12,-89.45,3.19,105.83,26.4,,,,,,,,,,,,,,,,
IMU,114994483.0,2,-0.1895,-0.9888,-0.1333,-10.93,-2.01,-4.39,-88.1,11.39,-107.44,27.6,,,,,,,,,,,,,,,,
EXO,115023153,,,,,,,,,,,,SAFE,11.387,-2.014,1.016,0.049,-0.018,-0.0,0.0,0.0,-0.011,0.0,0.0,0.0,0.0,0.0,0.0
IMU,115117885.0,1,-0.0435,-1.0293,0.0435,4.88,2.38,-0.79,-90.55,3.18,106.01,26.2,,,,,,,,,,,,,,,,
IMU,115094391.0,2,-0.2266,-1.0015,0.0884,-0.31,2.01,-0.31,-89.41,11.13,-102.3,27.8,,,,,,,,,,,,,,,,
EXO,115122712,,,,,,,,,,,,SAFE,11.135,2.014,1.031,0.049,0.021,-0.0,0.0,0.0,-0.0,0.0,0.0,0.0,0.0,0.0,0.0
IMU,115218061.0,1,-0.0283,-1.002,0.0405,26.37,11.96,-4.39,-88.31,2.99,105.81,26.3,,,,,,,,,,,,,,,,
IMU,115194301.0,2,-0.1602,-1.0034,-0.001,29.42,0.43,0.06,-87.7,11.16,-97.29,27.8,,,,,,,,,,,,,,,,
EXO,115222829,,,,,,,,,,,,SAFE,11.162,0.427,1.016,0.049,0.062,-0.0,0.0,0.0,0.005,0.0,0.0,0.0,0.0,0.0,0.0
IMU,115318239.0,1,-0.0732,-0.9897,-0.0303,-11.47,2.56,-3.23,-87.92,2.75,104.39,26.1,,,,,,,,,,,,,,,,
IMU,115294205.0,2,-0.1992,-0.9795,-0.2148,-3.05,13.73,-0.49,-86.92,10.91,-93.94,27.7,,,,,,,,,,,,,,,,
EXO,115323068,,,,,,,,,,,,SAFE,10.915,13.733,1.022,0.049,-0.054,-0.0,0.0,0.0,-0.007,0.0,0.0,0.0,0.0,0.0,0.0
IMU,115418425.0,1,-0.0054,-0.9902,0.0806,8.97,-15.93,-18.55,-88.34,1.12,105.48,26.3,,,,,,,,,,,,,,,,
IMU,115394132.0,2,-0.1777,-0.9458,0.0679,0.43,-12.76,-26.79,-87.79,9.03,-89.24,27.6,,,,,,,,,,,,,,,,
EXO,115422975,,,,,,,,,,,,SAFE,9.025,-12.756,0.965,0.099,1.413,-0.0,0.0,0.0,-0.154,0.0,0.0,0.0,0.0,0.0,0.0
IMU,115518631.0,1,-0.0283,-0.9883,0.0225,-9.52,9.83,1.95,-88.1,0.21,106.27,26.2,,,,,,,,,,,,,,,,
IMU,115494024.0,2,-0.0684,-1.0005,-0.1191,-1.04,-0.06,-102.72,-87.81,2.4,-83.74,27.7,,,,,,,,,,,,,,,,
EXO,115522882,,,,,,,,,,,,SAFE,2.395,-0.061,1.01,0.317,2.877,-0.0,0.0,0.0,-0.317,0.0,0.0,0.0,0.0,0.0,0.0
IMU,115618804.0,1,-0.0132,-1.0093,0.0039,-12.88,-8.61,3.91,-89.32,0.68,106.96,26.2,,,,,,,,,,,,,,,,
IMU,115593939.0,2,0.3125,-1.062,-0.0317,0.43,-14.34,-183.41,-88.75,-11.68,-79.85,27.8,,,,,,,,,,,,,,,,
EXO,115623135,,,,,,,,,,,,SAFE,-11.684,-14.343,1.107,0.672,4.021,-0.0,0.0,0.0,-0.098,0.0,0.0,0.0,0.0,0.0,0.0
IMU,115718990.0,1,-0.064,-1.0254,0.0337,1.1,-3.05,23.62,-89.8,2.19,107.38,26.2,,,,,,,,,,,,,,,,
IMU,115693876.0,2,0.5049,-1.0098,0.0762,16.78,-5.62,-211.12,-88.68,-31.66,-75.5,27.8,,,,,,,,,,,,,,,,
EXO,115722986,,,,,,,,,,,,SAFE,-31.663,-5.615,1.132,1.085,4.008,-0.0,0.0,0.0,0.028,0.0,0.0,0.0,0.0,0.0,0.0
IMU,115718990.0,1,-0.064,-1.0254,0.0337,1.1,-3.05,23.62,-89.8,2.19,107.38,26.2,,,,,,,,,,,,,,,,
IMU,115793799.0,2,0.7646,-0.7446,-0.0361,11.17,7.2,-202.15,-86.89,-51.7,-72.56,27.8,,,,,,,,,,,,,,,,
EXO,115823005,,,,,,,,,,,,SAFE,-51.696,7.202,1.068,1.47,3.462,-0.0,0.0,0.0,0.058,0.0,0.0,0.0,0.0,0.0,0.0
IMU,115819193.0,1,-0.0542,-1.0264,0.0342,-0.37,6.35,30.76,-89.25,4.72,107.41,26.3,,,,,,,,,,,,,,,,
IMU,115893736.0,2,0.8091,-0.4121,0.0005,27.4,-12.15,-158.2,-85.5,-68.45,-69.32,27.7,,,,,,,,,,,,,,,,
EXO,115923209,,,,,,,,,,,,SAFE,-68.45,-12.146,0.908,1.752,2.071,-0.0,0.0,0.0,0.162,0.0,0.0,0.0,0.0,0.0,0.0
IMU,115919618.0,1,-0.1133,-0.9878,-0.0278,-5.68,-12.02,25.57,-89.59,7.28,108.51,26.3,,,,,,,,,,,,,,,,
IMU,115993636.0,2,0.8931,-0.0884,-0.0063,21.61,0.55,-94.54,-84.4,-79.77,-65.74,27.7,,,,,,,,,,,,,,,,
EXO,116023217,,,,,,,,,,,,SAFE,-79.772,0.549,0.897,1.884,0.326,-0.0,0.0,0.0,0.16,0.0,0.0,0.0,0.0,0.0,0.0
IMU,116019704.0,1,-0.1685,-1.0137,0.0107,2.93,-0.92,10.99,-89.73,8.96,109.3,26.3,,,,,,,,,,,,,,,,
IMU,116093562.0,2,0.9238,-0.0327,-0.0679,-3.54,5.0,6.41,-80.05,-83.66,-66.64,27.8,,,,,,,,,,,,,,,,
EXO,116122782,,,,,,,,,,,,SAFE,-83.655,5.005,0.927,1.864,-0.357,-0.0,0.0,0.0,0.049,0.0,0.0,0.0,0.0,0.0,0.0
IMU,116119843.0,1,-0.1396,-0.9883,0.02,3.42,15.62,-2.2,-89.43,9.01,109.09,26.3,,,,,,,,,,,,,,,,
IMU,116193464.0,2,0.9058,-0.0854,-0.0098,-16.54,2.2,30.21,-82.63,-82.05,-63.19,27.7,,,,,,,,,,,,,,,,
EXO,116223061,,,,,,,,,,,,SAFE,-82.051,2.197,0.91,1.782,-1.13,-0.0,0.0,0.0,0.068,0.0,0.0,0.0,0.0,0.0,0.0
IMU,116220078.0,1,-0.146,-0.978,-0.0273,1.34,12.76,-4.82,-89.32,8.72,107.81,26.3,,,,,,,,,,,,,,,,
IMU,116293388.0,2,0.9629,-0.1743,0.0186,-11.11,-0.92,61.52,-86.09,-77.31,-58.87,27.7,,,,,,,,,,,,,,,,
EXO,116323027,,,,,,,,,,,,SAFE,-77.311,-0.916,0.979,1.661,-1.374,-0.0,0.0,0.0,0.046,0.0,0.0,0.0,0.0,0.0,0.0
IMU,116320209.0,1,-0.1465,-0.9692,-0.0122,-1.46,4.76,-3.48,-89.43,8.36,106.85,26.3,,,,,,,,,,,,,,,,
IMU,116393311.0,2,0.8604,-0.3745,0.0005,-16.6,-0.98,96.07,-88.11,-70.38,-55.23,27.8,,,,,,,,,,,,,,,,
EXO,116422981,,,,,,,,,,,,SAFE,-70.378,-0.977,0.938,1.472,-2.408,-0.0,0.0,0.0,0.077,0.0,0.0,0.0,0.0,0.0,0.0
IMU,116420384.0,1,-0.1606,-0.9888,0.019,-2.99,8.54,8.85,-89.69,8.42,106.17,26.1,,,,,,,,,,,,,,,,
IMU,116493204.0,2,0.8418,-0.5078,0.0234,-16.24,5.07,147.09,-89.73,-58.02,-52.89,27.8,,,,,,,,,,,,,,,,
EXO,116522805,,,,,,,,,,,,SAFE,-58.019,5.066,0.983,1.196,-3.182,-0.0,0.0,0.0,0.052,0.0,0.0,0.0,0.0,0.0,0.0
IMU,116520578.0,1,-0.1353,-0.9863,0.0127,5.07,9.95,-4.46,-89.74,8.88,105.19,26.2,,,,,,,,,,,,,,,,
IMU,116593134.0,2,0.7031,-0.7153,0.0112,-13.24,7.81,162.9,-89.97,-42.88,-52.03,27.8,,,,,,,,,,,,,,,,
EXO,116622799,,,,,,,,,,,,SAFE,-42.88,7.812,1.003,0.874,-3.179,-0.0,0.0,0.0,0.047,0.0,0.0,0.0,0.0,0.0,0.0
IMU,116620740.0,1,-0.1284,-0.959,0.0415,2.44,15.44,-19.29,-89.62,7.67,104.01,26.2,,,,,,,,,,,,,,,,
IMU,116693058.0,2,0.457,-0.9463,0.042,-5.92,17.27,169.98,-90.12,-26.83,-51.65,27.7,,,,,,,,,,,,,,,,
EXO,116723036,,,,,,,,,,,,SAFE,-26.829,17.273,1.052,0.55,-3.065,-0.0,0.0,0.0,-0.167,0.0,0.0,0.0,0.0,0.0,0.0
IMU,116720935.0,1,-0.1167,-1.0127,0.0186,11.9,10.8,-19.59,-89.1,5.8,102.54,26.2,,,,,,,,,,,,,,,,
IMU,116792927.0,2,0.3896,-1.0615,-0.0005,8.97,3.78,129.82,-89.02,-11.74,-50.8,27.7,,,,,,,,,,,,,,,,
EXO,116822980,,,,,,,,,,,,SAFE,-11.739,3.784,1.131,0.305,-1.938,-0.0,0.0,0.0,-0.174,0.0,0.0,0.0,0.0,0.0,0.0
IMU,116821118.0,1,-0.0391,-1.04,0.0015,13.73,6.23,-24.6,-87.79,3.78,102.14,26.3,,,,,,,,,,,,,,,,
IMU,116892845.0,2,0.0952,-1.0015,-0.0029,-5.8,14.71,71.96,-88.67,-2.53,-50.1,27.8,,,,,,,,,,,,,,,,
EXO,116922897,,,,,,,,,,,,SAFE,-2.532,14.709,1.006,0.184,-0.498,-0.0,0.0,0.0,-0.105,0.0,0.0,0.0,0.0,0.0,0.0
IMU,116921299.0,1,-0.084,-0.9741,0.0454,-3.17,14.95,-11.17,-87.57,1.8,100.54,26.1,,,,,,,,,,,,,,,,
IMU,116992719.0,2,-0.0312,-0.9917,-0.0005,-4.7,-1.65,11.84,-89.29,1.55,-48.99,27.9,,,,,,,,,,,,,,,,
EXO,117022994,,,,,,,,,,,,SAFE,1.549,-1.648,0.992,0.186,0.019,-0.0,0.0,0.0,-0.028,0.0,0.0,0.0,0.0,0.0,0.0
IMU,117021487.0,1,-0.0786,-1.0,0.0186,0.67,-15.38,5.98,-87.87,2.09,100.34,26.4,,,,,,,,,,,,,,,,
IMU,117092644.0,2,0.085,-1.0459,-0.0347,-0.61,0.43,-26.67,-89.18,0.63,-45.88,27.7,,,,,,,,,,,,,,,,
EXO,117122783,,,,,,,,,,,,SAFE,0.632,0.427,1.05,0.277,1.561,-0.0,0.0,0.0,-0.108,0.0,0.0,0.0,0.0,0.0,0.0
IMU,117121667.0,1,0.0063,-1.019,0.0615,4.46,-2.87,4.7,-87.63,2.23,101.36,26.2,,,,,,,,,,,,,,,,
IMU,117192533.0,2,0.0967,-1.0112,-0.0093,14.89,-18.68,-92.22,-89.2,-5.91,-42.15,27.6,,,,,,,,,,,,,,,,
EXO,117222812,,,,,,,,,,,,SAFE,-5.905,-18.677,1.016,0.506,2.96,-0.0,0.0,0.0,-0.13,0.0,0.0,0.0,0.0,0.0,0.0
IMU,117221851.0,1,-0.1138,-0.9771,0.0713,8.91,-22.71,9.7,-86.76,3.13,103.95,26.3,,,,,,,,,,,,,,,,
IMU,117292459.0,2,0.3506,-1.0176,-0.0605,6.9,10.19,-161.38,-88.19,-19.2,-40.05,27.8,,,,,,,,,,,,,,,,
EXO,117322982,,,,,,,,,,,,SAFE,-19.204,10.193,1.078,0.85,3.695,-0.0,0.0,0.0,-0.107,0.0,0.0,0.0,0.0,0.0,0.0
IMU,117322044.0,1,-0.0669,-0.9941,0.0615,-11.47,-13.31,19.23,-86.74,4.46,104.56,26.1,,,,,,,,,,,,,,,,
IMU,117392403.0,2,0.6636,-0.8926,0.0449,-5.31,5.37,-206.91,-88.13,-37.41,-38.61,27.9,,,,,,,,,,,,,,,,
EXO,117423168,,,,,,,,,,,,SAFE,-37.414,5.371,1.113,1.225,3.562,-0.0,0.0,0.0,0.075,0.0,0.0,0.0,0.0,0.0,0.0
IMU,117422217.0,1,-0.0679,-0.9922,0.0713,-10.99,5.62,9.28,-87.85,5.71,104.22,26.1,,,,,,,,,,,,,,,,
IMU,117492296.0,2,0.7461,-0.6182,0.0928,15.93,-3.3,-180.18,-87.52,-56.19,-37.73,27.7,,,,,,,,,,,,,,,,
EXO,117522962,,,,,,,,,,,,SAFE,-56.19,-3.296,0.973,1.535,2.439,-0.0,0.0,0.0,0.112,0.0,0.0,0.0,0.0,0.0,0.0
IMU,117522415.0,1,-0.1348,-1.0347,0.0659,1.34,4.7,15.32,-88.28,6.8,104.16,26.3,,,,,,,,,,,,,,,,
IMU,117592220.0,2,0.9263,-0.3438,0.0493,3.66,13.06,-113.4,-83.85,-69.49,-39.93,27.8,,,,,,,,,,,,,,,,
EXO,117622796,,,,,,,,,,,,SAFE,-69.489,13.062,0.989,1.721,1.258,-0.0,0.0,0.0,0.225,0.0,0.0,0.0,0.0,0.0,0.0
IMU,117622611.0,1,-0.1289,-1.0376,0.0308,12.57,1.28,9.58,-87.42,8.13,103.45,26.1,,,,,,,,,,,,,,,,
IMU,117692145.0,2,0.8037,-0.1753,0.0337,8.85,6.71,-42.48,-76.16,-76.53,-46.06,27.7,,,,,,,,,,,,,,,,
EXO,117722671,,,,,,,,,,,,SAFE,-76.525,6.714,0.823,1.751,-0.191,-0.0,0.0,0.0,0.069,0.0,0.0,0.0,0.0,0.0,0.0
IMU,117722782.0,1,-0.1582,-0.998,0.104,5.0,-3.3,6.1,-86.63,8.77,103.68,26.3,,,,,,,,,,,,,,,,
IMU,117792069.0,2,0.7056,-0.2476,-0.022,-15.08,4.94,60.0,-76.34,-74.81,-45.0,27.8,,,,,,,,,,,,,,,,
EXO,117822795,,,,,,,,,,,,SAFE,-74.811,4.944,0.748,1.615,-1.94,-0.0,0.0,0.0,0.287,0.0,0.0,0.0,0.0,0.0,0.0
IMU,117822983.0,1,-0.1758,-0.9736,0.0615,2.44,14.04,13.79,-86.36,9.83,103.1,26.3,,,,,,,,,,,,,,,,
IMU,117891999.0,2,0.8315,-0.397,0.0039,-17.27,-1.89,145.32,-82.72,-64.18,-38.78,27.9,,,,,,,,,,,,,,,,
EXO,117922990,,,,,,,,,,,,SAFE,-64.177,-1.892,0.921,1.314,-3.64,-0.0,0.0,0.0,0.14,0.0,0.0,0.0,0.0,0.0,0.0
IMU,117923168.0,1,-0.1484,-0.9717,0.0356,-5.8,4.64,-1.34,-86.61,10.35,102.6,26.3,,,,,,,,,,,,,,,,
IMU,117991897.0,2,0.7666,-0.6465,0.0552,-1.77,-17.58,202.03,-87.12,-46.64,-33.29,27.7,,,,,,,,,,,,,,,,
EXO,118023082,,,,,,,,,,,,SAFE,-46.637,-17.578,1.004,0.923,-3.877,-0.0,0.0,0.0,0.052,0.0,0.0,0.0,0.0,0.0,0.0
IMU,118023318.0,1,-0.1255,-0.9678,0.0635,-12.15,-17.94,-31.13,-87.57,8.9,103.51,26.3,,,,,,,,,,,,,,,,
IMU,118091814.0,2,0.5435,-0.959,0.1084,-8.79,11.54,172.12,-88.21,-29.03,-29.93,27.9,,,,,,,,,,,,,,,,
EXO,118123255,,,,,,,,,,,,SAFE,-29.026,11.536,1.108,0.569,-3.19,-0.0,0.0,0.0,-0.081,0.0,0.0,0.0,0.0,0.0,0.0
IMU,118123509.0,1,-0.0576,-1.0122,0.1299,10.93,13.85,-40.04,-87.41,4.84,103.46,26.2,,,,,,,,,,,,,,,,
IMU,118191729.0,2,0.3032,-1.0786,0.0381,-12.27,40.77,135.5,-87.81,-14.4,-30.94,27.6,,,,,,,,,,,,,,,,
EXO,118223162,,,,,,,,,,,,SAFE,-14.398,40.771,1.121,0.317,-2.046,-0.0,0.0,0.0,-0.245,0.0,0.0,0.0,0.0,0.0,0.0
IMU,118223686.0,1,-0.0425,-1.0347,0.0122,8.0,52.86,-23.8,-86.4,1.95,99.97,26.1,,,,,,,,,,,,,,,,
IMU,118291609.0,2,-0.0127,-1.0273,-0.0513,-10.13,6.9,80.63,-88.32,-4.19,-33.28,27.6,,,,,,,,,,,,,,,,
EXO,118322870,,,,,,,,,,,,SAFE,-4.191,6.897,1.029,0.194,-0.361,-0.0,0.0,0.0,-0.171,0.0,0.0,0.0,0.0,0.0,0.0
IMU,118323866.0,1,-0.0977,-0.9927,-0.0166,-2.75,-1.53,-8.61,-86.63,0.5,97.65,26.3,,,,,,,,,,,,,,,,
IMU,118391574.0,2,-0.0337,-0.9834,0.0107,0.92,0.92,3.6,-88.83,-0.09,-32.05,27.7,,,,,,,,,,,,,,,,
EXO,118422605,,,,,,,,,,,,SAFE,-0.093,0.916,0.984,0.235,1.021,-0.0,0.0,0.0,-0.012,0.0,0.0,0.0,0.0,0.0,0.0
IMU,118424047.0,1,-0.0581,-0.9937,0.0508,3.66,-26.06,9.83,-86.69,1.14,98.12,26.1,,,,,,,,,,,,,,,,
IMU,118491417.0,2,0.0503,-0.981,-0.0723,-2.5,-16.11,-57.68,-88.83,-3.26,-28.96,27.7,,,,,,,,,,,,,,,,
EXO,118522863,,,,,,,,,,,,SAFE,-3.257,-16.113,0.985,0.369,1.607,-0.0,0.0,0.0,-0.159,0.0,0.0,0.0,0.0,0.0,0.0
IMU,118524244.0,1,0.0117,-0.9731,0.0669,-9.77,-17.03,2.62,-86.75,1.8,99.96,26.4,,,,,,,,,,,,,,,,
IMU,118591328.0,2,0.1411,-1.0195,0.022,-4.15,-19.35,-103.33,-89.59,-11.5,-26.15,27.7,,,,,,,,,,,,,,,,
EXO,118622935,,,,,,,,,,,,SAFE,-11.503,-19.348,1.029,0.589,2.626,-0.0,0.0,0.0,-0.113,0.0,0.0,0.0,0.0,0.0,0.0
IMU,118624426.0,1,-0.0122,-1.0195,0.0762,-4.88,-5.49,16.54,-87.45,2.44,101.59,26.1,,,,,,,,,,,,,,,,
IMU,118691262.0,2,0.377,-0.9849,-0.0342,-4.21,-5.92,-136.41,-90.14,-22.84,-24.46,27.7,,,,,,,,,,,,,,,,
EXO,118723131,,,,,,,,,,,,SAFE,-22.835,-5.92,1.055,0.888,3.305,-0.0,0.0,0.0,-0.15,0.0,0.0,0.0,0.0,0.0,0.0
IMU,118724620.0,1,-0.124,-0.9961,0.021,-8.54,7.93,23.56,-88.12,4.69,101.57,26.3,,,,,,,,,,,,,,,,
IMU,118791198.0,2,0.5596,-0.8252,-0.0376,-2.62,-1.34,-171.69,-91.12,-37.68,-23.26,27.6,,,,,,,,,,,,,,,,
EXO,118823039,,,,,,,,,,,,SAFE,-37.678,-1.343,0.998,1.227,3.535,-0.0,0.0,0.0,0.006,0.0,0.0,0.0,0.0,0.0,0.0
IMU,118824779.0,1,-0.1177,-0.9658,-0.002,-17.58,-5.49,20.08,-89.47,6.8,101.09,26.2,,,,,,,,,,,,,,,,
IMU,118891183.0,2,0.8047,-0.5962,0.0332,11.17,-4.7,-175.96,-92.22,-54.2,-19.97,27.8,,,,,,,,,,,,,,,,
EXO,118923242,,,,,,,,,,,,SAFE,-54.196,-4.7,1.002,1.544,2.804,-0.0,0.0,0.0,0.054,0.0,0.0,0.0,0.0,0.0,0.0
IMU,118924976.0,1,-0.1196,-0.978,-0.0039,-1.1,-9.77,6.59,-90.3,8.24,101.61,26.3,,,,,,,,,,,,,,,,
IMU,118991040.0,2,0.9028,-0.4351,-0.0371,23.19,15.75,-144.96,-89.78,-69.7,-19.2,27.7,,,,,,,,,,,,,,,,
EXO,119023147,,,,,,,,,,,,SAFE,-69.697,15.747,1.003,1.764,1.334,-0.0,0.0,0.0,0.191,0.0,0.0,0.0,0.0,0.0,0.0
IMU,119025158.0,1,-0.1475,-1.0332,0.0405,12.63,-1.59,10.8,-89.36,8.59,102.42,26.2,,,,,,,,,,,,,,,,
IMU,119090953.0,2,0.8818,-0.1592,-0.0234,0.0,5.74,-52.61,-83.62,-78.41,-24.12,27.8,,,,,,,,,,,,,,,,
EXO,119122900,,,,,,,,,,,,SAFE,-78.415,5.737,0.896,1.81,-0.351,-0.0,0.0,0.0,0.049,0.0,0.0,0.0,0.0,0.0,0.0
IMU,119125328.0,1,-0.1938,-1.0098,0.001,3.48,7.32,9.4,-88.61,9.7,102.14,26.2,,,,,,,,,,,,,,,,
IMU,119190901.0,2,0.8564,-0.1641,0.0254,-8.42,-2.75,43.82,-84.62,-77.73,-23.53,27.6,,,,,,,,,,,,,,,,
EXO,119222637,,,,,,,,,,,,SAFE,-77.728,-2.747,0.872,1.706,-1.446,-0.0,0.0,0.0,0.018,0.0,0.0,0.0,0.0,0.0,0.0
IMU,119225514.0,1,-0.1851,-0.9761,0.0103,-2.38,10.86,7.26,-88.78,10.42,101.56,26.3,,,,,,,,,,,,,,,,
IMU,119290821.0,2,0.8433,-0.2979,-0.0015,-15.87,-1.1,98.63,-88.36,-70.12,-20.84,27.6,,,,,,,,,,,,,,,,
EXO,119323065,,,,,,,,,,,,SAFE,-70.12,-1.099,0.894,1.5,-2.548,-0.0,0.0,0.0,0.231,0.0,0.0,0.0,0.0,0.0,0.0
IMU,119325699.0,1,-0.1953,-0.9585,0.0361,-4.39,5.98,0.49,-89.2,10.65,100.64,26.2,,,,,,,,,,,,,,,,
IMU,119390818.0,2,0.8433,-0.5034,0.0093,-18.25,-1.46,151.49,-90.71,-57.69,-19.38,27.8,,,,,,,,,,,,,,,,
EXO,119422975,,,,,,,,,,,,SAFE,-57.695,-1.465,0.982,1.208,-3.163,-0.0,0.0,0.0,0.118,0.0,0.0,0.0,0.0,0.0,0.0
IMU,119425854.0,1,-0.1572,-0.98,0.0137,-2.01,3.91,-10.93,-89.74,10.31,100.09,26.1,,,,,,,,,,,,,,,,
IMU,119490680.0,2,0.6802,-0.7505,0.0049,-4.58,0.12,165.34,-91.28,-42.38,-19.28,27.7,,,,,,,,,,,,,,,,
EXO,119522971,,,,,,,,,,,,SAFE,-42.38,0.122,1.013,0.883,-3.203,-0.0,0.0,0.0,-0.017,0.0,0.0,0.0,0.0,0.0,0.0
IMU,119526032.0,1,-0.1558,-0.9775,0.0205,2.08,0.67,-19.17,-89.74,8.65,100.07,26.4,,,,,,,,,,,,,,,,
IMU,119590608.0,2,0.4751,-0.9482,0.0215,-0.12,13.49,159.85,-90.79,-26.78,-19.56,27.7,,,,,,,,,,,,,,,,
EXO,119622854,,,,,,,,,,,,SAFE,-26.779,13.489,1.061,0.586,-2.404,-0.0,0.0,0.0,-0.035,0.0,0.0,0.0,0.0,0.0,0.0
IMU,119626209.0,1,-0.1055,-1.0273,0.043,11.29,1.59,-20.39,-89.02,6.65,99.93,26.2,,,,,,,,,,,,,,,,
IMU,119690515.0,2,0.1855,-1.0386,-0.0083,3.91,22.22,111.02,-89.63,-13.62,-20.43,27.6,,,,,,,,,,,,,,,,
EXO,119722882,,,,,,,,,,,,SAFE,-13.618,22.217,1.055,0.376,-1.568,-0.0,0.0,0.0,-0.26,0.0,0.0,0.0,0.0,0.0,0.0
IMU,119726386.0,1,-0.0972,-1.0146,0.0127,17.21,15.93,-22.58,-87.51,4.56,98.93,26.3,,,,,,,,,,,,,,,,
IMU,119790430.0,2,0.0723,-1.0039,-0.0435,-0.06,19.84,62.74,-89.04,-5.37,-22.14,27.8,,,,,,,,,,,,,,,,
EXO,119822862,,,,,,,,,,,,SAFE,-5.372,19.836,1.007,0.29,-0.072,-0.0,0.0,0.0,-0.07,0.0,0.0,0.0,0.0,0.0,0.0
IMU,119826565.0,1,-0.1309,-0.9707,0.0186,1.22,6.29,-7.57,-86.98,3.43,97.14,26.2,,,,,,,,,,,,,,,,
IMU,119890419.0,2,0.019,-0.9604,-0.0303,-3.78,-11.17,-5.07,-89.53,-3.03,-22.19,27.6,,,,,,,,,,,,,,,,
EXO,119922701,,,,,,,,,,,,SAFE,-3.032,-11.169,0.961,0.303,0.594,-0.0,0.0,0.0,-0.129,0.0,0.0,0.0,0.0,0.0,0.0
IMU,119926734.0,1,-0.0547,-0.9624,0.0322,-3.91,-27.95,-10.31,-87.25,3.31,97.81,26.4,,,,,,,,,,,,,,,,
IMU,119990268.0,2,0.1128,-1.0273,0.0015,-13.98,-3.48,-60.06,-90.16,-6.15,-19.71,27.7,,,,,,,,,,,,,,,,
EXO,120023047,,,,,,,,,,,,SAFE,-6.152,-3.479,1.034,0.422,1.454,-0.0,0.0,0.0,-0.15,0.0,0.0,0.0,0.0,0.0,0.0
IMU,120026915.0,1,-0.0386,-0.9731,0.0176,-11.11,-6.1,3.72,-87.95,2.37,98.91,26.3,,,,,,,,,,,,,,,,
IMU,120090191.0,2,0.2192,-1.0151,-0.0215,-1.16,-10.56,-95.34,-91.22,-13.46,-18.38,27.8,,,,,,,,,,,,,,,,
EXO,120123039,,,,,,,,,,,,SAFE,-13.464,-10.559,1.039,0.625,2.458,-0.0,0.0,0.0,-0.067,0.0,0.0,0.0,0.0,0.0,0.0
IMU,120127086.0,1,-0.0591,-1.0308,0.021,-2.38,-7.08,8.24,-88.48,3.16,99.7,26.2,,,,,,,,,,,,,,,,
IMU,120190151.0,2,0.394,-0.9648,-0.0254,9.28,-8.18,-124.27,-90.87,-24.35,-17.02,27.7,,,,,,,,,,,,,,,,
EXO,120222882,,,,,,,,,,,,SAFE,-24.346,-8.179,1.043,0.891,2.802,-0.0,0.0,0.0,-0.135,0.0,0.0,0.0,0.0,0.0,0.0
IMU,120227266.0,1,-0.0645,-1.0122,0.0527,-5.74,-5.68,15.2,-88.59,4.57,100.5,26.2,,,,,,,,,,,,,,,,
IMU,120290084.0,2,0.5649,-0.8647,-0.0405,-0.85,1.16,-155.21,-90.94,-38.04,-15.79,27.7,,,,,,,,,,,,,,,,
EXO,120323039,,,,,,,,,,,,SAFE,-38.04,1.16,1.034,1.185,2.851,-0.0,0.0,0.0,-0.054,0.0,0.0,0.0,0.0,0.0,0.0
IMU,120327439.0,1,-0.0952,-0.9707,0.0103,-10.19,4.82,15.01,-89.32,5.85,100.38,26.2,,,,,,,,,,,,,,,,
IMU,120390083.0,2,0.7832,-0.6826,0.0308,4.88,-4.82,-142.58,-91.95,-52.21,-14.09,27.6,,,,,,,,,,,,,,,,
EXO,120422989,,,,,,,,,,,,SAFE,-52.207,-4.822,1.039,1.454,2.416,-0.0,0.0,0.0,0.114,0.0,0.0,0.0,0.0,0.0,0.0
IMU,120427646.0,1,-0.1382,-1.0244,0.0122,-3.54,-1.59,16.85,-90.14,7.5,100.3,26.1,,,,,,,,,,,,,,,,
IMU,120489932.0,2,0.9253,-0.4121,0.0059,11.6,1.16,-118.29,-91.69,-64.51,-12.78,27.8,,,,,,,,,,,,,,,,
EXO,120522976,,,,,,,,,,,,SAFE,-64.506,1.16,1.013,1.661,1.713,-0.0,0.0,0.0,0.133,0.0,0.0,0.0,0.0,0.0,0.0
IMU,120527820.0,1,-0.1143,-1.0234,0.0278,3.17,-2.56,10.25,-90.04,8.72,100.65,26.3,,,,,,,,,,,,,,,,
IMU,120589851.0,2,0.915,-0.2407,0.0308,7.02,4.33,-76.84,-90.04,-73.62,-13.14,27.7,,,,,,,,,,,,,,,,
EXO,120622701,,,,,,,,,,,,SAFE,-73.619,4.333,0.947,1.76,0.072,-0.0,0.0,0.0,0.163,0.0,0.0,0.0,0.0,0.0,0.0
IMU,120627994.0,1,-0.1553,-1.0034,0.0132,7.57,3.91,5.37,-89.58,9.24,100.68,26.2,,,,,,,,,,,,,,,,
IMU,120689802.0,2,0.9512,-0.21,-0.0366,-7.57,16.48,20.02,-86.84,-76.43,-16.45,27.6,,,,,,,,,,,,,,,,
EXO,120722707,,,,,,,,,,,,SAFE,-76.426,16.479,0.975,1.702,-1.323,-0.0,0.0,0.0,0.133,0.0,0.0,0.0,0.0,0.0,0.0
IMU,120728184.0,1,-0.1665,-0.9888,0.0303,7.81,7.51,9.83,-88.78,9.68,99.9,26.2,,,,,,,,,,,,,,,,
IMU,120789724.0,2,0.8394,-0.3096,0.0,-12.82,0.61,104.06,-87.43,-70.35,-17.32,27.7,,,,,,,,,,,,,,,,
EXO,120822609,,,,,,,,,,,,SAFE,-70.351,0.61,0.895,1.482,-3.07,-0.0,0.0,0.0,0.13,0.0,0.0,0.0,0.0,0.0,0.0
IMU,120828364.0,1,-0.2012,-0.9663,0.0117,-0.37,-0.73,7.45,-88.71,10.81,99.21,26.2,,,,,,,,,,,,,,,,
IMU,120889729.0,2,0.7231,-0.5288,-0.0264,-4.46,-4.21,185.49,-89.2,-55.77,-16.08,27.8,,,,,,,,,,,,,,,,
EXO,120922978,,,,,,,,,,,,SAFE,-55.767,-4.211,0.896,1.113,-4.142,-0.0,0.0,0.0,0.056,0.0,0.0,0.0,0.0,0.0,0.0
IMU,120928559.0,1,-0.1631,-0.9067,0.0308,-6.77,-3.66,-14.22,-89.11,10.57,99.68,26.2,,,,,,,,,,,,,,,,
IMU,120989628.0,2,0.7007,-0.813,-0.0273,-6.47,-6.29,191.41,-90.79,-36.8,-14.91,27.7,,,,,,,,,,,,,,,,
EXO,121023156,,,,,,,,,,,,SAFE,-36.799,-6.287,1.074,0.722,-3.738,-0.0,0.0,0.0,-0.092,0.0,0.0,0.0,0.0,0.0,0.0
IMU,121028732.0,1,-0.0884,-1.0176,0.0591,-1.34,7.2,-40.53,-89.78,7.38,100.0,26.2,,,,,,,,,,,,,,,,
IMU,121089570.0,2,0.4067,-1.0396,-0.0088,-24.05,36.56,167.48,-91.59,-19.85,-16.97,27.9,,,,,,,,,,,,,,,,
EXO,121123126,,,,,,,,,,,,SAFE,-19.852,36.56,1.116,0.389,-2.959,-0.0,0.0,0.0,-0.067,0.0,0.0,0.0,0.0,0.0,0.0
IMU,121128909.0,1,-0.1138,-1.0166,-0.0786,1.53,26.49,-37.35,-89.57,3.69,97.13,26.3,,,,,,,,,,,,,,,,
IMU,121189418.0,2,0.1167,-1.0654,-0.0967,-2.44,6.29,111.88,-92.11,-6.52,-19.52,27.7,,,,,,,,,,,,,,,,
EXO,121222879,,,,,,,,,,,,SAFE,-6.52,6.287,1.076,0.159,-1.425,-0.0,0.0,0.0,-0.205,0.0,0.0,0.0,0.0,0.0,0.0
IMU,121229086.0,1,-0.022,-1.0498,0.0332,3.36,-10.99,-36.56,-89.79,0.15,96.7,26.4,,,,,,,,,,,,,,,,
IMU,121289329.0,2,-0.0552,-1.0029,-0.0845,-3.17,16.36,54.2,-92.11,0.86,-19.38,27.8,,,,,,,,,,,,,,,,
EXO,121322866,,,,,,,,,,,,SAFE,0.857,16.357,1.008,0.107,0.301,-0.0,0.0,0.0,-0.025,0.0,0.0,0.0,0.0,0.0,0.0
IMU,121329265.0,1,-0.0098,-0.9966,0.0264,0.18,6.47,-4.7,-89.26,-1.63,96.16,26.3,,,,,,,,,,,,,,,,
IMU,121389335.0,2,0.0171,-0.9697,-0.0205,-3.05,-29.54,-23.68,-92.56,1.38,-19.19,27.6,,,,,,,,,,,,,,,,
EXO,121422771,,,,,,,,,,,,SAFE,1.384,-29.541,0.97,0.197,1.811,-0.0,0.0,0.0,-0.217,0.0,0.0,0.0,0.0,0.0,0.0
IMU,121429445.0,1,0.0049,-0.9844,0.0449,5.86,-18.01,-3.54,-89.35,-1.63,98.01,26.2,,,,,,,,,,,,,,,,
IMU,121489156.0,2,0.0791,-1.0269,-0.0669,3.72,-7.75,-95.21,-92.03,-5.32,-17.27,27.7,,,,,,,,,,,,,,,,
EXO,121522777,,,,,,,,,,,,SAFE,-5.323,-7.751,1.032,0.418,2.76,-0.0,0.0,0.0,-0.147,0.0,0.0,0.0,0.0,0.0,0.0
IMU,121529643.0,1,-0.002,-0.9878,0.0156,-0.85,-10.62,17.09,-89.03,-0.7,99.03,26.1,,,,,,,,,,,,,,,,
IMU,121589102.0,2,0.3271,-1.0234,-0.0024,10.25,0.37,-148.13,-91.83,-17.08,-16.07,27.6,,,,,,,,,,,,,,,,
EXO,121623117,,,,,,,,,,,,SAFE,-17.078,0.366,1.074,0.723,3.395,-0.0,0.0,0.0,-0.16,0.0,0.0,0.0,0.0,0.0,0.0
IMU,121629800.0,1,-0.0137,-1.0098,0.0107,2.2,-7.75,17.21,-89.17,0.86,99.43,26.2,,,,,,,,,,,,,,,,
IMU,121689014.0,2,0.5615,-0.9399,-0.0049,18.68,5.25,-175.48,-90.48,-32.66,-15.54,27.6,,,,,,,,,,,,,,,,
EXO,121722861,,,,,,,,,,,,SAFE,-32.657,5.249,1.095,1.072,3.436,-0.0,0.0,0.0,-0.085,0.0,0.0,0.0,0.0,0.0,0.0
IMU,121729978.0,1,-0.0415,-0.9946,0.0244,4.64,9.64,26.25,-88.44,2.81,99.42,26.1,,,,,,,,,,,,,,,,
IMU,121788927.0,2,0.752,-0.7148,-0.0283,15.38,-9.03,-174.32,-89.23,-49.09,-16.08,27.8,,,,,,,,,,,,,,,,
EXO,121822870,,,,,,,,,,,,SAFE,-49.092,-9.033,1.038,1.417,3.312,-0.0,0.0,0.0,0.002,0.0,0.0,0.0,0.0,0.0,0.0
IMU,121830158.0,1,-0.0854,-1.0078,0.019,-8.79,-9.89,25.63,-88.81,5.43,99.63,26.2,,,,,,,,,,,,,,,,
IMU,121888927.0,2,0.8867,-0.4648,0.0352,20.26,-5.92,-152.59,-88.56,-64.67,-14.58,27.6,,,,,,,,,,,,,,,,
EXO,121922984,,,,,,,,,,,,SAFE,-64.671,-5.92,1.002,1.708,2.438,-0.0,0.0,0.0,0.105,0.0,0.0,0.0,0.0,0.0,0.0
IMU,121930327.0,1,-0.1113,-0.9624,0.0259,-2.75,-5.07,22.83,-89.19,7.88,100.68,26.2,,,,,,,,,,,,,,,,
IMU,121988799.0,2,0.8789,-0.1611,0.0601,-3.05,1.95,-102.23,-86.24,-76.73,-15.95,27.7,,,,,,,,,,,,,,,,
EXO,122022973,,,,,,,,,,,,SAFE,-76.729,1.953,0.896,1.861,0.485,-0.0,0.0,0.0,0.238,0.0,0.0,0.0,0.0,0.0,0.0
IMU,122030514.0,1,-0.1226,-1.0112,-0.0103,5.98,0.43,18.13,-88.92,9.84,100.32,26.1,,,,,,,,,,,,,,,,
IMU,122088732.0,2,0.8979,-0.0771,-0.0928,-13.24,-0.24,24.96,-82.3,-80.64,-20.0,27.9,,,,,,,,,,,,,,,,
EXO,122122973,,,,,,,,,,,,SAFE,-80.64,-0.244,0.906,1.766,-1.846,-0.0,0.0,0.0,0.117,0.0,0.0,0.0,0.0,0.0,0.0
IMU,122130708.0,1,-0.186,-0.999,-0.0605,0.85,9.16,4.27,-88.79,10.74,99.82,26.2,,,,,,,,,,,,,,,,
IMU,122188666.0,2,0.8472,-0.209,0.0166,-9.64,3.78,111.51,-87.13,-73.05,-17.16,27.6,,,,,,,,,,,,,,,,
EXO,122222721,,,,,,,,,,,,SAFE,-73.048,3.784,0.873,1.512,-3.144,-0.0,0.0,0.0,0.222,0.0,0.0,0.0,0.0,0.0,0.0
IMU,122230878.0,1,-0.1719,-0.916,0.0249,-2.56,2.75,-16.78,-88.81,10.17,99.34,26.2,,,,,,,,,,,,,,,,
IMU,122288593.0,2,0.7593,-0.4922,0.0122,-13.85,-9.22,174.44,-89.84,-59.36,-15.61,27.7,,,,,,,,,,,,,,,,
EXO,122323063,,,,,,,,,,,,SAFE,-59.365,-9.216,0.905,1.139,-3.9,-0.0,0.0,0.0,0.033,0.0,0.0,0.0,0.0,0.0,0.0
IMU,122331039.0,1,-0.1279,-0.939,0.0049,-10.07,5.62,-26.98,-89.74,7.99,99.04,26.3,,,,,,,,,,,,,,,,
IMU,122388582.0,2,0.7529,-0.7861,0.0312,-14.4,9.28,184.39,-91.58,-41.37,-15.67,27.8,,,,,,,,,,,,,,,,
EXO,122422979,,,,,,,,,,,,SAFE,-41.375,9.277,1.089,0.761,-3.333,-0.0,0.0,0.0,-0.065,0.0,0.0,0.0,0.0,0.0,0.0
IMU,122431235.0,1,-0.0479,-1.02,0.0332,12.88,10.01,-45.53,-89.7,4.18,98.25,26.1,,,,,,,,,,,,,,,,
IMU,122488435.0,2,0.5557,-0.9077,0.022,-4.52,20.75,137.88,-90.4,-26.18,-18.53,27.6,,,,,,,,,,,,,,,,
EXO,122523031,,,,,,,,,,,,SAFE,-26.18,20.752,1.065,0.494,-1.93,-0.0,0.0,0.0,-0.373,0.0,0.0,0.0,0.0,0.0,0.0
IMU,122531404.0,1,-0.0249,-1.0269,0.0034,11.54,18.19,-41.2,-88.14,-0.06,96.71,26.3,,,,,,,,,,,,,,,,
IMU,122588340.0,2,0.3164,-1.0156,0.0171,1.04,16.97,65.92,-89.66,-17.12,-20.74,27.7,,,,,,,,,,,,,,,,
EXO,122622877,,,,,,,,,,,,SAFE,-17.117,16.968,1.064,0.405,0.038,-0.0,0.0,0.0,-0.074,0.0,0.0,0.0,0.0,0.0,0.0
IMU,122631578.0,1,-0.0166,-1.0151,0.0396,6.84,3.72,-10.07,-87.46,-2.43,95.3,26.2,,,,,,,,,,,,,,,,
IMU,122688270.0,2,0.1929,-0.959,0.021,3.66,-4.27,1.59,-89.4,-14.79,-21.47,27.8,,,,,,,,,,,,,,,,
EXO,122722608,,,,,,,,,,,,SAFE,-14.788,-4.272,0.978,0.408,-0.045,-0.0,0.0,0.0,-0.013,0.0,0.0,0.0,0.0,0.0,0.0
IMU,122731763.0,1,0.0347,-0.9888,0.0513,3.11,-8.48,5.8,-87.18,-1.73,95.59,26.3,,,,,,,,,,,,,,,,
IMU,122788186.0,2,0.2729,-0.957,0.019,2.44,-4.33,-2.56,-89.01,-14.72,-20.66,27.7,,,,,,,,,,,,,,,,
EXO,122822513,,,,,,,,,,,,SAFE,-14.722,-4.333,0.995,0.409,0.018,-0.0,0.0,0.0,-0.003,0.0,0.0,0.0,0.0,0.0,0.0
IMU,122832268.0,1,0.0542,-0.9946,0.0742,0.49,4.09,-1.89,-86.76,-1.77,95.88,26.2,,,,,,,,,,,,,,,,
IMU,122888168.0,2,0.3032,-0.9668,0.0601,-0.67,0.0,-9.28,-89.02,-15.16,-20.95,27.7,,,,,,,,,,,,,,,,
EXO,122922538,,,,,,,,,,,,SAFE,-15.156,0.0,1.015,0.489,1.287,-0.0,0.0,0.0,-0.132,0.0,0.0,0.0,0.0,0.0,0.0
IMU,122932198.0,1,-0.0049,-1.0068,0.0596,2.38,16.36,11.84,-86.65,-1.58,95.26,26.4,,,,,,,,,,,,,,,,
IMU,122988035.0,2,0.2798,-0.9814,-0.0454,-3.6,-3.42,-63.29,-89.3,-19.63,-21.77,27.7,,,,,,,,,,,,,,,,
EXO,123022968,,,,,,,,,,,,SAFE,-19.633,-3.418,1.022,0.635,1.494,-0.0,0.0,0.0,0.068,0.0,0.0,0.0,0.0,0.0,0.0
IMU,123032358.0,1,-0.0332,-0.98,0.0137,-9.16,-9.22,21.61,-87.25,0.21,95.26,26.2,,,,,,,,,,,,,,,,
IMU,123087959.0,2,0.3706,-0.9033,0.0386,0.61,-9.4,-57.07,-89.99,-25.55,-20.69,27.6,,,,,,,,,,,,,,,,
EXO,123122784,,,,,,,,,,,,SAFE,-25.554,-9.399,0.977,0.747,0.589,-0.0,0.0,0.0,0.213,0.0,0.0,0.0,0.0,0.0,0.0
IMU,123132542.0,1,-0.022,-1.0142,0.0381,-0.92,-3.48,21.0,-88.14,2.29,95.95,26.3,,,,,,,,,,,,,,,,
IMU,123187883.0,2,0.3706,-0.8325,0.0928,19.17,-0.43,-7.87,-88.96,-28.39,-20.49,27.7,,,,,,,,,,,,,,,,
EXO,123222811,,,,,,,,,,,,SAFE,-28.394,-0.427,0.916,0.751,-0.046,-0.0,0.0,0.0,0.005,0.0,0.0,0.0,0.0,0.0,0.0
IMU,123232648.0,1,-0.0259,-1.0,0.124,16.97,16.05,5.86,-86.79,3.44,96.27,26.3,,,,,,,,,,,,,,,,
IMU,123287807.0,2,0.4658,-0.8716,0.0332,-4.64,22.71,6.35,-87.32,-27.2,-22.46,27.7,,,,,,,,,,,,,,,,
EXO,123322619,,,,,,,,,,,,SAFE,-27.202,22.705,0.989,0.751,0.075,-0.0,0.0,0.0,-0.017,0.0,0.0,0.0,0.0,0.0,0.0
IMU,123332814.0,1,-0.0669,-0.9712,0.0332,6.41,29.91,3.42,-85.97,3.97,93.93,26.2,,,,,,,,,,,,,,,,
IMU,123387818.0,2,0.4038,-0.876,0.0688,-6.96,31.86,6.23,-86.97,-26.57,-25.61,27.7,,,,,,,,,,,,,,,,
EXO,123422582,,,,,,,,,,,,SAFE,-26.57,31.86,0.967,0.751,-0.029,-0.0,0.0,0.0,-0.011,0.0,0.0,0.0,0.0,0.0,0.0
IMU,123432981.0,1,-0.0928,-0.9692,0.0591,15.75,25.02,9.22,-85.13,4.67,91.01,26.2,,,,,,,,,,,,,,,,
IMU,123487656.0,2,0.3701,-0.9214,0.0903,4.7,29.72,18.98,-85.67,-25.14,-28.83,27.9,,,,,,,,,,,,,,,,
EXO,123522644,,,,,,,,,,,,SAFE,-25.142,29.724,0.997,0.751,0.203,-0.0,0.0,0.0,-0.002,0.0,0.0,0.0,0.0,0.0,0.0
IMU,123533166.0,1,-0.127,-0.9927,0.1143,20.94,16.11,23.07,-83.45,6.54,88.9,26.3,,,,,,,,,,,,,,,,
IMU,123587588.0,2,0.3921,-0.9292,0.0854,19.1,11.23,21.91,-83.79,-22.64,-30.93,27.7,,,,,,,,,,,,,,,,
EXO,123622803,,,,,,,,,,,,SAFE,-22.643,11.23,1.012,0.751,-0.105,-0.0,0.0,0.0,0.002,0.0,0.0,0.0,0.0,0.0,0.0
IMU,123633342.0,1,-0.1353,-0.9507,0.1406,25.76,11.41,23.44,-81.35,8.75,88.57,26.2,,,,,,,,,,,,,,,,
IMU,123687505.0,2,0.3345,-0.8711,0.1362,12.94,26.31,26.73,-81.77,-20.09,-32.89,27.7,,,,,,,,,,,,,,,,
EXO,123722813,,,,,,,,,,,,SAFE,-20.094,26.306,0.943,0.752,0.191,-0.0,0.0,0.0,-0.009,0.0,0.0,0.0,0.0,0.0,0.0
IMU,123733529.0,1,-0.1948,-0.897,0.1719,26.12,12.88,22.46,-79.08,11.43,87.58,26.3,,,,,,,,,,,,,,,,
IMU,123787426.0,2,0.335,-0.9131,0.1138,9.16,25.45,16.72,-79.89,-17.6,-35.03,27.5,,,,,,,,,,,,,,,,
EXO,123822802,,,,,,,,,,,,SAFE,-17.6,25.452,0.979,0.751,0.069,-0.0,0.0,0.0,-0.014,0.0,0.0,0.0,0.0,0.0,0.0
IMU,123833711.0,1,-0.2021,-0.9849,0.2031,14.04,3.48,10.19,-77.22,13.06,86.56,26.2,,,,,,,,,,,,,,,,
IMU,123887419.0,2,0.3892,-0.936,0.0708,-0.43,-8.97,-1.46,-79.14,-16.64,-35.69,27.8,,,,,,,,,,,,,,,,
EXO,123922809,,,,,,,,,,,,SAFE,-16.639,-8.972,1.016,0.751,-0.096,-0.0,0.0,0.0,-0.028,0.0,0.0,0.0,0.0,0.0,0.0
IMU,123933870.0,1,-0.2188,-0.9644,0.2397,-20.51,14.28,-11.05,-77.85,12.85,86.63,26.1,,,,,,,,,,,,,,,,
IMU,123987276.0,2,0.2559,-0.9565,0.2837,-23.13,15.44,-15.2,-81.53,-17.91,-36.11,27.8,,,,,,,,,,,,,,,,
EXO,124023396,,,,,,,,,,,,SAFE,-17.908,15.442,1.03,0.751,0.112,-0.0,0.0,0.0,-0.003,0.0,0.0,0.0,0.0,0.0,0.0
IMU,124034099.0,1,-0.2827,-0.9565,0.1904,11.96,-1.53,-18.74,-79.03,11.74,84.68,26.4,,,,,,,,,,,,,,,,
IMU,124087208.0,2,0.2646,-1.0806,0.1689,8.24,14.53,-19.96,-80.24,-19.52,-37.39,27.8,,,,,,,,,,,,,,,,
EXO,124123043,,,,,,,,,,,,SAFE,-19.523,14.526,1.125,0.751,-0.003,-0.0,0.0,0.0,-0.015,0.0,0.0,0.0,0.0,0.0,0.0
IMU,124134241.0,1,-0.2148,-0.9702,0.2197,15.38,30.64,-4.46,-77.85,10.51,83.28,26.3,,,,,,,,,,,,,,,,
IMU,124187135.0,2,0.2329,-0.8511,0.3081,21.42,-1.46,0.92,-78.99,-19.28,-40.06,27.6,,,,,,,,,,,,,,,,
EXO,124222807,,,,,,,,,,,,SAFE,-19.276,-1.465,0.935,0.751,-0.105,-0.0,0.0,0.0,0.015,0.0,0.0,0.0,0.0,0.0,0.0
IMU,124234427.0,1,-0.1982,-0.9116,0.2666,20.26,-52.43,2.99,-75.64,10.41,84.59,26.2,,,,,,,,,,,,,,,,
IMU,124287064.0,2,0.3394,-0.9419,0.144,14.28,1.59,3.66,-75.94,-19.24,-37.88,27.6,,,,,,,,,,,,,,,,
EXO,124322713,,,,,,,,,,,,SAFE,-19.243,1.587,1.011,0.752,0.105,-0.0,0.0,0.0,-0.011,0.0,0.0,0.0,0.0,0.0,0.0
IMU,124334631.0,1,-0.1606,-0.9712,0.2832,7.75,31.07,2.62,-74.09,10.64,85.47,26.4,,,,,,,,,,,,,,,,
IMU,124387043.0,2,0.353,-0.8652,0.2886,-3.85,6.53,-5.37,-76.0,-18.57,-39.94,27.6,,,,,,,,,,,,,,,,
EXO,124422647,,,,,,,,,,,,SAFE,-18.572,6.531,0.978,0.751,-0.022,-0.0,0.0,0.0,-0.003,0.0,0.0,0.0,0.0,0.0,0.0
IMU,124434794.0,1,-0.1436,-0.9053,0.2681,3.42,-19.04,-5.13,-73.94,10.36,84.74,26.3,,,,,,,,,,,,,,,,
IMU,124486902.0,2,0.3892,-0.9409,0.2305,11.11,3.85,-8.67,-75.08,-19.39,-39.42,27.7,,,,,,,,,,,,,,,,
EXO,124522794,,,,,,,,,,,,SAFE,-19.391,3.845,1.044,0.751,-0.018,-0.0,0.0,0.0,-0.02,0.0,0.0,0.0,0.0,0.0,0.0
IMU,124534987.0,1,-0.1489,-1.0498,0.2637,16.42,5.25,-11.47,-72.87,9.39,84.98,26.3,,,,,,,,,,,,,,,,
IMU,124586820.0,2,0.3965,-0.9443,0.2319,23.19,-2.62,-5.31,-73.33,-20.08,-40.71,27.7,,,,,,,,,,,,,,,,
EXO,124622814,,,,,,,,,,,,SAFE,-20.078,-2.625,1.05,0.751,-0.009,-0.0,0.0,0.0,-0.009,0.0,0.0,0.0,0.0,0.0,0.0
IMU,124635168.0,1,-0.0791,-0.9302,0.2642,6.9,-7.75,13.31,-71.56,8.81,85.74,26.3,,,,,,,,,,,,,,,,
IMU,124686738.0,2,0.3584,-0.8418,0.2212,-7.39,7.45,14.47,-72.77,-19.09,-40.31,27.7,,,,,,,,,,,,,,,,
EXO,124722617,,,,,,,,,,,,SAFE,-19.089,7.446,0.941,0.751,0.009,-0.0,0.0,0.0,-0.022,0.0,0.0,0.0,0.0,0.0,0.0
IMU,124735357.0,1,-0.2607,-0.9517,0.3555,-14.4,-6.04,-10.5,-71.82,9.63,85.76,26.3,,,,,,,,,,,,,,,,
IMU,124786667.0,2,0.2363,-0.9243,0.3608,-10.8,-5.68,-15.81,-73.97,-20.14,-39.81,27.9,,,,,,,,,,,,,,,,
EXO,124823151,,,,,,,,,,,,SAFE,-20.138,-5.676,1.02,0.752,0.124,-0.0,0.0,0.0,0.006,0.0,0.0,0.0,0.0,0.0,0.0
IMU,124835566.0,1,-0.1689,-0.9502,0.3203,3.48,-6.96,2.26,-72.65,8.94,85.83,26.4,,,,,,,,,,,,,,,,
IMU,124886688.0,2,0.3564,-0.8911,0.3105,21.55,-1.77,10.56,-73.21,-19.86,-39.44,27.6,,,,,,,,,,,,,,,,
EXO,124922626,,,,,,,,,,,,SAFE,-19.863,-1.77,1.009,0.751,-0.006,-0.0,0.0,0.0,-0.005,0.0,0.0,0.0,0.0,0.0,0.0
IMU,124935729.0,1,-0.144,-0.9111,0.353,8.97,-3.72,-0.24,-71.26,9.3,86.95,26.2,,,,,,,,,,,,,,,,
IMU,124986537.0,2,0.3379,-0.8467,0.3018,-0.37,-0.06,-4.94,-72.22,-19.73,-39.47,27.7,,,,,,,,,,,,,,,,
EXO,125022699,,,,,,,,,,,,SAFE,-19.731,-0.061,0.96,0.752,0.083,-0.0,0.0,0.0,-0.028,0.0,0.0,0.0,0.0,0.0,0.0
IMU,125035912.0,1,-0.1519,-0.9302,0.354,-2.99,8.18,-6.04,-71.12,8.93,86.63,26.2,,,,,,,,,,,,,,,,
IMU,125086459.0,2,0.3325,-0.8755,0.3433,-2.08,8.3,3.42,-72.46,-19.96,-40.14,27.7,,,,,,,,,,,,,,,,
EXO,125122526,,,,,,,,,,,,SAFE,-19.962,8.301,0.997,0.751,0.017,-0.0,0.0,0.0,-0.001,0.0,0.0,0.0,0.0,0.0,0.0
IMU,125136093.0,1,-0.1528,-0.9482,0.3447,2.38,2.38,0.18,-70.95,9.0,85.99,26.2,,,,,,,,,,,,,,,,
IMU,125186379.0,2,0.3486,-0.9009,0.2686,-10.93,6.47,-10.44,-72.31,-19.91,-40.63,27.7,,,,,,,,,,,,,,,,
EXO,125222643,,,,,,,,,,,,SAFE,-19.913,6.47,1.003,0.751,0.048,-0.0,0.0,0.0,0.001,0.0,0.0,0.0,0.0,0.0,0.0
IMU,125236266.0,1,-0.1411,-0.9478,0.3281,-2.38,2.93,-5.37,-71.26,8.51,85.09,26.2,,,,,,,,,,,,,,,,
IMU,125286310.0,2,0.3179,-0.8926,0.3008,-2.26,-3.05,2.14,-72.59,-20.34,-40.97,27.8,,,,,,,,,,,,,,,,
EXO,125322618,,,,,,,,,,,,SAFE,-20.336,-3.052,0.994,0.751,0.037,-0.0,0.0,0.0,0.01,0.0,0.0,0.0,0.0,0.0,0.0
IMU,125336451.0,1,-0.1367,-0.938,0.3281,-6.35,-5.07,5.13,-71.53,8.58,85.34,26.4,,,,,,,,,,,,,,,,
IMU,125386303.0,2,0.3643,-0.9019,0.2861,-10.38,-0.43,-0.61,-73.1,-20.16,-40.39,27.6,,,,,,,,,,,,,,,,
EXO,125422816,,,,,,,,,,,,SAFE,-20.16,-0.427,1.014,0.751,-0.062,-0.0,0.0,0.0,-0.03,0.0,0.0,0.0,0.0,0.0,0.0
IMU,125436637.0,1,-0.166,-0.9312,0.2905,-2.99,-1.16,-3.48,-72.17,8.59,85.22,26.2,,,,,,,,,,,,,,,,
IMU,125486148.0,2,0.3335,-0.9004,0.2896,3.54,1.34,-4.39,-73.2,-20.52,-40.4,27.9,,,,,,,,,,,,,,,,
EXO,125522614,,,,,,,,,,,,SAFE,-20.522,1.343,1.003,0.751,0.017,-0.0,0.0,0.0,0.009,0.0,0.0,0.0,0.0,0.0,0.0
IMU,125536808.0,1,-0.1289,-0.9351,0.3179,2.93,1.28,-1.59,-71.92,8.25,85.18,26.1,,,,,,,,,,,,,,,,
IMU,125586068.0,2,0.3623,-0.8848,0.2686,-0.24,-2.5,0.73,-72.91,-20.59,-40.59,27.8,,,,,,,,,,,,,,,,
EXO,125622538,,,,,,,,,,,,SAFE,-20.588,-2.502,0.993,0.751,-0.202,-0.0,0.0,0.0,-0.015,0.0,0.0,0.0,0.0,0.0,0.0
IMU,125636977.0,1,-0.1392,-0.9448,0.3086,-7.26,-0.98,-1.4,-72.14,8.18,85.2,26.3,,,,,,,,,,,,,,,,
IMU,125685982.0,2,0.3403,-0.8945,0.2925,-4.94,-3.85,-1.34,-73.48,-20.84,-40.18,27.7,,,,,,,,,,,,,,,,
EXO,125722787,,,,,,,,,,,,SAFE,-20.841,-3.845,1.001,0.752,0.007,-0.0,0.0,0.0,-0.013,0.0,0.0,0.0,0.0,0.0,0.0
IMU,125737154.0,1,-0.1421,-0.9526,0.2881,-2.93,3.78,-1.59,-72.66,8.08,85.11,26.4,,,,,,,,,,,,,,,,
IMU,125785879.0,2,0.3604,-0.9053,0.2773,-2.2,2.32,-1.04,-73.78,-20.91,-40.35,27.6,,,,,,,,,,,,,,,,
EXO,125822623,,,,,,,,,,,,SAFE,-20.912,2.319,1.013,0.751,0.033,-0.0,0.0,0.0,0.011,0.0,0.0,0.0,0.0,0.0,0.0
IMU,125837344.0,1,-0.1436,-0.9478,0.2954,0.92,1.83,-0.49,-72.77,8.09,84.79,26.2,,,,,,,,,,,,,,,,
IMU,125885868.0,2,0.3403,-0.8877,0.2622,-2.26,0.98,-2.5,-73.75,-20.95,-40.59,27.6,,,,,,,,,,,,,,,,
EXO,125922553,,,,,,,,,,,,SAFE,-20.951,0.977,0.986,0.751,0.025,-0.0,0.0,0.0,0.008,0.0,0.0,0.0,0.0,0.0,0.0
IMU,125937512.0,1,-0.1401,-0.9263,0.3052,-3.17,-2.32,-2.81,-72.91,7.91,84.66,26.3,,,,,,,,,,,,,,,,
IMU,125985710.0,2,0.3452,-0.8979,0.2842,-2.99,-0.85,-2.14,-73.94,-21.23,-40.5,27.6,,,,,,,,,,,,,,,,
EXO,126022783,,,,,,,,,,,,SAFE,-21.231,-0.854,1.003,0.751,0.036,-0.0,0.0,0.0,0.047,0.0,0.0,0.0,0.0,0.0,0.0
IMU,126037700.0,1,-0.1313,-0.9648,0.2886,-0.37,0.73,1.04,-73.14,7.81,84.59,26.2,,,,,,,,,,,,,,,,
IMU,126085630.0,2,0.3745,-0.8911,0.2466,-0.73,-0.18,0.49,-73.98,-21.17,-40.48,27.6,,,,,,,,,,,,,,,,
EXO,126122523,,,,,,,,,,,,SAFE,-21.171,-0.183,0.998,0.751,0.066,-0.0,0.0,0.0,-0.03,0.0,0.0,0.0,0.0,0.0,0.0
IMU,126137847.0,1,-0.1367,-0.9487,0.2881,-2.99,0.85,-1.59,-73.23,7.84,84.55,26.3,,,,,,,,,,,,,,,,
IMU,126185545.0,2,0.3555,-0.9053,0.2637,1.16,-1.22,-1.28,-74.07,-21.31,-40.42,27.7,,,,,,,,,,,,,,,,
EXO,126222636,,,,,,,,,,,,SAFE,-21.308,-1.221,1.008,0.751,-0.171,-0.0,0.0,0.0,-0.001,0.0,0.0,0.0,0.0,0.0,0.0
IMU,126238028.0,1,-0.1426,-0.9438,0.2666,1.95,1.04,-0.79,-73.21,7.71,84.56,26.2,,,,,,,,,,,,,,,,
IMU,126285448.0,2,0.3784,-0.9053,0.2461,2.08,10.19,-3.23,-73.77,-21.32,-40.8,27.9,,,,,,,,,,,,,,,,
EXO,126322547,,,,,,,,,,,,SAFE,-21.319,10.193,1.012,0.751,-0.048,-0.0,0.0,0.0,0.038,0.0,0.0,0.0,0.0,0.0,0.0
IMU,126338207.0,1,-0.1328,-0.9565,0.2612,12.08,4.39,-5.37,-72.58,7.55,83.94,26.2,,,,,,,,,,,,,,,,
IMU,126385417.0,2,0.3706,-0.8906,0.2466,5.13,0.37,-4.09,-72.85,-21.47,-41.9,27.6,,,,,,,,,,,,,,,,
EXO,126422553,,,,,,,,,,,,SAFE,-21.467,0.366,0.996,0.751,-0.069,-0.0,0.0,0.0,0.02,0.0,0.0,0.0,0.0,0.0,0.0
IMU,126438370.0,1,-0.1211,-0.9297,0.3428,-8.67,-11.17,1.65,-72.47,7.21,84.16,26.3,,,,,,,,,,,,,,,,
IMU,126485266.0,2,0.3687,-0.8857,0.3359,-0.31,-8.06,2.44,-73.17,-21.72,-40.84,27.7,,,,,,,,,,,,,,,,
EXO,126522695,,,,,,,,,,,,SAFE,-21.72,-8.057,1.017,0.751,0.064,-0.0,0.0,0.0,-0.022,0.0,0.0,0.0,0.0,0.0,0.0
IMU,126538548.0,1,-0.1138,-0.9565,0.2949,1.89,0.73,1.16,-72.74,7.28,84.73,26.2,,,,,,,,,,,,,,,,
IMU,126585177.0,2,0.3687,-0.874,0.2554,-0.06,1.34,1.59,-73.12,-21.54,-40.79,27.6,,,,,,,,,,,,,,,,
EXO,126622346,,,,,,,,,,,,SAFE,-21.544,1.343,0.982,0.751,-0.017,-0.0,0.0,0.0,-0.023,0.0,0.0,0.0,0.0,0.0,0.0
IMU,126638717.0,1,-0.1421,-0.9541,0.311,-2.69,0.43,0.18,-72.74,7.38,84.67,26.2,,,,,,,,,,,,,,,,
IMU,126685084.0,2,0.3647,-0.8872,0.2827,1.1,-1.83,-1.22,-73.19,-21.57,-40.68,27.6,,,,,,,,,,,,,,,,
EXO,126722538,,,,,,,,,,,,SAFE,-21.572,-1.831,1.0,0.751,-0.015,-0.0,0.0,0.0,-0.01,0.0,0.0,0.0,0.0,0.0,0.0
IMU,126738883.0,1,-0.124,-0.9487,0.2993,-0.24,-0.67,-1.1,-72.74,7.24,84.77,26.4,,,,,,,,,,,,,,,,
IMU,126785013.0,2,0.3804,-0.8882,0.271,-0.12,-0.92,0.12,-73.13,-21.67,-40.63,27.8,,,,,,,,,,,,,,,,
EXO,126822693,,,,,,,,,,,,SAFE,-21.671,-0.916,1.003,0.751,0.003,-0.0,0.0,0.0,0.027,0.0,0.0,0.0,0.0,0.0,0.0
IMU,126839072.0,1,-0.1221,-0.9429,0.2988,-1.59,-1.04,1.4,-72.81,7.24,84.85,26.4,,,,,,,,,,,,,,,,
IMU,126884996.0,2,0.3794,-0.8848,0.2578,-2.38,-0.73,-0.43,-73.27,-21.66,-40.47,27.7,,,,,,,,,,,,,,,,
EXO,126922690,,,,,,,,,,,,SAFE,-21.66,-0.732,0.997,0.751,-0.001,-0.0,0.0,0.0,0.018,0.0,0.0,0.0,0.0,0.0,0.0
IMU,126939240.0,1,-0.1294,-0.9463,0.2993,-2.14,-1.71,-1.71,-73.02,7.19,84.86,26.2,,,,,,,,,,,,,,,,
IMU,126984843.0,2,0.3687,-0.8965,0.2642,-0.85,-1.1,-0.55,-73.41,-21.83,-40.34,27.8,,,,,,,,,,,,,,,,
EXO,127022780,,,,,,,,,,,,SAFE,-21.83,-1.099,1.005,0.751,-0.009,-0.0,0.0,0.0,-0.018,0.0,0.0,0.0,0.0,0.0,0.0
IMU,127039391.0,1,-0.1157,-0.9688,0.2856,-0.79,-0.24,0.49,-73.13,7.13,84.93,26.4,,,,,,,,,,,,,,,,
IMU,127084760.0,2,0.3735,-0.875,0.2593,0.37,1.1,0.24,-73.43,-21.81,-40.31,27.7,,,,,,,,,,,,,,,,
EXO,127122590,,,,,,,,,,,,SAFE,-21.813,1.099,0.986,0.751,-0.009,-0.0,0.0,0.0,-0.0,0.0,0.0,0.0,0.0,0.0,0.0
IMU,127139638.0,1,-0.1333,-0.959,0.2969,0.24,1.46,0.06,-73.11,7.16,84.87,26.4,,,,,,,,,,,,,,,,
IMU,127184677.0,2,0.3682,-0.8828,0.2749,1.04,-0.12,-0.73,-73.41,-21.8,-40.41,27.8,,,,,,,,,,,,,,,,
EXO,127222502,,,,,,,,,,,,SAFE,-21.802,-0.122,0.995,0.752,0.04,-0.0,0.0,0.0,0.017,0.0,0.0,0.0,0.0,0.0,0.0
IMU,127239739.0,1,-0.1245,-0.9487,0.2891,-0.06,-0.92,-0.49,-73.08,7.1,84.89,26.2,,,,,,,,,,,,,,,,
IMU,127284591.0,2,0.3789,-0.8887,0.2686,0.55,0.0,-0.31,-73.32,-21.86,-40.37,27.8,,,,,,,,,,,,,,,,
EXO,127322597,,,,,,,,,,,,SAFE,-21.857,0.0,1.003,0.751,0.04,-0.0,0.0,0.0,0.014,0.0,0.0,0.0,0.0,0.0,0.0
IMU,127339928.0,1,-0.1123,-0.9438,0.2905,0.0,-0.85,0.55,-73.09,7.08,84.92,26.3,,,,,,,,,,,,,,,,
IMU,127384565.0,2,0.3672,-0.897,0.2563,-1.4,-0.98,-0.06,-73.34,-21.87,-40.29,27.7,,,,,,,,,,,,,,,,
EXO,127422619,,,,,,,,,,,,SAFE,-21.868,-0.977,1.003,0.752,-0.009,-0.0,0.0,0.0,0.006,0.0,0.0,0.0,0.0,0.0,0.0
IMU,127440096.0,1,-0.1304,-0.9458,0.2861,-0.92,-0.49,-1.34,-73.17,7.04,84.94,26.2,,,,,,,,,,,,,,,,
IMU,127484402.0,2,0.3706,-0.8936,0.2603,0.37,-0.79,-1.28,-73.39,-21.99,-40.26,27.8,,,,,,,,,,,,,,,,
EXO,127522689,,,,,,,,,,,,SAFE,-21.989,-0.793,1.002,0.751,0.057,-0.0,0.0,0.0,0.032,0.0,0.0,0.0,0.0,0.0,0.0
IMU,127540269.0,1,-0.1172,-0.9556,0.2915,-0.43,-0.31,0.24,-73.19,6.95,84.96,26.3,,,,,,,,,,,,,,,,
IMU,127584311.0,2,0.3882,-0.8838,0.2651,0.31,-0.12,0.37,-73.39,-21.99,-40.24,27.6,,,,,,,,,,,,,,,,
EXO,127622516,,,,,,,,,,,,SAFE,-21.989,-0.122,1.001,0.751,0.079,-0.0,0.0,0.0,0.008,0.0,0.0,0.0,0.0,0.0,0.0
IMU,127640437.0,1,-0.1265,-0.9458,0.2876,-1.04,1.53,-0.18,-73.2,6.98,84.98,26.3,,,,,,,,,,,,,,,,
IMU,127684215.0,2,0.3667,-0.8867,0.2886,0.0,-0.31,-1.65,-73.47,-22.03,-40.26,27.8,,,,,,,,,,,,,,,,
EXO,127722613,,,,,,,,,,,,SAFE,-22.033,-0.305,1.002,0.751,-0.077,-0.0,0.0,0.0,0.017,0.0,0.0,0.0,0.0,0.0,0.0
IMU,127740620.0,1,-0.123,-0.9526,0.2842,1.22,-0.43,-1.22,-73.23,6.85,84.95,26.2,,,,,,,,,,,,,,,,
IMU,127784144.0,2,0.3745,-0.8916,0.2656,0.12,1.22,-0.73,-73.37,-22.14,-40.31,27.7,,,,,,,,,,,,,,,,
EXO,127822516,,,,,,,,,,,,SAFE,-22.143,1.221,1.003,0.751,0.037,-0.0,0.0,0.0,-0.018,0.0,0.0,0.0,0.0,0.0,0.0
IMU,127840805.0,1,-0.1064,-0.9463,0.2935,0.43,0.12,0.43,-73.18,6.83,84.89,26.2,,,,,,,,,,,,,,,,
IMU,127884126.0,2,0.374,-0.8774,0.2451,-1.65,-1.04,0.24,-73.38,-22.12,-40.34,27.7,,,,,,,,,,,,,,,,
EXO,127922435,,,,,,,,,,,,SAFE,-22.115,-1.038,0.985,0.751,-0.075,-0.0,0.0,0.0,0.001,0.0,0.0,0.0,0.0,0.0,0.0
IMU,127940964.0,1,-0.1235,-0.9463,0.2905,-1.46,-0.92,-1.1,-73.32,6.81,84.85,26.3,,,,,,,,,,,,,,,,
IMU,127983972.0,2,0.3691,-0.8945,0.2632,0.73,-0.12,-1.83,-73.44,-22.25,-40.28,27.6,,,,,,,,,,,,,,,,
EXO,128022709,,,,,,,,,,,,SAFE,-22.253,-0.122,1.003,0.751,-0.038,-0.0,0.0,0.0,0.006,0.0,0.0,0.0,0.0,0.0,0.0
IMU,128041130.0,1,-0.0981,-0.9624,0.292,1.65,0.92,-0.61,-73.22,6.69,84.85,26.3,,,,,,,,,,,,,,,,
IMU,128083900.0,2,0.3862,-0.8804,0.2588,0.49,1.71,0.85,-73.29,-22.25,-40.46,27.8,,,,,,,,,,,,,,,,
EXO,128122355,,,,,,,,,,,,SAFE,-22.247,1.709,0.996,0.751,0.006,-0.0,0.0,0.0,0.003,0.0,0.0,0.0,0.0,0.0,0.0
IMU,128141293.0,1,-0.1274,-0.9575,0.2949,-1.83,-0.18,0.92,-73.24,6.74,84.8,26.2,,,,,,,,,,,,,,,,
IMU,128183821.0,2,0.3823,-0.8813,0.2734,0.12,-1.1,-0.98,-73.42,-22.23,-40.38,27.7,,,,,,,,,,,,,,,,
EXO,128222623,,,,,,,,,,,,SAFE,-22.225,-1.099,0.999,0.751,0.002,-0.0,0.0,0.0,-0.005,0.0,0.0,0.0,0.0,0.0,0.0
IMU,128241471.0,1,-0.1196,-0.9487,0.2866,0.37,-0.79,-1.65,-73.27,6.67,84.87,26.3,,,,,,,,,,,,,,,,
IMU,128283735.0,2,0.377,-0.8975,0.2656,0.43,0.79,-0.12,-73.32,-22.35,-40.38,27.8,,,,,,,,,,,,,,,,
EXO,128322509,,,,,,,,,,,,SAFE,-22.346,0.793,1.009,0.751,-0.022,-0.0,0.0,0.0,-0.006,0.0,0.0,0.0,0.0,0.0,0.0
IMU,128341665.0,1,-0.1069,-0.9468,0.2891,-0.43,0.85,0.67,-73.25,6.64,84.83,26.2,,,,,,,,,,,,,,,,
IMU,128383732.0,2,0.3774,-0.8877,0.2637,-1.83,-1.34,0.67,-73.34,-22.27,-40.4,27.7,,,,,,,,,,,,,,,,
EXO,128422540,,,,,,,,,,,,SAFE,-22.269,-1.343,1.0,0.752,0.131,-0.0,0.0,0.0,0.016,0.0,0.0,0.0,0.0,0.0,0.0
IMU,128441785.0,1,-0.1177,-0.9502,0.2842,-0.79,-0.31,0.0,-73.34,6.7,84.84,26.2,,,,,,,,,,,,,,,,
IMU,128483594.0,2,0.3755,-0.8911,0.2646,1.16,-1.28,-0.55,-73.39,-22.35,-40.32,27.8,,,,,,,,,,,,,,,,
EXO,128522617,,,,,,,,,,,,SAFE,-22.346,-1.282,1.003,0.751,-0.117,-0.0,0.0,0.0,-0.002,0.0,0.0,0.0,0.0,0.0,0.0
IMU,128541988.0,1,-0.1089,-0.9517,0.2852,-0.06,0.98,-0.37,-73.31,6.63,84.88,26.4,,,,,,,,,,,,,,,,
IMU,128583511.0,2,0.3784,-0.8818,0.2695,0.06,1.77,0.67,-73.33,-22.3,-40.41,27.6,,,,,,,,,,,,,,,,
EXO,128622424,,,,,,,,,,,,SAFE,-22.297,1.77,0.997,0.751,-0.06,-0.0,0.0,0.0,-0.003,0.0,0.0,0.0,0.0,0.0,0.0
IMU,128642177.0,1,-0.1187,-0.96,0.29,-0.67,0.12,0.31,-73.3,6.67,84.81,26.3,,,,,,,,,,,,,,,,
IMU,128683432.0,2,0.3857,-0.8799,0.2798,0.06,-0.79,-0.24,-73.41,-22.29,-40.41,27.7,,,,,,,,,,,,,,,,
EXO,128722528,,,,,,,,,,,,SAFE,-22.291,-0.793,1.001,0.752,0.036,-0.0,0.0,0.0,0.006,0.0,0.0,0.0,0.0,0.0,0.0
IMU,128742355.0,1,-0.1289,-0.9502,0.2793,0.24,-1.4,-0.49,-73.33,6.62,84.91,26.2,,,,,,,,,,,,,,,,
IMU,128783332.0,2,0.3701,-0.8857,0.2637,0.06,1.4,0.0,-73.34,-22.34,-40.34,27.7,,,,,,,,,,,,,,,,
EXO,128822437,,,,,,,,,,,,SAFE,-22.341,1.404,0.996,0.751,-0.061,-0.0,0.0,0.0,0.01,0.0,0.0,0.0,0.0,0.0,0.0
IMU,128842593.0,1,-0.1069,-0.9502,0.2871,0.18,0.55,1.04,-73.31,6.66,84.85,26.3,,,,,,,,,,,,,,,,
IMU,128883323.0,2,0.3809,-0.894,0.2632,-1.77,-0.43,0.0,-73.36,-22.26,-40.4,27.7,,,,,,,,,,,,,,,,
EXO,128922431,,,,,,,,,,,,SAFE,-22.258,-0.427,1.007,0.751,-0.061,-0.0,0.0,0.0,-0.022,0.0,0.0,0.0,0.0,0.0,0.0
IMU,128942733.0,1,-0.1172,-0.937,0.2886,-0.55,-1.65,-1.04,-73.36,6.66,84.85,26.3,,,,,,,,,,,,,,,,
IMU,128983219.0,2,0.3589,-0.8887,0.2612,1.04,-0.43,-1.59,-73.36,-22.38,-40.31,27.8,,,,,,,,,,,,,,,,
EXO,129022699,,,,,,,,,,,,SAFE,-22.385,-0.427,0.993,0.751,0.117,-0.0,0.0,0.0,-0.043,0.0,0.0,0.0,0.0,0.0,0.0
IMU,129042917.0,1,-0.1021,-0.9624,0.2876,1.71,1.04,0.18,-73.31,6.55,84.86,26.3,,,,,,,,,,,,,,,,
IMU,129083142.0,2,0.3994,-0.8789,0.2559,0.12,1.34,0.55,-73.25,-22.36,-40.48,27.7,,,,,,,,,,,,,,,,
EXO,129122269,,,,,,,,,,,,SAFE,-22.357,1.343,0.999,0.751,-0.092,-0.0,0.0,0.0,0.008,0.0,0.0,0.0,0.0,0.0,0.0
IMU,129143096.0,1,-0.1201,-0.9585,0.291,-1.95,-0.24,0.61,-73.34,6.6,84.82,26.2,,,,,,,,,,,,,,,,
IMU,129183057.0,2,0.3813,-0.8779,0.2793,0.0,-1.53,-0.37,-73.4,-22.37,-40.38,27.7,,,,,,,,,,,,,,,,
EXO,129222607,,,,,,,,,,,,SAFE,-22.368,-1.526,0.997,0.751,-0.128,-0.0,0.0,0.0,0.002,0.0,0.0,0.0,0.0,0.0,0.0
IMU,129243280.0,1,-0.1191,-0.9536,0.2793,0.61,-0.18,-0.85,-73.38,6.53,84.9,26.2,,,,,,,,,,,,,,,,
IMU,129282949.0,2,0.374,-0.8853,0.2554,-0.31,2.44,0.0,-73.34,-22.42,-40.37,27.6,,,,,,,,,,,,,,,,
EXO,129322511,,,,,,,,,,,,SAFE,-22.423,2.441,0.994,0.751,-0.089,-0.0,0.0,0.0,-0.017,0.0,0.0,0.0,0.0,0.0,0.0
IMU,129343477.0,1,-0.1025,-0.9541,0.2925,-0.37,1.4,1.04,-73.39,6.6,84.73,26.2,,,,,,,,,,,,,,,,
IMU,129382901.0,2,0.3872,-0.8901,0.2642,-2.26,-0.92,0.55,-73.41,-22.31,-40.49,27.7,,,,,,,,,,,,,,,,
EXO,129422530,,,,,,,,,,,,SAFE,-22.308,-0.916,1.006,0.751,-0.003,-0.0,0.0,0.0,0.017,0.0,0.0,0.0,0.0,0.0,0.0
IMU,129443650.0,1,-0.1157,-0.9502,0.2803,-0.12,-2.81,-0.79,-73.5,6.61,84.77,26.3,,,,,,,,,,,,,,,,
IMU,129482824.0,2,0.376,-0.8936,0.2534,1.59,-0.98,-1.04,-73.42,-22.42,-40.34,27.7,,,,,,,,,,,,,,,,
EXO,129522710,,,,,,,,,,,,SAFE,-22.418,-0.977,1.002,0.751,-0.06,-0.0,0.0,0.0,-0.012,0.0,0.0,0.0,0.0,0.0,0.0
IMU,129543839.0,1,-0.103,-0.9492,0.2842,0.06,1.65,0.43,-73.47,6.54,84.8,26.2,,,,,,,,,,,,,,,,
IMU,129582742.0,2,0.3848,-0.8809,0.2637,-1.34,0.79,1.59,-73.39,-22.35,-40.44,27.8,,,,,,,,,,,,,,,,
EXO,129622348,,,,,,,,,,,,SAFE,-22.346,0.793,0.997,0.751,-0.033,-0.0,0.0,0.0,-0.009,0.0,0.0,0.0,0.0,0.0,0.0
IMU,129643999.0,1,-0.123,-0.959,0.2803,-3.17,0.85,0.61,-73.64,6.67,84.72,26.4,,,,,,,,,,,,,,,,
IMU,129682669.0,2,0.3794,-0.8804,0.2876,0.12,-3.36,-0.98,-73.62,-22.34,-40.3,27.8,,,,,,,,,,,,,,,,
EXO,129722547,,,,,,,,,,,,SAFE,-22.335,-3.357,1.001,0.751,0.044,-0.0,0.0,0.0,0.025,0.0,0.0,0.0,0.0,0.0,0.0
IMU,129744184.0,1,-0.1196,-0.957,0.2725,0.49,0.61,-1.89,-73.66,6.53,84.84,26.2,,,,,,,,,,,,,,,,
IMU,129782604.0,2,0.3896,-0.8848,0.2632,-0.06,2.38,0.18,-73.56,-22.46,-40.31,27.7,,,,,,,,,,,,,,,,
EXO,129822451,,,,,,,,,,,,SAFE,-22.462,2.38,1.002,0.751,-0.06,-0.0,0.0,0.0,-0.026,0.0,0.0,0.0,0.0,0.0,0.0
IMU,129844387.0,1,-0.1089,-0.9556,0.2935,-0.85,0.24,0.67,-73.64,6.55,84.73,26.3,,,,,,,,,,,,,,,,
IMU,129882534.0,2,0.3779,-0.8853,0.2676,-1.1,-0.85,0.49,-73.6,-22.41,-40.37,27.8,,,,,,,,,,,,,,,,
EXO,129922518,,,,,,,,,,,,SAFE,-22.407,-0.854,0.999,0.751,0.058,-0.0,0.0,0.0,-0.003,0.0,0.0,0.0,0.0,0.0,0.0
IMU,129944550.0,1,-0.1196,-0.9536,0.2725,0.37,-3.91,-0.31,-73.71,6.54,84.87,26.3,,,,,,,,,,,,,,,,
IMU,129982449.0,2,0.3887,-0.8931,0.2485,1.65,-0.31,-0.49,-73.53,-22.49,-40.14,27.8,,,,,,,,,,,,,,,,
EXO,130022611,,,,,,,,,,,,SAFE,-22.495,-0.305,1.005,0.751,-0.029,-0.0,0.0,0.0,0.002,0.0,0.0,0.0,0.0,0.0,0.0
IMU,130044722.0,1,-0.1055,-0.9531,0.2788,0.31,1.34,0.31,-73.66,6.51,84.91,26.3,,,,,,,,,,,,,,,,
IMU,130082373.0,2,0.3872,-0.8867,0.2588,-0.73,0.61,0.98,-73.46,-22.42,-40.26,27.7,,,,,,,,,,,,,,,,
EXO,130122343,,,,,,,,,,,,SAFE,-22.418,0.61,1.002,0.751,0.144,-0.0,0.0,0.0,-0.02,0.0,0.0,0.0,0.0,0.0,0.0
IMU,130144898.0,1,-0.1182,-0.9487,0.2773,-0.49,0.55,-0.67,-73.7,6.58,84.84,26.2,,,,,,,,,,,,,,,,
IMU,130182302.0,2,0.3628,-0.8887,0.2695,0.67,-1.28,-1.28,-73.54,-22.46,-40.25,27.8,,,,,,,,,,,,,,,,
EXO,130222617,,,,,,,,,,,,SAFE,-22.456,-1.282,0.997,0.751,-0.084,-0.0,0.0,0.0,-0.001,0.0,0.0,0.0,0.0,0.0,0.0
IMU,130245072.0,1,-0.1138,-0.9507,0.2749,0.31,1.28,-0.18,-73.65,6.5,84.87,26.3,,,,,,,,,,,,,,,,
IMU,130282232.0,2,0.3901,-0.8872,0.2656,-0.18,2.87,0.79,-73.49,-22.44,-40.34,27.8,,,,,,,,,,,,,,,,
EXO,130322427,,,,,,,,,,,,SAFE,-22.44,2.869,1.005,0.751,-0.068,-0.0,0.0,0.0,0.012,0.0,0.0,0.0,0.0,0.0,0.0
IMU,130345272.0,1,-0.1113,-0.9536,0.2905,-0.12,-1.28,1.04,-73.65,6.59,84.79,26.3,,,,,,,,,,,,,,,,
IMU,130382172.0,2,0.3828,-0.8843,0.2627,-0.85,-1.34,-0.55,-73.55,-22.38,-40.33,27.6,,,,,,,,,,,,,,,,
EXO,130422724,,,,,,,,,,,,SAFE,-22.379,-1.343,0.999,0.751,-0.186,-0.0,0.0,0.0,-0.016,0.0,0.0,0.0,0.0,0.0,0.0
IMU,130445414.0,1,-0.1147,-0.9561,0.2822,0.49,-1.53,-0.85,-73.69,6.54,84.87,26.3,,,,,,,,,,,,,,,,
IMU,130482081.0,2,0.3608,-0.8853,0.25,0.0,0.92,-0.67,-73.54,-22.48,-40.25,27.8,,,,,,,,,,,,,,,,
EXO,130522525,,,,,,,,,,,,SAFE,-22.484,0.916,0.988,0.751,-0.05,-0.0,0.0,0.0,-0.04,0.0,0.0,0.0,0.0,0.0,0.0
IMU,130545606.0,1,-0.1011,-0.9531,0.2861,0.73,1.04,0.31,-73.64,6.54,84.79,26.4,,,,,,,,,,,,,,,,
IMU,130582007.0,2,0.3828,-0.8838,0.2627,-0.67,-0.24,0.43,-73.5,-22.4,-40.4,27.7,,,,,,,,,,,,,,,,
EXO,130622436,,,,,,,,,,,,SAFE,-22.401,-0.244,0.998,0.751,-0.002,-0.0,0.0,0.0,-0.028,0.0,0.0,0.0,0.0,0.0,0.0
IMU,130645775.0,1,-0.1182,-0.9507,0.2715,-1.16,-0.98,-0.18,-73.72,6.57,84.8,26.4,,,,,,,,,,,,,,,,
IMU,130681945.0,2,0.3735,-0.8804,0.2622,0.61,-1.65,-0.79,-73.6,-22.46,-40.26,27.7,,,,,,,,,,,,,,,,
EXO,130722704,,,,,,,,,,,,SAFE,-22.462,-1.648,0.992,0.751,0.036,-0.0,0.0,0.0,-0.004,0.0,0.0,0.0,0.0,0.0,0.0
IMU,130745946.0,1,-0.1069,-0.9619,0.2764,1.28,1.4,-0.12,-73.69,6.51,84.83,26.3,,,,,,,,,,,,,,,,
IMU,130781866.0,2,0.3906,-0.8882,0.2505,0.0,3.05,0.37,-73.52,-22.44,-40.41,27.7,,,,,,,,,,,,,,,,
EXO,130822363,,,,,,,,,,,,SAFE,-22.44,3.052,1.002,0.751,0.06,-0.0,0.0,0.0,0.018,0.0,0.0,0.0,0.0,0.0,0.0
IMU,130846132.0,1,-0.1162,-0.9536,0.29,-0.55,0.0,1.77,-73.66,6.64,84.72,26.3,,,,,,,,,,,,,,,,
IMU,130881799.0,2,0.3779,-0.8828,0.2559,-1.22,0.0,0.37,-73.6,-22.32,-40.41,27.7,,,,,,,,,,,,,,,,
EXO,130922456,,,,,,,,,,,,SAFE,-22.319,0.0,0.994,0.751,0.068,-0.0,0.0,0.0,0.033,0.0,0.0,0.0,0.0,0.0,0.0
IMU,130946293.0,1,-0.1187,-0.9619,0.2715,0.18,7.93,0.49,-73.72,6.76,84.48,26.3,,,,,,,,,,,,,,,,
IMU,130981723.0,2,0.3789,-0.8945,0.252,-5.86,12.02,0.31,-73.67,-22.13,-40.96,27.7,,,,,,,,,,,,,,,,
EXO,131022444,,,,,,,,,,,,SAFE,-22.132,12.024,1.004,0.751,-0.045,-0.0,0.0,0.0,-0.022,0.0,0.0,0.0,0.0,0.0,0.0
IMU,131046479.0,1,-0.1084,-0.9565,0.2876,-3.05,7.63,3.05,-73.88,7.26,83.54,26.3,,,,,,,,,,,,,,,,
IMU,131081650.0,2,0.3467,-0.8726,0.2407,-9.95,5.37,1.34,-74.16,-21.82,-41.64,27.9,,,,,,,,,,,,,,,,
EXO,131122435,,,,,,,,,,,,SAFE,-21.824,5.371,0.969,0.752,0.054,-0.0,0.0,0.0,0.002,0.0,0.0,0.0,0.0,0.0,0.0
IMU,131146668.0,1,-0.1367,-0.9443,0.2617,-4.33,5.07,4.58,-74.49,7.85,82.86,26.3,,,,,,,,,,,,,,,,
IMU,131181595.0,2,0.354,-0.8804,0.2422,-6.29,0.92,3.6,-74.96,-21.4,-41.77,27.7,,,,,,,,,,,,,,,,
EXO,131222455,,,,,,,,,,,,SAFE,-21.401,0.916,0.979,0.752,-0.021,-0.0,0.0,0.0,-0.021,0.0,0.0,0.0,0.0,0.0,0.0
IMU,131246836.0,1,-0.1367,-0.9639,0.2412,-4.09,1.16,2.93,-74.8,8.25,82.64,26.4,,,,,,,,,,,,,,,,
IMU,131281510.0,2,0.3735,-0.9106,0.231,-1.28,-3.97,3.6,-75.33,-21.14,-41.64,27.7,,,,,,,,,,,,,,,,
EXO,131322522,,,,,,,,,,,,SAFE,-21.138,-3.967,1.011,0.752,-0.007,-0.0,0.0,0.0,-0.022,0.0,0.0,0.0,0.0,0.0,0.0
IMU,131347032.0,1,-0.1421,-0.9814,0.2529,-1.34,-1.71,3.48,-75.15,8.54,82.8,26.3,,,,,,,,,,,,,,,,
IMU,131381453.0,2,0.3545,-0.9082,0.2222,0.43,-3.97,2.01,-75.51,-20.96,-41.24,27.8,,,,,,,,,,,,,,,,
EXO,131422556,,,,,,,,,,,,SAFE,-20.956,-3.967,1.0,0.752,0.128,-0.0,0.0,0.0,-0.015,0.0,0.0,0.0,0.0,0.0,0.0
IMU,131447193.0,1,-0.1733,-0.9507,0.2607,-2.99,-5.25,4.58,-75.34,8.72,83.22,26.1,,,,,,,,,,,,,,,,
IMU,131481377.0,2,0.3271,-0.9038,0.2207,0.18,-5.19,4.88,-75.73,-20.74,-40.64,27.6,,,,,,,,,,,,,,,,
EXO,131522547,,,,,,,,,,,,SAFE,-20.742,-5.188,0.986,0.752,-0.057,-0.0,0.0,0.0,0.002,0.0,0.0,0.0,0.0,0.0,0.0
IMU,131547365.0,1,-0.1655,-0.9507,0.2417,-0.31,-4.39,2.01,-75.43,9.05,83.58,26.2,,,,,,,,,,,,,,,,
IMU,131581301.0,2,0.3418,-0.9048,0.2275,2.81,-2.99,0.79,-75.7,-20.52,-40.32,27.6,,,,,,,,,,,,,,,,
EXO,131622523,,,,,,,,,,,,SAFE,-20.517,-2.991,0.994,0.752,0.097,-0.0,0.0,0.0,0.001,0.0,0.0,0.0,0.0,0.0,0.0
IMU,131647561.0,1,-0.1768,-0.9648,0.2578,1.16,-1.77,0.61,-75.36,9.06,83.93,26.3,,,,,,,,,,,,,,,,
IMU,131681229.0,2,0.3452,-0.9238,0.2466,3.36,-0.31,0.98,-75.46,-20.48,-40.16,27.8,,,,,,,,,,,,,,,,
EXO,131722475,,,,,,,,,,,,SAFE,-20.484,-0.305,1.017,0.752,0.068,-0.0,0.0,0.0,0.04,0.0,0.0,0.0,0.0,0.0,0.0
IMU,131747725.0,1,-0.1655,-0.9536,0.2749,0.24,0.18,3.85,-75.1,9.25,84.09,26.4,,,,,,,,,,,,,,,,
IMU,131781157.0,2,0.3384,-0.895,0.2373,-2.26,0.85,4.39,-75.37,-20.12,-40.14,27.8,,,,,,,,,,,,,,,,
EXO,131822354,,,,,,,,,,,,SAFE,-20.116,0.854,0.986,0.752,-0.026,-0.0,0.0,0.0,0.003,0.0,0.0,0.0,0.0,0.0,0.0
IMU,131847923.0,1,-0.1689,-0.9385,0.2593,-1.71,1.65,1.53,-75.28,9.62,84.01,26.3,,,,,,,,,,,,,,,,
IMU,131881081.0,2,0.3394,-0.9062,0.2412,0.0,0.06,-0.37,-75.52,-19.93,-40.12,27.8,,,,,,,,,,,,,,,,
EXO,131922449,,,,,,,,,,,,SAFE,-19.929,0.061,0.997,0.752,0.126,-0.0,0.0,0.0,-0.05,0.0,0.0,0.0,0.0,0.0,0.0
IMU,131948105.0,1,-0.165,-0.9629,0.2485,-0.24,0.73,-0.24,-75.23,9.61,83.88,26.3,,,,,,,,,,,,,,,,
IMU,131981002.0,2,0.3472,-0.9102,0.2271,-0.98,-0.06,0.06,-75.53,-19.95,-40.25,27.6,,,,,,,,,,,,,,,,
EXO,132022679,,,,,,,,,,,,SAFE,-19.951,-0.061,1.0,0.752,-0.033,-0.0,0.0,0.0,0.008,0.0,0.0,0.0,0.0,0.0,0.0
IMU,132048267.0,1,-0.1743,-0.9595,0.25,-1.22,6.41,2.32,-75.36,9.74,83.67,26.4,,,,,,,,,,,,,,,,
IMU,132080927.0,2,0.3149,-0.9131,0.2358,-3.72,4.09,4.15,-75.77,-19.71,-40.52,27.8,,,,,,,,,,,,,,,,
EXO,132122444,,,,,,,,,,,,SAFE,-19.709,4.089,0.994,0.752,0.007,-0.0,0.0,0.0,-0.013,0.0,0.0,0.0,0.0,0.0,0.0
IMU,132148446.0,1,-0.1846,-0.9502,0.2373,-1.65,4.27,5.0,-75.57,10.32,83.18,26.2,,,,,,,,,,,,,,,,
IMU,132180851.0,2,0.3462,-0.9004,0.2261,-0.43,-1.89,2.81,-76.07,-19.18,-40.69,27.8,,,,,,,,,,,,,,,,
EXO,132222646,,,,,,,,,,,,SAFE,-19.182,-1.892,0.991,0.752,-0.07,-0.0,0.0,0.0,0.016,0.0,0.0,0.0,0.0,0.0,0.0
IMU,132248635.0,1,-0.1875,-0.9585,0.2397,-1.16,-0.24,0.31,-75.71,10.49,83.26,26.2,,,,,,,,,,,,,,,,
IMU,132280739.0,2,0.3296,-0.9185,0.2231,-0.31,-0.18,0.0,-76.14,-19.18,-40.55,27.7,,,,,,,,,,,,,,,,
EXO,132322698,,,,,,,,,,,,SAFE,-19.177,-0.183,1.001,0.752,-0.037,-0.0,0.0,0.0,-0.006,0.0,0.0,0.0,0.0,0.0,0.0
IMU,132348795.0,1,-0.1895,-0.9507,0.2412,-0.55,0.61,0.0,-75.75,10.48,83.31,26.4,,,,,,,,,,,,,,,,
IMU,132380689.0,2,0.3394,-0.915,0.231,0.85,-0.49,-0.31,-76.15,-19.21,-40.51,27.8,,,,,,,,,,,,,,,,
EXO,132422627,,,,,,,,,,,,SAFE,-19.21,-0.488,1.003,0.752,0.038,-0.0,0.0,0.0,-0.003,0.0,0.0,0.0,0.0,0.0,0.0
IMU,132448983.0,1,-0.1797,-0.9546,0.2422,-0.61,-1.46,-0.43,-75.73,10.42,83.38,26.3,,,,,,,,,,,,,,,,
IMU,132480614.0,2,0.3335,-0.9194,0.2222,0.67,-0.37,-0.12,-76.07,-19.26,-40.45,27.9,,,,,,,,,,,,,,,,
EXO,132522801,,,,,,,,,,,,SAFE,-19.259,-0.366,1.003,0.752,-0.076,-0.0,0.0,0.0,0.002,0.0,0.0,0.0,0.0,0.0,0.0
IMU,132549184.0,1,-0.187,-0.9536,0.2373,0.43,-0.43,-1.04,-75.74,10.37,83.42,26.3,,,,,,,,,,,,,,,,
IMU,132580538.0,2,0.3296,-0.9136,0.2173,0.37,-0.85,-0.98,-76.06,-19.32,-40.43,27.8,,,,,,,,,,,,,,,,
EXO,132622697,,,,,,,,,,,,SAFE,-19.325,-0.854,0.995,0.751,-0.042,-0.0,0.0,0.0,0.002,0.0,0.0,0.0,0.0,0.0,0.0
IMU,132649350.0,1,-0.1807,-0.9609,0.2358,-0.79,-2.38,-0.79,-75.78,10.24,83.56,26.4,,,,,,,,,,,,,,,,
IMU,132680456.0,2,0.3335,-0.9194,0.2285,1.46,-1.77,-0.06,-76.06,-19.43,-40.23,27.7,,,,,,,,,,,,,,,,
EXO,132722810,,,,,,,,,,,,SAFE,-19.429,-1.77,1.004,0.751,-0.009,-0.0,0.0,0.0,0.018,0.0,0.0,0.0,0.0,0.0,0.0
IMU,132749601.0,1,-0.1743,-0.9531,0.2495,0.85,-2.5,-0.92,-75.73,10.12,83.74,26.3,,,,,,,,,,,,,,,,
IMU,132780375.0,2,0.3306,-0.9097,0.2256,1.89,-2.26,0.43,-75.92,-19.44,-40.1,27.7,,,,,,,,,,,,,,,,
EXO,132822613,,,,,,,,,,,,SAFE,-19.44,-2.258,0.994,0.751,0.007,-0.0,0.0,0.0,0.02,0.0,0.0,0.0,0.0,0.0,0.0
IMU,132849762.0,1,-0.1812,-0.9517,0.2432,-0.79,-1.34,-0.73,-75.72,9.98,83.98,26.3,,,,,,,,,,,,,,,,
IMU,132880301.0,2,0.3218,-0.916,0.23,0.37,-1.22,-0.31,-75.89,-19.47,-39.89,27.7,,,,,,,,,,,,,,,,
EXO,132922723,,,,,,,,,,,,SAFE,-19.473,-1.221,0.998,0.751,-0.177,-0.0,0.0,0.0,-0.016,0.0,0.0,0.0,0.0,0.0,0.0
IMU,132949875.0,1,-0.1729,-0.9546,0.2441,-0.73,-1.04,-0.67,-75.73,9.89,84.11,26.3,,,,,,,,,,,,,,,,
IMU,132980229.0,2,0.3354,-0.915,0.2285,0.24,-1.28,-0.85,-75.92,-19.56,-39.78,27.6,,,,,,,,,,,,,,,,
EXO,133022705,,,,,,,,,,,,SAFE,-19.556,-1.282,1.001,0.751,-0.045,-0.0,0.0,0.0,0.02,0.0,0.0,0.0,0.0,0.0,0.0
IMU,133050057.0,1,-0.1665,-0.96,0.2437,-0.18,-2.62,-0.55,-75.75,9.78,84.28,26.3,,,,,,,,,,,,,,,,
IMU,133080147.0,2,0.3374,-0.9136,0.2227,0.85,-2.26,-0.24,-75.9,-19.65,-39.57,27.7,,,,,,,,,,,,,,,,
EXO,133122697,,,,,,,,,,,,SAFE,-19.655,-2.258,0.999,0.751,-0.083,-0.0,0.0,0.0,-0.017,0.0,0.0,0.0,0.0,0.0,0.0
IMU,133150215.0,1,-0.1689,-0.958,0.2412,-0.31,-1.89,-1.46,-75.78,9.64,84.46,26.4,,,,,,,,,,,,,,,,
IMU,133180082.0,2,0.3359,-0.9146,0.2202,1.1,-3.11,-1.04,-75.9,-19.8,-39.38,27.8,,,,,,,,,,,,,,,,
EXO,133222707,,,,,,,,,,,,SAFE,-19.797,-3.113,0.999,0.751,0.044,-0.0,0.0,0.0,0.032,0.0,0.0,0.0,0.0,0.0,0.0
IMU,133250395.0,1,-0.166,-0.9624,0.2446,-1.28,-3.36,-1.65,-75.82,9.39,84.79,26.2,,,,,,,,,,,,,,,,
IMU,133279998.0,2,0.3423,-0.917,0.2373,1.83,-3.54,-1.53,-75.86,-20.06,-39.05,27.8,,,,,,,,,,,,,,,,
EXO,133322696,,,,,,,,,,,,SAFE,-20.056,-3.54,1.007,0.75,0.018,-0.0,0.0,0.0,-0.02,0.0,0.0,0.0,0.0,0.0,0.0
IMU,133350587.0,1,-0.1587,-0.9497,0.249,-0.06,-0.18,0.06,-75.81,9.24,85.0,26.3,,,,,,,,,,,,,,,,
IMU,133379914.0,2,0.3374,-0.897,0.2373,0.0,-0.18,0.67,-75.79,-20.05,-38.94,27.6,,,,,,,,,,,,,,,,
EXO,133422538,,,,,,,,,,,,SAFE,-20.05,-0.183,0.987,0.741,-0.001,-0.0,0.0,0.0,0.022,0.0,0.0,0.0,0.0,0.0,0.0
IMU,133450732.0,1,-0.1577,-0.9556,0.2476,-0.85,0.31,-5.49,-75.84,8.96,85.18,26.4,,,,,,,,,,,,,,,,
IMU,133479841.0,2,0.3115,-0.9297,0.2378,-0.61,3.3,-1.04,-75.83,-19.9,-38.79,27.7,,,,,,,,,,,,,,,,
EXO,133522601,,,,,,,,,,,,SAFE,-19.896,3.296,1.009,0.741,0.12,-0.0,0.0,0.0,0.004,0.0,0.0,0.0,0.0,0.0,0.0
IMU,133550911.0,1,-0.1514,-0.9434,0.2305,1.4,-0.79,-0.06,-75.84,8.93,84.99,26.4,,,,,,,,,,,,,,,,
IMU,133579753.0,2,0.3525,-0.9038,0.2031,0.55,0.37,-0.61,-75.79,-19.89,-38.85,27.7,,,,,,,,,,,,,,,,
EXO,133622514,,,,,,,,,,,,SAFE,-19.885,0.366,0.991,0.741,0.069,-0.0,0.0,0.0,0.006,0.0,0.0,0.0,0.0,0.0,0.0
IMU,133651080.0,1,-0.1582,-0.9639,0.2441,0.49,0.0,-0.31,-75.89,8.9,84.96,26.4,,,,,,,,,,,,,,,,
IMU,133679675.0,2,0.3501,-0.9111,0.2266,0.18,0.31,-0.55,-75.76,-19.9,-38.89,27.6,,,,,,,,,,,,,,,,
EXO,133722453,,,,,,,,,,,,SAFE,-19.896,0.305,1.002,0.741,0.104,-0.0,0.0,0.0,0.015,0.0,0.0,0.0,0.0,0.0,0.0
IMU,133751261.0,1,-0.1475,-0.957,0.2407,-0.98,0.12,-3.91,-75.9,8.66,84.98,26.3,,,,,,,,,,,,,,,,
IMU,133779600.0,2,0.3301,-0.9199,0.2261,-0.18,0.0,-3.78,-75.73,-20.24,-38.89,27.5,,,,,,,,,,,,,,,,
EXO,133822596,,,,,,,,,,,,SAFE,-20.242,0.0,1.003,0.741,0.038,-0.0,0.0,0.0,-0.01,0.0,0.0,0.0,0.0,0.0,0.0
IMU,133851461.0,1,-0.1509,-0.9556,0.2422,0.43,-1.59,1.77,-75.98,8.53,84.87,26.3,,,,,,,,,,,,,,,,
IMU,133879570.0,2,0.3501,-0.8975,0.2178,0.43,-1.22,0.67,-75.73,-20.23,-38.89,27.6,,,,,,,,,,,,,,,,
EXO,133922465,,,,,,,,,,,,SAFE,-20.231,-1.221,0.988,0.741,-0.136,-0.0,0.0,0.0,0.009,0.0,0.0,0.0,0.0,0.0,0.0
IMU,133951618.0,1,-0.1494,-0.9644,0.2432,-1.46,-0.61,0.18,-76.05,8.57,84.96,26.2,,,,,,,,,,,,,,,,
IMU,133979513.0,2,0.3423,-0.9146,0.231,0.24,-1.46,0.55,-75.75,-20.2,-38.79,27.7,,,,,,,,,,,,,,,,
EXO,134022520,,,,,,,,,,,,SAFE,-20.204,-1.465,1.003,0.741,-0.085,-0.0,0.0,0.0,0.002,0.0,0.0,0.0,0.0,0.0,0.0
IMU,134051787.0,1,-0.1475,-0.9585,0.2393,0.31,1.1,0.49,-76.09,8.64,84.95,26.3,,,,,,,,,,,,,,,,
IMU,134079380.0,2,0.3486,-0.9072,0.2207,-1.1,2.26,0.37,-75.78,-20.12,-38.87,27.7,,,,,,,,,,,,,,,,
EXO,134122344,,,,,,,,,,,,SAFE,-20.116,2.258,0.997,0.741,-0.036,-0.0,0.0,0.0,-0.008,0.0,0.0,0.0,0.0,0.0,0.0
IMU,134151961.0,1,-0.1343,-0.9604,0.229,0.31,1.04,-4.09,-76.13,8.6,84.69,26.3,,,,,,,,,,,,,,,,
IMU,134179312.0,2,0.3511,-0.9038,0.23,-1.28,3.17,-4.52,-75.8,-20.32,-39.14,27.8,,,,,,,,,,,,,,,,
EXO,134222532,,,,,,,,,,,,SAFE,-20.319,3.174,0.997,0.741,-0.135,-0.0,0.0,0.0,-0.013,0.0,0.0,0.0,0.0,0.0,0.0
IMU,134252139.0,1,-0.1641,-0.9683,0.2368,1.53,4.03,-0.73,-76.16,8.39,84.24,26.3,,,,,,,,,,,,,,,,
IMU,134279246.0,2,0.3208,-0.8999,0.2349,-0.24,1.59,1.28,-75.76,-20.37,-39.6,27.8,,,,,,,,,,,,,,,,
EXO,134322434,,,,,,,,,,,,SAFE,-20.374,1.587,0.984,0.741,0.099,-0.0,0.0,0.0,0.004,0.0,0.0,0.0,0.0,0.0,0.0
IMU,134352326.0,1,-0.1567,-0.9473,0.2261,-3.36,-5.13,-0.67,-76.17,8.43,84.42,26.3,,,,,,,,,,,,,,,,
IMU,134379172.0,2,0.3467,-0.9111,0.2246,2.38,-8.06,-1.34,-75.83,-20.46,-39.15,27.7,,,,,,,,,,,,,,,,
EXO,134422694,,,,,,,,,,,,SAFE,-20.462,-8.057,1.0,0.741,-0.13,-0.0,0.0,0.0,0.005,0.0,0.0,0.0,0.0,0.0,0.0
IMU,134452503.0,1,-0.1328,-0.9731,0.2358,0.92,-5.31,-0.73,-76.24,8.22,85.07,26.3,,,,,,,,,,,,,,,,
IMU,134479120.0,2,0.3652,-0.9048,0.2285,1.89,-1.28,-0.67,-75.76,-20.67,-38.64,27.7,,,,,,,,,,,,,,,,
EXO,134522608,,,,,,,,,,,,SAFE,-20.671,-1.282,1.002,0.741,-0.15,-0.0,0.0,0.0,-0.0,0.0,0.0,0.0,0.0,0.0,0.0
IMU,134552696.0,1,-0.1401,-0.9561,0.2441,-1.1,-3.54,1.28,-76.21,8.15,85.35,26.4,,,,,,,,,,,,,,,,
IMU,134579041.0,2,0.355,-0.9019,0.2251,0.18,-1.46,0.24,-75.77,-20.69,-38.38,27.8,,,,,,,,,,,,,,,,
EXO,134622531,,,,,,,,,,,,SAFE,-20.693,-1.465,0.995,0.742,0.107,-0.0,0.0,0.0,-0.018,0.0,0.0,0.0,0.0,0.0,0.0
IMU,134652858.0,1,-0.1353,-0.9678,0.2334,0.31,-0.92,-0.06,-76.23,8.12,85.44,26.4,,,,,,,,,,,,,,,,
IMU,134678969.0,2,0.3584,-0.9053,0.2246,0.24,-0.92,-0.18,-75.78,-20.73,-38.33,27.7,,,,,,,,,,,,,,,,
EXO,134722612,,,,,,,,,,,,SAFE,-20.731,-0.916,0.999,0.742,0.01,-0.0,0.0,0.0,-0.001,0.0,0.0,0.0,0.0,0.0,0.0
IMU,134753044.0,1,-0.1445,-0.959,0.2344,-0.79,-1.22,0.12,-76.25,8.1,85.54,26.3,,,,,,,,,,,,,,,,
IMU,134778878.0,2,0.3521,-0.9058,0.2344,0.31,-0.92,0.0,-75.79,-20.76,-38.23,27.8,,,,,,,,,,,,,,,,
EXO,134822512,,,,,,,,,,,,SAFE,-20.759,-0.916,1.0,0.742,0.108,-0.0,0.0,0.0,0.013,0.0,0.0,0.0,0.0,0.0,0.0
IMU,134853234.0,1,-0.1382,-0.9639,0.2378,0.18,-0.61,-0.06,-76.22,8.07,85.6,26.4,,,,,,,,,,,,,,,,
IMU,134878811.0,2,0.3491,-0.9038,0.2319,0.92,-0.06,0.0,-75.71,-20.76,-38.22,27.8,,,,,,,,,,,,,,,,
EXO,134922547,,,,,,,,,,,,SAFE,-20.764,-0.061,0.996,0.742,0.029,-0.0,0.0,0.0,-0.001,0.0,0.0,0.0,0.0,0.0,0.0
IMU,134953391.0,1,-0.1377,-0.9629,0.2334,0.85,-0.24,-0.24,-76.16,8.06,85.64,26.2,,,,,,,,,,,,,,,,
IMU,134978777.0,2,0.3604,-0.9028,0.2275,1.28,0.24,-0.43,-75.61,-20.78,-38.23,27.8,,,,,,,,,,,,,,,,
EXO,135022522,,,,,,,,,,,,SAFE,-20.775,0.244,0.998,0.742,0.068,-0.0,0.0,0.0,-0.013,0.0,0.0,0.0,0.0,0.0,0.0
IMU,135053565.0,1,-0.1343,-0.9648,0.2427,1.22,0.0,0.31,-76.07,8.03,85.68,26.3,,,,,,,,,,,,,,,,
IMU,135078704.0,2,0.3604,-0.8965,0.2285,0.43,0.31,0.06,-75.5,-20.78,-38.26,27.7,,,,,,,,,,,,,,,,
EXO,135122269,,,,,,,,,,,,SAFE,-20.775,0.305,0.993,0.742,-0.087,-0.0,0.0,0.0,-0.002,0.0,0.0,0.0,0.0,0.0,0.0
IMU,135153740.0,1,-0.1426,-0.9619,0.2397,0.18,0.73,0.06,-76.05,8.04,85.64,26.2,,,,,,,,,,,,,,,,
IMU,135178641.0,2,0.3545,-0.9048,0.2314,-0.12,0.06,-0.49,-75.51,-20.78,-38.31,27.6,,,,,,,,,,,,,,,,
EXO,135222447,,,,,,,,,,,,SAFE,-20.781,0.061,0.999,0.742,0.117,-0.0,0.0,0.0,-0.01,0.0,0.0,0.0,0.0,0.0,0.0
IMU,135253917.0,1,-0.1387,-0.959,0.2427,0.06,-0.06,-0.06,-76.03,8.03,85.63,26.4,,,,,,,,,,,,,,,,
IMU,135278574.0,2,0.3481,-0.9048,0.2339,0.31,-0.37,-0.18,-75.5,-20.79,-38.33,27.7,,,,,,,,,,,,,,,,
EXO,135322610,,,,,,,,,,,,SAFE,-20.792,-0.366,0.997,0.742,0.026,-0.0,0.0,0.0,0.01,0.0,0.0,0.0,0.0,0.0,0.0
IMU,135354114.0,1,-0.1367,-0.9639,0.2402,0.0,-0.31,-0.06,-76.01,8.01,85.67,26.3,,,,,,,,,,,,,,,,
IMU,135378475.0,2,0.3579,-0.9048,0.228,0.37,0.0,-0.37,-75.49,-20.81,-38.29,27.8,,,,,,,,,,,,,,,,
EXO,135422572,,,,,,,,,,,,SAFE,-20.808,0.0,0.999,0.742,-0.075,-0.0,0.0,0.0,0.0,0.0,0.0,0.0,0.0,0.0,0.0
IMU,135454285.0,1,-0.1353,-0.9644,0.2427,0.49,0.31,-0.37,-75.99,7.97,85.67,26.2,,,,,,,,,,,,,,,,
IMU,135478419.0,2,0.3564,-0.9043,0.2349,0.31,0.12,0.06,-75.44,-20.85,-38.32,27.9,,,,,,,,,,,,,,,,
EXO,135522348,,,,,,,,,,,,SAFE,-20.847,0.122,1.0,0.742,0.066,-0.0,0.0,0.0,-0.016,0.0,0.0,0.0,0.0,0.0,0.0
IMU,135554476.0,1,-0.1406,-0.9585,0.2397,-0.31,0.12,-0.18,-75.99,7.97,85.66,26.2,,,,,,,,,,,,,,,,
IMU,135578348.0,2,0.3516,-0.9053,0.2349,0.06,-1.04,-0.43,-75.44,-20.85,-38.32,27.8,,,,,,,,,,,,,,,,
EXO,135622612,,,,,,,,,,,,SAFE,-20.847,-1.038,0.999,0.742,0.014,-0.0,0.0,0.0,0.003,0.0,0.0,0.0,0.0,0.0,0.0
IMU,135654654.0,1,-0.1411,-0.9629,0.2368,0.31,0.37,0.0,-75.98,7.95,85.68,26.3,,,,,,,,,,,,,,,,
IMU,135678276.0,2,0.3564,-0.9038,0.2266,0.06,0.12,-0.06,-75.44,-20.85,-38.32,27.8,,,,,,,,,,,,,,,,
EXO,135722374,,,,,,,,,,,,SAFE,-20.852,0.122,0.998,0.742,-0.056,-0.0,0.0,0.0,0.007,0.0,0.0,0.0,0.0,0.0,0.0
IMU,135754866.0,1,-0.1372,-0.9629,0.2441,0.31,0.24,0.24,-75.98,7.95,85.66,26.4,,,,,,,,,,,,,,,,
IMU,135778191.0,2,0.354,-0.9019,0.2329,0.0,-0.37,0.18,-75.45,-20.84,-38.34,27.8,,,,,,,,,,,,,,,,
EXO,135822346,,,,,,,,,,,,SAFE,-20.841,-0.366,0.996,0.742,0.115,-0.0,0.0,0.0,0.009,0.0,0.0,0.0,0.0,0.0,0.0
IMU,135855028.0,1,-0.1396,-0.9614,0.2451,0.37,0.12,0.0,-75.98,7.96,85.67,26.1,,,,,,,,,,,,,,,,
IMU,135878134.0,2,0.3574,-0.9048,0.2358,0.37,0.31,0.12,-75.43,-20.83,-38.35,27.7,,,,,,,,,,,,,,,,
EXO,135922283,,,,,,,,,,,,SAFE,-20.83,0.305,1.001,0.742,0.042,-0.0,0.0,0.0,-0.004,0.0,0.0,0.0,0.0,0.0,0.0
IMU,135955219.0,1,-0.1372,-0.9614,0.2437,-0.12,0.0,-0.06,-75.96,7.96,85.67,26.3,,,,,,,,,,,,,,,,
IMU,135978023.0,2,0.3594,-0.9033,0.2407,0.0,-0.43,0.0,-75.41,-20.84,-38.35,27.9,,,,,,,,,,,,,,,,
EXO,136022550,,,,,,,,,,,,SAFE,-20.836,-0.427,1.002,0.742,0.026,-0.0,0.0,0.0,0.022,0.0,0.0,0.0,0.0,0.0,0.0
IMU,136055422.0,1,-0.1367,-0.9629,0.2446,-0.18,-0.18,0.18,-75.96,7.95,85.68,26.2,,,,,,,,,,,,,,,,
IMU,136077981.0,2,0.3569,-0.9028,0.2368,0.0,-0.24,0.06,-75.42,-20.84,-38.34,27.8,,,,,,,,,,,,,,,,
EXO,136122526,,,,,,,,,,,,SAFE,-20.836,-0.244,0.999,0.742,-0.05,-0.0,0.0,0.0,-0.009,0.0,0.0,0.0,0.0,0.0,0.0
IMU,136155602.0,1,-0.1377,-0.9619,0.2451,-0.55,-0.24,0.12,-75.96,7.95,85.72,26.3,,,,,,,,,,,,,,,,
IMU,136177931.0,2,0.3584,-0.9038,0.2354,0.0,-0.67,0.06,-75.44,-20.85,-38.3,27.7,,,,,,,,,,,,,,,,
EXO,136222538,,,,,,,,,,,,SAFE,-20.847,-0.671,1.0,0.742,0.126,-0.0,0.0,0.0,0.006,0.0,0.0,0.0,0.0,0.0,0.0
IMU,136255758.0,1,-0.1382,-0.9629,0.2407,0.0,-0.06,0.0,-75.98,7.94,85.74,26.4,,,,,,,,,,,,,,,,
IMU,136277868.0,2,0.3579,-0.9033,0.2349,0.06,0.24,0.06,-75.44,-20.85,-38.29,27.7,,,,,,,,,,,,,,,,
EXO,136322345,,,,,,,,,,,,SAFE,-20.852,0.244,1.0,0.742,-0.009,-0.0,0.0,0.0,0.014,0.0,0.0,0.0,0.0,0.0,0.0
IMU,136355975.0,1,-0.1416,-0.9604,0.2427,0.12,0.06,0.0,-75.96,7.94,85.74,26.4,,,,,,,,,,,,,,,,
IMU,136377805.0,2,0.3545,-0.9048,0.2368,0.12,0.43,-0.43,-75.44,-20.86,-38.29,27.7,,,,,,,,,,,,,,,,
EXO,136422406,,,,,,,,,,,,SAFE,-20.863,0.427,1.0,0.742,-0.015,-0.0,0.0,0.0,0.04,0.0,0.0,0.0,0.0,0.0,0.0
IMU,136456152.0,1,-0.1338,-0.9609,0.2451,0.31,-0.31,0.31,-75.92,7.94,85.74,26.2,,,,,,,,,,,,,,,,
IMU,136477741.0,2,0.356,-0.8999,0.23,0.43,-0.24,0.31,-75.39,-20.85,-38.31,27.8,,,,,,,,,,,,,,,,
EXO,136522437,,,,,,,,,,,,SAFE,-20.847,-0.244,0.995,0.742,-0.148,-0.0,0.0,0.0,0.009,0.0,0.0,0.0,0.0,0.0,0.0
IMU,136556308.0,1,-0.1338,-0.96,0.2471,0.0,-0.43,-0.12,-75.93,7.93,85.8,26.4,,,,,,,,,,,,,,,,
IMU,136577665.0,2,0.3594,-0.9019,0.2354,-0.06,0.0,-0.12,-75.39,-20.87,-38.26,27.6,,,,,,,,,,,,,,,,
EXO,136622615,,,,,,,,,,,,SAFE,-20.869,0.0,0.999,0.742,0.038,-0.0,0.0,0.0,-0.026,0.0,0.0,0.0,0.0,0.0,0.0
IMU,136656501.0,1,-0.1387,-0.9609,0.2446,-0.43,0.12,-0.12,-75.93,7.91,85.81,26.2,,,,,,,,,,,,,,,,
IMU,136677612.0,2,0.353,-0.9004,0.2344,0.0,-0.06,-0.31,-75.4,-20.89,-38.25,27.7,,,,,,,,,,,,,,,,
EXO,136722622,,,,,,,,,,,,SAFE,-20.885,-0.061,0.995,0.742,-0.073,-0.0,0.0,0.0,0.004,0.0,0.0,0.0,0.0,0.0,0.0
IMU,136756677.0,1,-0.1421,-0.959,0.2412,0.49,-0.06,-0.55,-75.95,7.89,85.83,26.3,,,,,,,,,,,,,,,,
IMU,136777545.0,2,0.355,-0.9019,0.2349,0.18,0.06,-0.73,-75.4,-20.92,-38.24,27.7,,,,,,,,,,,,,,,,
EXO,136822528,,,,,,,,,,,,SAFE,-20.918,0.061,0.997,0.742,-0.14,-0.0,0.0,0.0,0.002,0.0,0.0,0.0,0.0,0.0,0.0
IMU,136856884.0,1,-0.1431,-0.9502,0.2412,0.12,-0.79,-1.59,-75.9,7.79,85.84,26.3,,,,,,,,,,,,,,,,
IMU,136877457.0,2,0.3589,-0.9097,0.2314,0.67,-0.37,-3.11,-75.35,-21.07,-38.25,27.7,,,,,,,,,,,,,,,,
EXO,136922646,,,,,,,,,,,,SAFE,-21.066,-0.366,1.005,0.742,0.019,-0.0,0.0,0.0,0.02,0.0,0.0,0.0,0.0,0.0,0.0
IMU,136957057.0,1,-0.1138,-0.9805,0.2437,0.85,0.92,0.67,-75.84,7.78,85.79,26.4,,,,,,,,,,,,,,,,
IMU,136977379.0,2,0.375,-0.8989,0.2295,0.31,0.31,0.98,-75.28,-21.19,-38.4,27.6,,,,,,,,,,,,,,,,
EXO,137022262,,,,,,,,,,,,SAFE,-21.187,0.305,1.001,0.742,0.026,-0.0,0.0,0.0,-0.022,0.0,0.0,0.0,0.0,0.0,0.0
IMU,137057245.0,1,-0.1489,-0.9512,0.248,0.24,-0.12,-0.31,-75.83,7.73,85.78,26.3,,,,,,,,,,,,,,,,
IMU,137077321.0,2,0.354,-0.9009,0.2402,0.12,0.06,-0.06,-75.28,-21.11,-38.39,27.8,,,,,,,,,,,,,,,,
EXO,137122538,,,,,,,,,,,,SAFE,-21.11,0.061,0.997,0.742,-0.089,-0.0,0.0,0.0,-0.001,0.0,0.0,0.0,0.0,0.0,0.0
IMU,137157424.0,1,-0.1313,-0.9663,0.2456,-0.98,-0.73,0.43,-75.84,7.75,85.81,26.3,,,,,,,,,,,,,,,,
IMU,137177240.0,2,0.3647,-0.9038,0.2363,-0.06,-0.49,0.31,-75.31,-21.12,-38.33,27.9,,,,,,,,,,,,,,,,
EXO,137222633,,,,,,,,,,,,SAFE,-21.121,-0.488,1.003,0.742,-0.152,-0.0,0.0,0.0,0.001,0.0,0.0,0.0,0.0,0.0,0.0
IMU,137257616.0,1,-0.1406,-0.9556,0.2412,0.18,-0.49,-0.24,-75.87,7.76,85.84,26.4,,,,,,,,,,,,,,,,
IMU,137277182.0,2,0.3574,-0.8999,0.2319,0.18,-0.06,-0.24,-75.31,-21.12,-38.3,27.7,,,,,,,,,,,,,,,,
EXO,137322613,,,,,,,,,,,,SAFE,-21.116,-0.061,0.996,0.742,0.049,-0.0,0.0,0.0,0.005,0.0,0.0,0.0,0.0,0.0,0.0
IMU,137357786.0,1,-0.1323,-0.9644,0.2495,0.12,0.18,0.0,-75.86,7.74,85.84,26.3,,,,,,,,,,,,,,,,
IMU,137377098.0,2,0.3628,-0.9019,0.2363,0.0,0.0,-0.24,-75.31,-21.17,-38.33,27.8,,,,,,,,,,,,,,,,
EXO,137422405,,,,,,,,,,,,SAFE,-21.165,0.0,1.0,0.742,0.022,-0.0,0.0,0.0,0.004,0.0,0.0,0.0,0.0,0.0,0.0
IMU,137457966.0,1,-0.1401,-0.958,0.2402,0.0,0.0,0.37,-75.89,7.76,85.87,26.3,,,,,,,,,,,,,,,,
IMU,137477039.0,2,0.3564,-0.9014,0.2319,-0.24,0.31,0.55,-75.34,-21.11,-38.28,27.6,,,,,,,,,,,,,,,,
EXO,137522349,,,,,,,,,,,,SAFE,-21.11,0.305,0.997,0.742,0.104,-0.0,0.0,0.0,0.006,0.0,0.0,0.0,0.0,0.0,0.0
IMU,137558139.0,1,-0.1294,-0.9658,0.248,-0.18,-0.31,0.0,-75.88,7.77,85.86,26.2,,,,,,,,,,,,,,,,
IMU,137576965.0,2,0.3633,-0.9033,0.2393,0.0,-0.31,0.12,-75.33,-21.11,-38.29,27.5,,,,,,,,,,,,,,,,
EXO,137622538,,,,,,,,,,,,SAFE,-21.11,-0.305,1.003,0.742,-0.01,-0.0,0.0,0.0,-0.003,0.0,0.0,0.0,0.0,0.0,0.0
IMU,137658346.0,1,-0.1377,-0.96,0.2432,-0.61,0.24,0.06,-75.89,7.77,85.89,26.4,,,,,,,,,,,,,,,,
IMU,137676902.0,2,0.3579,-0.9004,0.2417,-0.18,0.0,-0.24,-75.34,-21.11,-38.28,27.7,,,,,,,,,,,,,,,,
EXO,137722523,,,,,,,,,,,,SAFE,-21.11,0.0,0.999,0.742,0.007,-0.0,0.0,0.0,0.005,0.0,0.0,0.0,0.0,0.0,0.0
IMU,137758537.0,1,-0.1343,-0.9619,0.2466,-0.37,0.37,0.24,-75.88,7.78,85.86,26.4,,,,,,,,,,,,,,,,
IMU,137776843.0,2,0.3618,-0.896,0.2402,-0.12,-0.49,0.12,-75.36,-21.13,-38.29,27.8,,,,,,,,,,,,,,,,
EXO,137822520,,,,,,,,,,,,SAFE,-21.127,-0.488,0.996,0.742,0.026,-0.0,0.0,0.0,0.001,0.0,0.0,0.0,0.0,0.0,0.0
IMU,137858723.0,1,-0.1284,-0.9668,0.2417,-0.61,0.06,0.92,-75.91,7.82,85.89,26.4,,,,,,,,,,,,,,,,
IMU,137876771.0,2,0.3696,-0.8989,0.2363,-0.18,-0.31,0.31,-75.39,-21.11,-38.25,27.7,,,,,,,,,,,,,,,,
EXO,137922525,,,,,,,,,,,,SAFE,-21.11,-0.305,1.0,0.742,-0.04,-0.0,0.0,0.0,0.003,0.0,0.0,0.0,0.0,0.0,0.0
IMU,137958858.0,1,-0.1348,-0.9629,0.2407,0.0,-0.18,0.0,-75.92,7.82,85.93,26.3,,,,,,,,,,,,,,,,
IMU,137976691.0,2,0.3579,-0.8989,0.2354,0.18,-0.24,-0.18,-75.4,-21.14,-38.22,27.8,,,,,,,,,,,,,,,,
EXO,138022538,,,,,,,,,,,,SAFE,-21.138,-0.244,0.996,0.742,-0.037,-0.0,0.0,0.0,0.007,0.0,0.0,0.0,0.0,0.0,0.0
IMU,138059085.0,1,-0.1396,-0.9595,0.2446,-0.06,0.0,0.06,-75.92,7.81,85.95,26.3,,,,,,,,,,,,,,,,
IMU,138076622.0,2,0.3594,-0.9009,0.2334,0.0,0.0,0.06,-75.4,-21.14,-38.2,27.8,,,,,,,,,,,,,,,,
EXO,138122345,,,,,,,,,,,,SAFE,-21.138,0.0,0.998,0.742,0.006,-0.0,0.0,0.0,-0.005,0.0,0.0,0.0,0.0,0.0,0.0
IMU,138159222.0,1,-0.1357,-0.9619,0.2402,0.0,0.18,0.0,-75.93,7.82,85.95,26.3,,,,,,,,,,,,,,,,
IMU,138176506.0,2,0.3647,-0.9058,0.2305,0.12,0.43,0.0,-75.4,-21.13,-38.21,27.7,,,,,,,,,,,,,,,,
EXO,138222269,,,,,,,,,,,,SAFE,-21.132,0.427,1.003,0.742,0.036,-0.0,0.0,0.0,0.009,0.0,0.0,0.0,0.0,0.0,0.0
IMU,138259513.0,1,-0.1348,-0.9619,0.2446,0.06,0.18,0.37,-75.9,7.82,85.94,26.2,,,,,,,,,,,,,,,,
IMU,138276465.0,2,0.3618,-0.8994,0.2383,0.12,0.43,0.18,-75.37,-21.11,-38.24,27.9,,,,,,,,,,,,,,,,
EXO,138322253,,,,,,,,,,,,SAFE,-21.11,0.427,0.998,0.742,-0.077,-0.0,0.0,0.0,-0.004,0.0,0.0,0.0,0.0,0.0,0.0
IMU,138359682.0,1,-0.1333,-0.9653,0.2432,0.37,-0.24,-0.24,-75.87,7.81,85.92,26.4,,,,,,,,,,,,,,,,
IMU,138376395.0,2,0.3594,-0.9077,0.2334,0.49,-0.18,0.12,-75.34,-21.12,-38.28,27.7,,,,,,,,,,,,,,,,
EXO,138422569,,,,,,,,,,,,SAFE,-21.116,-0.183,1.004,0.742,0.05,-0.0,0.0,0.0,0.0,0.0,0.0,0.0,0.0,0.0,0.0
IMU,138459842.0,1,-0.1377,-0.9575,0.2451,-0.18,-0.18,0.49,-75.85,7.83,85.97,26.4,,,,,,,,,,,,,,,,
IMU,138476331.0,2,0.3574,-0.8965,0.2378,0.55,-0.43,0.31,-75.32,-21.08,-38.24,27.8,,,,,,,,,,,,,,,,
EXO,138522522,,,,,,,,,,,,SAFE,-21.083,-0.427,0.994,0.742,0.089,-0.0,0.0,0.0,-0.003,0.0,0.0,0.0,0.0,0.0,0.0
IMU,138560017.0,1,-0.1348,-0.9619,0.2446,-0.18,0.0,-0.06,-75.85,7.82,86.03,26.3,,,,,,,,,,,,,,,,
IMU,138576242.0,2,0.3608,-0.9048,0.2329,0.0,0.18,-0.12,-75.31,-21.1,-38.19,27.8,,,,,,,,,,,,,,,,
EXO,138622528,,,,,,,,,,,,SAFE,-21.099,0.183,1.002,0.742,0.05,-0.0,0.0,0.0,0.011,0.0,0.0,0.0,0.0,0.0,0.0
IMU,138660219.0,1,-0.1377,-0.9585,0.2441,-0.43,0.0,0.12,-75.87,7.83,86.03,26.3,,,,,,,,,,,,,,,,
IMU,138676161.0,2,0.3569,-0.8989,0.2383,-0.12,0.0,0.24,-75.33,-21.09,-38.18,27.7,,,,,,,,,,,,,,,,
EXO,138722442,,,,,,,,,,,,SAFE,-21.088,0.0,0.996,0.742,0.072,-0.0,0.0,0.0,0.022,0.0,0.0,0.0,0.0,0.0,0.0
IMU,138760425.0,1,-0.1377,-0.959,0.2427,-0.06,-0.31,0.06,-75.87,7.84,86.04,26.4,,,,,,,,,,,,,,,,
IMU,138776081.0,2,0.3604,-0.9014,0.2354,0.12,-0.18,0.0,-75.33,-21.08,-38.17,27.7,,,,,,,,,,,,,,,,
EXO,138822516,,,,,,,,,,,,SAFE,-21.077,-0.183,0.999,0.742,0.185,-0.0,0.0,0.0,-0.011,0.0,0.0,0.0,0.0,0.0,0.0
IMU,138860549.0,1,-0.1338,-0.9629,0.2437,0.0,0.0,0.0,-75.87,7.85,86.04,26.4,,,,,,,,,,,,,,,,
IMU,138876039.0,2,0.3623,-0.8989,0.2334,0.06,0.06,-0.06,-75.33,-21.08,-38.18,27.6,,,,,,,,,,,,,,,,
EXO,138922391,,,,,,,,,,,,SAFE,-21.077,0.061,0.997,0.742,0.05,-0.0,0.0,0.0,0.002,0.0,0.0,0.0,0.0,0.0,0.0
IMU,138960778.0,1,-0.1367,-0.96,0.2441,0.49,0.0,-0.18,-75.86,7.84,86.02,26.3,,,,,,,,,,,,,,,,
IMU,138975915.0,2,0.3574,-0.9019,0.23,0.06,0.24,0.0,-75.33,-21.08,-38.21,27.7,,,,,,,,,,,,,,,,
EXO,139022372,,,,,,,,,,,,SAFE,-21.077,0.244,0.997,0.742,0.032,-0.0,0.0,0.0,-0.011,0.0,0.0,0.0,0.0,0.0,0.0
IMU,139060947.0,1,-0.1353,-0.9629,0.2417,0.0,-0.06,0.0,-75.85,7.86,86.01,26.4,,,,,,,,,,,,,,,,
IMU,139075860.0,2,0.3564,-0.9014,0.2314,0.0,-0.18,0.31,-75.33,-21.06,-38.22,27.7,,,,,,,,,,,,,,,,
EXO,139122451,,,,,,,,,,,,SAFE,-21.061,-0.183,0.997,0.742,-0.113,-0.0,0.0,0.0,-0.0,0.0,0.0,0.0,0.0,0.0,0.0
IMU,139161160.0,1,-0.1357,-0.9629,0.2466,-0.37,-0.31,0.12,-75.87,7.86,86.02,26.3,,,,,,,,,,,,,,,,
IMU,139175782.0,2,0.3604,-0.9048,0.2393,-0.06,-0.55,-0.06,-75.34,-21.06,-38.2,27.9,,,,,,,,,,,,,,,,
EXO,139222736,,,,,,,,,,,,SAFE,-21.061,-0.549,1.003,0.742,0.089,-0.0,0.0,0.0,0.0,0.0,0.0,0.0,0.0,0.0,0.0
IMU,139261327.0,1,-0.1377,-0.96,0.2388,-0.55,0.06,0.06,-75.89,7.87,86.04,26.3,,,,,,,,,,,,,,,,
IMU,139275664.0,2,0.3584,-0.9038,0.2368,0.0,-0.18,0.0,-75.36,-21.06,-38.17,27.7,,,,,,,,,,,,,,,,
EXO,139322446,,,,,,,,,,,,SAFE,-21.055,-0.183,1.001,0.742,0.049,-0.0,0.0,0.0,-0.009,0.0,0.0,0.0,0.0,0.0,0.0
IMU,139361549.0,1,-0.1328,-0.9639,0.2446,0.18,-0.43,-0.43,-75.88,7.85,86.04,26.3,,,,,,,,,,,,,,,,
IMU,139375626.0,2,0.3579,-0.9053,0.2358,0.37,-0.12,0.24,-75.33,-21.06,-38.19,27.8,,,,,,,,,,,,,,,,
EXO,139422585,,,,,,,,,,,,SAFE,-21.061,-0.122,1.002,0.742,-0.001,-0.0,0.0,0.0,-0.005,0.0,0.0,0.0,0.0,0.0,0.0
IMU,139461696.0,1,-0.1382,-0.9546,0.2417,0.0,0.37,-0.12,-75.88,7.88,86.06,26.4,,,,,,,,,,,,,,,,
IMU,139475567.0,2,0.3564,-0.8994,0.2393,0.12,-0.06,-0.06,-75.32,-21.03,-38.18,27.7,,,,,,,,,,,,,,,,
EXO,139522532,,,,,,,,,,,,SAFE,-21.028,-0.061,0.997,0.742,0.009,-0.0,0.0,0.0,0.015,0.0,0.0,0.0,0.0,0.0,0.0
IMU,139561842.0,1,-0.1367,-0.9639,0.2388,-0.24,0.0,0.0,-75.87,7.86,86.07,26.2,,,,,,,,,,,,,,,,
IMU,139575469.0,2,0.3584,-0.9048,0.2378,-0.12,0.18,-0.06,-75.32,-21.05,-38.18,27.8,,,,,,,,,,,,,,,,
EXO,139622514,,,,,,,,,,,,SAFE,-21.05,0.183,1.002,0.742,0.057,-0.0,0.0,0.0,-0.004,0.0,0.0,0.0,0.0,0.0,0.0
IMU,139662044.0,1,-0.1357,-0.9585,0.2437,-0.24,0.0,-0.06,-75.87,7.86,86.04,26.4,,,,,,,,,,,,,,,,
IMU,139675395.0,2,0.3545,-0.9033,0.2393,0.0,0.12,0.31,-75.32,-21.03,-38.2,27.7,,,,,,,,,,,,,,,,
EXO,139722443,,,,,,,,,,,,SAFE,-21.028,0.122,0.999,0.742,0.006,-0.0,0.0,0.0,0.012,0.0,0.0,0.0,0.0,0.0,0.0
IMU,139762194.0,1,-0.1348,-0.9609,0.2441,-0.12,0.43,0.0,-75.86,7.87,86.04,26.4,,,,,,,,,,,,,,,,
IMU,139775319.0,2,0.3584,-0.9019,0.2393,0.0,0.31,0.06,-75.31,-21.01,-38.21,27.8,,,,,,,,,,,,,,,,
EXO,139822352,,,,,,,,,,,,SAFE,-21.011,0.305,1.0,0.742,0.138,-0.0,0.0,0.0,0.008,0.0,0.0,0.0,0.0,0.0,0.0
IMU,139862393.0,1,-0.1367,-0.9634,0.2432,-0.18,0.31,0.0,-75.86,7.86,86.05,26.3,,,,,,,,,,,,,,,,
IMU,139875229.0,2,0.3594,-0.9033,0.2393,0.0,0.24,-0.18,-75.31,-21.02,-38.21,27.7,,,,,,,,,,,,,,,,
EXO,139922496,,,,,,,,,,,,SAFE,-21.017,0.244,1.001,0.742,-0.025,-0.0,0.0,0.0,-0.009,0.0,0.0,0.0,0.0,0.0,0.0
IMU,139962588.0,1,-0.1372,-0.9609,0.2422,-0.43,0.06,0.24,-75.87,7.86,86.07,26.4,,,,,,,,,,,,,,,,
IMU,139975164.0,2,0.3584,-0.9038,0.2354,0.0,0.0,0.18,-75.32,-21.02,-38.19,27.7,,,,,,,,,,,,,,,,
EXO,140022352,,,,,,,,,,,,SAFE,-21.022,0.0,1.0,0.742,-0.175,-0.0,0.0,0.0,0.006,0.0,0.0,0.0,0.0,0.0,0.0
IMU,140062759.0,1,-0.1372,-0.959,0.2446,-0.18,0.06,-0.31,-75.86,7.86,86.06,26.4,,,,,,,,,,,,,,,,
IMU,140075103.0,2,0.3574,-0.9043,0.2373,0.06,-0.12,-0.12,-75.31,-21.02,-38.21,27.6,,,,,,,,,,,,,,,,
EXO,140122623,,,,,,,,,,,,SAFE,-21.017,-0.122,1.001,0.742,-0.017,-0.0,0.0,0.0,0.008,0.0,0.0,0.0,0.0,0.0,0.0
IMU,140162944.0,1,-0.1392,-0.9565,0.2417,0.0,0.06,-0.12,-75.86,7.85,86.06,26.2,,,,,,,,,,,,,,,,
IMU,140175028.0,2,0.3555,-0.9014,0.2339,0.06,0.0,-0.18,-75.31,-21.02,-38.22,27.9,,,,,,,,,,,,,,,,
EXO,140222446,,,,,,,,,,,,SAFE,-21.022,0.0,0.997,0.742,-0.011,-0.0,0.0,0.0,-0.005,0.0,0.0,0.0,0.0,0.0,0.0
IMU,140263022.0,1,-0.1348,-0.9595,0.2441,0.0,0.0,0.0,-75.85,7.85,86.07,26.2,,,,,,,,,,,,,,,,
IMU,140274926.0,2,0.3613,-0.9004,0.2344,0.06,0.0,0.0,-75.3,-21.03,-38.22,27.8,,,,,,,,,,,,,,,,
EXO,140322244,,,,,,,,,,,,SAFE,-21.028,0.0,0.998,0.742,-0.029,-0.0,0.0,0.0,-0.008,0.0,0.0,0.0,0.0,0.0,0.0
IMU,140363298.0,1,-0.1377,-0.9619,0.2432,0.37,0.0,-0.18,-75.84,7.84,86.06,26.1,,,,,,,,,,,,,,,,
IMU,140374885.0,2,0.3555,-0.9028,0.2349,0.06,0.49,0.31,-75.28,-21.02,-38.23,27.7,,,,,,,,,,,,,,,,
EXO,140422406,,,,,,,,,,,,SAFE,-21.022,0.488,0.998,0.742,-0.083,-0.0,0.0,0.0,0.008,0.0,0.0,0.0,0.0,0.0,0.0
IMU,140463429.0,1,-0.1382,-0.9604,0.2407,0.06,-0.85,0.0,-75.81,7.86,86.06,26.3,,,,,,,,,,,,,,,,
IMU,140474778.0,2,0.3564,-0.9014,0.2363,0.92,-0.55,0.0,-75.25,-20.98,-38.24,27.7,,,,,,,,,,,,,,,,
EXO,140522444,,,,,,,,,,,,SAFE,-20.984,-0.549,0.998,0.742,0.092,-0.0,0.0,0.0,-0.023,0.0,0.0,0.0,0.0,0.0,0.0
IMU,140563653.0,1,-0.1294,-0.9712,0.2388,1.1,-0.12,0.55,-75.75,7.87,86.17,26.3,,,,,,,,,,,,,,,,
IMU,140574738.0,2,0.3647,-0.9072,0.23,1.4,0.43,1.4,-75.14,-20.95,-38.19,27.7,,,,,,,,,,,,,,,,
EXO,140622347,,,,,,,,,,,,SAFE,-20.945,0.427,1.004,0.742,-0.1,-0.0,0.0,0.0,0.015,0.0,0.0,0.0,0.0,0.0,0.0
IMU,140663835.0,1,-0.1475,-0.9287,0.2612,-1.77,-3.05,0.49,-75.76,7.89,86.33,26.3,,,,,,,,,,,,,,,,
IMU,140674662.0,2,0.3457,-0.8804,0.2456,-0.31,-3.54,-0.12,-75.19,-20.9,-37.99,27.7,,,,,,,,,,,,,,,,
EXO,140722707,,,,,,,,,,,,SAFE,-20.901,-3.54,0.977,0.742,0.06,-0.0,0.0,0.0,-0.004,0.0,0.0,0.0,0.0,0.0,0.0
IMU,140764027.0,1,-0.1313,-0.9756,0.2524,-2.56,-1.59,0.98,-75.94,7.85,86.5,26.3,,,,,,,,,,,,,,,,
IMU,140774592.0,2,0.3691,-0.9072,0.2446,-0.92,-2.69,-0.73,-75.36,-21.11,-37.72,27.5,,,,,,,,,,,,,,,,
EXO,140822690,,,,,,,,,,,,SAFE,-21.11,-2.686,1.01,0.742,-0.079,-0.0,0.0,0.0,-0.001,0.0,0.0,0.0,0.0,0.0,0.0
IMU,140864218.0,1,-0.1372,-0.9609,0.2451,0.0,3.66,0.37,-76.06,7.94,86.48,26.4,,,,,,,,,,,,,,,,
IMU,140874507.0,2,0.3584,-0.9038,0.2412,-1.95,2.99,0.85,-75.43,-21.06,-37.73,27.7,,,,,,,,,,,,,,,,
EXO,140922408,,,,,,,,,,,,SAFE,-21.061,2.991,1.002,0.742,-0.013,-0.0,0.0,0.0,-0.004,0.0,0.0,0.0,0.0,0.0,0.0
IMU,140964355.0,1,-0.1426,-0.9551,0.2256,-1.53,1.71,0.0,-76.09,8.04,86.24,26.4,,,,,,,,,,,,,,,,
IMU,140974431.0,2,0.3594,-0.9009,0.2178,-2.2,0.31,-0.49,-75.59,-21.01,-37.9,27.7,,,,,,,,,,,,,,,,
EXO,141022547,,,,,,,,,,,,SAFE,-21.006,0.305,0.994,0.742,0.01,-0.0,0.0,0.0,0.008,0.0,0.0,0.0,0.0,0.0,0.0
IMU,141064570.0,1,-0.145,-0.9673,0.2188,0.98,0.73,-0.49,-76.17,8.05,86.05,26.3,,,,,,,,,,,,,,,,
IMU,141074355.0,2,0.3545,-0.9048,0.2129,0.06,1.28,-0.49,-75.69,-21.04,-38.06,27.8,,,,,,,,,,,,,,,,
EXO,141122582,,,,,,,,,,,,SAFE,-21.039,1.282,0.995,0.742,-0.022,-0.0,0.0,0.0,0.005,0.0,0.0,0.0,0.0,0.0,0.0
IMU,141164763.0,1,-0.1401,-0.9668,0.2383,1.59,0.0,-0.24,-76.12,8.0,85.97,26.4,,,,,,,,,,,,,,,,
IMU,141174281.0,2,0.3613,-0.9062,0.2344,1.1,0.67,-0.12,-75.6,-21.07,-38.19,27.8,,,,,,,,,,,,,,,,
EXO,141222516,,,,,,,,,,,,SAFE,-21.072,0.671,1.003,0.742,0.089,-0.0,0.0,0.0,0.003,0.0,0.0,0.0,0.0,0.0,0.0
IMU,141264940.0,1,-0.1406,-0.9585,0.2358,-0.12,-2.32,-0.37,-76.05,7.94,86.09,26.4,,,,,,,,,,,,,,,,
IMU,141274213.0,2,0.3594,-0.9019,0.2378,1.89,-1.89,-0.43,-75.5,-21.12,-38.12,27.8,,,,,,,,,,,,,,,,
EXO,141322745,,,,,,,,,,,,SAFE,-21.121,-1.892,1.0,0.742,0.048,-0.0,0.0,0.0,-0.006,0.0,0.0,0.0,0.0,0.0,0.0
IMU,141365138.0,1,-0.1279,-0.9619,0.2471,0.18,-2.08,0.18,-75.99,7.86,86.3,26.4,,,,,,,,,,,,,,,,
IMU,141374144.0,2,0.3677,-0.8989,0.2358,1.4,-1.34,0.24,-75.37,-21.19,-37.97,27.7,,,,,,,,,,,,,,,,
EXO,141422470,,,,,,,,,,,,SAFE,-21.187,-1.343,0.999,0.742,-0.036,-0.0,0.0,0.0,0.002,0.0,0.0,0.0,0.0,0.0,0.0
IMU,141465308.0,1,-0.1353,-0.958,0.2485,0.12,-0.31,0.37,-75.98,7.85,86.36,26.3,,,,,,,,,,,,,,,,
IMU,141474074.0,2,0.3594,-0.8989,0.2368,-0.12,-0.55,0.31,-75.34,-21.18,-37.94,27.7,,,,,,,,,,,,,,,,
EXO,141522520,,,,,,,,,,,,SAFE,-21.182,-0.549,0.997,0.742,-0.04,-0.0,0.0,0.0,-0.0,0.0,0.0,0.0,0.0,0.0,0.0
IMU,141565490.0,1,-0.1392,-0.9653,0.2378,-0.73,-0.12,0.06,-76.04,7.86,86.43,26.2,,,,,,,,,,,,,,,,
IMU,141573974.0,2,0.3623,-0.9067,0.2388,-0.37,-0.37,0.0,-75.41,-21.2,-37.83,27.9,,,,,,,,,,,,,,,,
EXO,141622628,,,,,,,,,,,,SAFE,-21.204,-0.366,1.005,0.742,0.066,-0.0,0.0,0.0,-0.005,0.0,0.0,0.0,0.0,0.0,0.0
IMU,141665648.0,1,-0.1367,-0.9595,0.2427,-0.43,-0.12,0.0,-76.06,7.86,86.44,26.4,,,,,,,,,,,,,,,,
IMU,141673943.0,2,0.3604,-0.9023,0.2349,0.0,-0.37,0.06,-75.43,-21.2,-37.8,27.6,,,,,,,,,,,,,,,,
EXO,141722547,,,,,,,,,,,,SAFE,-21.204,-0.366,1.0,0.742,-0.01,-0.0,0.0,0.0,0.005,0.0,0.0,0.0,0.0,0.0,0.0
IMU,141765855.0,1,-0.1357,-0.9629,0.2378,0.31,1.16,0.06,-76.08,7.87,86.43,26.4,,,,,,,,,,,,,,,,
IMU,141773878.0,2,0.3638,-0.8999,0.2334,-0.37,1.4,0.06,-75.43,-21.19,-37.83,27.6,,,,,,,,,,,,,,,,
EXO,141822348,,,,,,,,,,,,SAFE,-21.193,1.404,0.998,0.742,0.064,-0.0,0.0,0.0,-0.006,0.0,0.0,0.0,0.0,0.0,0.0
IMU,141866069.0,1,-0.1396,-0.9619,0.2383,-0.37,-0.24,0.12,-76.09,7.88,86.38,26.4,,,,,,,,,,,,,,,,
IMU,141873808.0,2,0.3604,-0.9004,0.2368,-0.31,-0.31,-0.12,-75.47,-21.19,-37.86,27.6,,,,,,,,,,,,,,,,
EXO,141922714,,,,,,,,,,,,SAFE,-21.187,-0.305,0.998,0.742,0.006,-0.0,0.0,0.0,-0.004,0.0,0.0,0.0,0.0,0.0,0.0
IMU,141966228.0,1,-0.1377,-0.96,0.2368,0.61,0.55,-0.37,-76.07,7.87,86.34,26.4,,,,,,,,,,,,,,,,
IMU,141973740.0,2,0.3594,-0.9023,0.2354,0.31,0.73,-0.24,-75.45,-21.19,-37.92,27.6,,,,,,,,,,,,,,,,
EXO,142022437,,,,,,,,,,,,SAFE,-21.193,0.732,0.999,0.742,-0.06,-0.0,0.0,0.0,-0.003,0.0,0.0,0.0,0.0,0.0,0.0
IMU,142066395.0,1,-0.1382,-0.957,0.2446,0.0,-0.18,0.0,-76.04,7.87,86.33,26.3,,,,,,,,,,,,,,,,
IMU,142073638.0,2,0.3589,-0.8984,0.2344,-0.06,-0.12,0.0,-75.43,-21.19,-37.95,27.8,,,,,,,,,,,,,,,,
EXO,142122523,,,,,,,,,,,,SAFE,-21.187,-0.122,0.995,0.742,0.042,-0.0,0.0,0.0,-0.013,0.0,0.0,0.0,0.0,0.0,0.0
IMU,142166619.0,1,-0.1372,-0.9644,0.2397,0.37,-0.24,-0.55,-76.03,7.84,86.33,26.3,,,,,,,,,,,,,,,,
IMU,142173598.0,2,0.3613,-0.9038,0.2329,0.43,0.31,-0.49,-75.42,-21.23,-37.95,27.8,,,,,,,,,,,,,,,,
EXO,142222541,,,,,,,,,,,,SAFE,-21.226,0.305,1.001,0.742,0.122,-0.0,0.0,0.0,0.008,0.0,0.0,0.0,0.0,0.0,0.0
IMU,142266789.0,1,-0.1372,-0.9614,0.2393,0.49,0.73,0.06,-76.0,7.83,86.3,26.4,,,,,,,,,,,,,,,,
IMU,142273538.0,2,0.3613,-0.9009,0.2324,0.12,0.85,0.18,-75.38,-21.21,-38.01,27.8,,,,,,,,,,,,,,,,
EXO,142322256,,,,,,,,,,,,SAFE,-21.209,0.854,0.998,0.742,-0.002,-0.0,0.0,0.0,0.003,0.0,0.0,0.0,0.0,0.0,0.0
IMU,142367004.0,1,-0.1333,-0.9653,0.2422,-0.06,-0.43,0.24,-76.0,7.83,86.32,26.3,,,,,,,,,,,,,,,,
IMU,142373455.0,2,0.3647,-0.9043,0.231,0.0,-0.18,0.12,-75.38,-21.21,-38.0,27.8,,,,,,,,,,,,,,,,
EXO,142422599,,,,,,,,,,,,SAFE,-21.215,-0.183,1.002,0.742,-0.015,-0.0,0.0,0.0,-0.003,0.0,0.0,0.0,0.0,0.0,0.0
IMU,142467141.0,1,-0.1377,-0.9609,0.2412,0.0,0.37,0.0,-76.01,7.84,86.3,26.4,,,,,,,,,,,,,,,,
IMU,142473383.0,2,0.3608,-0.9023,0.2388,0.0,0.43,0.12,-75.39,-21.2,-38.02,27.6,,,,,,,,,,,,,,,,
EXO,142522264,,,,,,,,,,,,SAFE,-21.204,0.427,1.001,0.742,-0.069,-0.0,0.0,0.0,0.002,0.0,0.0,0.0,0.0,0.0,0.0
IMU,142567375.0,1,-0.1357,-0.9619,0.2451,-0.55,-0.31,0.18,-76.0,7.84,86.3,26.3,,,,,,,,,,,,,,,,
IMU,142573335.0,2,0.3599,-0.9028,0.2373,0.12,-0.61,0.18,-75.38,-21.19,-38.02,27.5,,,,,,,,,,,,,,,,
EXO,142622538,,,,,,,,,,,,SAFE,-21.193,-0.61,1.0,0.742,0.001,-0.0,0.0,0.0,0.001,0.0,0.0,0.0,0.0,0.0,0.0
IMU,142667552.0,1,-0.1367,-0.9565,0.2402,0.12,-0.12,0.0,-76.0,7.87,86.3,26.4,,,,,,,,,,,,,,,,
IMU,142673266.0,2,0.3579,-0.8979,0.2266,0.12,-0.06,0.24,-75.37,-21.16,-38.03,27.7,,,,,,,,,,,,,,,,
EXO,142722464,,,,,,,,,,,,SAFE,-21.16,-0.061,0.993,0.742,0.033,-0.0,0.0,0.0,0.003,0.0,0.0,0.0,0.0,0.0,0.0
IMU,142767728.0,1,-0.1353,-0.9653,0.2427,0.37,0.31,0.0,-76.0,7.87,86.3,26.4,,,,,,,,,,,,,,,,
IMU,142773167.0,2,0.3643,-0.9023,0.2324,-0.12,0.43,0.0,-75.37,-21.17,-38.04,27.7,,,,,,,,,,,,,,,,
EXO,142822352,,,,,,,,,,,,SAFE,-21.165,0.427,1.0,0.742,0.073,-0.0,0.0,0.0,-0.006,0.0,0.0,0.0,0.0,0.0,0.0
IMU,142867922.0,1,-0.1426,-0.9604,0.2437,0.0,-0.43,0.0,-76.01,7.87,86.3,26.3,,,,,,,,,,,,,,,,
IMU,142873121.0,2,0.354,-0.9014,0.2397,0.0,-0.24,0.12,-75.38,-21.15,-38.03,27.9,,,,,,,,,,,,,,,,
EXO,142922448,,,,,,,,,,,,SAFE,-21.154,-0.244,0.998,0.742,-0.034,-0.0,0.0,0.0,0.008,0.0,0.0,0.0,0.0,0.0,0.0
IMU,142968134.0,1,-0.1343,-0.9653,0.2402,-0.18,-0.12,-0.06,-76.02,7.88,86.31,26.2,,,,,,,,,,,,,,,,
IMU,142973049.0,2,0.3633,-0.9038,0.2368,0.24,0.0,0.55,-75.37,-21.12,-38.01,27.7,,,,,,,,,,,,,,,,
EXO,143022530,,,,,,,,,,,,SAFE,-21.121,0.0,1.002,0.742,0.044,-0.0,0.0,0.0,0.009,0.0,0.0,0.0,0.0,0.0,0.0
IMU,143068330.0,1,-0.1377,-0.9585,0.2432,-0.18,-0.24,-0.31,-75.99,7.86,86.35,26.4,,,,,,,,,,,,,,,,
IMU,143072982.0,2,0.3569,-0.9023,0.2334,0.37,-0.12,-0.18,-75.33,-21.09,-37.99,27.9,,,,,,,,,,,,,,,,
EXO,143122695,,,,,,,,,,,,SAFE,-21.094,-0.122,0.998,0.742,0.018,-0.0,0.0,0.0,0.008,0.0,0.0,0.0,0.0,0.0,0.0
IMU,143168508.0,1,-0.1304,-0.9688,0.2388,-0.24,0.43,0.73,-75.99,7.89,86.37,26.4,,,,,,,,,,,,,,,,
IMU,143172918.0,2,0.3672,-0.9048,0.228,-0.06,0.37,0.79,-75.33,-21.06,-37.97,27.7,,,,,,,,,,,,,,,,
EXO,143222604,,,,,,,,,,,,SAFE,-21.061,0.366,1.003,0.742,-0.06,-0.0,0.0,0.0,0.002,0.0,0.0,0.0,0.0,0.0,0.0
IMU,143268718.0,1,-0.1362,-0.9595,0.2427,0.37,0.18,0.55,-75.97,7.94,86.37,26.3,,,,,,,,,,,,,,,,
IMU,143272839.0,2,0.356,-0.9009,0.2329,0.0,0.43,0.85,-75.33,-20.99,-37.98,27.7,,,,,,,,,,,,,,,,
EXO,143322301,,,,,,,,,,,,SAFE,-20.995,0.427,0.996,0.742,-0.046,-0.0,0.0,0.0,0.009,0.0,0.0,0.0,0.0,0.0,0.0
IMU,143368876.0,1,-0.144,-0.959,0.2466,-0.79,0.0,0.43,-76.0,7.97,86.4,26.3,,,,,,,,,,,,,,,,
IMU,143372789.0,2,0.3506,-0.9043,0.2349,-0.31,-0.37,0.49,-75.37,-20.93,-37.92,27.8,,,,,,,,,,,,,,,,
EXO,143422539,,,,,,,,,,,,SAFE,-20.929,-0.366,0.998,0.742,-0.025,-0.0,0.0,0.0,-0.003,0.0,0.0,0.0,0.0,0.0,0.0
IMU,143469070.0,1,-0.1387,-0.9653,0.2368,-0.12,1.16,0.06,-76.04,8.02,86.36,26.4,,,,,,,,,,,,,,,,
IMU,143472711.0,2,0.3574,-0.9087,0.2334,-0.73,1.1,0.12,-75.43,-20.9,-37.94,27.7,,,,,,,,,,,,,,,,
EXO,143522430,,,,,,,,,,,,SAFE,-20.896,1.099,1.004,0.742,0.045,-0.0,0.0,0.0,-0.003,0.0,0.0,0.0,0.0,0.0,0.0
IMU,143569237.0,1,-0.1406,-0.9585,0.2397,0.18,0.49,0.0,-76.02,8.05,86.26,26.3,,,,,,,,,,,,,,,,
IMU,143572653.0,2,0.353,-0.9019,0.2339,-0.18,0.49,0.37,-75.43,-20.85,-38.03,27.7,,,,,,,,,,,,,,,,
EXO,143622343,,,,,,,,,,,,SAFE,-20.847,0.488,0.996,0.742,-0.201,-0.0,0.0,0.0,-0.002,0.0,0.0,0.0,0.0,0.0,0.0
IMU,143669421.0,1,-0.1431,-0.96,0.2393,-0.24,0.18,-0.06,-76.04,8.06,86.28,26.3,,,,,,,,,,,,,,,,
IMU,143672556.0,2,0.354,-0.9033,0.2363,0.0,0.18,0.0,-75.44,-20.84,-38.01,27.7,,,,,,,,,,,,,,,,
EXO,143722440,,,,,,,,,,,,SAFE,-20.836,0.183,0.999,0.742,-0.007,-0.0,0.0,0.0,-0.0,0.0,0.0,0.0,0.0,0.0,0.0
IMU,143769652.0,1,-0.1387,-0.9614,0.2402,-0.24,0.43,0.0,-76.04,8.06,86.28,26.3,,,,,,,,,,,,,,,,
IMU,143772538.0,2,0.355,-0.9023,0.2354,-0.12,0.31,-0.06,-75.45,-20.83,-38.02,27.7,,,,,,,,,,,,,,,,
EXO,143822523,,,,,,,,,,,,SAFE,-20.83,0.305,0.998,0.742,0.095,-0.0,0.0,0.0,0.005,0.0,0.0,0.0,0.0,0.0,0.0
IMU,143869832.0,1,-0.1396,-0.9614,0.2393,0.49,0.55,-0.31,-76.01,8.05,86.25,26.3,,,,,,,,,,,,,,,,
IMU,143872470.0,2,0.3555,-0.9043,0.2285,0.12,0.85,-0.31,-75.44,-20.84,-38.06,27.8,,,,,,,,,,,,,,,,
EXO,143922465,,,,,,,,,,,,SAFE,-20.841,0.854,0.998,0.742,0.135,-0.0,0.0,0.0,0.004,0.0,0.0,0.0,0.0,0.0,0.0
IMU,143970002.0,1,-0.1392,-0.9629,0.2446,0.55,0.55,-0.31,-75.98,8.02,86.22,26.4,,,,,,,,,,,,,,,,
IMU,143972406.0,2,0.356,-0.9058,0.2354,0.18,0.85,-0.24,-75.4,-20.86,-38.12,27.7,,,,,,,,,,,,,,,,
EXO,144022447,,,,,,,,,,,,SAFE,-20.858,0.854,1.001,0.742,-0.01,-0.0,0.0,0.0,-0.008,0.0,0.0,0.0,0.0,0.0,0.0
IMU,144070199.0,1,-0.1387,-0.9619,0.2441,-0.12,0.06,0.18,-75.95,8.02,86.2,26.4,,,,,,,,,,,,,,,,
IMU,144072326.0,2,0.3569,-0.9038,0.2349,0.0,0.0,0.37,-75.39,-20.84,-38.14,27.7,,,,,,,,,,,,,,,,
EXO,144122367,,,,,,,,,,,,SAFE,-20.841,0.0,1.0,0.742,-0.009,-0.0,0.0,0.0,0.002,0.0,0.0,0.0,0.0,0.0,0.0
IMU,144170337.0,1,-0.1362,-0.9639,0.2432,-0.24,0.0,0.0,-75.95,8.01,86.22,26.4,,,,,,,,,,,,,,,,
IMU,144172244.0,2,0.3589,-0.9048,0.2314,-0.06,-0.06,0.0,-75.38,-20.84,-38.13,27.8,,,,,,,,,,,,,,,,
EXO,144222547,,,,,,,,,,,,SAFE,-20.841,-0.061,1.001,0.742,0.174,-0.0,0.0,0.0,-0.005,0.0,0.0,0.0,0.0,0.0,0.0
IMU,144270566.0,1,-0.1416,-0.9604,0.2417,-0.12,0.0,-0.12,-75.97,8.01,86.22,26.3,,,,,,,,,,,,,,,,
IMU,144272197.0,2,0.353,-0.9048,0.2344,0.0,-0.06,-0.12,-75.4,-20.85,-38.12,27.7,,,,,,,,,,,,,,,,
EXO,144322625,,,,,,,,,,,,SAFE,-20.852,-0.061,0.999,0.742,0.054,-0.0,0.0,0.0,-0.005,0.0,0.0,0.0,0.0,0.0,0.0
IMU,144370774.0,1,-0.1387,-0.9639,0.2446,-0.73,-0.43,0.06,-75.98,8.01,86.24,26.4,,,,,,,,,,,,,,,,
IMU,144372086.0,2,0.3569,-0.9048,0.2383,0.0,-0.67,0.0,-75.42,-20.86,-38.1,27.8,,,,,,,,,,,,,,,,
EXO,144422565,,,,,,,,,,,,SAFE,-20.863,-0.671,1.001,0.742,0.014,-0.0,0.0,0.0,-0.0,0.0,0.0,0.0,0.0,0.0,0.0
IMU,144470944.0,1,-0.1416,-0.9585,0.2378,-0.18,0.55,-0.18,-75.99,8.02,86.22,26.3,,,,,,,,,,,,,,,,
IMU,144472065.0,2,0.3555,-0.9019,0.2305,-0.12,0.49,-0.12,-75.43,-20.86,-38.12,27.8,,,,,,,,,,,,,,,,
EXO,144522612,,,,,,,,,,,,SAFE,-20.858,0.488,0.996,0.742,-0.088,-0.0,0.0,0.0,0.013,0.0,0.0,0.0,0.0,0.0,0.0
IMU,144571123.0,1,-0.1392,-0.9653,0.2393,0.0,0.18,0.0,-76.0,8.01,86.22,26.3,,,,,,,,,,,,,,,,
IMU,144571967.0,2,0.3589,-0.9082,0.2295,-0.06,0.24,0.0,-75.44,-20.86,-38.12,27.7,,,,,,,,,,,,,,,,
EXO,144622345,,,,,,,,,,,,SAFE,-20.863,0.244,1.003,0.742,-0.003,-0.0,0.0,0.0,0.001,0.0,0.0,0.0,0.0,0.0,0.0
IMU,144671294.0,1,-0.1426,-0.957,0.2412,0.24,0.37,0.0,-76.0,8.01,86.2,26.3,,,,,,,,,,,,,,,,
IMU,144671917.0,2,0.353,-0.9019,0.2368,0.06,0.55,0.06,-75.43,-20.85,-38.13,27.9,,,,,,,,,,,,,,,,
EXO,144722277,,,,,,,,,,,,SAFE,-20.852,0.549,0.997,0.742,-0.021,-0.0,0.0,0.0,0.018,0.0,0.0,0.0,0.0,0.0,0.0
IMU,144771474.0,1,-0.1367,-0.9668,0.2407,0.0,0.06,0.0,-75.98,8.02,86.2,26.5,,,,,,,,,,,,,,,,
IMU,144771856.0,2,0.3574,-0.9077,0.2358,0.06,0.18,-0.06,-75.42,-20.86,-38.16,27.9,,,,,,,,,,,,,,,,
EXO,144822343,,,,,,,,,,,,SAFE,-20.858,0.183,1.004,0.742,0.207,-0.0,0.0,0.0,0.004,0.0,0.0,0.0,0.0,0.0,0.0
IMU,144871723.0,1,-0.1392,-0.9619,0.2417,0.0,0.12,-0.24,-75.95,8.01,86.18,26.4,,,,,,,,,,,,,,,,
IMU,144871870.0,2,0.356,-0.9038,0.2368,0.37,0.24,-0.12,-75.39,-20.86,-38.2,27.9,,,,,,,,,,,,,,,,
EXO,144922457,,,,,,,,,,,,SAFE,-20.863,0.244,1.0,0.742,0.099,-0.0,0.0,0.0,0.009,0.0,0.0,0.0,0.0,0.0,0.0
IMU,144971938.0,1,-0.1382,-0.9575,0.2451,0.0,0.24,0.0,-75.92,8.0,86.16,26.5,,,,,,,,,,,,,,,,
IMU,144971791.0,2,0.354,-0.9019,0.2329,0.12,0.37,0.18,-75.36,-20.84,-38.23,27.7,,,,,,,,,,,,,,,,
EXO,145022277,,,,,,,,,,,,SAFE,-20.841,0.366,0.996,0.742,-0.04,-0.0,0.0,0.0,-0.001,0.0,0.0,0.0,0.0,0.0,0.0
IMU,145071970.0,1,-0.1367,-0.9595,0.2432,-0.49,0.0,0.06,-75.93,7.99,86.19,26.4,,,,,,,,,,,,,,,,
IMU,145071692.0,2,0.3545,-0.9019,0.2334,-0.18,-0.06,0.0,-75.37,-20.85,-38.2,27.8,,,,,,,,,,,,,,,,
EXO,145122532,,,,,,,,,,,,SAFE,-20.852,-0.061,0.997,0.742,0.026,-0.0,0.0,0.0,-0.004,0.0,0.0,0.0,0.0,0.0,0.0
IMU,145172163.0,1,-0.1362,-0.9595,0.2461,0.06,-0.24,-0.06,-75.94,7.99,86.2,26.5,,,,,,,,,,,,,,,,
IMU,145171655.0,2,0.3555,-0.9019,0.2358,0.18,-0.06,-0.06,-75.38,-20.86,-38.19,27.7,,,,,,,,,,,,,,,,
EXO,145222626,,,,,,,,,,,,SAFE,-20.858,-0.061,0.998,0.742,-0.001,-0.0,0.0,0.0,-0.002,0.0,0.0,0.0,0.0,0.0,0.0
IMU,145272345.0,1,-0.1401,-0.9639,0.2388,-0.24,-0.55,0.12,-75.98,8.0,86.24,26.5,,,,,,,,,,,,,,,,
IMU,145271589.0,2,0.3564,-0.9053,0.2363,-0.06,-0.61,-0.18,-75.4,-20.88,-38.14,27.7,,,,,,,,,,,,,,,,
EXO,145322705,,,,,,,,,,,,SAFE,-20.88,-0.61,1.001,0.742,-0.019,-0.0,0.0,0.0,-0.012,0.0,0.0,0.0,0.0,0.0,0.0
IMU,145372550.0,1,-0.1387,-0.9639,0.2437,0.0,-0.24,-0.12,-75.99,7.98,86.26,26.3,,,,,,,,,,,,,,,,
IMU,145371535.0,2,0.355,-0.9058,0.2339,0.18,-0.12,0.06,-75.4,-20.89,-38.12,27.8,,,,,,,,,,,,,,,,
EXO,145422547,,,,,,,,,,,,SAFE,-20.891,-0.122,1.001,0.742,0.011,-0.0,0.0,0.0,-0.002,0.0,0.0,0.0,0.0,0.0,0.0
IMU,145472732.0,1,-0.1406,-0.96,0.2388,-0.31,0.0,-0.18,-75.99,7.99,86.25,26.3,,,,,,,,,,,,,,,,
IMU,145471452.0,2,0.3525,-0.9028,0.2329,-0.06,-0.12,-0.24,-75.4,-20.89,-38.12,27.9,,,,,,,,,,,,,,,,
EXO,145522719,,,,,,,,,,,,SAFE,-20.885,-0.122,0.997,0.742,0.143,-0.0,0.0,0.0,-0.01,0.0,0.0,0.0,0.0,0.0,0.0
IMU,145572925.0,1,-0.1372,-0.9658,0.2402,0.0,0.31,-0.06,-75.98,7.98,86.25,26.3,,,,,,,,,,,,,,,,
IMU,145571371.0,2,0.3599,-0.9067,0.231,0.06,0.37,-0.12,-75.4,-20.9,-38.14,27.8,,,,,,,,,,,,,,,,
EXO,145622443,,,,,,,,,,,,SAFE,-20.901,0.366,1.003,0.742,0.046,-0.0,0.0,0.0,-0.005,0.0,0.0,0.0,0.0,0.0,0.0
IMU,145673134.0,1,-0.1396,-0.9556,0.2451,0.18,0.24,-0.24,-75.95,7.97,86.21,26.4,,,,,,,,,,,,,,,,
IMU,145671293.0,2,0.3525,-0.8984,0.2354,0.12,0.37,-0.12,-75.38,-20.9,-38.2,27.8,,,,,,,,,,,,,,,,
EXO,145722446,,,,,,,,,,,,SAFE,-20.896,0.366,0.993,0.742,0.048,-0.0,0.0,0.0,0.004,0.0,0.0,0.0,0.0,0.0,0.0
IMU,145773317.0,1,-0.1387,-0.9609,0.2393,0.18,-0.24,-0.31,-75.94,7.96,86.21,26.3,,,,,,,,,,,,,,,,
IMU,145771216.0,2,0.3574,-0.9038,0.2354,0.0,-0.06,-0.24,-75.37,-20.91,-38.21,27.7,,,,,,,,,,,,,,,,
EXO,145822601,,,,,,,,,,,,SAFE,-20.907,-0.061,1.0,0.742,-0.097,-0.0,0.0,0.0,0.004,0.0,0.0,0.0,0.0,0.0,0.0
IMU,145873497.0,1,-0.1343,-0.9634,0.2446,0.37,0.24,-0.06,-75.92,7.93,86.22,26.3,,,,,,,,,,,,,,,,
IMU,145871181.0,2,0.3545,-0.9048,0.2383,0.18,0.49,-0.12,-75.33,-20.93,-38.22,27.6,,,,,,,,,,,,,,,,
EXO,145922447,,,,,,,,,,,,SAFE,-20.934,0.488,1.001,0.742,0.006,-0.0,0.0,0.0,0.007,0.0,0.0,0.0,0.0,0.0,0.0
IMU,145973683.0,1,-0.1372,-0.9619,0.2432,-0.12,-0.67,-0.18,-75.91,7.93,86.21,26.4,,,,,,,,,,,,,,,,
IMU,145971095.0,2,0.3574,-0.9028,0.2383,0.31,-0.49,0.18,-75.32,-20.92,-38.24,27.7,,,,,,,,,,,,,,,,
EXO,146022621,,,,,,,,,,,,SAFE,-20.918,-0.488,1.0,0.742,0.03,-0.0,0.0,0.0,-0.002,0.0,0.0,0.0,0.0,0.0,0.0
IMU,146073867.0,1,-0.1401,-0.9614,0.2397,-0.12,-0.12,0.06,-75.91,7.93,86.23,26.4,,,,,,,,,,,,,,,,
IMU,146070998.0,2,0.355,-0.9028,0.2324,-0.06,-0.12,0.0,-75.32,-20.92,-38.22,27.7,,,,,,,,,,,,,,,,
EXO,146122609,,,,,,,,,,,,SAFE,-20.923,-0.122,0.998,0.742,0.025,-0.0,0.0,0.0,0.01,0.0,0.0,0.0,0.0,0.0,0.0
IMU,146174039.0,1,-0.1387,-0.958,0.2456,-0.24,-0.12,0.12,-75.92,7.92,86.23,26.3,,,,,,,,,,,,,,,,
IMU,146170925.0,2,0.3521,-0.8989,0.2417,-0.31,-0.12,0.0,-75.33,-20.92,-38.23,27.8,,,,,,,,,,,,,,,,
EXO,146222626,,,,,,,,,,,,SAFE,-20.923,-0.122,0.995,0.742,0.117,-0.0,0.0,0.0,-0.017,0.0,0.0,0.0,0.0,0.0,0.0
IMU,146274221.0,1,-0.1353,-0.96,0.2412,0.31,0.06,-0.24,-75.92,7.92,86.23,26.3,,,,,,,,,,,,,,,,
IMU,146270862.0,2,0.3574,-0.9014,0.2354,0.24,0.24,0.0,-75.33,-20.92,-38.23,27.7,,,,,,,,,,,,,,,,
EXO,146322341,,,,,,,,,,,,SAFE,-20.923,0.244,0.998,0.742,0.058,-0.0,0.0,0.0,0.01,0.0,0.0,0.0,0.0,0.0,0.0
IMU,146374374.0,1,-0.1357,-0.9595,0.2446,-0.06,-0.06,0.0,-75.9,7.92,86.22,26.4,,,,,,,,,,,,,,,,
IMU,146370815.0,2,0.3574,-0.9009,0.2344,0.0,-0.12,0.0,-75.32,-20.92,-38.24,27.7,,,,,,,,,,,,,,,,
EXO,146422587,,,,,,,,,,,,SAFE,-20.918,-0.122,0.997,0.742,0.073,-0.0,0.0,0.0,0.01,0.0,0.0,0.0,0.0,0.0,0.0
IMU,146474565.0,1,-0.1396,-0.96,0.2417,-0.12,0.43,-0.06,-75.93,7.91,86.23,26.3,,,,,,,,,,,,,,,,
IMU,146470742.0,2,0.356,-0.9023,0.2368,-0.18,0.31,0.0,-75.33,-20.92,-38.22,27.8,,,,,,,,,,,,,,,,
EXO,146522520,,,,,,,,,,,,SAFE,-20.923,0.305,0.999,0.742,-0.037,-0.0,0.0,0.0,0.006,0.0,0.0,0.0,0.0,0.0,0.0
IMU,146574690.0,1,-0.1387,-0.9604,0.2466,-0.31,-0.06,0.0,-75.92,7.91,86.23,26.4,,,,,,,,,,,,,,,,
IMU,146570686.0,2,0.355,-0.9023,0.2378,0.06,0.0,0.0,-75.32,-20.92,-38.24,27.8,,,,,,,,,,,,,,,,
EXO,146622442,,,,,,,,,,,,SAFE,-20.923,0.0,0.998,0.742,-0.144,-0.0,0.0,0.0,-0.009,0.0,0.0,0.0,0.0,0.0,0.0
IMU,146674889.0,1,-0.1382,-0.9609,0.2397,-0.12,0.0,0.24,-75.92,7.92,86.22,26.3,,,,,,,,,,,,,,,,
IMU,146670595.0,2,0.3574,-0.9023,0.2339,0.0,0.0,0.0,-75.33,-20.92,-38.24,27.6,,,,,,,,,,,,,,,,
EXO,146722361,,,,,,,,,,,,SAFE,-20.923,0.0,0.998,0.742,-0.046,-0.0,0.0,0.0,-0.001,0.0,0.0,0.0,0.0,0.0,0.0
IMU,146775072.0,1,-0.1392,-0.9639,0.2412,0.31,0.43,0.0,-75.91,7.92,86.22,26.3,,,,,,,,,,,,,,,,
IMU,146770573.0,2,0.3574,-0.9043,0.2407,0.0,0.67,0.0,-75.32,-20.92,-38.25,27.6,,,,,,,,,,,,,,,,
EXO,146822271,,,,,,,,,,,,SAFE,-20.923,0.671,1.002,0.742,0.001,-0.0,0.0,0.0,0.011,0.0,0.0,0.0,0.0,0.0,0.0
IMU,146875261.0,1,-0.1367,-0.9644,0.2471,0.06,-0.24,0.55,-75.88,7.93,86.22,26.3,,,,,,,,,,,,,,,,
IMU,146870534.0,2,0.3564,-0.9058,0.2383,0.18,0.0,0.43,-75.29,-20.91,-38.28,27.9,,,,,,,,,,,,,,,,
EXO,146922353,,,,,,,,,,,,SAFE,-20.907,0.0,1.002,0.742,0.001,-0.0,0.0,0.0,-0.001,0.0,0.0,0.0,0.0,0.0,0.0
IMU,146975440.0,1,-0.1357,-0.9634,0.2476,0.0,-0.37,-0.24,-75.87,7.93,86.25,26.4,,,,,,,,,,,,,,,,
IMU,146970454.0,2,0.3555,-0.9038,0.2397,0.18,-0.18,-0.37,-75.28,-20.91,-38.26,27.7,,,,,,,,,,,,,,,,
EXO,147022622,,,,,,,,,,,,SAFE,-20.907,-0.183,1.0,0.742,-0.061,-0.0,0.0,0.0,0.004,0.0,0.0,0.0,0.0,0.0,0.0
IMU,147075612.0,1,-0.1401,-0.96,0.2451,-0.49,0.31,0.0,-75.88,7.93,86.26,26.4,,,,,,,,,,,,,,,,
IMU,147070349.0,2,0.355,-0.9023,0.2344,-0.12,0.24,0.0,-75.28,-20.92,-38.25,27.6,,,,,,,,,,,,,,,,
EXO,147122436,,,,,,,,,,,,SAFE,-20.918,0.244,0.998,0.742,-0.073,-0.0,0.0,0.0,-0.01,0.0,0.0,0.0,0.0,0.0,0.0
IMU,147175814.0,1,-0.1387,-0.9634,0.2437,-0.12,0.18,0.24,-75.88,7.93,86.25,26.5,,,,,,,,,,,,,,,,
IMU,147170293.0,2,0.3564,-0.9053,0.2378,0.0,0.18,0.18,-75.29,-20.91,-38.26,27.8,,,,,,,,,,,,,,,,
EXO,147222353,,,,,,,,,,,,SAFE,-20.912,0.183,1.002,0.742,-0.053,-0.0,0.0,0.0,-0.003,0.0,0.0,0.0,0.0,0.0,0.0
IMU,147275975.0,1,-0.1362,-0.9639,0.2451,-0.12,0.0,0.31,-75.89,7.94,86.26,26.4,,,,,,,,,,,,,,,,
IMU,147270246.0,2,0.3584,-0.9028,0.2407,-0.06,0.0,0.06,-75.29,-20.91,-38.25,27.7,,,,,,,,,,,,,,,,
EXO,147322436,,,,,,,,,,,,SAFE,-20.912,0.0,1.001,0.742,0.1,-0.0,0.0,0.0,0.004,0.0,0.0,0.0,0.0,0.0,0.0
IMU,147376161.0,1,-0.1367,-0.9629,0.2437,-0.31,0.0,0.06,-75.9,7.93,86.27,26.4,,,,,,,,,,,,,,,,
IMU,147370189.0,2,0.3589,-0.9058,0.2339,0.12,-0.24,-0.18,-75.31,-20.92,-38.24,27.8,,,,,,,,,,,,,,,,
EXO,147422586,,,,,,,,,,,,SAFE,-20.923,-0.244,1.002,0.742,0.05,-0.0,0.0,0.0,-0.001,0.0,0.0,0.0,0.0,0.0,0.0
IMU,147476346.0,1,-0.1387,-0.9585,0.2432,-0.55,-0.12,0.12,-75.9,7.93,86.28,26.3,,,,,,,,,,,,,,,,
IMU,147470108.0,2,0.353,-0.9009,0.2334,-0.06,-0.31,0.06,-75.31,-20.92,-38.23,27.8,,,,,,,,,,,,,,,,
EXO,147522610,,,,,,,,,,,,SAFE,-20.923,-0.305,0.995,0.742,-0.033,-0.0,0.0,0.0,0.006,0.0,0.0,0.0,0.0,0.0,0.0
IMU,147576515.0,1,-0.1382,-0.959,0.2412,0.06,0.0,-0.24,-75.9,7.94,86.27,26.3,,,,,,,,,,,,,,,,
IMU,147570044.0,2,0.3564,-0.9004,0.231,0.12,0.24,-0.12,-75.32,-20.92,-38.24,27.8,,,,,,,,,,,,,,,,
EXO,147622443,,,,,,,,,,,,SAFE,-20.923,0.244,0.996,0.742,-0.13,-0.0,0.0,0.0,0.013,0.0,0.0,0.0,0.0,0.0,0.0
IMU,147676661.0,1,-0.1406,-0.96,0.2397,0.24,0.37,0.0,-75.9,7.93,86.27,26.4,,,,,,,,,,,,,,,,
IMU,147669943.0,2,0.3564,-0.9028,0.2329,-0.12,0.31,0.0,-75.32,-20.93,-38.24,27.7,,,,,,,,,,,,,,,,
EXO,147722355,,,,,,,,,,,,SAFE,-20.929,0.305,0.998,0.742,0.019,-0.0,0.0,0.0,-0.022,0.0,0.0,0.0,0.0,0.0,0.0
IMU,147776852.0,1,-0.1367,-0.9629,0.2485,0.18,0.0,-0.18,-75.9,7.92,86.28,26.4,,,,,,,,,,,,,,,,
IMU,147769903.0,2,0.355,-0.9053,0.2397,0.0,-0.06,-0.18,-75.31,-20.94,-38.24,27.8,,,,,,,,,,,,,,,,
EXO,147822520,,,,,,,,,,,,SAFE,-20.94,-0.061,1.002,0.742,0.058,-0.0,0.0,0.0,-0.012,0.0,0.0,0.0,0.0,0.0,0.0
IMU,147877029.0,1,-0.1426,-0.9604,0.2427,-0.55,-0.55,-0.06,-75.92,7.93,86.29,26.3,,,,,,,,,,,,,,,,
IMU,147869851.0,2,0.355,-0.9043,0.2373,0.12,-0.73,0.18,-75.32,-20.92,-38.24,27.9,,,,,,,,,,,,,,,,
EXO,147922677,,,,,,,,,,,,SAFE,-20.918,-0.732,1.0,0.742,-0.099,-0.0,0.0,0.0,-0.002,0.0,0.0,0.0,0.0,0.0,0.0
IMU,147977215.0,1,-0.1382,-0.9595,0.2461,-0.73,-0.43,0.12,-75.93,7.92,86.31,26.3,,,,,,,,,,,,,,,,
IMU,147969732.0,2,0.355,-0.9009,0.2368,-0.12,-0.55,0.0,-75.32,-20.95,-38.21,27.7,,,,,,,,,,,,,,,,
EXO,148022604,,,,,,,,,,,,SAFE,-20.951,-0.549,0.997,0.742,0.093,-0.0,0.0,0.0,0.01,0.0,0.0,0.0,0.0,0.0,0.0
IMU,148077392.0,1,-0.1353,-0.96,0.2422,-0.79,-0.67,0.12,-76.0,7.93,86.35,26.4,,,,,,,,,,,,,,,,
IMU,148069708.0,2,0.3579,-0.9009,0.2378,-0.31,-1.16,-0.49,-75.39,-20.99,-38.14,27.8,,,,,,,,,,,,,,,,
EXO,148122703,,,,,,,,,,,,SAFE,-20.995,-1.16,0.998,0.742,-0.045,-0.0,0.0,0.0,-0.001,0.0,0.0,0.0,0.0,0.0,0.0
IMU,148177596.0,1,-0.1392,-0.9609,0.2397,0.67,0.43,-0.31,-75.99,7.94,86.28,26.4,,,,,,,,,,,,,,,,
IMU,148169639.0,2,0.356,-0.9038,0.2349,-0.18,1.1,0.55,-75.39,-20.99,-38.2,27.7,,,,,,,,,,,,,,,,
EXO,148222472,,,,,,,,,,,,SAFE,-20.989,1.099,0.999,0.742,-0.033,-0.0,0.0,0.0,-0.008,0.0,0.0,0.0,0.0,0.0,0.0
IMU,148277763.0,1,-0.1392,-0.9624,0.2383,-0.55,-0.06,-0.12,-76.01,7.97,86.26,26.3,,,,,,,,,,,,,,,,
IMU,148269634.0,2,0.3579,-0.9028,0.2339,-0.18,-0.49,-0.31,-75.41,-20.96,-38.22,27.7,,,,,,,,,,,,,,,,
EXO,148322781,,,,,,,,,,,,SAFE,-20.962,-0.488,0.999,0.742,0.069,-0.0,0.0,0.0,0.005,0.0,0.0,0.0,0.0,0.0,0.0
IMU,148377946.0,1,-0.1377,-0.9624,0.2393,0.55,0.55,-0.31,-76.0,7.95,86.24,26.5,,,,,,,,,,,,,,,,
IMU,148369596.0,2,0.3569,-0.9019,0.2329,0.24,0.85,-0.31,-75.41,-21.01,-38.25,27.6,,,,,,,,,,,,,,,,
EXO,148422500,,,,,,,,,,,,SAFE,-21.006,0.854,0.997,0.742,0.037,-0.0,0.0,0.0,0.004,0.0,0.0,0.0,0.0,0.0,0.0
IMU,148478136.0,1,-0.1387,-0.9604,0.2446,0.37,0.31,-0.24,-75.94,7.93,86.19,26.2,,,,,,,,,,,,,,,,
IMU,148469498.0,2,0.356,-0.9033,0.2349,0.18,0.49,0.12,-75.36,-20.99,-38.34,27.7,,,,,,,,,,,,,,,,
EXO,148522357,,,,,,,,,,,,SAFE,-20.989,0.488,0.999,0.742,0.04,-0.0,0.0,0.0,0.001,0.0,0.0,0.0,0.0,0.0,0.0
IMU,148578316.0,1,-0.1367,-0.9595,0.2407,0.37,0.18,-0.12,-75.91,7.92,86.16,26.3,,,,,,,,,,,,,,,,
IMU,148569370.0,2,0.3594,-0.9009,0.2334,0.18,0.37,-0.24,-75.33,-20.99,-38.39,27.7,,,,,,,,,,,,,,,,
EXO,148622459,,,,,,,,,,,,SAFE,-20.989,0.366,0.998,0.742,0.068,-0.0,0.0,0.0,0.011,0.0,0.0,0.0,0.0,0.0,0.0
IMU,148678512.0,1,-0.1338,-0.9634,0.2466,0.18,0.24,-0.12,-75.88,7.89,86.14,26.3,,,,,,,,,,,,,,,,
IMU,148669312.0,2,0.3613,-0.9043,0.2388,0.12,0.31,-0.37,-75.3,-21.03,-38.44,27.7,,,,,,,,,,,,,,,,
EXO,148722443,,,,,,,,,,,,SAFE,-21.028,0.305,1.003,0.742,0.101,-0.0,0.0,0.0,0.006,0.0,0.0,0.0,0.0,0.0,0.0
IMU,148778675.0,1,-0.1367,-0.9634,0.2437,-0.49,0.18,0.49,-75.9,7.89,86.15,26.4,,,,,,,,,,,,,,,,
IMU,148769232.0,2,0.3604,-0.9053,0.2344,0.0,-0.24,0.06,-75.31,-21.03,-38.42,27.6,,,,,,,,,,,,,,,,
EXO,148822440,,,,,,,,,,,,SAFE,-21.028,-0.244,1.002,0.742,-0.021,-0.0,0.0,0.0,-0.002,0.0,0.0,0.0,0.0,0.0,0.0
IMU,148878842.0,1,-0.1343,-0.9619,0.2446,-0.43,0.06,0.31,-75.92,7.88,86.17,26.4,,,,,,,,,,,,,,,,
IMU,148869176.0,2,0.3599,-0.9033,0.2388,0.06,-0.06,0.06,-75.32,-21.04,-38.41,27.8,,,,,,,,,,,,,,,,
EXO,148922455,,,,,,,,,,,,SAFE,-21.039,-0.061,1.001,0.742,0.072,-0.0,0.0,0.0,-0.007,0.0,0.0,0.0,0.0,0.0,0.0
IMU,148979019.0,1,-0.1353,-0.9609,0.2427,0.0,-0.06,0.18,-75.92,7.88,86.2,26.4,,,,,,,,,,,,,,,,
IMU,148969089.0,2,0.3564,-0.9023,0.2349,0.24,-0.24,0.12,-75.31,-21.03,-38.38,27.7,,,,,,,,,,,,,,,,
EXO,149022446,,,,,,,,,,,,SAFE,-21.033,-0.244,0.998,0.742,0.029,-0.0,0.0,0.0,0.005,0.0,0.0,0.0,0.0,0.0,0.0
IMU,149079220.0,1,-0.1387,-0.9634,0.2412,0.12,0.49,0.24,-75.93,7.89,86.19,26.3,,,,,,,,,,,,,,,,
IMU,149069004.0,2,0.356,-0.9038,0.2383,-0.06,0.24,0.24,-75.32,-21.02,-38.38,27.9,,,,,,,,,,,,,,,,
EXO,149122346,,,,,,,,,,,,SAFE,-21.017,0.244,1.0,0.742,-0.032,-0.0,0.0,0.0,0.014,0.0,0.0,0.0,0.0,0.0,0.0
IMU,149179459.0,1,-0.1362,-0.9644,0.2397,-0.12,0.0,0.18,-75.93,7.89,86.19,26.4,,,,,,,,,,,,,,,,
IMU,149168922.0,2,0.3589,-0.9038,0.2363,-0.06,-0.37,-0.06,-75.32,-21.01,-38.39,27.6,,,,,,,,,,,,,,,,
EXO,149222633,,,,,,,,,,,,SAFE,-21.006,-0.366,1.001,0.742,-0.08,-0.0,0.0,0.0,-0.0,0.0,0.0,0.0,0.0,0.0,0.0
IMU,149279589.0,1,-0.1387,-0.958,0.2432,-0.12,0.06,-0.06,-75.93,7.9,86.18,26.4,,,,,,,,,,,,,,,,
IMU,149268856.0,2,0.355,-0.9009,0.2344,0.0,0.06,0.06,-75.32,-21.01,-38.4,27.9,,,,,,,,,,,,,,,,
EXO,149322448,,,,,,,,,,,,SAFE,-21.006,0.061,0.996,0.742,0.014,-0.0,0.0,0.0,-0.0,0.0,0.0,0.0,0.0,0.0,0.0
IMU,149379747.0,1,-0.1396,-0.9556,0.2432,0.0,0.12,-0.55,-75.9,7.88,86.16,26.3,,,,,,,,,,,,,,,,
IMU,149368753.0,2,0.3599,-0.8989,0.2314,0.12,0.43,0.0,-75.31,-21.01,-38.43,27.8,,,,,,,,,,,,,,,,
EXO,149422366,,,,,,,,,,,,SAFE,-21.006,0.427,0.996,0.742,-0.045,-0.0,0.0,0.0,0.009,0.0,0.0,0.0,0.0,0.0,0.0
IMU,149479903.0,1,-0.1284,-0.9648,0.2471,0.12,0.55,0.0,-75.86,7.85,86.14,26.5,,,,,,,,,,,,,,,,
IMU,149468705.0,2,0.3599,-0.9019,0.2339,0.0,0.55,-0.98,-75.28,-21.06,-38.47,27.8,,,,,,,,,,,,,,,,
EXO,149522362,,,,,,,,,,,,SAFE,-21.061,0.549,0.999,0.742,0.07,-0.0,0.0,0.0,-0.0,0.0,0.0,0.0,0.0,0.0,0.0
IMU,149580119.0,1,-0.1401,-0.9609,0.2393,0.0,-0.06,0.12,-75.88,7.86,86.13,26.4,,,,,,,,,,,,,,,,
IMU,149568606.0,2,0.3574,-0.9028,0.2368,-0.06,0.18,0.0,-75.29,-21.09,-38.49,27.8,,,,,,,,,,,,,,,,
EXO,149622456,,,,,,,,,,,,SAFE,-21.088,0.183,0.999,0.742,0.1,-0.0,0.0,0.0,0.011,0.0,0.0,0.0,0.0,0.0,0.0
IMU,149680313.0,1,-0.1318,-0.9629,0.2461,0.12,-0.06,0.24,-75.88,7.86,86.12,26.4,,,,,,,,,,,,,,,,
IMU,149668561.0,2,0.3618,-0.8994,0.2383,0.06,0.12,0.18,-75.28,-21.08,-38.51,27.8,,,,,,,,,,,,,,,,
EXO,149722364,,,,,,,,,,,,SAFE,-21.077,0.122,0.998,0.742,-0.119,-0.0,0.0,0.0,0.006,0.0,0.0,0.0,0.0,0.0,0.0
IMU,149780504.0,1,-0.1353,-0.9629,0.2397,-0.06,0.24,0.24,-75.88,7.86,86.14,26.2,,,,,,,,,,,,,,,,
IMU,149768482.0,2,0.3599,-0.9023,0.2324,0.0,0.0,-0.12,-75.28,-21.08,-38.48,27.7,,,,,,,,,,,,,,,,
EXO,149822432,,,,,,,,,,,,SAFE,-21.083,0.0,0.999,0.742,-0.111,-0.0,0.0,0.0,-0.0,0.0,0.0,0.0,0.0,0.0,0.0
IMU,149880689.0,1,-0.1353,-0.96,0.2485,-0.92,-0.12,0.43,-75.93,7.88,86.13,26.4,,,,,,,,,,,,,,,,
IMU,149868434.0,2,0.3613,-0.9004,0.2393,-0.43,-0.43,0.12,-75.31,-21.08,-38.48,27.7,,,,,,,,,,,,,,,,
EXO,149922648,,,,,,,,,,,,SAFE,-21.077,-0.427,0.999,0.742,-0.03,-0.0,0.0,0.0,-0.008,0.0,0.0,0.0,0.0,0.0,0.0
IMU,149980890.0,1,-0.1333,-0.9663,0.2378,-0.61,-0.55,0.18,-75.99,7.9,86.17,26.3,,,,,,,,,,,,,,,,
IMU,149968342.0,2,0.3613,-0.9019,0.2339,-0.12,-0.92,-0.06,-75.38,-21.1,-38.42,27.6,,,,,,,,,,,,,,,,
EXO,150022709,,,,,,,,,,,,SAFE,-21.105,-0.916,0.999,0.742,-0.003,-0.0,0.0,0.0,0.005,0.0,0.0,0.0,0.0,0.0,0.0
IMU,150081081.0,1,-0.1392,-0.9575,0.2437,0.0,0.18,0.18,-76.0,7.93,86.13,26.4,,,,,,,,,,,,,,,,
IMU,150068279.0,2,0.3594,-0.8984,0.2368,-0.12,0.92,0.49,-75.37,-21.08,-38.45,27.8,,,,,,,,,,,,,,,,
EXO,150122372,,,,,,,,,,,,SAFE,-21.083,0.916,0.996,0.742,-0.084,-0.0,0.0,0.0,0.006,0.0,0.0,0.0,0.0,0.0,0.0
IMU,150181245.0,1,-0.1387,-0.96,0.2363,0.18,1.16,0.0,-75.99,7.96,86.07,26.5,,,,,,,,,,,,,,,,
IMU,150168218.0,2,0.3579,-0.9009,0.23,-0.61,0.92,0.06,-75.4,-21.05,-38.49,27.9,,,,,,,,,,,,,,,,
EXO,150222368,,,,,,,,,,,,SAFE,-21.05,0.916,0.996,0.742,-0.023,-0.0,0.0,0.0,-0.02,0.0,0.0,0.0,0.0,0.0,0.0
IMU,150281460.0,1,-0.1401,-0.958,0.2437,-0.24,0.43,-0.12,-76.02,7.97,86.03,26.5,,,,,,,,,,,,,,,,
IMU,150268122.0,2,0.3569,-0.9014,0.2349,-0.18,-0.31,0.0,-75.43,-21.03,-38.53,27.9,,,,,,,,,,,,,,,,
EXO,150322618,,,,,,,,,,,,SAFE,-21.033,-0.305,0.998,0.742,0.057,-0.0,0.0,0.0,-0.004,0.0,0.0,0.0,0.0,0.0,0.0
IMU,150381622.0,1,-0.1382,-0.9619,0.2407,0.0,-0.31,0.0,-76.03,7.98,86.02,26.3,,,,,,,,,,,,,,,,
IMU,150368105.0,2,0.3604,-0.9014,0.2344,0.0,-0.37,-0.06,-75.45,-21.04,-38.55,27.7,,,,,,,,,,,,,,,,
EXO,150422560,,,,,,,,,,,,SAFE,-21.044,-0.366,0.999,0.742,-0.04,-0.0,0.0,0.0,-0.002,0.0,0.0,0.0,0.0,0.0,0.0
IMU,150481818.0,1,-0.1401,-0.9614,0.2393,0.55,0.0,-0.43,-76.01,7.96,86.03,26.3,,,,,,,,,,,,,,,,
IMU,150468010.0,2,0.3569,-0.9038,0.2339,0.55,0.0,0.06,-75.42,-21.05,-38.54,27.5,,,,,,,,,,,,,,,,
EXO,150522361,,,,,,,,,,,,SAFE,-21.05,0.0,0.999,0.742,0.147,-0.0,0.0,0.0,-0.003,0.0,0.0,0.0,0.0,0.0,0.0
IMU,150581930.0,1,-0.1372,-0.9619,0.2432,0.0,0.0,0.0,-75.98,7.94,85.99,26.2,,,,,,,,,,,,,,,,
IMU,150567954.0,2,0.3579,-0.9019,0.2358,0.0,0.12,0.12,-75.38,-21.02,-38.6,27.7,,,,,,,,,,,,,,,,
EXO,150622247,,,,,,,,,,,,SAFE,-21.017,0.122,0.999,0.742,0.011,-0.0,0.0,0.0,0.004,0.0,0.0,0.0,0.0,0.0,0.0
IMU,150682212.0,1,-0.1343,-0.9648,0.2388,0.0,0.0,0.12,-75.97,7.93,86.0,26.5,,,,,,,,,,,,,,,,
IMU,150667869.0,2,0.3628,-0.9048,0.2314,0.24,0.06,-0.18,-75.38,-21.04,-38.61,27.6,,,,,,,,,,,,,,,,
EXO,150722355,,,,,,,,,,,,SAFE,-21.039,0.061,1.002,0.742,0.099,-0.0,0.0,0.0,-0.015,0.0,0.0,0.0,0.0,0.0,0.0
IMU,150782409.0,1,-0.1372,-0.96,0.2461,0.55,-0.37,0.12,-75.93,7.93,85.97,26.3,,,,,,,,,,,,,,,,
IMU,150767804.0,2,0.3574,-0.9043,0.2397,0.31,0.49,0.24,-75.34,-21.02,-38.66,27.7,,,,,,,,,,,,,,,,
EXO,150822343,,,,,,,,,,,,SAFE,-21.017,0.488,1.001,0.742,-0.045,-0.0,0.0,0.0,-0.0,0.0,0.0,0.0,0.0,0.0,0.0
IMU,150882592.0,1,-0.1372,-0.9639,0.2422,0.0,0.0,0.31,-75.92,7.94,85.98,26.5,,,,,,,,,,,,,,,,
IMU,150867740.0,2,0.356,-0.9048,0.2354,0.31,-0.24,0.18,-75.32,-21.0,-38.67,27.7,,,,,,,,,,,,,,,,
EXO,150922359,,,,,,,,,,,,SAFE,-21.0,-0.244,1.0,0.742,0.132,-0.0,0.0,0.0,-0.0,0.0,0.0,0.0,0.0,0.0,0.0
IMU,150982782.0,1,-0.1367,-0.96,0.2422,-0.31,0.18,0.12,-75.9,7.95,85.99,26.3,,,,,,,,,,,,,,,,
IMU,150967673.0,2,0.3574,-0.9009,0.2314,0.06,0.12,0.18,-75.32,-20.97,-38.66,27.6,,,,,,,,,,,,,,,,
EXO,151022355,,,,,,,,,,,,SAFE,-20.973,0.122,0.996,0.742,0.025,-0.0,0.0,0.0,-0.009,0.0,0.0,0.0,0.0,0.0,0.0
IMU,151082978.0,1,-0.1387,-0.9614,0.2397,-0.12,0.0,0.12,-75.93,7.96,86.01,26.4,,,,,,,,,,,,,,,,
IMU,151067576.0,2,0.3594,-0.9053,0.2339,-0.12,0.12,0.0,-75.34,-20.98,-38.63,27.7,,,,,,,,,,,,,,,,
EXO,151122437,,,,,,,,,,,,SAFE,-20.978,0.122,1.002,0.742,0.122,-0.0,0.0,0.0,0.007,0.0,0.0,0.0,0.0,0.0,0.0
IMU,151183152.0,1,-0.1362,-0.9604,0.248,0.12,-0.24,0.06,-75.91,7.95,86.02,26.3,,,,,,,,,,,,,,,,
IMU,151167505.0,2,0.3569,-0.9048,0.2368,0.55,-0.06,0.67,-75.3,-20.95,-38.64,27.9,,,,,,,,,,,,,,,,
EXO,151222441,,,,,,,,,,,,SAFE,-20.951,-0.061,1.001,0.742,0.05,-0.0,0.0,0.0,0.002,0.0,0.0,0.0,0.0,0.0,0.0
IMU,151283336.0,1,-0.1426,-0.9629,0.2354,0.0,0.0,0.06,-75.93,7.97,86.07,26.3,,,,,,,,,,,,,,,,
IMU,151267403.0,2,0.3574,-0.9019,0.2349,-0.18,0.12,0.0,-75.31,-20.93,-38.57,27.7,,,,,,,,,,,,,,,,
EXO,151322330,,,,,,,,,,,,SAFE,-20.929,0.122,0.998,0.742,0.015,-0.0,0.0,0.0,0.001,0.0,0.0,0.0,0.0,0.0,0.0
IMU,151383532.0,1,-0.1406,-0.9551,0.2437,0.18,0.24,-0.06,-75.88,7.99,86.06,26.4,,,,,,,,,,,,,,,,
IMU,151367364.0,2,0.356,-0.8999,0.231,0.24,0.49,0.61,-75.28,-20.88,-38.62,27.8,,,,,,,,,,,,,,,,
EXO,151422355,,,,,,,,,,,,SAFE,-20.88,0.488,0.995,0.742,-0.01,-0.0,0.0,0.0,-0.001,0.0,0.0,0.0,0.0,0.0,0.0
IMU,151483715.0,1,-0.1357,-0.9624,0.2441,-0.24,0.12,0.12,-75.87,7.99,86.05,26.5,,,,,,,,,,,,,,,,
IMU,151467274.0,2,0.3564,-0.9048,0.2358,-0.18,-0.06,-0.37,-75.28,-20.88,-38.63,27.7,,,,,,,,,,,,,,,,
EXO,151522609,,,,,,,,,,,,SAFE,-20.88,-0.061,1.001,0.742,-0.049,-0.0,0.0,0.0,0.011,0.0,0.0,0.0,0.0,0.0,0.0
IMU,151583899.0,1,-0.1411,-0.9609,0.2471,0.0,0.0,0.31,-75.88,8.01,86.05,26.2,,,,,,,,,,,,,,,,
IMU,151567205.0,2,0.354,-0.9072,0.2363,0.06,0.0,0.18,-75.3,-20.89,-38.63,27.8,,,,,,,,,,,,,,,,
EXO,151622253,,,,,,,,,,,,SAFE,-20.885,0.0,1.002,0.742,0.109,-0.0,0.0,0.0,0.006,0.0,0.0,0.0,0.0,0.0,0.0
IMU,151684084.0,1,-0.1436,-0.9482,0.2354,0.12,-0.31,0.49,-75.87,8.15,86.07,26.5,,,,,,,,,,,,,,,,
IMU,151667135.0,2,0.3413,-0.8921,0.2368,-0.92,0.37,-0.43,-75.33,-20.87,-38.63,27.6,,,,,,,,,,,,,,,,
EXO,151722526,,,,,,,,,,,,SAFE,-20.874,0.366,0.984,0.742,0.069,-0.0,0.0,0.0,-0.001,0.0,0.0,0.0,0.0,0.0,0.0
IMU,151784229.0,1,-0.144,-0.959,0.2441,0.0,-0.18,0.0,-75.89,8.15,85.98,26.4,,,,,,,,,,,,,,,,
IMU,151767069.0,2,0.3555,-0.9106,0.2344,0.31,-0.12,0.24,-75.36,-20.86,-38.7,27.8,,,,,,,,,,,,,,,,
EXO,151822424,,,,,,,,,,,,SAFE,-20.863,-0.122,1.005,0.742,-0.077,-0.0,0.0,0.0,0.0,0.0,0.0,0.0,0.0,0.0,0.0
IMU,151884442.0,1,-0.144,-0.9634,0.2402,0.12,0.0,-0.18,-75.89,8.15,85.98,26.3,,,,,,,,,,,,,,,,
IMU,151867025.0,2,0.3574,-0.9038,0.2339,-0.06,0.06,-0.06,-75.36,-20.86,-38.7,27.7,,,,,,,,,,,,,,,,
EXO,151922531,,,,,,,,,,,,SAFE,-20.863,0.061,1.0,0.742,0.087,-0.0,0.0,0.0,-0.006,0.0,0.0,0.0,0.0,0.0,0.0
IMU,151984641.0,1,-0.145,-0.9531,0.2461,0.24,-0.06,-0.12,-75.88,8.14,85.98,26.4,,,,,,,,,,,,,,,,
IMU,151966925.0,2,0.3525,-0.8994,0.2388,0.67,0.43,0.61,-75.34,-20.87,-38.72,27.7,,,,,,,,,,,,,,,,
EXO,152022437,,,,,,,,,,,,SAFE,-20.869,0.427,0.995,0.742,0.028,-0.0,0.0,0.0,-0.005,0.0,0.0,0.0,0.0,0.0,0.0
IMU,152084812.0,1,-0.1328,-0.9697,0.2495,0.0,0.12,-0.06,-75.84,8.12,85.96,26.3,,,,,,,,,,,,,,,,
IMU,152066858.0,2,0.3604,-0.9033,0.2358,-0.18,0.61,-0.92,-75.3,-20.85,-38.75,27.8,,,,,,,,,,,,,,,,
EXO,152122538,,,,,,,,,,,,SAFE,-20.852,0.61,1.001,0.742,-0.002,-0.0,0.0,0.0,-0.004,0.0,0.0,0.0,0.0,0.0,0.0
IMU,152184990.0,1,-0.147,-0.9473,0.2368,1.4,0.98,2.14,-75.78,8.34,85.98,26.4,,,,,,,,,,,,,,,,
IMU,152166781.0,2,0.3569,-0.8989,0.2402,-0.61,1.22,3.11,-75.33,-20.75,-38.76,27.7,,,,,,,,,,,,,,,,
EXO,152222359,,,,,,,,,,,,SAFE,-20.748,1.221,0.997,0.742,-0.122,-0.0,0.0,0.0,-0.006,0.0,0.0,0.0,0.0,0.0,0.0
IMU,152285163.0,1,-0.146,-0.9683,0.2437,-0.49,-0.73,0.37,-75.78,8.36,85.86,26.4,,,,,,,,,,,,,,,,
IMU,152266719.0,2,0.3477,-0.915,0.2412,-0.18,-0.12,0.12,-75.33,-20.68,-38.89,27.7,,,,,,,,,,,,,,,,
EXO,152322599,,,,,,,,,,,,SAFE,-20.682,-0.122,1.008,0.742,0.068,-0.0,0.0,0.0,-0.013,0.0,0.0,0.0,0.0,0.0,0.0
IMU,152385357.0,1,-0.1514,-0.9614,0.2427,-0.92,0.24,-0.43,-75.84,8.34,85.82,26.2,,,,,,,,,,,,,,,,
IMU,152366673.0,2,0.3457,-0.9038,0.2349,-0.79,0.24,-0.43,-75.38,-20.71,-38.89,27.7,,,,,,,,,,,,,,,,
EXO,152422618,,,,,,,,,,,,SAFE,-20.709,0.244,0.996,0.742,0.103,-0.0,0.0,0.0,0.002,0.0,0.0,0.0,0.0,0.0,0.0
IMU,152485547.0,1,-0.1455,-0.9624,0.2383,-0.18,-0.55,-0.06,-75.86,8.32,85.86,26.5,,,,,,,,,,,,,,,,
IMU,152466594.0,2,0.3584,-0.9038,0.2305,0.24,-0.24,-0.12,-75.41,-20.73,-38.85,27.8,,,,,,,,,,,,,,,,
EXO,152522687,,,,,,,,,,,,SAFE,-20.731,-0.244,0.999,0.742,-0.105,-0.0,0.0,0.0,-0.006,0.0,0.0,0.0,0.0,0.0,0.0
IMU,152585691.0,1,-0.1504,-0.9536,0.2422,1.22,-0.24,0.0,-75.81,8.33,85.84,26.4,,,,,,,,,,,,,,,,
IMU,152566506.0,2,0.3472,-0.9053,0.2354,0.12,0.85,-0.06,-75.38,-20.72,-38.89,27.7,,,,,,,,,,,,,,,,
EXO,152622442,,,,,,,,,,,,SAFE,-20.72,0.854,0.998,0.742,0.05,-0.0,0.0,0.0,0.001,0.0,0.0,0.0,0.0,0.0,0.0
IMU,152685867.0,1,-0.1426,-0.9668,0.249,-0.37,-0.31,0.0,-75.79,8.29,85.84,26.3,,,,,,,,,,,,,,,,
IMU,152666430.0,2,0.356,-0.9077,0.2407,0.37,-0.49,-0.18,-75.36,-20.75,-38.92,27.6,,,,,,,,,,,,,,,,
EXO,152722632,,,,,,,,,,,,SAFE,-20.753,-0.488,1.004,0.742,-0.014,-0.0,0.0,0.0,0.002,0.0,0.0,0.0,0.0,0.0,0.0
IMU,152786073.0,1,-0.1465,-0.959,0.2441,0.18,0.0,-0.18,-75.79,8.29,85.83,26.3,,,,,,,,,,,,,,,,
IMU,152766332.0,2,0.3521,-0.8989,0.2339,0.31,0.31,0.0,-75.34,-20.75,-38.93,27.8,,,,,,,,,,,,,,,,
EXO,152822349,,,,,,,,,,,,SAFE,-20.748,0.305,0.993,0.742,0.006,-0.0,0.0,0.0,-0.01,0.0,0.0,0.0,0.0,0.0,0.0
IMU,152886239.0,1,-0.144,-0.96,0.2466,0.0,0.0,-0.31,-75.77,8.26,85.81,26.3,,,,,,,,,,,,,,,,
IMU,152866311.0,2,0.3545,-0.9033,0.2354,0.06,0.24,-0.37,-75.31,-20.76,-38.96,27.7,,,,,,,,,,,,,,,,
EXO,152922438,,,,,,,,,,,,SAFE,-20.764,0.244,0.999,0.742,0.052,-0.0,0.0,0.0,-0.006,0.0,0.0,0.0,0.0,0.0,0.0
IMU,152986442.0,1,-0.1455,-0.959,0.2417,-0.12,0.06,0.12,-75.78,8.27,85.8,26.4,,,,,,,,,,,,,,,,
IMU,152966218.0,2,0.355,-0.9058,0.2344,0.0,0.0,0.06,-75.31,-20.76,-38.97,27.7,,,,,,,,,,,,,,,,
EXO,153022350,,,,,,,,,,,,SAFE,-20.764,0.0,1.001,0.742,-0.044,-0.0,0.0,0.0,0.007,0.0,0.0,0.0,0.0,0.0,0.0
IMU,153086596.0,1,-0.144,-0.9575,0.2441,-0.24,-0.18,0.0,-75.76,8.26,85.83,26.4,,,,,,,,,,,,,,,,
IMU,153066122.0,2,0.3521,-0.9009,0.2319,0.55,-0.24,0.0,-75.28,-20.77,-38.96,27.8,,,,,,,,,,,,,,,,
EXO,153122538,,,,,,,,,,,,SAFE,-20.77,-0.244,0.995,0.742,0.06,-0.0,0.0,0.0,-0.011,0.0,0.0,0.0,0.0,0.0,0.0
IMU,153186790.0,1,-0.1436,-0.9531,0.2495,0.0,0.0,-0.18,-75.74,8.25,85.83,26.6,,,,,,,,,,,,,,,,
IMU,153166084.0,2,0.3535,-0.9028,0.2358,0.31,0.24,0.24,-75.25,-20.76,-38.98,27.7,,,,,,,,,,,,,,,,
EXO,153222362,,,,,,,,,,,,SAFE,-20.764,0.244,0.998,0.742,-0.099,-0.0,0.0,0.0,-0.0,0.0,0.0,0.0,0.0,0.0,0.0
IMU,153286972.0,1,-0.1406,-0.96,0.2461,0.0,-0.61,-0.24,-75.75,8.24,85.84,26.2,,,,,,,,,,,,,,,,
IMU,153265992.0,2,0.3594,-0.9028,0.2407,0.06,-0.06,0.0,-75.25,-20.75,-38.98,27.7,,,,,,,,,,,,,,,,
EXO,153322541,,,,,,,,,,,,SAFE,-20.753,-0.061,1.001,0.742,0.014,-0.0,0.0,0.0,0.002,0.0,0.0,0.0,0.0,0.0,0.0
IMU,153387149.0,1,-0.1416,-0.959,0.248,0.37,0.0,-0.67,-75.73,8.22,85.82,26.3,,,,,,,,,,,,,,,,
IMU,153365939.0,2,0.3569,-0.9019,0.2373,0.24,0.61,0.18,-75.23,-20.74,-38.99,27.8,,,,,,,,,,,,,,,,
EXO,153422368,,,,,,,,,,,,SAFE,-20.742,0.61,0.999,0.742,0.045,-0.0,0.0,0.0,-0.001,0.0,0.0,0.0,0.0,0.0,0.0
IMU,153487299.0,1,-0.1445,-0.957,0.2466,0.0,-0.31,0.0,-75.72,8.21,85.83,26.4,,,,,,,,,,,,,,,,
IMU,153465842.0,2,0.3535,-0.9019,0.2417,0.0,-0.06,0.0,-75.21,-20.74,-39.0,27.9,,,,,,,,,,,,,,,,
EXO,153522436,,,,,,,,,,,,SAFE,-20.737,-0.061,0.998,0.742,-0.103,-0.0,0.0,0.0,0.006,0.0,0.0,0.0,0.0,0.0,0.0
IMU,153587530.0,1,-0.1426,-0.9614,0.2476,0.18,-0.18,-0.18,-75.72,8.21,85.84,26.4,,,,,,,,,,,,,,,,
IMU,153565773.0,2,0.3535,-0.9028,0.2407,0.0,-0.31,-0.37,-75.22,-20.74,-38.99,27.7,,,,,,,,,,,,,,,,
EXO,153622607,,,,,,,,,,,,SAFE,-20.742,-0.305,0.999,0.742,-0.032,-0.0,0.0,0.0,0.01,0.0,0.0,0.0,0.0,0.0,0.0
IMU,153687695.0,1,-0.1396,-0.9609,0.25,-0.18,-0.67,0.12,-75.71,8.2,85.84,26.4,,,,,,,,,,,,,,,,
IMU,153665709.0,2,0.3574,-0.9048,0.2446,0.06,-0.24,0.18,-75.22,-20.76,-39.01,27.8,,,,,,,,,,,,,,,,
EXO,153722531,,,,,,,,,,,,SAFE,-20.759,-0.244,1.003,0.742,-0.007,-0.0,0.0,0.0,0.003,0.0,0.0,0.0,0.0,0.0,0.0
IMU,153787890.0,1,-0.1431,-0.96,0.2461,0.55,-0.61,-0.24,-75.72,8.21,85.84,26.4,,,,,,,,,,,,,,,,
IMU,153765627.0,2,0.3555,-0.9028,0.2441,0.18,0.12,0.0,-75.22,-20.73,-38.99,27.7,,,,,,,,,,,,,,,,
EXO,153822430,,,,,,,,,,,,SAFE,-20.726,0.122,1.001,0.742,0.046,-0.0,0.0,0.0,-0.014,0.0,0.0,0.0,0.0,0.0,0.0
IMU,153888081.0,1,-0.144,-0.9604,0.2476,-0.12,-0.12,0.31,-75.72,8.21,85.86,26.5,,,,,,,,,,,,,,,,
IMU,153865600.0,2,0.355,-0.9053,0.2437,-0.18,-0.31,0.12,-75.21,-20.74,-38.98,27.7,,,,,,,,,,,,,,,,
EXO,153922653,,,,,,,,,,,,SAFE,-20.742,-0.305,1.002,0.742,-0.099,-0.0,0.0,0.0,0.008,0.0,0.0,0.0,0.0,0.0,0.0
IMU,153988236.0,1,-0.1436,-0.9609,0.2466,0.37,0.12,0.0,-75.74,8.22,85.85,26.4,,,,,,,,,,,,,,,,
IMU,153965491.0,2,0.3516,-0.9053,0.2407,0.0,0.24,-0.06,-75.23,-20.73,-38.97,27.7,,,,,,,,,,,,,,,,
EXO,154022363,,,,,,,,,,,,SAFE,-20.731,0.244,1.001,0.742,-0.017,-0.0,0.0,0.0,0.01,0.0,0.0,0.0,0.0,0.0,0.0
IMU,154088435.0,1,-0.1411,-0.9614,0.2471,-0.37,0.12,0.12,-75.74,8.22,85.86,26.3,,,,,,,,,,,,,,,,
IMU,154065433.0,2,0.3535,-0.9038,0.2368,0.06,0.24,0.18,-75.23,-20.73,-38.97,27.7,,,,,,,,,,,,,,,,
EXO,154122355,,,,,,,,,,,,SAFE,-20.726,0.244,0.999,0.742,-0.011,-0.0,0.0,0.0,-0.002,0.0,0.0,0.0,0.0,0.0,0.0
IMU,154188608.0,1,-0.1406,-0.9614,0.2471,0.0,0.12,0.0,-75.73,8.22,85.86,26.6,,,,,,,,,,,,,,,,
IMU,154165324.0,2,0.3545,-0.9048,0.2349,0.0,0.31,0.0,-75.23,-20.72,-38.97,27.7,,,,,,,,,,,,,,,,
EXO,154222272,,,,,,,,,,,,SAFE,-20.72,0.305,1.0,0.742,0.127,-0.0,0.0,0.0,0.002,0.0,0.0,0.0,0.0,0.0,0.0
IMU,154288805.0,1,-0.1436,-0.9614,0.2466,-0.12,-0.31,0.06,-75.74,8.22,85.86,26.3,,,,,,,,,,,,,,,,
IMU,154265271.0,2,0.3521,-0.9033,0.2373,-0.06,0.0,0.0,-75.24,-20.71,-38.98,27.7,,,,,,,,,,,,,,,,
EXO,154322530,,,,,,,,,,,,SAFE,-20.715,0.0,0.998,0.742,-0.041,-0.0,0.0,0.0,-0.008,0.0,0.0,0.0,0.0,0.0,0.0
IMU,154388998.0,1,-0.144,-0.9604,0.2446,-0.06,-0.24,0.06,-75.75,8.22,85.88,26.2,,,,,,,,,,,,,,,,
IMU,154365218.0,2,0.3521,-0.9028,0.2378,0.0,-0.24,0.0,-75.25,-20.72,-38.96,27.8,,,,,,,,,,,,,,,,
EXO,154422528,,,,,,,,,,,,SAFE,-20.72,-0.244,0.998,0.742,0.007,-0.0,0.0,0.0,0.002,0.0,0.0,0.0,0.0,0.0,0.0
IMU,154489177.0,1,-0.1367,-0.9629,0.248,0.24,-0.24,-0.37,-75.73,8.2,85.87,26.4,,,,,,,,,,,,,,,,
IMU,154465157.0,2,0.3525,-0.9023,0.2383,0.18,0.37,-0.43,-75.24,-20.73,-38.98,27.8,,,,,,,,,,,,,,,,
EXO,154522519,,,,,,,,,,,,SAFE,-20.726,0.366,0.998,0.742,-0.05,-0.0,0.0,0.0,0.0,0.0,0.0,0.0,0.0,0.0,0.0
IMU,154589368.0,1,-0.1479,-0.958,0.2441,-0.12,-0.06,-0.18,-75.74,8.21,85.86,26.3,,,,,,,,,,,,,,,,
IMU,154565093.0,2,0.3496,-0.8989,0.2354,0.0,0.18,0.18,-75.23,-20.7,-38.98,27.9,,,,,,,,,,,,,,,,
EXO,154622526,,,,,,,,,,,,SAFE,-20.704,0.183,0.993,0.742,-0.1,-0.0,0.0,0.0,-0.009,0.0,0.0,0.0,0.0,0.0,0.0
IMU,154689551.0,1,-0.1445,-0.958,0.2441,-0.49,0.0,0.12,-75.73,8.21,85.87,26.4,,,,,,,,,,,,,,,,
IMU,154665029.0,2,0.3579,-0.9033,0.2329,0.06,-0.06,0.06,-75.23,-20.72,-38.98,27.6,,,,,,,,,,,,,,,,
EXO,154722450,,,,,,,,,,,,SAFE,-20.72,-0.061,0.999,0.742,0.005,-0.0,0.0,0.0,0.004,0.0,0.0,0.0,0.0,0.0,0.0
IMU,154789735.0,1,-0.1484,-0.9536,0.2471,0.0,-0.31,-0.18,-75.73,8.21,85.87,26.4,,,,,,,,,,,,,,,,
IMU,154764930.0,2,0.3501,-0.8999,0.2358,-0.06,0.06,0.0,-75.25,-20.71,-38.98,27.7,,,,,,,,,,,,,,,,
EXO,154822514,,,,,,,,,,,,SAFE,-20.715,0.061,0.994,0.742,-0.01,-0.0,0.0,0.0,-0.012,0.0,0.0,0.0,0.0,0.0,0.0
IMU,154889923.0,1,-0.1479,-0.9585,0.2427,0.12,-0.31,0.18,-75.73,8.23,85.89,26.4,,,,,,,,,,,,,,,,
IMU,154864893.0,2,0.353,-0.9033,0.2383,-0.12,-0.37,-0.31,-75.26,-20.74,-38.97,27.8,,,,,,,,,,,,,,,,
EXO,154922667,,,,,,,,,,,,SAFE,-20.737,-0.366,0.999,0.742,-0.009,-0.0,0.0,0.0,0.0,0.0,0.0,0.0,0.0,0.0,0.0
IMU,154990102.0,1,-0.1387,-0.96,0.2466,-0.31,-0.31,0.98,-75.68,8.28,85.95,26.4,,,,,,,,,,,,,,,,
IMU,154964804.0,2,0.3506,-0.9043,0.228,-1.59,-0.49,0.12,-75.33,-20.76,-38.94,27.8,,,,,,,,,,,,,,,,
EXO,155022617,,,,,,,,,,,,SAFE,-20.764,-0.488,0.996,0.742,0.148,-0.0,0.0,0.0,-0.016,0.0,0.0,0.0,0.0,0.0,0.0
IMU,155090278.0,1,-0.1411,-0.9829,0.2251,-3.6,2.62,0.37,-76.01,8.34,85.71,26.4,,,,,,,,,,,,,,,,
IMU,155064731.0,2,0.3643,-0.9199,0.2119,-7.45,0.06,-0.37,-75.83,-20.77,-38.94,27.8,,,,,,,,,,,,,,,,
EXO,155122547,,,,,,,,,,,,SAFE,-20.77,0.061,1.012,0.742,0.023,-0.0,0.0,0.0,0.002,0.0,0.0,0.0,0.0,0.0,0.0
IMU,155190486.0,1,-0.1562,-0.9277,0.2495,-13.79,-7.02,7.32,-76.78,8.66,85.92,26.3,,,,,,,,,,,,,,,,
IMU,155164662.0,2,0.3228,-0.9028,0.2095,-8.73,-9.64,4.39,-76.83,-20.67,-38.6,27.6,,,,,,,,,,,,,,,,
EXO,155222889,,,,,,,,,,,,SAFE,-20.671,-9.644,0.981,0.742,-0.002,-0.0,0.0,0.0,0.003,0.0,0.0,0.0,0.0,0.0,0.0
IMU,155290658.0,1,-0.1328,-0.9795,0.1885,-6.23,-5.13,7.2,-77.72,9.31,86.86,26.4,,,,,,,,,,,,,,,,
IMU,155264631.0,2,0.3657,-0.9058,0.2114,-6.1,-10.62,8.18,-78.13,-20.2,-36.96,27.7,,,,,,,,,,,,,,,,
EXO,155322772,,,,,,,,,,,,SAFE,-20.198,-10.62,0.999,0.742,-0.073,-0.0,0.0,0.0,0.009,0.0,0.0,0.0,0.0,0.0,0.0
IMU,155390839.0,1,-0.1538,-0.9775,0.2012,-12.39,-2.93,3.6,-78.4,9.56,87.58,26.4,,,,,,,,,,,,,,,,
IMU,155364550.0,2,0.3848,-0.9346,0.1479,-5.98,-12.51,4.09,-78.79,-19.81,-35.84,27.8,,,,,,,,,,,,,,,,
EXO,155422815,,,,,,,,,,,,SAFE,-19.808,-12.512,1.021,0.742,0.028,-0.0,0.0,0.0,-0.004,0.0,0.0,0.0,0.0,0.0,0.0
IMU,155491025.0,1,-0.1816,-0.98,0.1821,-14.65,-8.85,1.46,-79.62,9.62,88.02,26.3,,,,,,,,,,,,,,,,
IMU,155464457.0,2,0.332,-0.936,0.1567,-8.24,-11.11,-0.37,-80.09,-19.96,-34.78,27.9,,,,,,,,,,,,,,,,
EXO,155522878,,,,,,,,,,,,SAFE,-19.962,-11.108,1.005,0.742,-0.038,-0.0,0.0,0.0,-0.001,0.0,0.0,0.0,0.0,0.0,0.0
IMU,155591204.0,1,-0.1816,-0.9575,0.1694,-14.4,-13.18,2.5,-80.82,9.69,89.15,26.3,,,,,,,,,,,,,,,,
IMU,155564397.0,2,0.3203,-0.9204,0.145,-5.98,-17.4,0.98,-81.41,-20.15,-33.08,27.8,,,,,,,,,,,,,,,,
EXO,155622897,,,,,,,,,,,,SAFE,-20.149,-17.395,0.985,0.742,-0.061,-0.0,0.0,0.0,0.006,0.0,0.0,0.0,0.0,0.0,0.0
IMU,155691394.0,1,-0.1851,-0.9932,0.147,-7.69,-6.53,4.88,-81.55,10.0,90.43,26.4,,,,,,,,,,,,,,,,
IMU,155664331.0,2,0.3276,-0.9541,0.1343,-0.73,-16.97,5.62,-82.32,-20.0,-31.16,27.6,,,,,,,,,,,,,,,,
EXO,155722803,,,,,,,,,,,,SAFE,-19.995,-16.968,1.018,0.742,0.079,-0.0,0.0,0.0,0.014,0.0,0.0,0.0,0.0,0.0,0.0
IMU,155791588.0,1,-0.1797,-1.0107,0.1406,-9.46,-15.62,8.48,-82.01,10.52,91.63,26.5,,,,,,,,,,,,,,,,
IMU,155764270.0,2,0.3555,-0.9717,0.1074,-1.1,-17.03,7.51,-82.88,-19.4,-29.76,27.8,,,,,,,,,,,,,,,,
EXO,155823035,,,,,,,,,,,,SAFE,-19.402,-17.029,1.04,0.742,-0.01,-0.0,0.0,0.0,0.012,0.0,0.0,0.0,0.0,0.0,0.0
IMU,155891761.0,1,-0.1812,-0.98,0.1182,-5.62,-28.63,12.7,-82.3,10.99,94.39,26.3,,,,,,,,,,,,,,,,
IMU,155864235.0,2,0.3096,-0.9531,0.126,11.66,-31.13,8.0,-83.36,-19.03,-27.14,27.8,,,,,,,,,,,,,,,,
EXO,155922999,,,,,,,,,,,,SAFE,-19.028,-31.128,1.01,0.742,0.08,-0.0,0.0,0.0,0.008,0.0,0.0,0.0,0.0,0.0,0.0
IMU,155991945.0,1,-0.2134,-0.9663,0.1167,-6.04,-20.39,12.08,-82.26,12.11,96.58,26.3,,,,,,,,,,,,,,,,
IMU,155964146.0,2,0.3394,-0.9634,0.0571,9.34,-15.99,15.26,-83.24,-17.97,-24.68,27.7,,,,,,,,,,,,,,,,
EXO,156022974,,,,,,,,,,,,SAFE,-17.968,-15.991,1.023,0.742,-0.002,-0.0,0.0,0.0,0.003,0.0,0.0,0.0,0.0,0.0,0.0
IMU,156092134.0,1,-0.2227,-0.9727,0.1084,-13.0,3.23,5.86,-83.13,12.63,97.69,26.4,,,,,,,,,,,,,,,,
IMU,156064069.0,2,0.334,-0.9639,0.0435,-7.87,-10.68,3.36,-83.78,-17.44,-22.68,27.9,,,,,,,,,,,,,,,,
EXO,156122797,,,,,,,,,,,,SAFE,-17.441,-10.681,1.021,0.742,0.009,-0.0,0.0,0.0,0.019,0.0,0.0,0.0,0.0,0.0,0.0
IMU,156192317.0,1,-0.2339,-0.9644,0.1108,-10.31,-5.13,5.25,-84.23,13.02,98.13,26.4,,,,,,,,,,,,,,,,
IMU,156163994.0,2,0.271,-0.9546,0.0952,-6.35,-13.79,2.14,-85.12,-17.36,-21.8,27.6,,,,,,,,,,,,,,,,
EXO,156222893,,,,,,,,,,,,SAFE,-17.364,-13.794,0.997,0.742,0.08,-0.0,0.0,0.0,0.004,0.0,0.0,0.0,0.0,0.0,0.0
IMU,156292505.0,1,-0.2451,-0.9419,0.0908,2.08,-3.85,4.21,-84.53,13.39,98.37,26.4,,,,,,,,,,,,,,,,
IMU,156263925.0,2,0.25,-0.9395,0.1099,-2.01,-2.32,3.17,-85.81,-17.05,-21.04,27.7,,,,,,,,,,,,,,,,
EXO,156322623,,,,,,,,,,,,SAFE,-17.045,-2.319,0.978,0.742,0.123,-0.0,0.0,0.0,0.011,0.0,0.0,0.0,0.0,0.0,0.0
IMU,156392696.0,1,-0.2461,-0.9482,0.104,5.37,3.54,7.93,-84.03,14.07,98.46,26.3,,,,,,,,,,,,,,,,
IMU,156363861.0,2,0.2607,-0.9473,0.0679,3.3,4.82,7.81,-85.32,-16.45,-20.99,27.7,,,,,,,,,,,,,,,,
EXO,156422372,,,,,,,,,,,,SAFE,-16.447,4.822,0.985,0.742,0.107,-0.0,0.0,0.0,-0.003,0.0,0.0,0.0,0.0,0.0,0.0
IMU,156492899.0,1,-0.2568,-0.9653,0.0991,3.66,1.89,4.46,-83.67,14.71,98.14,26.1,,,,,,,,,,,,,,,,
IMU,156463776.0,2,0.2754,-0.9502,0.0674,0.98,6.96,5.68,-84.98,-15.66,-21.55,27.9,,,,,,,,,,,,,,,,
EXO,156522358,,,,,,,,,,,,SAFE,-15.661,6.958,0.992,0.742,0.03,-0.0,0.0,0.0,0.004,0.0,0.0,0.0,0.0,0.0,0.0
IMU,156593087.0,1,-0.2754,-0.958,0.1016,4.21,5.31,0.92,-83.44,14.97,97.84,26.5,,,,,,,,,,,,,,,,
IMU,156563710.0,2,0.2549,-0.9639,0.0767,0.06,6.16,1.65,-84.8,-15.3,-21.92,27.7,,,,,,,,,,,,,,,,
EXO,156622364,,,,,,,,,,,,SAFE,-15.304,6.165,1.0,0.742,0.019,-0.0,0.0,0.0,0.011,0.0,0.0,0.0,0.0,0.0,0.0
IMU,156693278.0,1,-0.2671,-0.957,0.0996,2.44,1.53,4.64,-83.24,15.25,97.49,26.6,,,,,,,,,,,,,,,,
IMU,156663635.0,2,0.2402,-0.9678,0.0625,0.55,4.52,2.62,-84.64,-15.08,-22.51,27.7,,,,,,,,,,,,,,,,
EXO,156722385,,,,,,,,,,,,SAFE,-15.084,4.517,0.999,0.742,-0.099,-0.0,0.0,0.0,-0.002,0.0,0.0,0.0,0.0,0.0,0.0
IMU,156793470.0,1,-0.2881,-0.9297,0.0981,-0.24,-0.85,2.99,-83.14,15.74,97.77,26.5,,,,,,,,,,,,,,,,
IMU,156763564.0,2,0.2441,-0.9502,0.0562,1.65,-2.81,4.33,-84.56,-14.56,-22.45,27.7,,,,,,,,,,,,,,,,
EXO,156822618,,,,,,,,,,,,SAFE,-14.557,-2.808,0.983,0.742,0.099,-0.0,0.0,0.0,0.011,0.0,0.0,0.0,0.0,0.0,0.0
IMU,156893654.0,1,-0.2729,-0.9448,0.1079,-3.36,-3.48,-0.67,-83.28,15.84,97.73,26.4,,,,,,,,,,,,,,,,
IMU,156863509.0,2,0.248,-0.9531,0.064,-1.89,1.04,-0.43,-84.71,-14.35,-22.43,27.8,,,,,,,,,,,,,,,,
EXO,156922848,,,,,,,,,,,,SAFE,-14.354,1.038,0.987,0.742,-0.041,-0.0,0.0,0.0,-0.014,0.0,0.0,0.0,0.0,0.0,0.0
IMU,156993838.0,1,-0.2817,-0.9536,0.1162,-3.05,-7.32,1.4,-83.5,15.88,98.42,26.3,,,,,,,,,,,,,,,,
IMU,156963392.0,2,0.2368,-0.958,0.0913,0.0,-7.87,0.79,-85.0,-14.41,-21.84,27.9,,,,,,,,,,,,,,,,
EXO,157022597,,,,,,,,,,,,SAFE,-14.409,-7.874,0.991,0.742,0.12,-0.0,0.0,0.0,0.002,0.0,0.0,0.0,0.0,0.0,0.0
IMU,157094024.0,1,-0.2676,-0.9644,0.1138,-2.62,-1.28,-0.49,-83.69,15.93,98.37,26.4,,,,,,,,,,,,,,,,
IMU,157063346.0,2,0.2661,-0.9702,0.0889,-4.46,2.14,-0.31,-85.18,-14.34,-21.52,27.7,,,,,,,,,,,,,,,,
EXO,157122787,,,,,,,,,,,,SAFE,-14.337,2.136,1.01,0.742,0.062,-0.0,0.0,0.0,-0.002,0.0,0.0,0.0,0.0,0.0,0.0
IMU,157194215.0,1,-0.2793,-0.957,0.1094,-0.24,2.32,1.22,-83.86,16.03,98.37,26.4,,,,,,,,,,,,,,,,
IMU,157163269.0,2,0.2427,-0.9673,0.0874,-2.75,0.73,1.95,-85.41,-14.32,-21.33,27.7,,,,,,,,,,,,,,,,
EXO,157222528,,,,,,,,,,,,SAFE,-14.315,0.732,1.001,0.742,-0.06,-0.0,0.0,0.0,-0.005,0.0,0.0,0.0,0.0,0.0,0.0
IMU,157294401.0,1,-0.2939,-0.9517,0.0981,1.4,-0.67,0.24,-83.83,16.14,98.17,26.5,,,,,,,,,,,,,,,,
IMU,157263198.0,2,0.2437,-0.9731,0.0771,-0.73,2.26,0.79,-85.46,-14.17,-21.55,27.6,,,,,,,,,,,,,,,,
EXO,157322522,,,,,,,,,,,,SAFE,-14.172,2.258,1.006,0.742,0.003,-0.0,0.0,0.0,0.016,0.0,0.0,0.0,0.0,0.0,0.0
IMU,157394593.0,1,-0.2803,-0.9526,0.0967,0.43,7.63,-1.65,-83.81,16.09,97.83,26.3,,,,,,,,,,,,,,,,
IMU,157363132.0,2,0.2432,-0.9595,0.0464,-3.17,5.55,-1.83,-85.31,-14.17,-21.71,27.7,,,,,,,,,,,,,,,,
EXO,157422619,,,,,,,,,,,,SAFE,-14.172,5.554,0.991,0.742,-0.023,-0.0,0.0,0.0,0.019,0.0,0.0,0.0,0.0,0.0,0.0
IMU,157494779.0,1,-0.2827,-0.9487,0.0894,1.46,3.91,1.1,-83.83,16.13,97.53,26.3,,,,,,,,,,,,,,,,
IMU,157463021.0,2,0.23,-0.9707,0.0591,0.55,0.61,0.61,-85.42,-14.21,-22.15,27.7,,,,,,,,,,,,,,,,
EXO,157522367,,,,,,,,,,,,SAFE,-14.205,0.61,0.999,0.742,-0.011,-0.0,0.0,0.0,-0.004,0.0,0.0,0.0,0.0,0.0,0.0
IMU,157594945.0,1,-0.2769,-0.9492,0.0938,-0.79,-2.08,-0.67,-83.85,16.14,97.38,26.5,,,,,,,,,,,,,,,,
IMU,157562951.0,2,0.2378,-0.9619,0.063,-0.12,0.06,-0.67,-85.45,-14.12,-22.45,27.9,,,,,,,,,,,,,,,,
EXO,157622941,,,,,,,,,,,,SAFE,-14.123,0.061,0.993,0.742,0.115,-0.0,0.0,0.0,-0.0,0.0,0.0,0.0,0.0,0.0,0.0
IMU,157695134.0,1,-0.2856,-0.9556,0.0977,-3.48,0.43,1.59,-84.1,16.2,97.41,26.4,,,,,,,,,,,,,,,,
IMU,157662904.0,2,0.2432,-0.9702,0.0596,-2.99,0.0,1.16,-85.59,-14.15,-22.29,27.8,,,,,,,,,,,,,,,,
EXO,157722594,,,,,,,,,,,,SAFE,-14.15,0.0,1.002,0.742,0.013,-0.0,0.0,0.0,0.005,0.0,0.0,0.0,0.0,0.0,0.0
IMU,157795319.0,1,-0.2891,-0.9482,0.0913,-3.3,1.46,-0.06,-84.51,16.16,97.43,26.4,,,,,,,,,,,,,,,,
IMU,157762798.0,2,0.2285,-0.9727,0.061,-4.09,-3.42,-1.71,-86.02,-14.17,-22.07,27.7,,,,,,,,,,,,,,,,
EXO,157822804,,,,,,,,,,,,SAFE,-14.167,-3.418,1.001,0.742,-0.006,-0.0,0.0,0.0,-0.002,0.0,0.0,0.0,0.0,0.0,0.0
IMU,157895505.0,1,-0.2832,-0.9502,0.0825,0.24,0.49,0.67,-84.69,16.27,97.31,26.4,,,,,,,,,,,,,,,,
IMU,157862738.0,2,0.2349,-0.9673,0.0645,-2.87,0.37,0.92,-86.33,-14.13,-22.0,27.8,,,,,,,,,,,,,,,,
EXO,157922452,,,,,,,,,,,,SAFE,-14.128,0.366,0.997,0.742,0.04,-0.0,0.0,0.0,-0.008,0.0,0.0,0.0,0.0,0.0,0.0
IMU,157995695.0,1,-0.29,-0.9492,0.0903,1.22,1.34,-0.92,-84.57,16.31,97.32,26.5,,,,,,,,,,,,,,,,
IMU,157962649.0,2,0.2456,-0.9624,0.0493,1.28,1.16,0.31,-86.25,-14.03,-22.02,27.6,,,,,,,,,,,,,,,,
EXO,158022453,,,,,,,,,,,,SAFE,-14.03,1.16,0.994,0.742,-0.117,-0.0,0.0,0.0,0.003,0.0,0.0,0.0,0.0,0.0,0.0
IMU,158095879.0,1,-0.2788,-0.959,0.0952,-1.16,0.24,-1.34,-84.58,16.17,97.33,26.6,,,,,,,,,,,,,,,,
IMU,158062592.0,2,0.2358,-0.9731,0.0557,0.06,-1.46,-1.89,-86.21,-14.14,-22.11,27.8,,,,,,,,,,,,,,,,
EXO,158122700,,,,,,,,,,,,SAFE,-14.145,-1.465,1.003,0.742,-0.033,-0.0,0.0,0.0,0.002,0.0,0.0,0.0,0.0,0.0,0.0
IMU,158196061.0,1,-0.2886,-0.957,0.082,0.12,0.31,-1.28,-84.66,16.12,97.15,26.5,,,,,,,,,,,,,,,,
IMU,158162501.0,2,0.2456,-0.9678,0.0601,-1.46,2.2,-0.73,-86.31,-14.22,-22.2,27.7,,,,,,,,,,,,,,,,
EXO,158222628,,,,,,,,,,,,SAFE,-14.216,2.197,1.0,0.742,0.03,-0.0,0.0,0.0,0.006,0.0,0.0,0.0,0.0,0.0,0.0
IMU,158296253.0,1,-0.2803,-0.96,0.0869,0.79,3.91,-0.79,-84.6,16.09,96.98,26.5,,,,,,,,,,,,,,,,
IMU,158262447.0,2,0.2466,-0.9736,0.0439,1.53,2.32,-0.12,-86.24,-14.25,-22.34,27.8,,,,,,,,,,,,,,,,
EXO,158322521,,,,,,,,,,,,SAFE,-14.255,2.319,1.005,0.742,0.079,-0.0,0.0,0.0,-0.0,0.0,0.0,0.0,0.0,0.0,0.0
IMU,158396445.0,1,-0.271,-0.9644,0.0874,0.61,-20.2,-4.52,-84.44,15.75,97.69,26.4,,,,,,,,,,,,,,,,
IMU,158362391.0,2,0.2637,-0.9653,0.0942,4.15,-11.35,-3.97,-86.3,-14.41,-22.4,27.9,,,,,,,,,,,,,,,,
EXO,158422883,,,,,,,,,,,,SAFE,-14.409,-11.353,1.005,0.742,-0.061,-0.0,0.0,0.0,-0.003,0.0,0.0,0.0,0.0,0.0,0.0
IMU,158496641.0,1,-0.2598,-0.9487,0.1182,0.73,3.36,0.49,-84.16,15.63,97.98,26.4,,,,,,,,,,,,,,,,
IMU,158462306.0,2,0.2495,-0.9619,0.0571,0.61,6.47,0.49,-85.73,-14.73,-21.57,27.6,,,,,,,,,,,,,,,,
EXO,158522353,,,,,,,,,,,,SAFE,-14.733,6.47,0.995,0.742,-0.033,-0.0,0.0,0.0,0.004,0.0,0.0,0.0,0.0,0.0,0.0
IMU,158596828.0,1,-0.272,-0.9575,0.0972,-3.17,2.81,-0.98,-84.42,15.66,97.66,26.4,,,,,,,,,,,,,,,,
IMU,158562235.0,2,0.2495,-0.9556,0.0605,-4.76,2.87,0.12,-85.92,-14.66,-21.84,27.5,,,,,,,,,,,,,,,,
EXO,158622614,,,,,,,,,,,,SAFE,-14.661,2.869,0.989,0.742,0.025,-0.0,0.0,0.0,-0.015,0.0,0.0,0.0,0.0,0.0,0.0
IMU,158697014.0,1,-0.2749,-0.9619,0.0908,-1.1,3.11,-0.85,-84.66,15.56,97.44,26.3,,,,,,,,,,,,,,,,
IMU,158662173.0,2,0.2422,-0.9673,0.0615,-1.89,0.61,-1.65,-86.26,-14.77,-21.94,27.8,,,,,,,,,,,,,,,,
EXO,158722709,,,,,,,,,,,,SAFE,-14.771,0.61,0.999,0.742,-0.015,-0.0,0.0,0.0,0.0,0.0,0.0,0.0,0.0,0.0,0.0
IMU,158797193.0,1,-0.2656,-0.9712,0.0845,0.55,0.49,-0.67,-84.69,15.53,97.22,26.5,,,,,,,,,,,,,,,,
IMU,158762106.0,2,0.2588,-0.9717,0.0596,-0.24,2.08,-0.55,-86.38,-14.8,-22.15,27.8,,,,,,,,,,,,,,,,
EXO,158822610,,,,,,,,,,,,SAFE,-14.804,2.075,1.007,0.742,0.097,-0.0,0.0,0.0,0.001,0.0,0.0,0.0,0.0,0.0,0.0
IMU,158897372.0,1,-0.2632,-0.9585,0.0864,2.81,-0.43,0.37,-84.51,15.56,97.14,26.5,,,,,,,,,,,,,,,,
IMU,158862040.0,2,0.2632,-0.9609,0.0596,2.32,2.26,0.49,-86.25,-14.79,-22.32,27.7,,,,,,,,,,,,,,,,
EXO,158922445,,,,,,,,,,,,SAFE,-14.793,2.258,0.998,0.742,0.092,-0.0,0.0,0.0,0.004,0.0,0.0,0.0,0.0,0.0,0.0
IMU,158997571.0,1,-0.2725,-0.9609,0.0928,-1.4,1.34,0.79,-84.45,15.6,97.29,26.5,,,,,,,,,,,,,,,,
IMU,158961948.0,2,0.2563,-0.9614,0.0415,1.1,-2.2,0.43,-86.03,-14.73,-22.34,27.8,,,,,,,,,,,,,,,,
EXO,159022547,,,,,,,,,,,,SAFE,-14.733,-2.197,0.996,0.742,0.033,-0.0,0.0,0.0,-0.008,0.0,0.0,0.0,0.0,0.0,0.0
IMU,159097753.0,1,-0.2676,-0.9683,0.0947,-1.71,-1.71,0.31,-84.58,15.58,97.25,26.4,,,,,,,,,,,,,,,,
IMU,159061879.0,2,0.2593,-0.9688,0.0654,-0.55,-0.98,-1.22,-86.23,-14.72,-22.37,27.8,,,,,,,,,,,,,,,,
EXO,159122788,,,,,,,,,,,,SAFE,-14.716,-0.977,1.005,0.742,-0.191,-0.0,0.0,0.0,0.016,0.0,0.0,0.0,0.0,0.0,0.0
IMU,159197937.0,1,-0.2764,-0.9507,0.1016,-4.39,-9.46,-2.93,-84.73,15.49,97.54,26.4,,,,,,,,,,,,,,,,
IMU,159161829.0,2,0.2671,-0.957,0.0605,-1.22,-3.3,-1.46,-86.32,-14.75,-22.21,27.7,,,,,,,,,,,,,,,,
EXO,159222953,,,,,,,,,,,,SAFE,-14.749,-3.296,0.995,0.742,0.032,-0.0,0.0,0.0,0.004,0.0,0.0,0.0,0.0,0.0,0.0
IMU,159298130.0,1,-0.2676,-0.9629,0.0938,-2.08,-4.58,1.28,-84.91,15.29,98.61,26.3,,,,,,,,,,,,,,,,
IMU,159261744.0,2,0.228,-0.9756,0.084,1.77,-13.61,-1.34,-86.52,-15.1,-21.07,27.6,,,,,,,,,,,,,,,,
EXO,159322936,,,,,,,,,,,,SAFE,-15.095,-13.611,1.005,0.742,-0.005,-0.0,0.0,0.0,-0.008,0.0,0.0,0.0,0.0,0.0,0.0
IMU,159398277.0,1,-0.2573,-0.9692,0.084,3.23,-0.92,0.0,-84.66,15.39,98.75,26.5,,,,,,,,,,,,,,,,
IMU,159361708.0,2,0.2754,-0.9722,0.0674,2.87,1.53,1.4,-86.42,-14.97,-20.67,27.8,,,,,,,,,,,,,,,,
EXO,159422496,,,,,,,,,,,,SAFE,-14.974,1.526,1.013,0.742,0.042,-0.0,0.0,0.0,-0.008,0.0,0.0,0.0,0.0,0.0,0.0
IMU,159498485.0,1,-0.2534,-0.9575,0.0669,-0.67,-15.62,-13.92,-84.35,14.68,99.36,26.4,,,,,,,,,,,,,,,,
IMU,159461615.0,2,0.2949,-0.9434,0.0308,3.78,-2.75,-4.88,-86.03,-15.14,-20.62,27.7,,,,,,,,,,,,,,,,
EXO,159523111,,,,,,,,,,,,SAFE,-15.145,-2.747,0.989,0.742,0.011,-0.0,0.0,0.0,0.002,0.0,0.0,0.0,0.0,0.0,0.0
IMU,159598656.0,1,-0.2334,-0.9609,0.0977,-7.51,-3.66,-7.81,-84.69,13.21,100.38,26.3,,,,,,,,,,,,,,,,
IMU,159561562.0,2,0.2607,-0.9731,0.0376,-2.69,-8.73,-17.09,-85.87,-16.66,-19.38,27.7,,,,,,,,,,,,,,,,
EXO,159623126,,,,,,,,,,,,SAFE,-16.661,-8.728,1.008,0.742,-0.103,-0.0,0.0,0.0,0.006,0.0,0.0,0.0,0.0,0.0,0.0
IMU,159698847.0,1,-0.2241,-0.9761,0.0811,6.53,-1.28,-1.71,-84.65,12.85,100.89,26.4,,,,,,,,,,,,,,,,
IMU,159661456.0,2,0.2651,-0.9658,0.0947,3.85,-3.23,-2.38,-86.22,-17.54,-18.68,27.9,,,,,,,,,,,,,,,,
EXO,159722805,,,,,,,,,,,,SAFE,-17.54,-3.235,1.006,0.742,-0.032,-0.0,0.0,0.0,0.019,0.0,0.0,0.0,0.0,0.0,0.0
IMU,159799043.0,1,-0.2129,-0.9639,0.0913,-0.79,2.14,-4.94,-84.28,12.57,100.74,26.4,,,,,,,,,,,,,,,,
IMU,159761382.0,2,0.3257,-0.9492,0.0146,2.44,4.88,-2.5,-85.54,-17.63,-18.94,27.6,,,,,,,,,,,,,,,,
EXO,159822714,,,,,,,,,,,,SAFE,-17.628,4.883,1.004,0.742,0.021,-0.0,0.0,0.0,-0.008,0.0,0.0,0.0,0.0,0.0,0.0
IMU,159899227.0,1,-0.2251,-0.9985,0.0977,-13.37,3.23,-1.59,-85.26,12.19,100.2,26.4,,,,,,,,,,,,,,,,
IMU,159861324.0,2,0.2959,-0.937,0.0249,-15.99,5.49,-3.05,-86.28,-17.88,-19.12,27.6,,,,,,,,,,,,,,,,
EXO,159923037,,,,,,,,,,,,SAFE,-17.88,5.493,0.983,0.742,-0.06,-0.0,0.0,0.0,0.009,0.0,0.0,0.0,0.0,0.0,0.0
IMU,159999455.0,1,-0.2153,-0.9683,0.0898,3.05,-18.55,1.83,-85.78,12.41,101.49,26.4,,,,,,,,,,,,,,,,
IMU,159961228.0,2,0.2778,-0.9829,0.1235,6.96,-18.37,3.54,-87.49,-17.9,-18.2,27.8,,,,,,,,,,,,,,,,
EXO,160022800,,,,,,,,,,,,SAFE,-17.902,-18.372,1.029,0.742,0.084,-0.0,0.0,0.0,-0.001,0.0,0.0,0.0,0.0,0.0,0.0
IMU,160099583.0,1,-0.1919,-0.9546,0.104,3.42,11.41,0.0,-85.12,12.28,101.79,26.4,,,,,,,,,,,,,,,,
IMU,160061156.0,2,0.3101,-0.9292,0.064,6.47,2.32,-2.14,-86.61,-17.85,-17.25,27.8,,,,,,,,,,,,,,,,
EXO,160122627,,,,,,,,,,,,SAFE,-17.853,2.319,0.982,0.742,0.058,-0.0,0.0,0.0,-0.02,0.0,0.0,0.0,0.0,0.0,0.0
IMU,160199769.0,1,-0.2261,-0.9839,0.0576,-8.42,-1.04,2.44,-85.69,12.62,100.7,26.3,,,,,,,,,,,,,,,,
IMU,160161084.0,2,0.3135,-0.9614,-0.0142,-16.91,7.2,-4.88,-87.02,-17.86,-18.18,27.8,,,,,,,,,,,,,,,,
EXO,160222975,,,,,,,,,,,,SAFE,-17.858,7.202,1.011,0.745,-0.003,-0.0,0.0,0.0,0.002,0.0,0.0,0.0,0.0,0.0,0.0
IMU,160299953.0,1,-0.2036,-0.9648,0.0908,8.54,-1.89,-8.12,-85.07,12.12,101.46,26.2,,,,,,,,,,,,,,,,
IMU,160261005.0,2,0.3286,-0.9414,0.0547,8.0,-5.07,-9.28,-87.48,-18.33,-17.72,27.8,,,,,,,,,,,,,,,,
EXO,160322792,,,,,,,,,,,,SAFE,-18.325,-5.066,0.999,0.756,0.35,-0.0,0.0,0.0,-0.055,0.0,0.0,0.0,0.0,0.0,0.0
IMU,160400143.0,1,-0.2236,-0.9629,0.1255,-2.32,15.32,5.86,-84.84,12.05,101.62,26.4,,,,,,,,,,,,,,,,
IMU,160360944.0,2,0.3955,-0.9565,0.0083,6.35,-5.37,-17.03,-86.86,-19.29,-17.6,27.9,,,,,,,,,,,,,,,,
EXO,160422898,,,,,,,,,,,,SAFE,-19.286,-5.371,1.035,0.863,1.456,-0.0,0.0,0.0,-0.002,0.0,0.0,0.0,0.0,0.0,0.0
IMU,160500317.0,1,-0.2212,-0.9609,0.0234,-11.54,-3.72,7.93,-85.73,13.11,100.87,26.5,,,,,,,,,,,,,,,,
IMU,160460852.0,2,0.4849,-0.9375,0.0283,-6.35,-2.2,-66.47,-87.51,-23.97,-18.45,27.7,,,,,,,,,,,,,,,,
EXO,160523059,,,,,,,,,,,,SAFE,-23.972,-2.197,1.056,1.022,1.651,-0.0,0.0,0.0,-0.037,0.0,0.0,0.0,0.0,0.0,0.0
IMU,160600512.0,1,-0.1953,-0.9829,0.0835,0.61,-5.19,-0.18,-86.17,13.32,101.68,26.4,,,,,,,,,,,,,,,,
IMU,160560775.0,2,0.5952,-0.8628,0.0757,13.98,-9.28,-94.42,-87.56,-32.05,-17.81,27.8,,,,,,,,,,,,,,,,
EXO,160622958,,,,,,,,,,,,SAFE,-32.047,-9.277,1.051,1.185,1.561,-0.0,0.0,0.0,-0.049,0.0,0.0,0.0,0.0,0.0,0.0
IMU,160700701.0,1,-0.2212,-0.9624,0.1035,5.68,5.43,0.98,-85.72,13.15,101.82,26.3,,,,,,,,,,,,,,,,
IMU,160660712.0,2,0.6328,-0.7603,0.0767,10.99,4.33,-90.7,-85.63,-41.13,-18.47,27.6,,,,,,,,,,,,,,,,
EXO,160722736,,,,,,,,,,,,SAFE,-41.127,4.333,0.992,1.306,0.778,-0.0,0.0,0.0,0.093,0.0,0.0,0.0,0.0,0.0,0.0
IMU,160800891.0,1,-0.2261,-0.9795,0.0796,3.78,1.71,3.36,-85.33,13.53,101.4,26.3,,,,,,,,,,,,,,,,
IMU,160760645.0,2,0.7173,-0.6475,0.0796,1.04,3.6,-47.24,-83.84,-47.41,-20.32,27.7,,,,,,,,,,,,,,,,
EXO,160822625,,,,,,,,,,,,SAFE,-47.411,3.601,0.97,1.321,-0.348,-0.0,0.0,0.0,0.037,0.0,0.0,0.0,0.0,0.0,0.0
IMU,160901081.0,1,-0.2417,-0.9795,0.0742,1.1,14.4,2.99,-85.27,13.63,100.36,26.4,,,,,,,,,,,,,,,,
IMU,160860599.0,2,0.73,-0.6445,0.0342,-15.08,10.74,12.63,-83.38,-48.21,-21.32,27.7,,,,,,,,,,,,,,,,
EXO,160922930,,,,,,,,,,,,SAFE,-48.214,10.742,0.974,1.314,-0.01,-0.0,0.0,0.0,0.023,0.0,0.0,0.0,0.0,0.0,0.0
IMU,161001264.0,1,-0.249,-0.9683,0.0654,-0.31,2.08,0.06,-85.36,13.85,99.89,26.5,,,,,,,,,,,,,,,,
IMU,160960510.0,2,0.7676,-0.6709,0.0513,-1.53,1.16,0.98,-83.9,-47.3,-22.03,27.6,,,,,,,,,,,,,,,,
EXO,161022530,,,,,,,,,,,,SAFE,-47.296,1.16,1.021,1.314,0.056,-0.0,0.0,0.0,0.008,0.0,0.0,0.0,0.0,0.0,0.0
IMU,161101465.0,1,-0.2529,-0.9575,0.0688,-4.7,-4.46,5.43,-85.69,14.26,99.98,26.4,,,,,,,,,,,,,,,,
IMU,161060433.0,2,0.7319,-0.6631,0.0684,-1.53,-3.97,5.37,-84.26,-47.17,-21.86,27.7,,,,,,,,,,,,,,,,
EXO,161122711,,,,,,,,,,,,SAFE,-47.17,-3.967,0.99,1.314,-0.041,-0.0,0.0,0.0,0.006,0.0,0.0,0.0,0.0,0.0,0.0
IMU,161201646.0,1,-0.2441,-0.9458,0.0786,0.0,-5.37,3.23,-85.69,14.65,100.56,26.3,,,,,,,,,,,,,,,,
IMU,161160373.0,2,0.729,-0.6533,0.0762,4.76,-2.87,4.15,-84.59,-46.79,-21.04,27.9,,,,,,,,,,,,,,,,
EXO,161222659,,,,,,,,,,,,SAFE,-46.785,-2.869,0.982,1.314,0.007,-0.0,0.0,0.0,-0.008,0.0,0.0,0.0,0.0,0.0,0.0
IMU,161301833.0,1,-0.251,-0.9624,0.0854,-1.16,2.32,-0.79,-85.72,14.71,100.78,26.4,,,,,,,,,,,,,,,,
IMU,161260297.0,2,0.7417,-0.6455,0.0571,1.04,-2.01,0.24,-84.41,-46.66,-20.66,27.6,,,,,,,,,,,,,,,,
EXO,161322711,,,,,,,,,,,,SAFE,-46.664,-2.014,0.985,1.314,-0.005,-0.0,0.0,0.0,-0.011,0.0,0.0,0.0,0.0,0.0,0.0
IMU,161402006.0,1,-0.2646,-0.9619,0.0889,5.31,6.65,-1.1,-85.56,14.69,100.31,26.4,,,,,,,,,,,,,,,,
IMU,161360228.0,2,0.7451,-0.6626,0.0801,-2.69,5.25,0.61,-84.51,-46.8,-20.75,27.8,,,,,,,,,,,,,,,,
EXO,161422653,,,,,,,,,,,,SAFE,-46.796,5.249,1.0,1.314,0.034,-0.0,0.0,0.0,-0.001,0.0,0.0,0.0,0.0,0.0,0.0
IMU,161502189.0,1,-0.2583,-0.9585,0.082,-1.1,1.1,2.26,-85.45,14.74,99.89,26.5,,,,,,,,,,,,,,,,
IMU,161460156.0,2,0.7344,-0.6655,0.0674,-2.62,2.87,0.67,-84.11,-46.87,-21.64,27.8,,,,,,,,,,,,,,,,
EXO,161522549,,,,,,,,,,,,SAFE,-46.873,2.869,0.993,1.314,0.062,-0.0,0.0,0.0,0.006,0.0,0.0,0.0,0.0,0.0,0.0
IMU,161602369.0,1,-0.2544,-0.9683,0.0859,-2.32,-1.46,0.24,-85.53,14.84,100.29,26.5,,,,,,,,,,,,,,,,
IMU,161560093.0,2,0.7432,-0.6572,0.0767,5.37,-4.52,1.4,-84.23,-46.79,-21.37,27.8,,,,,,,,,,,,,,,,
EXO,161622728,,,,,,,,,,,,SAFE,-46.791,-4.517,0.995,1.314,0.187,-0.0,0.0,0.0,-0.01,0.0,0.0,0.0,0.0,0.0,0.0
IMU,161702558.0,1,-0.2539,-0.9805,0.0557,2.5,4.33,-0.43,-85.61,14.81,99.97,26.4,,,,,,,,,,,,,,,,
IMU,161660020.0,2,0.7573,-0.6621,0.0786,-3.6,1.71,-0.37,-84.42,-46.88,-21.09,27.7,,,,,,,,,,,,,,,,
EXO,161722645,,,,,,,,,,,,SAFE,-46.884,1.709,1.009,1.314,0.085,-0.0,0.0,0.0,-0.013,0.0,0.0,0.0,0.0,0.0,0.0
IMU,161802725.0,1,-0.2637,-0.9648,0.0723,0.67,7.69,-1.95,-85.44,14.69,99.25,26.4,,,,,,,,,,,,,,,,
IMU,161759962.0,2,0.748,-0.667,0.042,-4.58,8.54,-1.77,-84.13,-47.01,-21.86,27.6,,,,,,,,,,,,,,,,
EXO,161822638,,,,,,,,,,,,SAFE,-47.005,8.545,1.003,1.314,0.053,-0.0,0.0,0.0,0.022,0.0,0.0,0.0,0.0,0.0,0.0
IMU,161902917.0,1,-0.2676,-0.9521,0.0615,-5.13,-2.69,2.26,-85.91,14.75,98.97,26.5,,,,,,,,,,,,,,,,
IMU,161859897.0,2,0.7163,-0.6787,0.0645,-4.76,-3.3,0.06,-84.52,-47.18,-22.23,27.7,,,,,,,,,,,,,,,,
EXO,161922736,,,,,,,,,,,,SAFE,-47.181,-3.296,0.989,1.314,0.041,-0.0,0.0,0.0,0.004,0.0,0.0,0.0,0.0,0.0,0.0
IMU,162003097.0,1,-0.2559,-0.9575,0.0737,0.0,-4.82,2.44,-85.98,15.08,99.53,26.5,,,,,,,,,,,,,,,,
IMU,161959823.0,2,0.73,-0.6646,0.0747,4.76,-3.6,3.91,-85.0,-46.98,-21.42,27.6,,,,,,,,,,,,,,,,
EXO,162022539,,,,,,,,,,,,SAFE,-46.983,-3.601,0.99,1.314,0.026,-0.0,0.0,0.0,0.008,0.0,0.0,0.0,0.0,0.0,0.0
IMU,162103286.0,1,-0.2441,-0.9585,0.0693,-1.34,2.75,-0.79,-86.0,15.11,99.49,26.4,,,,,,,,,,,,,,,,
IMU,162059726.0,2,0.7529,-0.6538,0.0503,-1.65,0.92,0.0,-84.83,-46.84,-21.18,27.8,,,,,,,,,,,,,,,,
EXO,162122627,,,,,,,,,,,,SAFE,-46.84,0.916,0.998,1.314,-0.019,-0.0,0.0,0.0,-0.013,0.0,0.0,0.0,0.0,0.0,0.0
IMU,162203443.0,1,-0.2573,-0.9536,0.0645,2.32,-1.04,0.0,-85.94,15.12,99.38,26.4,,,,,,,,,,,,,,,,
IMU,162159682.0,2,0.7183,-0.6587,0.0703,-0.43,1.34,0.67,-85.01,-46.94,-21.24,27.9,,,,,,,,,,,,,,,,
EXO,162222560,,,,,,,,,,,,SAFE,-46.945,1.343,0.977,1.314,0.049,-0.0,0.0,0.0,0.024,0.0,0.0,0.0,0.0,0.0,0.0
IMU,162303670.0,1,-0.2622,-0.9771,0.0688,-4.15,2.32,-3.72,-86.1,14.9,99.37,26.4,,,,,,,,,,,,,,,,
IMU,162259609.0,2,0.7588,-0.6597,0.0366,-1.1,-2.14,-2.38,-84.77,-47.07,-21.32,27.8,,,,,,,,,,,,,,,,
EXO,162322792,,,,,,,,,,,,SAFE,-47.065,-2.136,1.006,1.314,0.052,-0.0,0.0,0.0,-0.009,0.0,0.0,0.0,0.0,0.0,0.0
IMU,162403865.0,1,-0.2583,-0.9824,0.063,0.55,-2.26,2.62,-86.41,14.75,99.43,26.4,,,,,,,,,,,,,,,,
IMU,162359595.0,2,0.7231,-0.6934,0.0732,-0.61,-4.64,-1.89,-85.45,-47.49,-20.81,27.7,,,,,,,,,,,,,,,,
EXO,162422745,,,,,,,,,,,,SAFE,-47.494,-4.639,1.005,1.314,0.083,-0.0,0.0,0.0,-0.002,0.0,0.0,0.0,0.0,0.0,0.0
IMU,162504060.0,1,-0.2598,-0.9663,0.0703,2.87,-0.85,2.5,-86.06,15.1,99.74,26.4,,,,,,,,,,,,,,,,
IMU,162459518.0,2,0.7495,-0.6768,0.0596,5.07,2.08,4.46,-85.18,-47.25,-20.71,27.7,,,,,,,,,,,,,,,,
EXO,162522475,,,,,,,,,,,,SAFE,-47.247,2.075,1.012,1.314,-0.097,-0.0,0.0,0.0,0.006,0.0,0.0,0.0,0.0,0.0,0.0
IMU,162604247.0,1,-0.2554,-0.9565,0.0645,-0.67,1.04,1.53,-86.01,15.27,99.64,26.4,,,,,,,,,,,,,,,,
IMU,162559460.0,2,0.7368,-0.6606,0.0513,-1.77,1.59,1.59,-84.85,-47.02,-20.98,27.7,,,,,,,,,,,,,,,,
EXO,162622549,,,,,,,,,,,,SAFE,-47.016,1.587,0.991,1.314,-0.115,-0.0,0.0,0.0,0.013,0.0,0.0,0.0,0.0,0.0,0.0
IMU,162704450.0,1,-0.2661,-0.9541,0.0737,-2.81,-1.83,-1.53,-86.09,15.33,99.72,26.5,,,,,,,,,,,,,,,,
IMU,162659323.0,2,0.7339,-0.6602,0.0688,0.49,-1.04,1.59,-84.97,-46.91,-20.96,27.7,,,,,,,,,,,,,,,,
EXO,162722725,,,,,,,,,,,,SAFE,-46.906,-1.038,0.99,1.314,0.066,-0.0,0.0,0.0,-0.006,0.0,0.0,0.0,0.0,0.0,0.0
IMU,162804640.0,1,-0.2646,-0.978,0.0557,0.12,0.37,-1.46,-86.27,15.17,99.39,26.4,,,,,,,,,,,,,,,,
IMU,162759256.0,2,0.7437,-0.6777,0.0693,-6.16,1.77,-2.08,-85.24,-47.1,-20.76,27.6,,,,,,,,,,,,,,,,
EXO,162822641,,,,,,,,,,,,SAFE,-47.104,1.77,1.009,1.314,0.003,-0.0,0.0,0.0,0.003,0.0,0.0,0.0,0.0,0.0,0.0
IMU,162904818.0,1,-0.2734,-0.9478,0.0693,2.38,1.1,2.01,-86.06,15.23,99.4,26.4,,,,,,,,,,,,,,,,
IMU,162859175.0,2,0.7129,-0.6836,0.0557,1.34,2.5,0.55,-85.13,-47.22,-20.95,27.7,,,,,,,,,,,,,,,,
EXO,162922385,,,,,,,,,,,,SAFE,-47.219,2.502,0.989,1.314,0.003,-0.0,0.0,0.0,0.006,0.0,0.0,0.0,0.0,0.0,0.0
IMU,163005005.0,1,-0.2622,-0.9551,0.0591,-1.46,1.95,-0.73,-86.09,15.38,99.26,26.5,,,,,,,,,,,,,,,,
IMU,162959104.0,2,0.7441,-0.6611,0.0459,-1.46,0.37,1.65,-84.93,-47.02,-21.23,27.9,,,,,,,,,,,,,,,,
EXO,163022623,,,,,,,,,,,,SAFE,-47.021,0.366,0.996,1.314,-0.062,-0.0,0.0,0.0,0.008,0.0,0.0,0.0,0.0,0.0,0.0
IMU,163105200.0,1,-0.2573,-0.9771,0.0654,-2.38,1.89,-0.79,-86.36,15.18,99.07,26.5,,,,,,,,,,,,,,,,
IMU,163059013.0,2,0.752,-0.666,0.0518,-1.95,-1.28,-2.99,-85.23,-47.18,-21.16,27.7,,,,,,,,,,,,,,,,
EXO,163122798,,,,,,,,,,,,SAFE,-47.181,-1.282,1.006,1.314,0.048,-0.0,0.0,0.0,0.021,0.0,0.0,0.0,0.0,0.0,0.0
IMU,163205383.0,1,-0.2588,-0.9673,0.0547,3.23,0.85,-1.22,-86.35,15.1,98.84,26.4,,,,,,,,,,,,,,,,
IMU,163158942.0,2,0.7339,-0.6709,0.0669,-2.2,1.65,-0.67,-85.54,-47.33,-21.08,27.7,,,,,,,,,,,,,,,,
EXO,163222638,,,,,,,,,,,,SAFE,-47.335,1.648,0.997,1.314,0.05,-0.0,0.0,0.0,-0.033,0.0,0.0,0.0,0.0,0.0,0.0
IMU,163305583.0,1,-0.2656,-0.9561,0.0601,0.73,0.98,2.26,-86.14,15.27,98.81,26.4,,,,,,,,,,,,,,,,
IMU,163258872.0,2,0.7222,-0.6738,0.0459,1.34,2.56,2.38,-85.15,-47.34,-21.53,27.7,,,,,,,,,,,,,,,,
EXO,163322354,,,,,,,,,,,,SAFE,-47.34,2.563,0.989,1.314,0.002,-0.0,0.0,0.0,-0.005,0.0,0.0,0.0,0.0,0.0,0.0
IMU,163405767.0,1,-0.2461,-0.9844,0.0532,-0.61,-0.61,1.59,-86.2,15.3,98.77,26.5,,,,,,,,,,,,,,,,
IMU,163358794.0,2,0.748,-0.6616,0.0469,-0.31,-0.49,-0.55,-85.12,-47.2,-21.65,27.9,,,,,,,,,,,,,,,,
EXO,163422823,,,,,,,,,,,,SAFE,-47.197,-0.488,1.0,1.314,-0.045,-0.0,0.0,0.0,-0.017,0.0,0.0,0.0,0.0,0.0,0.0
IMU,163505959.0,1,-0.2808,-0.938,0.0879,2.26,-5.31,-0.73,-85.95,15.34,99.35,26.3,,,,,,,,,,,,,,,,
IMU,163458719.0,2,0.7344,-0.665,0.0923,7.08,-1.77,1.04,-85.14,-47.14,-21.47,27.8,,,,,,,,,,,,,,,,
EXO,163522641,,,,,,,,,,,,SAFE,-47.137,-1.77,0.995,1.314,-0.052,-0.0,0.0,0.0,-0.016,0.0,0.0,0.0,0.0,0.0,0.0
IMU,163606150.0,1,-0.2666,-0.9634,0.0684,0.73,1.4,-0.18,-85.84,15.36,98.96,26.4,,,,,,,,,,,,,,,,
IMU,163558610.0,2,0.7188,-0.6709,0.0591,-6.47,4.82,0.0,-84.69,-47.18,-21.6,27.9,,,,,,,,,,,,,,,,
EXO,163622548,,,,,,,,,,,,SAFE,-47.181,4.822,0.985,1.314,0.049,-0.0,0.0,0.0,0.003,0.0,0.0,0.0,0.0,0.0,0.0
IMU,163706342.0,1,-0.269,-0.9565,0.0679,-2.26,4.46,-0.06,-85.98,15.33,98.91,26.5,,,,,,,,,,,,,,,,
IMU,163658589.0,2,0.7324,-0.6699,0.0464,0.24,-1.89,-0.92,-84.68,-47.21,-21.78,27.9,,,,,,,,,,,,,,,,
EXO,163722801,,,,,,,,,,,,SAFE,-47.214,-1.892,0.994,1.314,0.014,-0.0,0.0,0.0,-0.001,0.0,0.0,0.0,0.0,0.0,0.0
IMU,163806546.0,1,-0.2373,-0.9878,0.0625,2.62,2.69,0.49,-86.02,15.24,98.57,26.4,,,,,,,,,,,,,,,,
IMU,163758494.0,2,0.7441,-0.6616,0.0723,-1.83,1.83,-2.2,-85.03,-47.3,-21.8,27.8,,,,,,,,,,,,,,,,
EXO,163822558,,,,,,,,,,,,SAFE,-47.296,1.831,0.998,1.314,-0.038,-0.0,0.0,0.0,-0.0,0.0,0.0,0.0,0.0,0.0,0.0
IMU,163906718.0,1,-0.2681,-0.9609,0.061,4.7,3.78,-1.46,-85.75,15.3,98.15,26.5,,,,,,,,,,,,,,,,
IMU,163858418.0,2,0.7739,-0.665,0.061,-2.81,5.74,1.46,-84.78,-47.25,-22.34,27.8,,,,,,,,,,,,,,,,
EXO,163922547,,,,,,,,,,,,SAFE,-47.252,5.737,1.022,1.314,0.013,-0.0,0.0,0.0,0.004,0.0,0.0,0.0,0.0,0.0,0.0
IMU,164006898.0,1,-0.2734,-0.9541,0.0664,1.34,2.01,1.1,-85.52,15.31,97.73,26.4,,,,,,,,,,,,,,,,
IMU,163958298.0,2,0.7212,-0.6753,0.0552,-2.99,5.98,0.0,-84.36,-47.31,-23.23,27.9,,,,,,,,,,,,,,,,
EXO,164022455,,,,,,,,,,,,SAFE,-47.307,5.981,0.99,1.314,-0.076,-0.0,0.0,0.0,0.03,0.0,0.0,0.0,0.0,0.0,0.0
IMU,164107097.0,1,-0.2705,-0.9692,0.0688,0.43,-2.5,1.89,-85.46,15.48,97.73,26.4,,,,,,,,,,,,,,,,
IMU,164058269.0,2,0.7383,-0.6763,0.0591,-0.06,1.4,1.95,-84.25,-47.18,-23.62,27.7,,,,,,,,,,,,,,,,
EXO,164122527,,,,,,,,,,,,SAFE,-47.175,1.404,1.003,1.314,0.018,-0.0,0.0,0.0,0.014,0.0,0.0,0.0,0.0,0.0,0.0
IMU,164207284.0,1,-0.2773,-0.9478,0.0957,-2.87,-1.77,1.89,-85.52,15.62,97.97,26.5,,,,,,,,,,,,,,,,
IMU,164158186.0,2,0.7363,-0.6851,0.0659,1.1,-1.59,1.22,-84.19,-47.04,-23.51,27.6,,,,,,,,,,,,,,,,
EXO,164222640,,,,,,,,,,,,SAFE,-47.038,-1.587,1.008,1.314,-0.022,-0.0,0.0,0.0,0.001,0.0,0.0,0.0,0.0,0.0,0.0
IMU,164307478.0,1,-0.2642,-0.9658,0.0908,-2.62,-2.5,1.4,-85.75,15.75,98.15,26.3,,,,,,,,,,,,,,,,
IMU,164258109.0,2,0.7129,-0.6763,0.0786,-0.24,-3.72,1.04,-84.53,-46.92,-23.01,27.8,,,,,,,,,,,,,,,,
EXO,164322712,,,,,,,,,,,,SAFE,-46.923,-3.723,0.986,1.314,0.007,-0.0,0.0,0.0,-0.003,0.0,0.0,0.0,0.0,0.0,0.0
IMU,164407666.0,1,-0.2729,-0.9653,0.0767,2.2,2.69,2.32,-85.73,15.99,98.23,26.4,,,,,,,,,,,,,,,,
IMU,164358057.0,2,0.7393,-0.6792,0.0752,0.98,-1.4,2.87,-84.72,-46.78,-22.54,27.8,,,,,,,,,,,,,,,,
EXO,164422491,,,,,,,,,,,,SAFE,-46.78,-1.404,1.007,1.314,0.05,-0.0,0.0,0.0,-0.008,0.0,0.0,0.0,0.0,0.0,0.0
IMU,164507854.0,1,-0.2827,-0.938,0.0781,3.05,2.32,-0.06,-85.42,16.1,98.11,26.4,,,,,,,,,,,,,,,,
IMU,164457964.0,2,0.7197,-0.6719,0.0791,1.34,3.66,1.1,-84.47,-46.55,-22.88,27.7,,,,,,,,,,,,,,,,
EXO,164522475,,,,,,,,,,,,SAFE,-46.555,3.662,0.988,1.314,-0.123,-0.0,0.0,0.0,-0.0,0.0,0.0,0.0,0.0,0.0,0.0
IMU,164608039.0,1,-0.2764,-0.9507,0.0737,-0.55,-1.95,-1.16,-85.26,16.08,97.95,26.5,,,,,,,,,,,,,,,,
IMU,164557887.0,2,0.7021,-0.6685,0.0698,-1.53,3.36,-0.24,-84.11,-46.51,-23.42,27.6,,,,,,,,,,,,,,,,
EXO,164622820,,,,,,,,,,,,SAFE,-46.511,3.357,0.972,1.314,0.006,-0.0,0.0,0.0,-0.003,0.0,0.0,0.0,0.0,0.0,0.0
IMU,164708228.0,1,-0.2871,-0.9648,0.0762,-1.71,0.18,-2.81,-85.45,15.93,97.95,26.4,,,,,,,,,,,,,,,,
IMU,164657809.0,2,0.7344,-0.6782,0.0542,-1.65,-2.01,-1.28,-84.11,-46.63,-23.35,27.7,,,,,,,,,,,,,,,,
EXO,164722825,,,,,,,,,,,,SAFE,-46.626,-2.014,1.001,1.314,0.022,-0.0,0.0,0.0,-0.005,0.0,0.0,0.0,0.0,0.0,0.0
IMU,164808413.0,1,-0.27,-0.9712,0.0796,-4.76,5.0,1.1,-85.79,15.75,97.95,26.3,,,,,,,,,,,,,,,,
IMU,164757734.0,2,0.7388,-0.6885,0.0601,1.65,-4.27,-2.99,-84.38,-46.93,-23.06,27.7,,,,,,,,,,,,,,,,
EXO,164822650,,,,,,,,,,,,SAFE,-46.934,-4.272,1.012,1.314,0.103,-0.0,0.0,0.0,-0.008,0.0,0.0,0.0,0.0,0.0,0.0
IMU,164908608.0,1,-0.249,-0.9775,0.0952,-15.01,-11.54,-5.8,-86.59,15.46,98.2,26.5,,,,,,,,,,,,,,,,
IMU,164857660.0,2,0.7407,-0.6616,0.0898,-2.62,-8.0,-3.11,-85.22,-47.03,-22.54,27.7,,,,,,,,,,,,,,,,
EXO,164923073,,,,,,,,,,,,SAFE,-47.032,-7.996,0.997,1.314,-0.057,-0.0,0.0,0.0,0.002,0.0,0.0,0.0,0.0,0.0,0.0
IMU,165008768.0,1,-0.272,-0.9634,0.0244,-1.77,6.41,-10.25,-87.66,14.56,98.51,26.6,,,,,,,,,,,,,,,,
IMU,164957586.0,2,0.731,-0.6646,0.062,-2.5,-17.15,-9.4,-86.62,-47.83,-20.25,27.8,,,,,,,,,,,,,,,,
EXO,165022979,,,,,,,,,,,,SAFE,-47.834,-17.151,0.99,1.314,-0.117,-0.0,0.0,0.0,0.002,0.0,0.0,0.0,0.0,0.0,0.0
IMU,165108936.0,1,-0.2134,-0.9878,0.0391,12.45,1.95,0.06,-86.77,14.25,97.98,26.4,,,,,,,,,,,,,,,,
IMU,165057496.0,2,0.7402,-0.666,0.0649,0.61,14.28,-2.93,-86.81,-48.65,-20.37,27.8,,,,,,,,,,,,,,,,
EXO,165122625,,,,,,,,,,,,SAFE,-48.653,14.282,0.998,1.314,0.019,-0.0,0.0,0.0,0.092,0.0,0.0,0.0,0.0,0.0,0.0
IMU,165209131.0,1,-0.2456,-0.9517,0.0449,1.4,0.73,-4.58,-86.28,14.14,97.73,26.6,,,,,,,,,,,,,,,,
IMU,165157425.0,2,0.7725,-0.6338,0.0122,-0.37,7.2,0.37,-85.18,-48.54,-22.19,27.6,,,,,,,,,,,,,,,,
EXO,165222548,,,,,,,,,,,,SAFE,-48.538,7.202,0.999,1.314,-0.087,-0.0,0.0,0.0,-0.006,0.0,0.0,0.0,0.0,0.0,0.0
IMU,165309307.0,1,-0.2407,-0.959,0.0615,0.79,2.93,-6.53,-86.29,13.42,97.66,26.4,,,,,,,,,,,,,,,,
IMU,165257361.0,2,0.7476,-0.6494,0.0352,1.71,0.18,-8.36,-85.02,-49.03,-22.57,27.8,,,,,,,,,,,,,,,,
EXO,165322530,,,,,,,,,,,,SAFE,-49.032,0.183,0.991,1.314,0.002,-0.0,0.0,0.0,-0.015,0.0,0.0,0.0,0.0,0.0,0.0
IMU,165409553.0,1,-0.2432,-0.9663,0.0703,-2.38,-7.57,-3.6,-86.39,12.96,97.82,26.3,,,,,,,,,,,,,,,,
IMU,165357294.0,2,0.7456,-0.6538,0.0649,-0.31,-1.04,-4.7,-85.03,-49.66,-22.84,27.8,,,,,,,,,,,,,,,,
EXO,165422896,,,,,,,,,,,,SAFE,-49.664,-1.038,0.994,1.314,0.072,-0.0,0.0,0.0,-0.011,0.0,0.0,0.0,0.0,0.0,0.0
IMU,165509677.0,1,-0.2246,-0.9863,0.0596,-4.09,-0.67,3.42,-86.67,13.13,97.92,26.5,,,,,,,,,,,,,,,,
IMU,165457220.0,2,0.7505,-0.6709,0.0225,-1.53,-3.36,0.98,-85.29,-49.93,-22.12,27.6,,,,,,,,,,,,,,,,
EXO,165522730,,,,,,,,,,,,SAFE,-49.933,-3.357,1.007,1.315,0.124,-0.0,0.0,0.0,-0.006,0.0,0.0,0.0,0.0,0.0,0.0
IMU,165609866.0,1,-0.2144,-0.9639,0.0952,1.83,5.62,0.92,-86.73,13.12,98.6,26.6,,,,,,,,,,,,,,,,
IMU,165557157.0,2,0.772,-0.6304,0.0537,15.69,-5.62,0.31,-85.75,-49.78,-21.32,27.6,,,,,,,,,,,,,,,,
EXO,165622547,,,,,,,,,,,,SAFE,-49.785,-5.615,0.998,1.315,0.049,-0.0,0.0,0.0,-0.006,0.0,0.0,0.0,0.0,0.0,0.0
IMU,165710052.0,1,-0.2192,-0.96,0.0444,8.12,2.14,-4.94,-86.22,13.06,98.49,26.4,,,,,,,,,,,,,,,,
IMU,165657093.0,2,0.7563,-0.6328,0.1289,4.94,2.01,0.06,-85.47,-49.76,-21.49,27.6,,,,,,,,,,,,,,,,
EXO,165722475,,,,,,,,,,,,SAFE,-49.763,2.014,0.995,1.318,0.056,-0.0,0.0,0.0,-0.008,0.0,0.0,0.0,0.0,0.0,0.0
IMU,165810235.0,1,-0.2227,-0.9668,0.0776,6.16,9.09,-0.79,-85.53,12.69,97.76,26.4,,,,,,,,,,,,,,,,
IMU,165757011.0,2,0.7563,-0.6587,0.04,0.24,12.02,-6.35,-84.1,-50.53,-22.88,27.7,,,,,,,,,,,,,,,,
EXO,165822641,,,,,,,,,,,,SAFE,-50.526,12.024,1.004,1.32,0.002,-0.0,0.0,0.0,0.008,0.0,0.0,0.0,0.0,0.0,0.0
IMU,165910403.0,1,-0.2012,-0.9839,0.0757,2.93,0.24,-8.48,-85.28,11.98,97.49,26.6,,,,,,,,,,,,,,,,
IMU,165856937.0,2,0.7944,-0.5957,0.043,0.37,2.93,-10.68,-83.35,-51.0,-24.25,27.7,,,,,,,,,,,,,,,,
EXO,165922626,,,,,,,,,,,,SAFE,-50.999,2.93,0.994,1.331,0.236,-0.0,0.0,0.0,0.014,0.0,0.0,0.0,0.0,0.0,0.0
IMU,166010593.0,1,-0.231,-0.9863,0.1118,4.52,2.44,0.24,-85.01,11.56,97.42,26.4,,,,,,,,,,,,,,,,
IMU,165956862.0,2,0.8242,-0.626,0.0854,2.14,3.66,-17.15,-82.74,-52.19,-25.0,27.7,,,,,,,,,,,,,,,,
EXO,166022539,,,,,,,,,,,,SAFE,-52.185,3.662,1.039,1.395,1.025,-0.0,0.0,0.0,-0.044,0.0,0.0,0.0,0.0,0.0,0.0
IMU,166110758.0,1,-0.2192,-0.9775,0.1279,-1.22,8.24,7.02,-84.81,12.21,96.84,26.4,,,,,,,,,,,,,,,,
IMU,166056793.0,2,0.8462,-0.5996,0.0483,-4.21,8.97,-52.19,-81.39,-54.98,-26.5,27.7,,,,,,,,,,,,,,,,
EXO,166122711,,,,,,,,,,,,SAFE,-54.976,8.972,1.038,1.506,1.002,-0.0,0.0,0.0,0.12,0.0,0.0,0.0,0.0,0.0,0.0
IMU,166210936.0,1,-0.2104,-0.9482,0.0273,-10.07,-9.89,5.0,-85.57,12.77,97.19,26.3,,,,,,,,,,,,,,,,
IMU,166156724.0,2,0.9111,-0.5,0.0698,3.42,-8.0,-56.27,-80.52,-60.34,-27.89,27.6,,,,,,,,,,,,,,,,
EXO,166222897,,,,,,,,,,,,SAFE,-60.342,-7.996,1.042,1.594,0.601,-0.0,0.0,0.0,0.028,0.0,0.0,0.0,0.0,0.0,0.0
IMU,166311121.0,1,-0.1846,-0.9863,0.0527,-3.17,-3.42,-2.38,-86.07,12.6,97.74,26.3,,,,,,,,,,,,,,,,
IMU,166256655.0,2,0.9287,-0.3975,0.0435,9.58,-6.29,-45.72,-80.21,-65.06,-27.38,27.8,,,,,,,,,,,,,,,,
EXO,166322886,,,,,,,,,,,,SAFE,-65.061,-6.287,1.011,1.634,0.19,-0.0,0.0,0.0,0.044,0.0,0.0,0.0,0.0,0.0,0.0
IMU,166411303.0,1,-0.2324,-0.9805,0.0903,4.39,5.19,2.32,-85.99,12.55,97.64,26.5,,,,,,,,,,,,,,,,
IMU,166356589.0,2,0.936,-0.3833,0.0688,0.73,0.06,-12.57,-79.35,-67.9,-27.85,27.6,,,,,,,,,,,,,,,,
EXO,166422557,,,,,,,,,,,,SAFE,-67.896,0.061,1.014,1.633,-0.12,-0.0,0.0,0.0,0.008,0.0,0.0,0.0,0.0,0.0,0.0
IMU,166511476.0,1,-0.231,-0.9619,0.082,-1.1,7.81,8.12,-85.76,13.19,97.11,26.4,,,,,,,,,,,,,,,,
IMU,166456506.0,2,0.8545,-0.3501,0.0688,-4.27,4.82,15.69,-78.85,-67.37,-28.66,27.8,,,,,,,,,,,,,,,,
EXO,166522640,,,,,,,,,,,,SAFE,-67.368,4.822,0.926,1.633,-0.044,-0.0,0.0,0.0,-0.018,0.0,0.0,0.0,0.0,0.0,0.0
IMU,166611656.0,1,-0.2402,-0.9678,0.0693,-3.85,-7.39,0.18,-86.18,13.57,97.25,26.5,,,,,,,,,,,,,,,,
IMU,166556434.0,2,0.936,-0.3408,0.1211,-0.73,-5.92,4.64,-80.06,-66.5,-28.29,27.8,,,,,,,,,,,,,,,,
EXO,166622717,,,,,,,,,,,,SAFE,-66.5,-5.92,1.003,1.632,0.191,-0.0,0.0,0.0,-0.01,0.0,0.0,0.0,0.0,0.0,0.0
IMU,166711841.0,1,-0.2407,-0.9678,0.0498,-3.23,6.65,7.57,-86.52,14.02,96.76,26.4,,,,,,,,,,,,,,,,
IMU,166656363.0,2,0.8906,-0.3975,0.0273,-7.75,-2.32,4.58,-80.62,-66.48,-27.03,27.7,,,,,,,,,,,,,,,,
EXO,166722640,,,,,,,,,,,,SAFE,-66.478,-2.319,0.976,1.632,-0.037,-0.0,0.0,0.0,0.003,0.0,0.0,0.0,0.0,0.0,0.0
IMU,166812052.0,1,-0.2363,-0.9561,0.0879,-0.92,-3.66,-0.61,-86.52,14.3,97.15,26.4,,,,,,,,,,,,,,,,
IMU,166756297.0,2,0.9375,-0.3735,0.0771,7.26,-0.98,3.91,-81.8,-65.91,-26.27,27.7,,,,,,,,,,,,,,,,
EXO,166822716,,,,,,,,,,,,SAFE,-65.907,-0.977,1.012,1.632,0.069,-0.0,0.0,0.0,-0.027,0.0,0.0,0.0,0.0,0.0,0.0
IMU,166912234.0,1,-0.2368,-0.9644,0.0576,-2.93,0.43,-3.05,-86.81,14.06,97.27,26.5,,,,,,,,,,,,,,,,
IMU,166856232.0,2,0.9028,-0.3657,0.0557,-0.67,-4.52,-1.89,-81.65,-66.01,-25.84,27.7,,,,,,,,,,,,,,,,
EXO,166922816,,,,,,,,,,,,SAFE,-66.011,-4.517,0.976,1.632,0.009,-0.0,0.0,0.0,-0.011,0.0,0.0,0.0,0.0,0.0,0.0
IMU,167012405.0,1,-0.2319,-0.9761,0.0425,2.5,6.53,-2.44,-86.85,13.76,96.55,26.6,,,,,,,,,,,,,,,,
IMU,166956144.0,2,0.9282,-0.3799,0.0479,-9.4,1.77,-3.72,-82.29,-66.46,-25.24,27.6,,,,,,,,,,,,,,,,
EXO,167022622,,,,,,,,,,,,SAFE,-66.456,1.77,1.004,1.633,0.01,-0.0,0.0,0.0,-0.008,0.0,0.0,0.0,0.0,0.0,0.0
IMU,167112597.0,1,-0.228,-0.9683,0.0835,9.89,6.16,-4.64,-86.04,13.15,96.7,26.6,,,,,,,,,,,,,,,,
IMU,167056073.0,2,1.0186,-0.3945,0.0762,11.35,7.81,-14.28,-81.46,-67.0,-26.31,27.8,,,,,,,,,,,,,,,,
EXO,167122706,,,,,,,,,,,,SAFE,-67.0,7.812,1.095,1.634,0.064,-0.0,0.0,0.0,0.02,0.0,0.0,0.0,0.0,0.0,0.0
IMU,167212776.0,1,-0.2153,-0.9692,0.0801,-4.52,0.79,-3.17,-85.96,12.76,96.62,26.4,,,,,,,,,,,,,,,,
IMU,167156016.0,2,0.9282,-0.3369,0.0601,2.2,1.95,-6.9,-79.07,-67.74,-28.82,27.7,,,,,,,,,,,,,,,,
EXO,167222692,,,,,,,,,,,,SAFE,-67.736,1.953,0.989,1.636,-0.064,-0.0,0.0,0.0,-0.008,0.0,0.0,0.0,0.0,0.0,0.0
IMU,167312960.0,1,-0.2129,-0.9678,0.0591,2.5,5.19,-3.91,-86.17,12.44,96.19,26.4,,,,,,,,,,,,,,,,
IMU,167255937.0,2,0.9346,-0.3394,0.062,-3.23,-3.11,-5.68,-79.77,-68.28,-28.17,27.7,,,,,,,,,,,,,,,,
EXO,167322710,,,,,,,,,,,,SAFE,-68.28,-3.113,0.996,1.688,0.763,-0.0,0.0,0.0,-0.047,0.0,0.0,0.0,0.0,0.0,0.0
IMU,167413142.0,1,-0.2119,-0.9854,0.0562,-2.26,-2.14,1.4,-86.11,12.41,96.08,26.5,,,,,,,,,,,,,,,,
IMU,167355869.0,2,0.9141,-0.3262,0.0747,1.04,-0.43,-39.73,-78.3,-70.9,-30.03,27.7,,,,,,,,,,,,,,,,
EXO,167422823,,,,,,,,,,,,SAFE,-70.9,-0.427,0.973,1.766,0.639,-0.0,0.0,0.0,-0.023,0.0,0.0,0.0,0.0,0.0,0.0
IMU,167513307.0,1,-0.2202,-0.999,0.0503,-2.2,-4.33,6.29,-86.32,12.73,96.56,26.4,,,,,,,,,,,,,,,,
IMU,167455797.0,2,1.0034,-0.251,0.0425,8.54,-2.26,-37.72,-75.1,-74.98,-32.89,27.7,,,,,,,,,,,,,,,,
EXO,167522811,,,,,,,,,,,,SAFE,-74.976,-2.258,1.035,1.793,0.101,-0.0,0.0,0.0,-0.013,0.0,0.0,0.0,0.0,0.0,0.0
IMU,167613492.0,1,-0.2021,-0.9575,0.0752,1.34,-0.85,-2.62,-86.39,12.83,96.84,26.5,,,,,,,,,,,,,,,,
IMU,167555732.0,2,1.0103,-0.1807,0.0664,2.99,-0.49,7.14,-73.77,-76.56,-33.86,27.8,,,,,,,,,,,,,,,,
EXO,167622628,,,,,,,,,,,,SAFE,-76.558,-0.488,1.028,1.793,-0.002,-0.0,0.0,0.0,-0.009,0.0,0.0,0.0,0.0,0.0,0.0
IMU,167713674.0,1,-0.2378,-0.9722,0.0693,0.55,4.58,4.76,-86.19,12.88,96.55,26.4,,,,,,,,,,,,,,,,
IMU,167655655.0,2,0.9468,-0.2173,0.0605,-1.83,3.42,-0.31,-73.23,-76.6,-34.24,27.8,,,,,,,,,,,,,,,,
EXO,167722551,,,,,,,,,,,,SAFE,-76.602,3.418,0.973,1.786,-0.164,-0.0,0.0,0.0,0.001,0.0,0.0,0.0,0.0,0.0,0.0
IMU,167813855.0,1,-0.2266,-0.9873,0.0405,-5.98,-4.03,2.56,-86.59,13.4,96.65,26.4,,,,,,,,,,,,,,,,
IMU,167755594.0,2,0.9121,-0.2358,0.0918,-1.71,-5.31,14.04,-74.62,-75.7,-33.27,27.6,,,,,,,,,,,,,,,,
EXO,167822805,,,,,,,,,,,,SAFE,-75.701,-5.31,0.947,1.78,0.058,-0.0,0.0,0.0,-0.016,0.0,0.0,0.0,0.0,0.0,0.0
IMU,167914024.0,1,-0.2422,-0.9819,0.0757,1.53,0.0,3.91,-86.63,13.46,97.13,26.4,,,,,,,,,,,,,,,,
IMU,167855531.0,2,0.9741,-0.2314,0.0747,5.62,-1.77,0.61,-76.72,-75.14,-30.53,27.6,,,,,,,,,,,,,,,,
EXO,167922459,,,,,,,,,,,,SAFE,-75.135,-1.77,1.004,1.777,-0.007,-0.0,0.0,0.0,-0.014,0.0,0.0,0.0,0.0,0.0,0.0
IMU,168014233.0,1,-0.2412,-0.9663,0.0488,1.46,-3.78,0.06,-86.54,13.87,96.88,26.4,,,,,,,,,,,,,,,,
IMU,167955455.0,2,0.9854,-0.2256,0.0737,-8.06,1.65,6.1,-76.81,-74.66,-30.37,27.6,,,,,,,,,,,,,,,,
EXO,168022538,,,,,,,,,,,,SAFE,-74.658,1.648,1.014,1.777,0.023,-0.0,0.0,0.0,0.003,0.0,0.0,0.0,0.0,0.0,0.0
IMU,168114413.0,1,-0.2393,-0.9565,0.063,1.34,3.36,2.26,-86.39,13.94,96.88,26.4,,,,,,,,,,,,,,,,
IMU,168055394.0,2,0.9517,-0.25,0.0439,2.08,1.89,0.18,-76.04,-74.55,-30.86,27.6,,,,,,,,,,,,,,,,
EXO,168122357,,,,,,,,,,,,SAFE,-74.553,1.892,0.985,1.777,-0.013,-0.0,0.0,0.0,0.002,0.0,0.0,0.0,0.0,0.0,0.0
IMU,168214637.0,1,-0.2432,-0.9678,0.0742,-4.03,-5.43,1.46,-86.42,14.06,97.25,26.4,,,,,,,,,,,,,,,,
IMU,168155330.0,2,0.9551,-0.2466,0.082,3.78,0.06,1.28,-75.91,-74.41,-31.11,27.7,,,,,,,,,,,,,,,,
EXO,168222538,,,,,,,,,,,,SAFE,-74.41,0.061,0.99,1.777,-0.079,-0.0,0.0,0.0,0.017,0.0,0.0,0.0,0.0,0.0,0.0
IMU,168314806.0,1,-0.2383,-0.9751,0.0718,-0.79,-2.81,4.15,-86.63,14.35,97.6,26.4,,,,,,,,,,,,,,,,
IMU,168255270.0,2,0.9692,-0.2505,0.0771,2.2,-3.97,2.69,-76.54,-74.38,-29.77,27.7,,,,,,,,,,,,,,,,
EXO,168322606,,,,,,,,,,,,SAFE,-74.377,-3.967,1.004,1.777,-0.01,-0.0,0.0,0.0,-0.012,0.0,0.0,0.0,0.0,0.0,0.0
IMU,168414996.0,1,-0.2402,-0.9614,0.0664,5.31,3.91,0.12,-86.33,14.53,97.5,26.4,,,,,,,,,,,,,,,,
IMU,168355222.0,2,0.9766,-0.2354,0.0684,-0.37,2.38,2.81,-76.8,-74.09,-28.97,27.6,,,,,,,,,,,,,,,,
EXO,168422499,,,,,,,,,,,,SAFE,-74.092,2.38,1.007,1.777,0.092,-0.0,0.0,0.0,-0.021,0.0,0.0,0.0,0.0,0.0,0.0
IMU,168515191.0,1,-0.2593,-0.9561,0.0737,2.01,6.23,-1.28,-86.05,14.46,96.85,26.4,,,,,,,,,,,,,,,,
IMU,168455155.0,2,0.9502,-0.2485,0.0591,-5.92,4.64,-0.98,-75.5,-74.0,-30.44,27.8,,,,,,,,,,,,,,,,
EXO,168522631,,,,,,,,,,,,SAFE,-74.004,4.639,0.984,1.777,-0.009,-0.0,0.0,0.0,-0.008,0.0,0.0,0.0,0.0,0.0,0.0
IMU,168615389.0,1,-0.2622,-0.9751,0.0659,-2.14,-0.37,0.12,-86.11,14.41,96.68,26.5,,,,,,,,,,,,,,,,
IMU,168555081.0,2,0.9546,-0.2686,0.0757,-1.65,0.06,-1.1,-75.19,-74.11,-31.28,27.7,,,,,,,,,,,,,,,,
EXO,168622712,,,,,,,,,,,,SAFE,-74.114,0.061,0.995,1.777,-0.07,-0.0,0.0,0.0,0.002,0.0,0.0,0.0,0.0,0.0,0.0
IMU,168715586.0,1,-0.2573,-0.9751,0.0796,-7.63,-1.89,2.26,-86.61,14.49,96.77,26.4,,,,,,,,,,,,,,,,
IMU,168654998.0,2,0.9653,-0.2642,0.0601,0.18,-4.76,0.31,-75.77,-74.19,-30.59,27.8,,,,,,,,,,,,,,,,
EXO,168722639,,,,,,,,,,,,SAFE,-74.185,-4.761,1.003,1.777,-0.052,-0.0,0.0,0.0,-0.007,0.0,0.0,0.0,0.0,0.0,0.0
IMU,168815765.0,1,-0.2417,-0.9653,0.0444,1.95,5.86,3.72,-86.91,14.92,96.54,26.6,,,,,,,,,,,,,,,,
IMU,168754944.0,2,0.9683,-0.2695,0.0674,-0.67,-4.27,4.7,-77.89,-74.14,-28.09,27.8,,,,,,,,,,,,,,,,
EXO,168822539,,,,,,,,,,,,SAFE,-74.136,-4.272,1.007,1.777,-0.079,-0.0,0.0,0.0,0.014,0.0,0.0,0.0,0.0,0.0,0.0
IMU,168915949.0,1,-0.2515,-0.957,0.0444,1.89,4.76,-2.32,-86.75,14.99,96.0,26.4,,,,,,,,,,,,,,,,
IMU,168854877.0,2,0.9604,-0.2358,0.041,-5.31,4.03,1.53,-78.15,-73.78,-28.11,27.9,,,,,,,,,,,,,,,,
EXO,168922549,,,,,,,,,,,,SAFE,-73.779,4.028,0.99,1.777,0.061,-0.0,0.0,0.0,-0.018,0.0,0.0,0.0,0.0,0.0,0.0
IMU,169016120.0,1,-0.27,-0.9512,0.0571,-2.99,-1.53,-0.24,-86.86,14.82,95.8,26.6,,,,,,,,,,,,,,,,
IMU,168954803.0,2,0.9355,-0.2622,0.0459,-2.93,0.18,-2.5,-77.81,-73.94,-28.94,27.6,,,,,,,,,,,,,,,,
EXO,169022796,,,,,,,,,,,,SAFE,-73.943,0.183,0.973,1.777,-0.12,-0.0,0.0,0.0,-0.001,0.0,0.0,0.0,0.0,0.0,0.0
IMU,169116308.0,1,-0.2544,-0.9824,0.0557,-1.71,-2.26,1.71,-87.15,14.88,96.09,26.4,,,,,,,,,,,,,,,,
IMU,169054734.0,2,0.9629,-0.2778,0.0586,3.36,-4.58,-0.06,-78.53,-74.09,-28.14,27.8,,,,,,,,,,,,,,,,
EXO,169122694,,,,,,,,,,,,SAFE,-74.086,-4.578,1.004,1.777,-0.075,-0.0,0.0,0.0,0.01,0.0,0.0,0.0,0.0,0.0,0.0
IMU,169216485.0,1,-0.2495,-0.9668,0.0488,4.88,5.98,0.49,-87.02,15.03,95.86,26.4,,,,,,,,,,,,,,,,
IMU,169154665.0,2,0.979,-0.2583,0.0547,-0.49,0.67,1.89,-79.11,-74.0,-27.21,27.7,,,,,,,,,,,,,,,,
EXO,169222440,,,,,,,,,,,,SAFE,-74.004,0.671,1.014,1.777,0.075,-0.0,0.0,0.0,0.005,0.0,0.0,0.0,0.0,0.0,0.0
IMU,169316672.0,1,-0.2559,-0.9614,0.0381,3.36,6.9,-1.22,-86.75,15.0,95.19,26.5,,,,,,,,,,,,,,,,
IMU,169254596.0,2,0.957,-0.2554,0.0483,-6.23,5.0,-0.31,-78.29,-73.89,-28.5,27.6,,,,,,,,,,,,,,,,
EXO,169322607,,,,,,,,,,,,SAFE,-73.889,5.005,0.992,1.777,-0.056,-0.0,0.0,0.0,-0.004,0.0,0.0,0.0,0.0,0.0,0.0
IMU,169416843.0,1,-0.2651,-0.9678,0.04,-0.73,0.0,-0.61,-86.77,14.92,94.84,26.4,,,,,,,,,,,,,,,,
IMU,169354513.0,2,0.9585,-0.2607,0.041,-4.82,1.59,-1.1,-77.76,-73.95,-29.79,27.7,,,,,,,,,,,,,,,,
EXO,169422740,,,,,,,,,,,,SAFE,-73.954,1.587,0.994,1.777,-0.046,-0.0,0.0,0.0,0.005,0.0,0.0,0.0,0.0,0.0,0.0
IMU,169517028.0,1,-0.2524,-0.9678,0.0557,-2.93,-3.54,2.08,-86.97,14.95,95.02,26.5,,,,,,,,,,,,,,,,
IMU,169454431.0,2,0.9629,-0.271,0.0444,0.92,-1.59,-0.55,-78.01,-74.06,-29.75,27.6,,,,,,,,,,,,,,,,
EXO,169522717,,,,,,,,,,,,SAFE,-74.059,-1.587,1.001,1.777,-0.062,-0.0,0.0,0.0,0.016,0.0,0.0,0.0,0.0,0.0,0.0
IMU,169617214.0,1,-0.2617,-0.9546,0.0513,-0.55,-2.14,-1.1,-87.08,15.06,95.37,26.5,,,,,,,,,,,,,,,,
IMU,169554359.0,2,0.9609,-0.2573,0.0566,4.46,-2.01,2.44,-78.73,-73.98,-28.75,27.7,,,,,,,,,,,,,,,,
EXO,169622707,,,,,,,,,,,,SAFE,-73.982,-2.014,0.996,1.777,-0.066,-0.0,0.0,0.0,0.003,0.0,0.0,0.0,0.0,0.0,0.0
IMU,169717402.0,1,-0.2563,-0.9717,0.0581,0.0,0.61,-0.98,-87.03,14.88,95.43,26.5,,,,,,,,,,,,,,,,
IMU,169654279.0,2,0.9585,-0.2598,0.0557,1.22,0.92,-2.32,-78.71,-74.06,-28.43,27.8,,,,,,,,,,,,,,,,
EXO,169722549,,,,,,,,,,,,SAFE,-74.059,0.916,0.995,1.777,-0.08,-0.0,0.0,0.0,-0.003,0.0,0.0,0.0,0.0,0.0,0.0
IMU,169817607.0,1,-0.2603,-0.9644,0.0537,0.18,-0.79,-1.77,-87.01,14.81,95.34,26.6,,,,,,,,,,,,,,,,
IMU,169754214.0,2,0.9531,-0.2681,0.0562,-1.65,0.06,-0.24,-78.54,-74.2,-28.59,27.7,,,,,,,,,,,,,,,,
EXO,169822706,,,,,,,,,,,,SAFE,-74.196,0.061,0.992,1.777,-0.126,-0.0,0.0,0.0,0.002,0.0,0.0,0.0,0.0,0.0,0.0
IMU,169917791.0,1,-0.2505,-0.9717,0.0581,0.73,-0.61,1.53,-86.89,14.81,95.44,26.4,,,,,,,,,,,,,,,,
IMU,169854160.0,2,0.9565,-0.2686,0.0547,1.22,0.92,-0.67,-78.27,-74.29,-28.79,27.8,,,,,,,,,,,,,,,,
EXO,169922538,,,,,,,,,,,,SAFE,-74.29,0.916,0.995,1.778,0.092,-0.0,0.0,0.0,-0.001,0.0,0.0,0.0,0.0,0.0,0.0
IMU,170017976.0,1,-0.2554,-0.9546,0.0596,1.1,-1.46,-1.1,-86.74,14.87,95.55,26.4,,,,,,,,,,,,,,,,
IMU,169954087.0,2,0.9673,-0.2568,0.0591,0.67,1.22,1.34,-77.86,-74.17,-29.12,27.8,,,,,,,,,,,,,,,,
EXO,170022520,,,,,,,,,,,,SAFE,-74.174,1.221,1.003,1.777,-0.001,-0.0,0.0,0.0,0.013,0.0,0.0,0.0,0.0,0.0,0.0
IMU,170118161.0,1,-0.2578,-0.9634,0.0586,-0.43,-1.53,-0.61,-86.68,14.79,95.65,26.5,,,,,,,,,,,,,,,,
IMU,170054014.0,2,0.959,-0.2627,0.0557,0.73,-0.12,-1.16,-77.32,-74.2,-29.54,27.6,,,,,,,,,,,,,,,,
EXO,170122791,,,,,,,,,,,,SAFE,-74.202,-0.122,0.996,1.777,0.019,-0.0,0.0,0.0,0.002,0.0,0.0,0.0,0.0,0.0,0.0
IMU,170218340.0,1,-0.2578,-0.9731,0.0591,-0.67,-1.71,-0.43,-86.74,14.7,95.69,26.4,,,,,,,,,,,,,,,,
IMU,170153941.0,2,0.9629,-0.2607,0.0488,0.12,-0.92,-1.16,-77.22,-74.29,-29.55,27.7,,,,,,,,,,,,,,,,
EXO,170222795,,,,,,,,,,,,SAFE,-74.29,-0.916,0.999,1.777,0.015,-0.0,0.0,0.0,-0.062,0.0,0.0,0.0,0.0,0.0,0.0
IMU,170318538.0,1,-0.252,-0.9634,0.0615,0.43,0.24,1.34,-86.73,14.76,95.77,26.5,,,,,,,,,,,,,,,,
IMU,170253842.0,2,0.9658,-0.2671,0.0527,2.26,-0.18,0.0,-77.31,-74.37,-29.37,27.7,,,,,,,,,,,,,,,,
EXO,170322427,,,,,,,,,,,,SAFE,-74.372,-0.183,1.003,1.777,0.072,-0.0,0.0,0.0,0.043,0.0,0.0,0.0,0.0,0.0,0.0
IMU,170418703.0,1,-0.2505,-0.9629,0.0601,0.98,0.24,0.85,-86.65,14.86,95.9,26.4,,,,,,,,,,,,,,,,
IMU,170353811.0,2,0.9624,-0.2563,0.063,2.93,0.12,1.22,-77.26,-74.27,-29.34,27.8,,,,,,,,,,,,,,,,
EXO,170422378,,,,,,,,,,,,SAFE,-74.268,0.122,0.998,1.777,0.108,-0.0,0.0,0.0,0.005,0.0,0.0,0.0,0.0,0.0,0.0
IMU,170518881.0,1,-0.2573,-0.9619,0.0596,-0.24,-4.58,-1.53,-86.53,14.76,96.17,26.4,,,,,,,,,,,,,,,,
IMU,170453728.0,2,0.9629,-0.2549,0.0679,1.34,0.85,-0.49,-76.96,-74.19,-29.53,27.8,,,,,,,,,,,,,,,,
EXO,170522714,,,,,,,,,,,,SAFE,-74.185,0.854,0.998,1.777,0.009,-0.0,0.0,0.0,-0.058,0.0,0.0,0.0,0.0,0.0,0.0
IMU,170518881.0,1,-0.2534,-0.9639,0.0576,-0.24,-4.58,-1.53,-86.53,14.76,96.17,26.5,,,,,,,,,,,,,,,,
IMU,170553647.0,2,0.9614,-0.2651,0.0498,3.23,-0.73,-0.49,-76.42,-74.33,-29.67,27.7,,,,,,,,,,,,,,,,
EXO,170622813,,,,,,,,,,,,SAFE,-74.333,-0.732,0.999,1.777,0.049,-0.0,0.0,0.0,0.008,0.0,0.0,0.0,0.0,0.0,0.0
IMU,170619087.0,1,-0.2534,-0.9639,0.0576,-2.14,-0.61,-0.79,-86.6,14.7,96.4,26.5,,,,,,,,,,,,,,,,
IMU,170653562.0,2,0.96,-0.2549,0.0615,1.53,-1.95,-1.16,-76.91,-74.44,-29.07,27.7,,,,,,,,,,,,,,,,
EXO,170722848,,,,,,,,,,,,SAFE,-74.438,-1.953,0.995,1.777,0.077,-0.0,0.0,0.0,-0.0,0.0,0.0,0.0,0.0,0.0,0.0
IMU,170719296.0,1,-0.2446,-0.9761,0.0557,-0.92,-0.24,0.31,-86.74,14.64,96.48,26.4,,,,,,,,,,,,,,,,
IMU,170753475.0,2,0.9731,-0.2554,0.0659,1.34,-0.31,0.49,-77.22,-74.48,-28.64,27.6,,,,,,,,,,,,,,,,
EXO,170822696,,,,,,,,,,,,SAFE,-74.476,-0.305,1.008,1.777,0.099,-0.0,0.0,0.0,0.0,0.0,0.0,0.0,0.0,0.0,0.0
IMU,170819616.0,1,-0.2524,-0.9614,0.0591,0.61,0.92,0.31,-86.73,14.66,96.53,26.5,,,,,,,,,,,,,,,,
IMU,170853404.0,2,0.96,-0.2583,0.0669,-0.73,0.73,0.31,-77.09,-74.45,-28.75,27.6,,,,,,,,,,,,,,,,
EXO,170922497,,,,,,,,,,,,SAFE,-74.449,0.732,0.996,1.777,-0.028,-0.0,0.0,0.0,0.009,0.0,0.0,0.0,0.0,0.0,0.0
IMU,170919700.0,1,-0.2559,-0.9639,0.0522,0.61,0.67,-0.49,-86.68,14.67,96.47,26.4,,,,,,,,,,,,,,,,
IMU,170953307.0,2,0.96,-0.2568,0.0532,-0.61,-0.31,-1.1,-76.96,-74.49,-28.91,27.7,,,,,,,,,,,,,,,,
EXO,171022702,,,,,,,,,,,,SAFE,-74.487,-0.305,0.995,1.777,0.135,-0.0,0.0,0.0,0.009,0.0,0.0,0.0,0.0,0.0,0.0
IMU,171019880.0,1,-0.249,-0.9702,0.0522,-2.26,-0.37,-0.31,-86.79,14.58,96.44,26.5,,,,,,,,,,,,,,,,
IMU,171053232.0,2,0.9678,-0.2642,0.0625,0.12,-0.67,0.55,-77.48,-74.59,-28.37,27.8,,,,,,,,,,,,,,,,
EXO,171122706,,,,,,,,,,,,SAFE,-74.586,-0.671,1.005,1.777,0.019,-0.0,0.0,0.0,0.003,0.0,0.0,0.0,0.0,0.0,0.0
IMU,171120061.0,1,-0.2441,-0.978,0.0542,1.16,0.18,-0.67,-86.77,14.58,96.47,26.4,,,,,,,,,,,,,,,,
IMU,171153141.0,2,0.9556,-0.249,0.0522,-0.92,0.49,-0.37,-77.14,-74.59,-28.73,27.7,,,,,,,,,,,,,,,,
EXO,171222642,,,,,,,,,,,,SAFE,-74.592,0.488,0.989,1.777,-0.017,-0.0,0.0,0.0,-0.0,0.0,0.0,0.0,0.0,0.0,0.0
IMU,171220244.0,1,-0.2583,-0.9619,0.0542,0.43,1.22,-1.89,-86.75,14.5,96.4,26.5,,,,,,,,,,,,,,,,
IMU,171253066.0,2,0.9609,-0.2563,0.0537,-2.38,0.92,-2.75,-76.94,-74.73,-29.08,27.8,,,,,,,,,,,,,,,,
EXO,171322628,,,,,,,,,,,,SAFE,-74.729,0.916,0.996,1.777,-0.095,-0.0,0.0,0.0,0.0,0.0,0.0,0.0,0.0,0.0,0.0
IMU,171320422.0,1,-0.2417,-0.9746,0.0581,-0.12,-0.31,-0.67,-86.72,14.31,96.28,26.4,,,,,,,,,,,,,,,,
IMU,171352997.0,2,0.9727,-0.2456,0.0542,0.49,-0.55,-0.43,-76.77,-74.85,-29.32,27.7,,,,,,,,,,,,,,,,
EXO,171422828,,,,,,,,,,,,SAFE,-74.85,-0.549,1.005,1.777,0.017,-0.0,0.0,0.0,-0.01,0.0,0.0,0.0,0.0,0.0,0.0
IMU,171420628.0,1,-0.2451,-0.9707,0.0562,-0.92,3.17,-3.11,-86.86,14.18,96.17,26.5,,,,,,,,,,,,,,,,
IMU,171452896.0,2,0.96,-0.2559,0.0737,-2.26,0.18,-2.2,-77.21,-75.1,-29.08,27.7,,,,,,,,,,,,,,,,
EXO,171522726,,,,,,,,,,,,SAFE,-75.097,0.183,0.996,1.777,-0.07,-0.0,0.0,0.0,0.009,0.0,0.0,0.0,0.0,0.0,0.0
IMU,171520835.0,1,-0.2402,-0.9775,0.0513,1.16,2.44,0.06,-86.85,14.06,95.94,26.4,,,,,,,,,,,,,,,,
IMU,171552817.0,2,0.9702,-0.2524,0.0693,-2.81,2.2,1.1,-76.9,-75.09,-29.56,27.7,,,,,,,,,,,,,,,,
EXO,171622470,,,,,,,,,,,,SAFE,-75.086,2.197,1.005,1.777,-0.002,-0.0,0.0,0.0,-0.063,0.0,0.0,0.0,0.0,0.0,0.0
IMU,171621017.0,1,-0.249,-0.9575,0.0576,0.61,-0.98,0.79,-86.72,14.18,95.88,26.5,,,,,,,,,,,,,,,,
IMU,171652729.0,2,0.9634,-0.251,0.0542,-0.43,0.0,0.12,-76.55,-74.95,-29.88,27.6,,,,,,,,,,,,,,,,
EXO,171722547,,,,,,,,,,,,SAFE,-74.949,0.0,0.997,1.777,-0.143,-0.0,0.0,0.0,-0.004,0.0,0.0,0.0,0.0,0.0,0.0
IMU,171721209.0,1,-0.2422,-0.9629,0.0625,-1.59,0.37,0.55,-86.74,14.22,95.83,26.4,,,,,,,,,,,,,,,,
IMU,171752673.0,2,0.9595,-0.2495,0.0518,-0.92,-1.1,-0.06,-76.92,-74.94,-29.56,27.9,,,,,,,,,,,,,,,,
EXO,171822712,,,,,,,,,,,,SAFE,-74.943,-1.099,0.993,1.777,0.028,-0.0,0.0,0.0,0.004,0.0,0.0,0.0,0.0,0.0,0.0
IMU,171821399.0,1,-0.2446,-0.9712,0.0615,-0.85,-0.37,-1.04,-86.82,14.16,95.73,26.5,,,,,,,,,,,,,,,,
IMU,171852604.0,2,0.9692,-0.2612,0.0503,0.0,-0.92,0.49,-77.13,-75.03,-29.37,27.8,,,,,,,,,,,,,,,,
EXO,171922708,,,,,,,,,,,,SAFE,-75.031,-0.916,1.005,1.777,0.045,-0.0,0.0,0.0,0.0,0.0,0.0,0.0,0.0,0.0,0.0
IMU,171921605.0,1,-0.248,-0.9731,0.0508,-0.06,0.98,0.31,-86.9,14.24,95.6,26.5,,,,,,,,,,,,,,,,
IMU,171952513.0,2,0.9521,-0.252,0.0571,0.43,0.92,-0.49,-77.37,-74.97,-29.23,27.8,,,,,,,,,,,,,,,,
EXO,172022533,,,,,,,,,,,,SAFE,-74.971,0.916,0.987,1.777,-0.075,-0.0,0.0,0.0,-0.045,0.0,0.0,0.0,0.0,0.0,0.0
IMU,172021791.0,1,-0.2417,-0.9648,0.0557,-0.31,1.4,1.65,-86.88,14.27,95.58,26.5,,,,,,,,,,,,,,,,
IMU,172052438.0,2,0.9531,-0.2466,0.0581,-0.67,-0.37,2.26,-77.45,-74.87,-29.2,27.7,,,,,,,,,,,,,,,,
EXO,172122622,,,,,,,,,,,,SAFE,-74.872,-0.366,0.986,1.777,-0.033,-0.0,0.0,0.0,0.003,0.0,0.0,0.0,0.0,0.0,0.0
IMU,172121999.0,1,-0.2432,-0.9634,0.0542,0.24,-0.06,-0.43,-86.89,14.37,95.57,26.3,,,,,,,,,,,,,,,,
IMU,172152354.0,2,0.9624,-0.2466,0.0503,-1.53,0.0,-0.31,-77.42,-74.86,-29.21,27.8,,,,,,,,,,,,,,,,
EXO,172222706,,,,,,,,,,,,SAFE,-74.855,0.0,0.995,1.777,0.013,-0.0,0.0,0.0,0.008,0.0,0.0,0.0,0.0,0.0,0.0
IMU,172222185.0,1,-0.2485,-0.9595,0.0518,-0.12,-0.79,-0.31,-86.9,14.34,95.51,26.3,,,,,,,,,,,,,,,,
IMU,172252299.0,2,0.9644,-0.2554,0.0493,0.31,0.31,-1.1,-77.43,-74.9,-29.21,27.8,,,,,,,,,,,,,,,,
EXO,172322696,,,,,,,,,,,,SAFE,-74.905,0.305,0.999,1.777,-0.12,-0.0,0.0,0.0,-0.0,0.0,0.0,0.0,0.0,0.0,0.0
IMU,172322331.0,1,-0.2397,-0.9731,0.0522,0.0,-1.53,0.0,-86.87,14.27,95.58,26.5,,,,,,,,,,,,,,,,
IMU,172352235.0,2,0.9702,-0.2456,0.0483,1.83,-0.61,0.31,-77.29,-74.95,-29.28,27.7,,,,,,,,,,,,,,,,
EXO,172422533,,,,,,,,,,,,SAFE,-74.949,-0.61,1.002,1.777,0.042,-0.0,0.0,0.0,-0.009,0.0,0.0,0.0,0.0,0.0,0.0
IMU,172422533.0,1,-0.2466,-0.9717,0.0449,1.4,-0.85,0.0,-86.83,14.28,95.69,26.5,,,,,,,,,,,,,,,,
IMU,172452142.0,2,0.9717,-0.2476,0.0547,2.01,1.34,-0.37,-76.99,-74.93,-29.55,27.8,,,,,,,,,,,,,,,,
EXO,172522554,,,,,,,,,,,,SAFE,-74.932,1.343,1.004,1.777,-0.066,-0.0,0.0,0.0,-0.01,0.0,0.0,0.0,0.0,0.0,0.0
IMU,172522781.0,1,-0.2476,-0.9653,0.0547,-1.46,-0.06,-0.31,-86.79,14.23,95.82,26.5,,,,,,,,,,,,,,,,
IMU,172552058.0,2,0.957,-0.2524,0.0591,0.37,-1.4,-0.18,-77.16,-74.99,-29.35,27.8,,,,,,,,,,,,,,,,
EXO,172622815,,,,,,,,,,,,SAFE,-74.987,-1.404,0.992,1.777,0.037,-0.0,0.0,0.0,0.005,0.0,0.0,0.0,0.0,0.0,0.0
IMU,172622955.0,1,-0.25,-0.9673,0.0552,-0.79,-2.56,0.0,-86.86,14.21,95.99,26.5,,,,,,,,,,,,,,,,
IMU,172651962.0,2,0.9663,-0.2505,0.0557,1.22,-0.43,0.0,-77.21,-75.01,-29.09,27.9,,,,,,,,,,,,,,,,
EXO,172722638,,,,,,,,,,,,SAFE,-75.009,-0.427,1.0,1.777,0.042,-0.0,0.0,0.0,-0.001,0.0,0.0,0.0,0.0,0.0,0.0
IMU,172723146.0,1,-0.2471,-0.9688,0.0596,-1.28,-1.34,-0.37,-86.89,14.19,96.15,26.5,,,,,,,,,,,,,,,,
IMU,172751882.0,2,0.9697,-0.2544,0.0571,0.37,-0.98,-0.61,-77.35,-75.06,-28.79,27.8,,,,,,,,,,,,,,,,
EXO,172822932,,,,,,,,,,,,SAFE,-75.059,-0.977,1.004,1.777,-0.123,-0.0,0.0,0.0,-0.07,0.0,0.0,0.0,0.0,0.0,0.0
IMU,172823377.0,1,-0.2476,-0.9722,0.062,-0.06,-0.67,0.24,-86.95,14.16,96.17,26.4,,,,,,,,,,,,,,,,
IMU,172851881.0,2,0.9712,-0.2539,0.0586,0.85,0.98,0.31,-77.39,-75.08,-28.66,27.8,,,,,,,,,,,,,,,,
EXO,172922508,,,,,,,,,,,,SAFE,-75.075,0.977,1.006,1.777,0.088,-0.0,0.0,0.0,-0.004,0.0,0.0,0.0,0.0,0.0,0.0
IMU,172923538.0,1,-0.2373,-0.9648,0.0542,2.2,1.46,-0.12,-86.81,14.18,96.13,26.6,,,,,,,,,,,,,,,,
IMU,172951745.0,2,0.9585,-0.248,0.0576,-0.49,1.4,0.06,-76.83,-75.03,-29.31,27.8,,,,,,,,,,,,,,,,
EXO,173022518,,,,,,,,,,,,SAFE,-75.026,1.404,0.992,1.777,0.058,-0.0,0.0,0.0,-0.003,0.0,0.0,0.0,0.0,0.0,0.0
IMU,173023723.0,1,-0.2461,-0.9595,0.0537,-0.43,2.99,-0.85,-86.76,14.17,95.97,26.6,,,,,,,,,,,,,,,,
IMU,173051666.0,2,0.9639,-0.2466,0.061,-1.71,-1.59,-1.83,-77.01,-75.09,-29.36,27.7,,,,,,,,,,,,,,,,
EXO,173122775,,,,,,,,,,,,SAFE,-75.092,-1.587,0.997,1.777,0.087,-0.0,0.0,0.0,-0.005,0.0,0.0,0.0,0.0,0.0,0.0
IMU,173123857.0,1,-0.2451,-0.9751,0.0547,-1.59,0.18,0.0,-86.91,14.07,95.85,26.4,,,,,,,,,,,,,,,,
IMU,173151597.0,2,0.9663,-0.251,0.0518,0.55,-2.44,0.43,-77.57,-75.17,-28.84,27.8,,,,,,,,,,,,,,,,
EXO,173222516,,,,,,,,,,,,SAFE,-75.174,-2.441,1.0,1.777,0.17,-0.0,0.0,0.0,0.002,0.0,0.0,0.0,0.0,0.0,0.0
IMU,173224072.0,1,-0.2456,-0.9761,0.0498,-1.04,-1.16,1.83,-87.09,14.17,95.93,26.5,,,,,,,,,,,,,,,,
IMU,173251507.0,2,0.9668,-0.2485,0.0552,1.89,-0.06,0.98,-78.13,-75.07,-28.14,27.6,,,,,,,,,,,,,,,,
EXO,173322601,,,,,,,,,,,,SAFE,-75.07,-0.061,1.0,1.777,0.015,-0.0,0.0,0.0,0.004,0.0,0.0,0.0,0.0,0.0,0.0
IMU,173324245.0,1,-0.2388,-0.9668,0.0483,-0.31,1.53,0.49,-87.11,14.24,95.99,26.4,,,,,,,,,,,,,,,,
IMU,173351509.0,2,0.9614,-0.2441,0.0542,-1.34,-0.24,0.31,-78.24,-75.03,-28.07,27.7,,,,,,,,,,,,,,,,
EXO,173422658,,,,,,,,,,,,SAFE,-75.031,-0.244,0.993,1.777,0.109,-0.0,0.0,0.0,-0.002,0.0,0.0,0.0,0.0,0.0,0.0
IMU,173424442.0,1,-0.251,-0.9619,0.0503,-1.1,-0.55,-0.55,-87.19,14.23,95.95,26.6,,,,,,,,,,,,,,,,
IMU,173451371.0,2,0.9658,-0.2612,0.0552,0.06,-0.85,-0.31,-78.5,-75.09,-27.77,27.7,,,,,,,,,,,,,,,,
EXO,173522788,,,,,,,,,,,,SAFE,-75.086,-0.854,1.002,1.777,-0.046,-0.0,0.0,0.0,-0.033,0.0,0.0,0.0,0.0,0.0,0.0
IMU,173524639.0,1,-0.252,-0.9624,0.0522,0.18,-0.79,1.1,-87.21,14.28,96.0,26.4,,,,,,,,,,,,,,,,
IMU,173551302.0,2,0.9741,-0.2495,0.0552,1.34,0.0,0.06,-78.55,-75.01,-27.63,27.8,,,,,,,,,,,,,,,,
EXO,173622451,,,,,,,,,,,,SAFE,-75.009,0.0,1.007,1.777,-0.05,-0.0,0.0,0.0,0.002,0.0,0.0,0.0,0.0,0.0,0.0
IMU,173624814.0,1,-0.2368,-0.9771,0.0488,0.12,2.69,0.43,-87.21,14.28,95.97,26.4,,,,,,,,,,,,,,,,
IMU,173651233.0,2,0.9619,-0.2466,0.0557,-1.89,0.06,1.1,-78.7,-75.0,-27.58,27.7,,,,,,,,,,,,,,,,
EXO,173722445,,,,,,,,,,,,SAFE,-75.004,0.061,0.995,1.777,0.046,-0.0,0.0,0.0,0.004,0.0,0.0,0.0,0.0,0.0,0.0
IMU,173724998.0,1,-0.2534,-0.9702,0.0459,3.11,3.42,-0.12,-87.14,14.36,95.75,26.4,,,,,,,,,,,,,,,,
IMU,173751165.0,2,0.9717,-0.2568,0.0483,-4.39,3.17,-0.73,-78.23,-74.93,-28.36,27.9,,,,,,,,,,,,,,,,
EXO,173822616,,,,,,,,,,,,SAFE,-74.927,3.174,1.006,1.777,-0.025,-0.0,0.0,0.0,0.003,0.0,0.0,0.0,0.0,0.0,0.0
IMU,173825186.0,1,-0.2466,-0.9653,0.0498,-1.89,0.79,2.38,-87.11,14.4,95.49,26.4,,,,,,,,,,,,,,,,
IMU,173851161.0,2,0.9634,-0.2583,0.0571,-0.43,-1.46,2.75,-78.65,-74.83,-28.14,27.8,,,,,,,,,,,,,,,,
EXO,173922625,,,,,,,,,,,,SAFE,-74.828,-1.465,0.999,1.777,0.015,-0.0,0.0,0.0,0.009,0.0,0.0,0.0,0.0,0.0,0.0
IMU,173925352.0,1,-0.2461,-0.9639,0.043,0.85,1.46,-0.49,-87.2,14.55,95.48,26.4,,,,,,,,,,,,,,,,
IMU,173951024.0,2,0.9658,-0.2495,0.0464,-2.56,1.1,-0.92,-78.73,-74.77,-28.12,27.8,,,,,,,,,,,,,,,,
EXO,174022623,,,,,,,,,,,,SAFE,-74.767,1.099,0.999,1.777,-0.001,-0.0,0.0,0.0,0.001,0.0,0.0,0.0,0.0,0.0,0.0
IMU,174025551.0,1,-0.2544,-0.9653,0.0508,-1.89,-0.37,0.67,-87.26,14.53,95.34,26.5,,,,,,,,,,,,,,,,
IMU,174050950.0,2,0.9521,-0.2588,0.0483,0.55,-2.38,0.37,-79.19,-74.78,-27.72,27.6,,,,,,,,,,,,,,,,
EXO,174122660,,,,,,,,,,,,SAFE,-74.784,-2.38,0.988,1.777,-0.13,-0.0,0.0,0.0,0.011,0.0,0.0,0.0,0.0,0.0,0.0
IMU,174125716.0,1,-0.2524,-0.9692,0.0542,-0.55,0.12,0.61,-87.4,14.57,95.36,26.6,,,,,,,,,,,,,,,,
IMU,174150855.0,2,0.9751,-0.2568,0.0493,0.06,-0.06,0.31,-79.6,-74.77,-27.27,27.8,,,,,,,,,,,,,,,,
EXO,174222549,,,,,,,,,,,,SAFE,-74.767,-0.061,1.01,1.777,0.021,-0.0,0.0,0.0,-0.006,0.0,0.0,0.0,0.0,0.0,0.0
IMU,174225879.0,1,-0.25,-0.9702,0.0503,0.61,1.83,0.49,-87.41,14.62,95.25,26.5,,,,,,,,,,,,,,,,
IMU,174250792.0,2,0.96,-0.2554,0.0479,-1.65,0.12,0.67,-79.62,-74.72,-27.36,27.8,,,,,,,,,,,,,,,,
EXO,174322452,,,,,,,,,,,,SAFE,-74.718,0.122,0.994,1.777,-0.011,-0.0,0.0,0.0,0.061,0.0,0.0,0.0,0.0,0.0,0.0
IMU,174326053.0,1,-0.2544,-0.9644,0.0361,1.1,4.33,-0.37,-87.43,14.65,94.94,26.4,,,,,,,,,,,,,,,,
IMU,174350794.0,2,0.9585,-0.2593,0.0518,-3.17,1.53,-0.67,-79.76,-74.72,-27.56,27.8,,,,,,,,,,,,,,,,
EXO,174422625,,,,,,,,,,,,SAFE,-74.718,1.526,0.994,1.777,0.002,-0.0,0.0,0.0,0.001,0.0,0.0,0.0,0.0,0.0,0.0
IMU,174426236.0,1,-0.2588,-0.9619,0.041,1.77,1.46,0.31,-87.33,14.64,94.73,26.6,,,,,,,,,,,,,,,,
IMU,174450669.0,2,0.9526,-0.2603,0.0444,-1.16,0.73,0.55,-79.3,-74.68,-28.21,27.7,,,,,,,,,,,,,,,,
EXO,174522436,,,,,,,,,,,,SAFE,-74.68,0.732,0.989,1.777,0.046,-0.0,0.0,0.0,-0.033,0.0,0.0,0.0,0.0,0.0,0.0
IMU,174526399.0,1,-0.252,-0.9673,0.0415,-1.28,0.0,0.43,-87.35,14.72,94.69,26.5,,,,,,,,,,,,,,,,
IMU,174550601.0,2,0.9609,-0.2554,0.0435,-0.37,-0.92,0.24,-79.61,-74.62,-27.94,27.6,,,,,,,,,,,,,,,,
EXO,174622601,,,,,,,,,,,,SAFE,-74.619,-0.916,0.995,1.777,-0.029,-0.0,0.0,0.0,-0.021,0.0,0.0,0.0,0.0,0.0,0.0
IMU,174626598.0,1,-0.2524,-0.9609,0.041,0.79,-0.49,0.18,-87.37,14.75,94.69,26.4,,,,,,,,,,,,,,,,
IMU,174650512.0,2,0.9556,-0.2593,0.0405,0.0,0.85,-0.18,-79.5,-74.6,-28.08,27.8,,,,,,,,,,,,,,,,
EXO,174722531,,,,,,,,,,,,SAFE,-74.597,0.854,0.991,1.777,-0.017,-0.0,0.0,0.0,0.008,0.0,0.0,0.0,0.0,0.0,0.0
IMU,174726771.0,1,-0.2534,-0.9634,0.0444,0.61,-0.43,-0.73,-87.3,14.69,94.65,26.5,,,,,,,,,,,,,,,,
IMU,174750446.0,2,0.9614,-0.2607,0.0479,1.89,0.24,-0.49,-79.26,-74.66,-28.38,27.7,,,,,,,,,,,,,,,,
EXO,174822604,,,,,,,,,,,,SAFE,-74.663,0.244,0.997,1.777,0.022,-0.0,0.0,0.0,0.002,0.0,0.0,0.0,0.0,0.0,0.0
IMU,174826946.0,1,-0.249,-0.9648,0.0449,-0.49,-1.59,0.85,-87.31,14.71,94.84,26.5,,,,,,,,,,,,,,,,
IMU,174850460.0,2,0.9673,-0.2559,0.0532,1.71,0.24,0.43,-79.31,-74.62,-28.17,27.7,,,,,,,,,,,,,,,,
EXO,174922541,,,,,,,,,,,,SAFE,-74.619,0.244,1.002,1.777,0.025,-0.0,0.0,0.0,0.014,0.0,0.0,0.0,0.0,0.0,0.0
