type,t_us,ax,ay,az,gx,gy,gz,roll,pitch,yaw,temp,state,shank_deg,shank_rate_dps,acc_g,knee_rad,knee_vel,tau_g,tau_imp,tau_cmd,tau_fb,k,b,theta_eq,landing,flex_peak,shank_cross
EXO,8412071,,,,,,,,,,,SAFE,-9.844,7.996,1.016,1.205,-0.015,-0.0,0.0,0.0,0.016,0.0,0.0,0.0,0.0,0.0,0.0
EXO,8512071,,,,,,,,,,,SAFE,-10.063,-4.639,0.965,1.205,0.001,-0.0,0.0,0.0,0.009,0.0,0.0,0.0,0.0,0.0,0.0
EXO,8612071,,,,,,,,,,,SAFE,-9.86,4.456,1.014,1.205,0.026,-0.0,0.0,0.0,0.0,0.0,0.0,0.0,0.0,0.0,0.0
EXO,8712071,,,,,,,,,,,SAFE,-9.893,-1.892,0.986,1.205,-0.01,-0.0,0.0,0.0,-0.0,0.0,0.0,0.0,0.0,0.0,0.0
EXO,8812071,,,,,,,,,,,SAFE,-9.871,1.343,1.006,1.205,-0.077,-0.0,0.0,0.0,0.001,0.0,0.0,0.0,0.0,0.0,0.0
EXO,8912071,,,,,,,,,,,SAFE,-9.844,-0.488,0.996,1.205,-0.187,-0.0,0.0,0.0,0.003,0.0,0.0,0.0,0.0,0.0,0.0
EXO,9012071,,,,,,,,,,,SAFE,-9.833,0.061,0.999,1.205,0.076,-0.0,0.0,0.0,0.004,0.0,0.0,0.0,0.0,0.0,0.0
EXO,9112071,,,,,,,,,,,SAFE,-9.728,2.563,0.993,1.205,-0.013,-0.0,0.0,0.0,-0.009,0.0,0.0,0.0,0.0,0.0,0.0
EXO,9212071,,,,,,,,,,,SAFE,-9.564,-1.404,1.006,1.205,0.011,-0.0,0.0,0.0,0.001,0.0,0.0,0.0,0.0,0.0,0.0
EXO,9312071,,,,,,,,,,,SAFE,-9.443,-3.967,0.993,1.205,-0.005,-0.0,0.0,0.0,0.002,0.0,0.0,0.0,0.0,0.0,0.0
EXO,9412071,,,,,,,,,,,SAFE,-9.597,5.798,0.997,1.205,0.002,-0.0,0.0,0.0,-0.002,0.0,0.0,0.0,0.0,0.0,0.0
EXO,9512071,,,,,,,,,,,SAFE,-9.24,-3.479,0.979,1.205,-0.073,-0.0,0.0,0.0,0.008,0.0,0.0,0.0,0.0,0.0,0.0
EXO,9612071,,,,,,,,,,,SAFE,-9.201,7.507,0.996,1.205,-0.05,-0.0,0.0,0.0,-0.011,0.0,0.0,0.0,0.0,0.0,0.0
EXO,9712071,,,,,,,,,,,SAFE,-9.025,1.404,0.992,1.205,-0.08,-0.0,0.0,0.0,0.004,0.0,0.0,0.0,0.0,0.0,0.0
EXO,9812071,,,,,,,,,,,SAFE,-8.707,4.333,1.059,1.205,0.053,-0.0,0.0,0.0,-0.002,0.0,0.0,0.0,0.0,0.0,0.0
EXO,9912071,,,,,,,,,,,SAFE,-8.679,-0.732,1.005,1.205,-0.089,-0.0,0.0,0.0,0.004,0.0,0.0,0.0,0.0,0.0,0.0
EXO,10012071,,,,,,,,,,,SAFE,-8.849,1.465,0.99,1.205,0.003,-0.0,0.0,0.0,0.008,0.0,0.0,0.0,0.0,0.0,0.0
EXO,10112071,,,,,,,,,,,SAFE,-8.723,-1.221,1.015,1.205,-0.092,-0.0,0.0,0.0,-0.004,0.0,0.0,0.0,0.0,0.0,0.0
EXO,10212071,,,,,,,,,,,SAFE,-8.904,-2.808,0.99,1.205,0.062,-0.0,0.0,0.0,-0.005,0.0,0.0,0.0,0.0,0.0,0.0
EXO,10312071,,,,,,,,,,,SAFE,-8.937,-0.244,0.996,1.205,0.015,-0.0,0.0,0.0,0.001,0.0,0.0,0.0,0.0,0.0,0.0
EXO,10412071,,,,,,,,,,,SAFE,-9.036,0.061,1.014,1.205,-0.053,-0.0,0.0,0.0,0.006,0.0,0.0,0.0,0.0,0.0,0.0
EXO,10512071,,,,,,,,,,,SAFE,-8.97,3.906,1.013,1.205,0.042,-0.0,0.0,0.0,-0.005,0.0,0.0,0.0,0.0,0.0,0.0
EXO,10612071,,,,,,,,,,,SAFE,-8.8,1.282,0.991,1.205,-0.053,-0.0,0.0,0.0,-0.017,0.0,0.0,0.0,0.0,0.0,0.0
EXO,10712071,,,,,,,,,,,SAFE,-8.685,2.197,0.996,1.205,-0.119,-0.0,0.0,0.0,-0.003,0.0,0.0,0.0,0.0,0.0,0.0
EXO,10812071,,,,,,,,,,,SAFE,-8.652,0.244,0.996,1.205,0.06,-0.0,0.0,0.0,-0.002,0.0,0.0,0.0,0.0,0.0,0.0
EXO,10912071,,,,,,,,,,,SAFE,-8.707,-0.977,0.987,1.205,0.052,-0.0,0.0,0.0,-0.011,0.0,0.0,0.0,0.0,0.0,0.0
EXO,11012071,,,,,,,,,,,SAFE,-8.641,2.747,1.005,1.205,0.103,-0.0,0.0,0.0,0.001,0.0,0.0,0.0,0.0,0.0,0.0
EXO,11112071,,,,,,,,,,,SAFE,-8.608,-0.732,1.005,1.205,-0.029,-0.0,0.0,0.0,0.003,0.0,0.0,0.0,0.0,0.0,0.0
EXO,11212071,,,,,,,,,,,SAFE,-8.602,-0.61,1.0,1.205,0.001,-0.0,0.0,0.0,0.002,0.0,0.0,0.0,0.0,0.0,0.0
EXO,11312071,,,,,,,,,,,SAFE,-8.63,-0.183,1.007,1.205,0.152,-0.0,0.0,0.0,0.002,0.0,0.0,0.0,0.0,0.0,0.0
EXO,11412071,,,,,,,,,,,SAFE,-8.668,-0.366,1.006,1.205,-0.101,-0.0,0.0,0.0,0.001,0.0,0.0,0.0,0.0,0.0,0.0
EXO,11512071,,,,,,,,,,,SAFE,-8.641,0.061,1.002,1.205,-0.117,-0.0,0.0,0.0,0.008,0.0,0.0,0.0,0.0,0.0,0.0
EXO,11612071,,,,,,,,,,,SAFE,-8.657,-0.427,0.997,1.205,-0.049,-0.0,0.0,0.0,0.009,0.0,0.0,0.0,0.0,0.0,0.0
EXO,11712071,,,,,,,,,,,SAFE,-8.641,-0.427,0.996,1.205,0.011,-0.0,0.0,0.0,0.0,0.0,0.0,0.0,0.0,0.0,0.0
EXO,11812071,,,,,,,,,,,SAFE,-8.685,-0.183,1.002,1.205,0.076,-0.0,0.0,0.0,0.003,0.0,0.0,0.0,0.0,0.0,0.0
EXO,11912071,,,,,,,,,,,SAFE,-8.69,-0.183,1.005,1.205,-0.088,-0.0,0.0,0.0,0.002,0.0,0.0,0.0,0.0,0.0,0.0
EXO,12012071,,,,,,,,,,,SAFE,-8.712,0.0,1.0,1.205,0.032,-0.0,0.0,0.0,0.009,0.0,0.0,0.0,0.0,0.0,0.0
EXO,12112071,,,,,,,,,,,SAFE,-8.69,0.366,1.003,1.205,-0.015,-0.0,0.0,0.0,-0.006,0.0,0.0,0.0,0.0,0.0,0.0
EXO,12212071,,,,,,,,,,,SAFE,-8.74,-0.61,1.005,1.205,0.022,-0.0,0.0,0.0,0.004,0.0,0.0,0.0,0.0,0.0,0.0
EXO,12312071,,,,,,,,,,,SAFE,-8.718,1.16,0.996,1.205,0.006,-0.0,0.0,0.0,0.009,0.0,0.0,0.0,0.0,0.0,0.0
EXO,12412071,,,,,,,,,,,SAFE,-8.679,-1.221,0.996,1.205,-0.045,-0.0,0.0,0.0,0.001,0.0,0.0,0.0,0.0,0.0,0.0
EXO,12512071,,,,,,,,,,,SAFE,-8.718,0.366,1.0,1.205,-0.037,-0.0,0.0,0.0,0.004,0.0,0.0,0.0,0.0,0.0,0.0
EXO,12612071,,,,,,,,,,,SAFE,-8.745,-1.587,0.997,1.205,0.038,-0.0,0.0,0.0,-0.004,0.0,0.0,0.0,0.0,0.0,0.0
EXO,12712071,,,,,,,,,,,SAFE,-8.817,0.122,1.007,1.205,0.113,-0.0,0.0,0.0,-0.008,0.0,0.0,0.0,0.0,0.0,0.0
EXO,12812071,,,,,,,,,,,SAFE,-8.855,-1.953,1.009,1.205,-0.068,-0.0,0.0,0.0,-0.002,0.0,0.0,0.0,0.0,0.0,0.0
EXO,12912071,,,,,,,,,,,SAFE,-8.91,0.427,1.009,1.205,0.093,-0.0,0.0,0.0,0.001,0.0,0.0,0.0,0.0,0.0,0.0
EXO,13012071,,,,,,,,,,,SAFE,-8.91,-0.183,0.998,1.205,-0.042,-0.0,0.0,0.0,0.0,0.0,0.0,0.0,0.0,0.0,0.0
EXO,13112071,,,,,,,,,,,SAFE,-8.904,0.305,1.001,1.205,-0.017,-0.0,0.0,0.0,-0.001,0.0,0.0,0.0,0.0,0.0,0.0
EXO,13212071,,,,,,,,,,,SAFE,-8.899,0.427,0.992,1.205,-0.011,-0.0,0.0,0.0,0.005,0.0,0.0,0.0,0.0,0.0,0.0
EXO,13312071,,,,,,,,,,,SAFE,-8.893,-1.099,1.002,1.205,0.032,-0.0,0.0,0.0,0.005,0.0,0.0,0.0,0.0,0.0,0.0
EXO,13412071,,,,,,,,,,,SAFE,-8.937,-0.244,1.008,1.205,0.036,-0.0,0.0,0.0,0.003,0.0,0.0,0.0,0.0,0.0,0.0
EXO,13512071,,,,,,,,,,,SAFE,-8.948,0.122,0.989,1.205,-0.025,-0.0,0.0,0.0,-0.011,0.0,0.0,0.0,0.0,0.0,0.0
EXO,13612071,,,,,,,,,,,SAFE,-8.915,-1.038,0.993,1.205,-0.064,-0.0,0.0,0.0,0.011,0.0,0.0,0.0,0.0,0.0,0.0
EXO,13712071,,,,,,,,,,,SAFE,-8.915,1.343,1.002,1.205,-0.069,-0.0,0.0,0.0,-0.007,0.0,0.0,0.0,0.0,0.0,0.0
EXO,13812071,,,,,,,,,,,SAFE,-8.965,0.183,0.991,1.205,0.052,-0.0,0.0,0.0,0.003,0.0,0.0,0.0,0.0,0.0,0.0
EXO,13912071,,,,,,,,,,,SAFE,-8.893,-1.953,0.998,1.205,0.077,-0.0,0.0,0.0,-0.035,0.0,0.0,0.0,0.0,0.0,0.0
EXO,14012071,,,,,,,,,,,SAFE,-8.926,2.075,1.007,1.205,0.128,-0.0,0.0,0.0,-0.001,0.0,0.0,0.0,0.0,0.0,0.0
EXO,14112071,,,,,,,,,,,SAFE,-8.959,-2.563,0.993,1.205,0.033,-0.0,0.0,0.0,0.006,0.0,0.0,0.0,0.0,0.0,0.0
EXO,14212071,,,,,,,,,,,SAFE,-8.954,0.183,1.01,1.205,0.015,-0.0,0.0,0.0,0.003,0.0,0.0,0.0,0.0,0.0,0.0
EXO,14312071,,,,,,,,,,,SAFE,-8.965,1.77,1.01,1.205,0.158,-0.0,0.0,0.0,0.001,0.0,0.0,0.0,0.0,0.0,0.0
EXO,14412071,,,,,,,,,,,SAFE,-8.921,-0.793,0.992,1.205,-0.049,-0.0,0.0,0.0,0.0,0.0,0.0,0.0,0.0,0.0,0.0
EXO,14512071,,,,,,,,,,,SAFE,-8.899,0.854,1.008,1.205,0.171,-0.0,0.0,0.0,0.005,0.0,0.0,0.0,0.0,0.0,0.0
EXO,14612071,,,,,,,,,,,SAFE,-8.882,0.671,1.011,1.205,-0.005,-0.0,0.0,0.0,-0.005,0.0,0.0,0.0,0.0,0.0,0.0
EXO,14712071,,,,,,,,,,,SAFE,-8.91,0.122,0.99,1.205,0.03,-0.0,0.0,0.0,-0.009,0.0,0.0,0.0,0.0,0.0,0.0
EXO,14812071,,,,,,,,,,,SAFE,-8.839,0.122,1.011,1.205,-0.066,-0.0,0.0,0.0,0.027,0.0,0.0,0.0,0.0,0.0,0.0
EXO,14912071,,,,,,,,,,,SAFE,-8.833,0.916,1.0,1.205,-0.044,-0.0,0.0,0.0,0.02,0.0,0.0,0.0,0.0,0.0,0.0
EXO,15012071,,,,,,,,,,,SAFE,-8.822,-0.977,0.995,1.205,-0.083,-0.0,0.0,0.0,0.0,0.0,0.0,0.0,0.0,0.0,0.0
EXO,15112071,,,,,,,,,,,SAFE,-8.817,0.244,0.994,1.205,-0.03,-0.0,0.0,0.0,-0.001,0.0,0.0,0.0,0.0,0.0,0.0
EXO,15212071,,,,,,,,,,,SAFE,-8.828,0.366,1.009,1.205,0.065,-0.0,0.0,0.0,0.011,0.0,0.0,0.0,0.0,0.0,0.0
EXO,15312071,,,,,,,,,,,SAFE,-8.822,0.488,1.001,1.205,-0.06,-0.0,0.0,0.0,-0.001,0.0,0.0,0.0,0.0,0.0,0.0
EXO,15412071,,,,,,,,,,,SAFE,-8.8,-1.221,0.996,1.205,-0.061,-0.0,0.0,0.0,0.005,0.0,0.0,0.0,0.0,0.0,0.0
EXO,15512071,,,,,,,,,,,SAFE,-8.828,0.793,0.988,1.205,-0.061,-0.0,0.0,0.0,0.0,0.0,0.0,0.0,0.0,0.0,0.0
EXO,15612071,,,,,,,,,,,SAFE,-8.822,0.244,1.007,1.205,0.07,-0.0,0.0,0.0,0.002,0.0,0.0,0.0,0.0,0.0,0.0
EXO,15712071,,,,,,,,,,,SAFE,-8.833,-0.366,0.996,1.205,0.006,-0.0,0.0,0.0,-0.01,0.0,0.0,0.0,0.0,0.0,0.0
EXO,15812071,,,,,,,,,,,SAFE,-8.817,-0.916,1.001,1.205,0.117,-0.0,0.0,0.0,0.011,0.0,0.0,0.0,0.0,0.0,0.0
EXO,15912071,,,,,,,,,,,SAFE,-8.849,0.854,0.997,1.205,-0.099,-0.0,0.0,0.0,0.004,0.0,0.0,0.0,0.0,0.0,0.0
EXO,16012071,,,,,,,,,,,SAFE,-8.855,-1.282,0.997,1.205,0.028,-0.0,0.0,0.0,0.008,0.0,0.0,0.0,0.0,0.0,0.0
EXO,16112071,,,,,,,,,,,SAFE,-8.893,-0.854,1.006,1.205,0.054,-0.0,0.0,0.0,0.004,0.0,0.0,0.0,0.0,0.0,0.0
EXO,16212071,,,,,,,,,,,SAFE,-8.926,0.244,0.99,1.205,0.01,-0.0,0.0,0.0,0.008,0.0,0.0,0.0,0.0,0.0,0.0
EXO,16312071,,,,,,,,,,,SAFE,-9.031,-5.127,0.993,1.205,0.041,-0.0,0.0,0.0,-0.016,0.0,0.0,0.0,0.0,0.0,0.0
EXO,16412071,,,,,,,,,,,SAFE,-9.267,-10.193,1.014,1.205,0.148,-0.0,0.0,0.0,-0.013,0.0,0.0,0.0,0.0,0.0,0.0
EXO,16512071,,,,,,,,,,,SAFE,-9.597,-5.859,1.009,1.205,-0.057,-0.0,0.0,0.0,0.01,0.0,0.0,0.0,0.0,0.0,0.0
EXO,16612071,,,,,,,,,,,SAFE,-9.998,-5.737,1.013,1.205,-0.076,-0.0,0.0,0.0,-0.005,0.0,0.0,0.0,0.0,0.0,0.0
EXO,16712071,,,,,,,,,,,SAFE,-10.091,-0.854,0.985,1.205,-0.009,-0.0,0.0,0.0,0.02,0.0,0.0,0.0,0.0,0.0,0.0
EXO,16812071,,,,,,,,,,,SAFE,-10.135,0.854,1.003,1.205,0.013,-0.0,0.0,0.0,-0.001,0.0,0.0,0.0,0.0,0.0,0.0
EXO,16912071,,,,,,,,,,,SAFE,-10.311,-2.197,1.019,1.205,0.147,-0.0,0.0,0.0,-0.005,0.0,0.0,0.0,0.0,0.0,0.0
EXO,17012071,,,,,,,,,,,SAFE,-10.349,-5.005,1.001,1.205,0.079,-0.0,0.0,0.0,-0.007,0.0,0.0,0.0,0.0,0.0,0.0
EXO,17112071,,,,,,,,,,,SAFE,-10.613,0.0,0.988,1.205,0.095,-0.0,0.0,0.0,-0.004,0.0,0.0,0.0,0.0,0.0,0.0
EXO,17212071,,,,,,,,,,,SAFE,-10.668,0.854,1.01,1.205,0.072,-0.0,0.0,0.0,0.012,0.0,0.0,0.0,0.0,0.0,0.0
EXO,17312071,,,,,,,,,,,SAFE,-10.585,-2.014,1.003,1.205,-0.003,-0.0,0.0,0.0,0.009,0.0,0.0,0.0,0.0,0.0,0.0
EXO,17412071,,,,,,,,,,,SAFE,-10.662,-4.333,1.005,1.205,0.126,-0.0,0.0,0.0,0.009,0.0,0.0,0.0,0.0,0.0,0.0
EXO,17512071,,,,,,,,,,,SAFE,-10.778,-3.113,0.995,1.205,-0.119,-0.0,0.0,0.0,-0.016,0.0,0.0,0.0,0.0,0.0,0.0
EXO,17612071,,,,,,,,,,,SAFE,-11.03,-2.38,1.032,1.205,-0.038,-0.0,0.0,0.0,-0.005,0.0,0.0,0.0,0.0,0.0,0.0
EXO,17712071,,,,,,,,,,,SAFE,-11.096,-2.319,0.989,1.205,0.117,-0.0,0.0,0.0,-0.005,0.0,0.0,0.0,0.0,0.0,0.0
EXO,17812071,,,,,,,,,,,SAFE,-11.245,-2.319,0.993,1.205,-0.041,-0.0,0.0,0.0,0.005,0.0,0.0,0.0,0.0,0.0,0.0
EXO,17912071,,,,,,,,,,,SAFE,-11.58,-4.089,1.001,1.205,0.077,-0.0,0.0,0.0,-0.007,0.0,0.0,0.0,0.0,0.0,0.0
EXO,18012071,,,,,,,,,,,SAFE,-11.964,-2.441,0.989,1.206,0.015,-0.0,0.0,0.0,0.017,0.0,0.0,0.0,0.0,0.0,0.0
EXO,18112071,,,,,,,,,,,SAFE,-12.415,-7.019,0.999,1.206,-0.028,-0.0,0.0,0.0,-0.011,0.0,0.0,0.0,0.0,0.0,0.0
EXO,18212071,,,,,,,,,,,SAFE,-12.964,-2.869,0.998,1.206,-0.049,-0.0,0.0,0.0,0.002,0.0,0.0,0.0,0.0,0.0,0.0
EXO,18312071,,,,,,,,,,,SAFE,-12.887,-0.427,0.972,1.206,0.092,-0.0,0.0,0.0,0.004,0.0,0.0,0.0,0.0,0.0,0.0
EXO,18412071,,,,,,,,,,,SAFE,-13.162,-0.61,1.014,1.206,-0.093,-0.0,0.0,0.0,0.033,0.0,0.0,0.0,0.0,0.0,0.0
EXO,18512071,,,,,,,,,,,SAFE,-13.162,1.587,0.996,1.206,0.015,-0.0,0.0,0.0,-0.0,0.0,0.0,0.0,0.0,0.0,0.0
EXO,18612071,,,,,,,,,,,SAFE,-13.129,-1.465,0.986,1.206,-0.132,-0.0,0.0,0.0,-0.005,0.0,0.0,0.0,0.0,0.0,0.0
EXO,18712071,,,,,,,,,,,SAFE,-13.173,1.221,1.003,1.206,-0.099,-0.0,0.0,0.0,0.004,0.0,0.0,0.0,0.0,0.0,0.0
EXO,18812071,,,,,,,,,,,SAFE,-13.25,-0.549,1.004,1.206,-0.022,-0.0,0.0,0.0,0.012,0.0,0.0,0.0,0.0,0.0,0.0
EXO,18912071,,,,,,,,,,,SAFE,-13.189,-0.427,0.98,1.206,-0.072,-0.0,0.0,0.0,-0.01,0.0,0.0,0.0,0.0,0.0,0.0
EXO,19012071,,,,,,,,,,,SAFE,-13.228,-1.099,1.006,1.206,0.093,-0.0,0.0,0.0,0.002,0.0,0.0,0.0,0.0,0.0,0.0
EXO,19112071,,,,,,,,,,,SAFE,-13.348,0.732,1.014,1.206,0.026,-0.0,0.0,0.0,0.003,0.0,0.0,0.0,0.0,0.0,0.0
EXO,19212071,,,,,,,,,,,SAFE,-13.436,-1.526,0.975,1.206,-0.009,-0.0,0.0,0.0,0.002,0.0,0.0,0.0,0.0,0.0,0.0
EXO,19312071,,,,,,,,,,,SAFE,-13.348,2.38,0.994,1.206,-0.065,-0.0,0.0,0.0,0.008,0.0,0.0,0.0,0.0,0.0,0.0
EXO,19412071,,,,,,,,,,,SAFE,-13.414,1.343,1.015,1.206,0.036,-0.0,0.0,0.0,0.007,0.0,0.0,0.0,0.0,0.0,0.0
EXO,19512071,,,,,,,,,,,SAFE,-13.447,-0.366,1.004,1.206,0.001,-0.0,0.0,0.0,-0.001,0.0,0.0,0.0,0.0,0.0,0.0
EXO,19612071,,,,,,,,,,,SAFE,-13.348,-0.61,0.978,1.206,-0.028,-0.0,0.0,0.0,0.004,0.0,0.0,0.0,0.0,0.0,0.0
EXO,19712071,,,,,,,,,,,SAFE,-13.31,2.93,0.988,1.206,-0.022,-0.0,0.0,0.0,0.013,0.0,0.0,0.0,0.0,0.0,0.0
EXO,19812071,,,,,,,,,,,SAFE,-13.173,1.282,1.016,1.206,0.04,-0.0,0.0,0.0,-0.008,0.0,0.0,0.0,0.0,0.0,0.0
EXO,19912071,,,,,,,,,,,SAFE,-13.206,2.258,1.012,1.206,0.015,-0.0,0.0,0.0,-0.005,0.0,0.0,0.0,0.0,0.0,0.0
EXO,20012071,,,,,,,,,,,SAFE,-13.26,-3.723,0.989,1.208,-0.113,-0.0,0.0,0.0,0.007,0.0,0.0,0.0,0.0,0.0,0.0
EXO,20112071,,,,,,,,,,,SAFE,-13.409,0.549,1.019,1.209,0.003,-0.0,0.0,0.0,0.005,0.0,0.0,0.0,0.0,0.0,0.0
EXO,20212071,,,,,,,,,,,SAFE,-13.788,-5.005,0.99,1.231,0.37,-0.0,0.0,0.0,-0.015,0.0,0.0,0.0,0.0,0.0,0.0
EXO,20312071,,,,,,,,,,,SAFE,-14.2,1.892,0.984,1.274,-0.085,-0.0,0.0,0.0,0.064,0.0,0.0,0.0,0.0,0.0,0.0
EXO,20412071,,,,,,,,,,,SAFE,-15.903,-3.601,0.991,1.274,0.028,-0.0,0.0,0.0,0.011,0.0,0.0,0.0,0.0,0.0,0.0
EXO,20512071,,,,,,,,,,,SAFE,-16.205,-1.77,0.991,1.274,-0.072,-0.0,0.0,0.0,0.011,0.0,0.0,0.0,0.0,0.0,0.0
EXO,20612071,,,,,,,,,,,SAFE,-16.084,0.244,0.975,1.272,-0.077,-0.0,0.0,0.0,0.038,0.0,0.0,0.0,0.0,0.0,0.0
EXO,20712071,,,,,,,,,,,SAFE,-15.908,1.038,1.005,1.272,-0.021,-0.0,0.0,0.0,-0.007,0.0,0.0,0.0,0.0,0.0,0.0
EXO,20812071,,,,,,,,,,,SAFE,-15.683,1.099,1.02,1.272,0.025,-0.0,0.0,0.0,0.0,0.0,0.0,0.0,0.0,0.0,0.0
EXO,20912071,,,,,,,,,,,SAFE,-15.414,3.235,0.994,1.271,-0.034,-0.0,0.0,0.0,0.008,0.0,0.0,0.0,0.0,0.0,0.0
EXO,21012071,,,,,,,,,,,SAFE,-15.15,1.892,0.98,1.271,-0.15,-0.0,0.0,0.0,0.007,0.0,0.0,0.0,0.0,0.0,0.0
EXO,21112071,,,,,,,,,,,SAFE,-14.826,3.845,1.011,1.268,-0.134,-0.0,0.0,0.0,0.044,0.0,0.0,0.0,0.0,0.0,0.0
EXO,21212071,,,,,,,,,,,SAFE,-14.442,6.165,0.982,1.259,-0.174,-0.0,0.0,0.0,-0.0,0.0,0.0,0.0,0.0,0.0,0.0
EXO,21312071,,,,,,,,,,,SAFE,-13.859,2.197,0.997,1.259,0.002,-0.0,0.0,0.0,0.005,0.0,0.0,0.0,0.0,0.0,0.0
EXO,21412071,,,,,,,,,,,SAFE,-13.76,2.502,1.03,1.259,-0.007,-0.0,0.0,0.0,0.005,0.0,0.0,0.0,0.0,0.0,0.0
EXO,21512071,,,,,,,,,,,SAFE,-13.552,0.549,0.972,1.259,-0.073,-0.0,0.0,0.0,0.002,0.0,0.0,0.0,0.0,0.0,0.0
EXO,21612071,,,,,,,,,,,SAFE,-13.508,2.686,0.997,1.259,0.032,-0.0,0.0,0.0,0.008,0.0,0.0,0.0,0.0,0.0,0.0
EXO,21712071,,,,,,,,,,,SAFE,-13.508,2.93,1.037,1.259,0.105,-0.0,0.0,0.0,-0.012,0.0,0.0,0.0,0.0,0.0,0.0
EXO,21812071,,,,,,,,,,,SAFE,-13.343,-0.305,0.991,1.259,0.007,-0.0,0.0,0.0,-0.004,0.0,0.0,0.0,0.0,0.0,0.0
EXO,21912071,,,,,,,,,,,SAFE,-13.217,-0.061,0.991,1.259,0.183,-0.0,0.0,0.0,-0.003,0.0,0.0,0.0,0.0,0.0,0.0
EXO,22012071,,,,,,,,,,,SAFE,-13.288,0.0,1.027,1.259,0.04,-0.0,0.0,0.0,-0.004,0.0,0.0,0.0,0.0,0.0,0.0
EXO,22112071,,,,,,,,,,,SAFE,-13.425,-1.77,0.993,1.259,-0.065,-0.0,0.0,0.0,0.004,0.0,0.0,0.0,0.0,0.0,0.0
EXO,22212071,,,,,,,,,,,SAFE,-13.403,-2.136,0.991,1.259,0.023,-0.0,0.0,0.0,0.001,0.0,0.0,0.0,0.0,0.0,0.0
EXO,22312071,,,,,,,,,,,SAFE,-13.53,2.319,1.009,1.259,0.021,-0.0,0.0,0.0,0.0,0.0,0.0,0.0,0.0,0.0,0.0
EXO,22412071,,,,,,,,,,,SAFE,-13.392,1.648,0.976,1.259,0.001,-0.0,0.0,0.0,-0.001,0.0,0.0,0.0,0.0,0.0,0.0
EXO,22512071,,,,,,,,,,,SAFE,-13.228,-1.953,0.995,1.259,-0.162,-0.0,0.0,0.0,0.002,0.0,0.0,0.0,0.0,0.0,0.0
EXO,22612071,,,,,,,,,,,SAFE,-13.332,2.136,1.014,1.258,-0.046,-0.0,0.0,0.0,-0.008,0.0,0.0,0.0,0.0,0.0,0.0
EXO,22712071,,,,,,,,,,,SAFE,-13.074,-1.831,0.991,1.259,0.003,-0.0,0.0,0.0,0.004,0.0,0.0,0.0,0.0,0.0,0.0
EXO,22812071,,,,,,,,,,,SAFE,-13.282,-4.822,0.995,1.259,0.072,-0.0,0.0,0.0,0.003,0.0,0.0,0.0,0.0,0.0,0.0
EXO,22912071,,,,,,,,,,,SAFE,-13.25,0.61,1.005,1.259,0.034,-0.0,0.0,0.0,0.005,0.0,0.0,0.0,0.0,0.0,0.0
EXO,23012071,,,,,,,,,,,SAFE,-13.376,3.479,0.998,1.258,0.03,-0.0,0.0,0.0,-0.003,0.0,0.0,0.0,0.0,0.0,0.0
EXO,23112071,,,,,,,,,,,SAFE,-13.167,-0.427,1.006,1.258,-0.097,-0.0,0.0,0.0,-0.0,0.0,0.0,0.0,0.0,0.0,0.0
EXO,23212071,,,,,,,,,,,SAFE,-13.134,-7.507,1.031,1.259,0.089,-0.0,0.0,0.0,0.01,0.0,0.0,0.0,0.0,0.0,0.0
EXO,23312071,,,,,,,,,,,SAFE,-13.156,8.972,1.029,1.259,-0.066,-0.0,0.0,0.0,0.052,0.0,0.0,0.0,0.0,0.0,0.0
EXO,23412071,,,,,,,,,,,SAFE,-13.315,-4.333,1.046,1.259,0.036,-0.0,0.0,0.0,-0.002,0.0,0.0,0.0,0.0,0.0,0.0
EXO,23512071,,,,,,,,,,,SAFE,-13.134,6.592,1.006,1.259,0.088,-0.0,0.0,0.0,-0.01,0.0,0.0,0.0,0.0,0.0,0.0
EXO,23612071,,,,,,,,,,,SAFE,-13.31,-2.93,0.988,1.259,0.026,-0.0,0.0,0.0,0.008,0.0,0.0,0.0,0.0,0.0,0.0
EXO,23712071,,,,,,,,,,,SAFE,-13.151,-7.263,1.014,1.259,0.105,-0.0,0.0,0.0,0.005,0.0,0.0,0.0,0.0,0.0,0.0
EXO,23812071,,,,,,,,,,,SAFE,-13.524,-7.507,1.004,1.259,-0.048,-0.0,0.0,0.0,0.004,0.0,0.0,0.0,0.0,0.0,0.0
EXO,23912071,,,,,,,,,,,SAFE,-13.321,7.324,1.002,1.259,0.011,-0.0,0.0,0.0,0.004,0.0,0.0,0.0,0.0,0.0,0.0
EXO,24012071,,,,,,,,,,,SAFE,-12.958,5.859,1.013,1.259,0.079,-0.0,0.0,0.0,0.004,0.0,0.0,0.0,0.0,0.0,0.0
EXO,24112071,,,,,,,,,,,SAFE,-13.332,-20.874,1.023,1.259,-0.147,-0.0,0.0,0.0,0.004,0.0,0.0,0.0,0.0,0.0,0.0
EXO,24212071,,,,,,,,,,,SAFE,-14.464,5.005,1.024,1.26,-0.173,-0.0,0.0,0.0,-0.001,0.0,0.0,0.0,0.0,0.0,0.0
EXO,24312071,,,,,,,,,,,SAFE,-14.134,-3.113,0.95,1.26,-0.104,-0.0,0.0,0.0,-0.016,0.0,0.0,0.0,0.0,0.0,0.0
EXO,24412071,,,,,,,,,,,SAFE,-14.359,5.737,0.994,1.26,0.003,-0.0,0.0,0.0,-0.002,0.0,0.0,0.0,0.0,0.0,0.0
EXO,24512071,,,,,,,,,,,SAFE,-14.54,-6.714,0.981,1.26,-0.042,-0.0,0.0,0.0,-0.004,0.0,0.0,0.0,0.0,0.0,0.0
EXO,24612071,,,,,,,,,,,SAFE,-14.881,4.456,0.98,1.261,0.034,-0.0,0.0,0.0,0.005,0.0,0.0,0.0,0.0,0.0,0.0
EXO,24712071,,,,,,,,,,,SAFE,-14.573,6.287,1.047,1.261,0.001,-0.0,0.0,0.0,0.004,0.0,0.0,0.0,0.0,0.0,0.0
EXO,24812071,,,,,,,,,,,SAFE,-14.277,-0.671,0.963,1.261,0.014,-0.0,0.0,0.0,-0.008,0.0,0.0,0.0,0.0,0.0,0.0
EXO,24912071,,,,,,,,,,,SAFE,-14.112,-1.221,0.992,1.261,0.054,-0.0,0.0,0.0,0.009,0.0,0.0,0.0,0.0,0.0,0.0
EXO,25012071,,,,,,,,,,,SAFE,-14.606,-7.141,1.061,1.261,-0.002,-0.0,0.0,0.0,-0.001,0.0,0.0,0.0,0.0,0.0,0.0
EXO,25112071,,,,,,,,,,,SAFE,-14.892,-0.732,0.994,1.261,-0.029,-0.0,0.0,0.0,-0.003,0.0,0.0,0.0,0.0,0.0,0.0
EXO,25212071,,,,,,,,,,,SAFE,-15.848,-24.414,1.026,1.261,0.065,-0.0,0.0,0.0,-0.005,0.0,0.0,0.0,0.0,0.0,0.0
EXO,25312071,,,,,,,,,,,SAFE,-16.205,-9.766,1.016,1.261,0.03,-0.0,0.0,0.0,-0.01,0.0,0.0,0.0,0.0,0.0,0.0
EXO,25412071,,,,,,,,,,,SAFE,-16.957,-14.648,0.999,1.261,0.072,-0.0,0.0,0.0,-0.004,0.0,0.0,0.0,0.0,0.0,0.0
EXO,25512071,,,,,,,,,,,SAFE,-18.331,-8.972,0.917,1.26,-0.104,-0.0,0.0,0.0,0.039,0.0,0.0,0.0,0.0,0.0,0.0
EXO,25612071,,,,,,,,,,,SAFE,-16.853,12.146,1.049,1.261,0.124,-0.0,0.0,0.0,0.009,0.0,0.0,0.0,0.0,0.0,0.0
EXO,25712071,,,,,,,,,,,SAFE,-16.529,-9.583,1.212,1.26,-0.151,-0.0,0.0,0.0,0.0,0.0,0.0,0.0,0.0,0.0,0.0
EXO,25812071,,,,,,,,,,,SAFE,-16.298,17.273,0.999,1.26,-0.084,-0.0,0.0,0.0,0.004,0.0,0.0,0.0,0.0,0.0,0.0
EXO,25912071,,,,,,,,,,,SAFE,-17.276,-21.423,0.98,1.259,-0.122,-0.0,0.0,0.0,-0.002,0.0,0.0,0.0,0.0,0.0,0.0
EXO,26012071,,,,,,,,,,,SAFE,-19.012,-14.16,1.05,1.259,0.045,-0.0,0.0,0.0,0.001,0.0,0.0,0.0,0.0,0.0,0.0
EXO,26112071,,,,,,,,,,,SAFE,-20.204,0.916,0.987,1.259,-0.006,-0.0,0.0,0.0,0.035,0.0,0.0,0.0,0.0,0.0,0.0
EXO,26212071,,,,,,,,,,,SAFE,-20.753,-11.23,0.995,1.259,0.049,-0.0,0.0,0.0,0.003,0.0,0.0,0.0,0.0,0.0,0.0
EXO,26312071,,,,,,,,,,,SAFE,-23.214,-18.738,1.053,1.249,-0.108,-0.0,0.0,0.0,-0.001,0.0,0.0,0.0,0.0,0.0,0.0
EXO,26412071,,,,,,,,,,,SAFE,-27.318,-39.185,1.03,1.248,-0.073,-0.0,0.0,0.0,0.022,0.0,0.0,0.0,0.0,0.0,0.0
EXO,26512071,,,,,,,,,,,SAFE,-32.607,-55.237,0.979,1.248,-0.03,-0.0,0.0,0.0,-0.017,0.0,0.0,0.0,0.0,0.0,0.0
EXO,26612071,,,,,,,,,,,SAFE,-37.507,-53.04,1.04,1.248,0.018,-0.0,0.0,0.0,0.003,0.0,0.0,0.0,0.0,0.0,0.0
EXO,26712071,,,,,,,,,,,SAFE,-39.029,-8.057,1.045,1.247,-0.046,-0.0,0.0,0.0,-0.018,0.0,0.0,0.0,0.0,0.0,0.0
EXO,26812071,,,,,,,,,,,SAFE,-37.881,36.194,0.862,1.224,0.022,-0.0,0.0,0.0,-0.058,0.0,0.0,0.0,0.0,0.0,0.0
EXO,26912071,,,,,,,,,,,SAFE,-35.706,-21.912,1.013,1.225,0.005,-0.0,0.0,0.0,0.0,0.0,0.0,0.0,0.0,0.0,0.0
EXO,27012071,,,,,,,,,,,SAFE,-37.623,21.545,1.09,1.225,-0.095,-0.0,0.0,0.0,0.006,0.0,0.0,0.0,0.0,0.0,0.0
EXO,27112071,,,,,,,,,,,SAFE,-36.909,62.378,0.867,1.225,-0.099,-0.0,0.0,0.0,-0.051,0.0,0.0,0.0,0.0,0.0,0.0
EXO,27212071,,,,,,,,,,,SAFE,-33.36,51.941,0.96,1.225,0.112,-0.0,0.0,0.0,-0.0,0.0,0.0,0.0,0.0,0.0,0.0
EXO,27312071,,,,,,,,,,,SAFE,-32.668,39.368,1.065,1.225,0.07,-0.0,0.0,0.0,0.006,0.0,0.0,0.0,0.0,0.0,0.0
EXO,27412071,,,,,,,,,,,SAFE,-29.152,97.839,1.061,1.225,-0.006,-0.0,0.0,0.0,0.006,0.0,0.0,0.0,0.0,0.0,0.0
EXO,27512071,,,,,,,,,,,SAFE,-22.198,104.736,1.111,1.225,-0.052,-0.0,0.0,0.0,0.018,0.0,0.0,0.0,0.0,0.0,0.0
EXO,27612071,,,,,,,,,,,SAFE,-16.018,95.459,0.995,1.223,-0.073,-0.0,0.0,0.0,0.009,0.0,0.0,0.0,0.0,0.0,0.0
EXO,27712071,,,,,,,,,,,SAFE,-11.739,30.823,1.019,1.194,-0.33,-0.0,0.0,0.0,-0.059,0.0,0.0,0.0,0.0,0.0,0.0
EXO,27812071,,,,,,,,,,,SAFE,-11.299,1.648,0.881,1.193,0.014,-0.0,0.0,0.0,-0.041,0.0,0.0,0.0,0.0,0.0,0.0
EXO,27912071,,,,,,,,,,,SAFE,-10.756,25.146,0.906,1.194,0.155,-0.0,0.0,0.0,-0.008,0.0,0.0,0.0,0.0,0.0,0.0
EXO,28012071,,,,,,,,,,,SAFE,-10.833,-6.897,0.908,1.195,0.034,-0.0,0.0,0.0,-0.005,0.0,0.0,0.0,0.0,0.0,0.0
EXO,28112071,,,,,,,,,,,SAFE,-10.448,34.851,0.962,1.194,-0.046,-0.0,0.0,0.0,0.008,0.0,0.0,0.0,0.0,0.0,0.0
EXO,28212071,,,,,,,,,,,SAFE,-7.092,-24.902,0.756,1.195,0.06,-0.0,0.0,0.0,-0.072,0.0,0.0,0.0,0.0,0.0,0.0
EXO,28312071,,,,,,,,,,,SAFE,-10.168,-59.387,1.031,1.195,0.112,-0.0,0.0,0.0,0.004,0.0,0.0,0.0,0.0,0.0,0.0
EXO,28412071,,,,,,,,,,,SAFE,-15.771,-48.035,0.993,1.195,0.069,-0.0,0.0,0.0,-0.006,0.0,0.0,0.0,0.0,0.0,0.0
EXO,28512071,,,,,,,,,,,SAFE,-19.44,-33.508,1.027,1.195,-0.005,-0.0,0.0,0.0,-0.008,0.0,0.0,0.0,0.0,0.0,0.0
EXO,28612071,,,,,,,,,,,SAFE,-21.967,-27.283,1.018,1.195,-0.109,-0.0,0.0,0.0,0.011,0.0,0.0,0.0,0.0,0.0,0.0
EXO,28712071,,,,,,,,,,,SAFE,-23.209,-1.038,1.019,1.195,-0.146,-0.0,0.0,0.0,0.017,0.0,0.0,0.0,0.0,0.0,0.0
EXO,28812071,,,,,,,,,,,SAFE,-21.264,27.039,0.954,1.194,-0.002,-0.0,0.0,0.0,0.01,0.0,0.0,0.0,0.0,0.0,0.0
EXO,28912071,,,,,,,,,,,SAFE,-18.99,-14.771,1.027,1.194,-0.006,-0.0,0.0,0.0,-0.002,0.0,0.0,0.0,0.0,0.0,0.0
EXO,29012071,,,,,,,,,,,SAFE,-22.896,-57.922,0.966,1.194,0.107,-0.0,0.0,0.0,-0.008,0.0,0.0,0.0,0.0,0.0,0.0
EXO,29112071,,,,,,,,,,,SAFE,-27.675,-26.917,0.963,1.194,-0.013,-0.0,0.0,0.0,0.015,0.0,0.0,0.0,0.0,0.0,0.0
EXO,29212071,,,,,,,,,,,SAFE,-28.273,-23.193,1.006,1.193,0.13,-0.0,0.0,0.0,0.011,0.0,0.0,0.0,0.0,0.0,0.0
EXO,29312071,,,,,,,,,,,SAFE,-29.306,-5.127,0.996,1.164,-0.586,-0.0,0.0,0.0,0.068,0.0,0.0,0.0,0.0,0.0,0.0
EXO,29412071,,,,,,,,,,,SAFE,-28.998,-12.878,1.031,1.06,-1.123,-0.0,0.0,0.0,0.047,0.0,0.0,0.0,0.0,0.0,0.0
EXO,29512071,,,,,,,,,,,SAFE,-31.388,-22.095,1.025,0.94,-0.993,-0.0,0.0,0.0,-0.039,0.0,0.0,0.0,0.0,0.0,0.0
EXO,29612071,,,,,,,,,,,SAFE,-33.107,-19.653,1.021,0.839,-0.82,-0.0,0.0,0.0,-0.136,0.0,0.0,0.0,0.0,0.0,0.0
EXO,29712071,,,,,,,,,,,SAFE,-33.635,15.991,1.039,0.778,-0.095,-0.0,0.0,0.0,-0.069,0.0,0.0,0.0,0.0,0.0,0.0
EXO,29812071,,,,,,,,,,,SAFE,-32.932,-9.705,0.988,0.776,0.062,-0.0,0.0,0.0,-0.002,0.0,0.0,0.0,0.0,0.0,0.0
EXO,29912071,,,,,,,,,,,SAFE,-32.783,-9.399,0.988,0.776,0.124,-0.0,0.0,0.0,0.006,0.0,0.0,0.0,0.0,0.0,0.0
EXO,30012071,,,,,,,,,,,SAFE,-30.196,69.092,1.053,0.776,0.005,-0.0,0.0,0.0,0.003,0.0,0.0,0.0,0.0,0.0,0.0
EXO,30112071,,,,,,,,,,,SAFE,-21.132,93.75,1.014,0.775,-0.017,-0.0,0.0,0.0,0.003,0.0,0.0,0.0,0.0,0.0,0.0
EXO,30212071,,,,,,,,,,,SAFE,-13.041,65.979,0.95,0.775,-0.017,-0.0,0.0,0.0,-0.005,0.0,0.0,0.0,0.0,0.0,0.0
EXO,30312071,,,,,,,,,,,SAFE,-8.899,20.264,1.0,0.766,-0.12,-0.0,0.0,0.0,0.02,0.0,0.0,0.0,0.0,0.0,0.0
EXO,30412071,,,,,,,,,,,SAFE,-6.312,24.78,1.033,0.733,-0.547,-0.0,0.0,0.0,-0.054,0.0,0.0,0.0,0.0,0.0,0.0
EXO,30512071,,,,,,,,,,,SAFE,-6.581,-30.212,0.977,0.71,0.042,-0.0,0.0,0.0,-0.013,0.0,0.0,0.0,0.0,0.0,0.0
EXO,30612071,,,,,,,,,,,SAFE,-10.706,-48.035,1.009,0.71,0.147,-0.0,0.0,0.0,-0.011,0.0,0.0,0.0,0.0,0.0,0.0
EXO,30712071,,,,,,,,,,,SAFE,-12.986,-28.442,0.994,0.709,0.019,-0.0,0.0,0.0,0.014,0.0,0.0,0.0,0.0,0.0,0.0
EXO,30812071,,,,,,,,,,,SAFE,-14.128,-2.747,1.008,0.71,-0.022,-0.0,0.0,0.0,0.015,0.0,0.0,0.0,0.0,0.0,0.0
EXO,30912071,,,,,,,,,,,SAFE,-14.936,-42.175,1.007,0.71,-0.009,-0.0,0.0,0.0,0.007,0.0,0.0,0.0,0.0,0.0,0.0
EXO,31012071,,,,,,,,,,,SAFE,-18.759,-63.904,0.924,0.71,0.08,-0.0,0.0,0.0,-0.028,0.0,0.0,0.0,0.0,0.0,0.0
EXO,31112071,,,,,,,,,,,SAFE,-22.363,-45.166,0.93,0.711,-0.056,-0.0,0.0,0.0,0.016,0.0,0.0,0.0,0.0,0.0,0.0
EXO,31212071,,,,,,,,,,,SAFE,-26.191,-64.087,1.02,0.712,-0.14,-0.0,0.0,0.0,-0.008,0.0,0.0,0.0,0.0,0.0,0.0
EXO,31312071,,,,,,,,,,,SAFE,-28.235,-35.034,1.028,0.712,-0.033,-0.0,0.0,0.0,-0.0,0.0,0.0,0.0,0.0,0.0,0.0
EXO,31412071,,,,,,,,,,,SAFE,-29.097,-8.24,1.035,0.712,0.049,-0.0,0.0,0.0,0.004,0.0,0.0,0.0,0.0,0.0,0.0
EXO,31512071,,,,,,,,,,,SAFE,-30.712,-36.743,1.076,0.712,0.007,-0.0,0.0,0.0,-0.006,0.0,0.0,0.0,0.0,0.0,0.0
EXO,31612071,,,,,,,,,,,SAFE,-31.426,4.089,1.043,0.712,-0.001,-0.0,0.0,0.0,-0.007,0.0,0.0,0.0,0.0,0.0,0.0
EXO,31712071,,,,,,,,,,,SAFE,-31.668,-4.272,0.979,0.712,0.065,-0.0,0.0,0.0,-0.005,0.0,0.0,0.0,0.0,0.0,0.0
EXO,31812071,,,,,,,,,,,SAFE,-32.937,-18.433,1.03,0.712,-0.002,-0.0,0.0,0.0,-0.005,0.0,0.0,0.0,0.0,0.0,0.0
EXO,31912071,,,,,,,,,,,SAFE,-34.404,-15.198,1.01,0.712,-0.001,-0.0,0.0,0.0,-0.027,0.0,0.0,0.0,0.0,0.0,0.0
EXO,32012071,,,,,,,,,,,SAFE,-35.826,-19.653,0.999,0.712,-0.025,-0.0,0.0,0.0,0.004,0.0,0.0,0.0,0.0,0.0,0.0
EXO,32112071,,,,,,,,,,,SAFE,-37.37,-5.005,1.029,0.712,0.058,-0.0,0.0,0.0,0.007,0.0,0.0,0.0,0.0,0.0,0.0
EXO,32212071,,,,,,,,,,,SAFE,-38.227,-7.446,1.01,0.712,0.198,-0.0,0.0,0.0,0.005,0.0,0.0,0.0,0.0,0.0,0.0
EXO,32312071,,,,,,,,,,,SAFE,-39.842,-20.752,0.975,0.712,0.033,-0.0,0.0,0.0,0.011,0.0,0.0,0.0,0.0,0.0,0.0
EXO,32412071,,,,,,,,,,,SAFE,-41.309,-10.803,0.998,0.712,0.038,-0.0,0.0,0.0,0.011,0.0,0.0,0.0,0.0,0.0,0.0
EXO,32512071,,,,,,,,,,,SAFE,-42.924,-16.724,0.99,0.712,0.057,-0.0,0.0,0.0,-0.006,0.0,0.0,0.0,0.0,0.0,0.0
EXO,32612072,,,,,,,,,,,SAFE,-45.027,-27.771,1.039,0.712,-0.057,-0.0,0.0,0.0,-0.005,0.0,0.0,0.0,0.0,0.0,0.0
EXO,32712072,,,,,,,,,,,SAFE,-47.472,-23.376,0.993,0.712,0.091,-0.0,0.0,0.0,-0.006,0.0,0.0,0.0,0.0,0.0,0.0
EXO,32812072,,,,,,,,,,,SAFE,-48.609,5.981,0.988,0.714,0.107,-0.0,0.0,0.0,-0.012,0.0,0.0,0.0,0.0,0.0,0.0
EXO,32912072,,,,,,,,,,,SAFE,-49.504,-19.958,1.0,0.727,0.096,-0.0,0.0,0.0,0.075,0.0,0.0,0.0,0.0,0.0,0.0
EXO,33012072,,,,,,,,,,,SAFE,-51.411,-0.488,1.014,0.748,-0.054,-0.0,0.0,0.0,-0.013,0.0,0.0,0.0,0.0,0.0,0.0
EXO,33112072,,,,,,,,,,,SAFE,-53.08,-14.893,0.972,0.748,0.095,-0.0,0.0,0.0,-0.004,0.0,0.0,0.0,0.0,0.0,0.0
EXO,33212072,,,,,,,,,,,SAFE,-54.174,-6.104,0.99,0.748,-0.002,-0.0,0.0,0.0,-0.005,0.0,0.0,0.0,0.0,0.0,0.0
EXO,33312072,,,,,,,,,,,SAFE,-54.591,-1.953,0.999,0.748,-0.056,-0.0,0.0,0.0,-0.002,0.0,0.0,0.0,0.0,0.0,0.0
EXO,33412072,,,,,,,,,,,SAFE,-55.41,-12.756,0.997,0.747,-0.001,-0.0,0.0,0.0,-0.008,0.0,0.0,0.0,0.0,0.0,0.0
EXO,33512072,,,,,,,,,,,SAFE,-56.673,5.798,1.0,0.747,-0.068,-0.0,0.0,0.0,-0.002,0.0,0.0,0.0,0.0,0.0,0.0
EXO,33612072,,,,,,,,,,,SAFE,-58.03,-1.343,0.974,0.747,0.052,-0.0,0.0,0.0,0.006,0.0,0.0,0.0,0.0,0.0,0.0
EXO,33712072,,,,,,,,,,,SAFE,-59.705,-18.311,0.97,0.747,0.01,-0.0,0.0,0.0,0.012,0.0,0.0,0.0,0.0,0.0,0.0
EXO,33812072,,,,,,,,,,,SAFE,-61.089,-27.527,0.989,0.747,0.076,-0.0,0.0,0.0,0.005,0.0,0.0,0.0,0.0,0.0,0.0
EXO,33912072,,,,,,,,,,,SAFE,-60.392,5.737,0.995,0.746,0.028,-0.0,0.0,0.0,-0.002,0.0,0.0,0.0,0.0,0.0,0.0
EXO,34012072,,,,,,,,,,,SAFE,-59.15,-22.461,1.038,0.746,0.015,-0.0,0.0,0.0,0.012,0.0,0.0,0.0,0.0,0.0,0.0
EXO,34112072,,,,,,,,,,,SAFE,-59.062,13.672,0.972,0.745,0.01,-0.0,0.0,0.0,0.003,0.0,0.0,0.0,0.0,0.0,0.0
EXO,34212072,,,,,,,,,,,SAFE,-57.601,-13.55,1.003,0.745,0.066,-0.0,0.0,0.0,0.011,0.0,0.0,0.0,0.0,0.0,0.0
EXO,34312072,,,,,,,,,,,SAFE,-56.898,-6.531,1.007,0.745,0.077,-0.0,0.0,0.0,0.008,0.0,0.0,0.0,0.0,0.0,0.0
EXO,34412072,,,,,,,,,,,SAFE,-56.448,-5.371,0.991,0.745,0.04,-0.0,0.0,0.0,0.006,0.0,0.0,0.0,0.0,0.0,0.0
EXO,34512072,,,,,,,,,,,SAFE,-56.162,2.075,0.987,0.745,-0.003,-0.0,0.0,0.0,0.009,0.0,0.0,0.0,0.0,0.0,0.0
EXO,34612072,,,,,,,,,,,SAFE,-56.651,14.954,1.008,0.745,-0.1,-0.0,0.0,0.0,-0.013,0.0,0.0,0.0,0.0,0.0,0.0
EXO,34712072,,,,,,,,,,,SAFE,-56.717,18.311,1.0,0.745,-0.033,-0.0,0.0,0.0,-0.004,0.0,0.0,0.0,0.0,0.0,0.0
EXO,34812072,,,,,,,,,,,SAFE,-56.525,-2.93,0.975,0.745,0.053,-0.0,0.0,0.0,-0.003,0.0,0.0,0.0,0.0,0.0,0.0
EXO,34912072,,,,,,,,,,,SAFE,-55.937,20.02,1.005,0.745,-0.108,-0.0,0.0,0.0,0.001,0.0,0.0,0.0,0.0,0.0,0.0
EXO,35012072,,,,,,,,,,,SAFE,-54.822,22.339,1.002,0.744,0.143,-0.0,0.0,0.0,0.005,0.0,0.0,0.0,0.0,0.0,0.0
EXO,35112072,,,,,,,,,,,SAFE,-52.971,-2.563,0.992,0.744,-0.026,-0.0,0.0,0.0,-0.016,0.0,0.0,0.0,0.0,0.0,0.0
EXO,35212072,,,,,,,,,,,SAFE,-50.026,-44.617,1.027,0.744,0.002,-0.0,0.0,0.0,0.016,0.0,0.0,0.0,0.0,0.0,0.0
EXO,35312072,,,,,,,,,,,SAFE,-47.005,-33.752,0.992,0.744,-0.014,-0.0,0.0,0.0,-0.004,0.0,0.0,0.0,0.0,0.0,0.0
EXO,35412071,,,,,,,,,,,SAFE,-43.835,3.418,0.995,0.744,-0.029,-0.0,0.0,0.0,-0.012,0.0,0.0,0.0,0.0,0.0,0.0
EXO,35512071,,,,,,,,,,,SAFE,-42.242,-10.681,0.981,0.744,-0.052,-0.0,0.0,0.0,-0.001,0.0,0.0,0.0,0.0,0.0,0.0
EXO,35612071,,,,,,,,,,,SAFE,-40.809,2.197,0.994,0.744,0.045,-0.0,0.0,0.0,-0.002,0.0,0.0,0.0,0.0,0.0,0.0
EXO,35712071,,,,,,,,,,,SAFE,-39.589,24.78,1.0,0.744,0.032,-0.0,0.0,0.0,-0.006,0.0,0.0,0.0,0.0,0.0,0.0
EXO,35812071,,,,,,,,,,,SAFE,-38.112,40.344,1.011,0.744,0.092,-0.0,0.0,0.0,0.002,0.0,0.0,0.0,0.0,0.0,0.0
EXO,35912071,,,,,,,,,,,SAFE,-37.145,41.199,0.99,0.744,-0.089,-0.0,0.0,0.0,-0.002,0.0,0.0,0.0,0.0,0.0,0.0
EXO,36012071,,,,,,,,,,,SAFE,-36.255,17.883,1.01,0.744,0.003,-0.0,0.0,0.0,-0.007,0.0,0.0,0.0,0.0,0.0,0.0
EXO,36112071,,,,,,,,,,,SAFE,-36.425,-1.465,0.995,0.744,-0.028,-0.0,0.0,0.0,-0.01,0.0,0.0,0.0,0.0,0.0,0.0
EXO,36212071,,,,,,,,,,,SAFE,-37.007,-12.268,0.979,0.744,-0.006,-0.0,0.0,0.0,-0.017,0.0,0.0,0.0,0.0,0.0,0.0
EXO,36312071,,,,,,,,,,,SAFE,-37.738,-8.179,1.008,0.744,0.107,-0.0,0.0,0.0,-0.005,0.0,0.0,0.0,0.0,0.0,0.0
EXO,36412071,,,,,,,,,,,SAFE,-38.804,-3.845,1.017,0.744,-0.097,-0.0,0.0,0.0,0.012,0.0,0.0,0.0,0.0,0.0,0.0
EXO,36512071,,,,,,,,,,,SAFE,-40.551,-3.418,0.983,0.744,0.058,-0.0,0.0,0.0,-0.022,0.0,0.0,0.0,0.0,0.0,0.0
EXO,36612071,,,,,,,,,,,SAFE,-41.303,-2.38,1.001,0.744,0.038,-0.0,0.0,0.0,0.002,0.0,0.0,0.0,0.0,0.0,0.0
EXO,36712071,,,,,,,,,,,SAFE,-42.314,3.784,0.996,0.744,0.01,-0.0,0.0,0.0,-0.011,0.0,0.0,0.0,0.0,0.0,0.0
EXO,36812071,,,,,,,,,,,SAFE,-43.281,15.076,1.009,0.744,-0.034,-0.0,0.0,0.0,-0.008,0.0,0.0,0.0,0.0,0.0,0.0
EXO,36912071,,,,,,,,,,,SAFE,-42.363,46.143,1.02,0.744,-0.056,-0.0,0.0,0.0,0.008,0.0,0.0,0.0,0.0,0.0,0.0
EXO,37012071,,,,,,,,,,,SAFE,-41.506,20.02,0.993,0.744,0.002,-0.0,0.0,0.0,-0.013,0.0,0.0,0.0,0.0,0.0,0.0
EXO,37112071,,,,,,,,,,,SAFE,-42.028,-13.367,0.967,0.744,0.002,-0.0,0.0,0.0,-0.023,0.0,0.0,0.0,0.0,0.0,0.0
EXO,37212071,,,,,,,,,,,SAFE,-41.759,-10.071,1.005,0.744,0.04,-0.0,0.0,0.0,0.004,0.0,0.0,0.0,0.0,0.0,0.0
EXO,37312071,,,,,,,,,,,SAFE,-42.286,-26.367,0.995,0.744,0.052,-0.0,0.0,0.0,-0.001,0.0,0.0,0.0,0.0,0.0,0.0
EXO,37412071,,,,,,,,,,,SAFE,-44.242,-60.242,0.974,0.744,-0.189,-0.0,0.0,0.0,0.011,0.0,0.0,0.0,0.0,0.0,0.0
EXO,37512071,,,,,,,,,,,SAFE,-44.637,-23.56,1.027,0.743,0.032,-0.0,0.0,0.0,0.003,0.0,0.0,0.0,0.0,0.0,0.0
EXO,37612072,,,,,,,,,,,SAFE,-45.187,9.399,1.013,0.743,0.021,-0.0,0.0,0.0,0.004,0.0,0.0,0.0,0.0,0.0,0.0
EXO,37712072,,,,,,,,,,,SAFE,-46.45,3.052,0.97,0.743,-0.018,-0.0,0.0,0.0,-0.011,0.0,0.0,0.0,0.0,0.0,0.0
EXO,37812072,,,,,,,,,,,SAFE,-47.291,-17.273,0.969,0.743,-0.041,-0.0,0.0,0.0,0.01,0.0,0.0,0.0,0.0,0.0,0.0
EXO,37912072,,,,,,,,,,,SAFE,-47.565,-2.075,1.001,0.743,0.057,-0.0,0.0,0.0,-0.0,0.0,0.0,0.0,0.0,0.0,0.0
EXO,38012072,,,,,,,,,,,SAFE,-48.29,-10.742,0.984,0.743,-0.04,-0.0,0.0,0.0,0.01,0.0,0.0,0.0,0.0,0.0,0.0
EXO,38112072,,,,,,,,,,,SAFE,-48.604,-17.578,1.013,0.743,0.018,-0.0,0.0,0.0,0.01,0.0,0.0,0.0,0.0,0.0,0.0
EXO,38212072,,,,,,,,,,,SAFE,-49.504,-9.216,1.0,0.743,0.009,-0.0,0.0,0.0,-0.002,0.0,0.0,0.0,0.0,0.0,0.0
EXO,38312072,,,,,,,,,,,SAFE,-50.268,-0.488,1.018,0.743,-0.013,-0.0,0.0,0.0,-0.0,0.0,0.0,0.0,0.0,0.0,0.0
EXO,38412072,,,,,,,,,,,SAFE,-51.18,5.737,1.007,0.743,0.056,-0.0,0.0,0.0,0.01,0.0,0.0,0.0,0.0,0.0,0.0
EXO,38512072,,,,,,,,,,,SAFE,-52.487,0.488,0.993,0.743,0.003,-0.0,0.0,0.0,0.004,0.0,0.0,0.0,0.0,0.0,0.0
EXO,38612072,,,,,,,,,,,SAFE,-53.926,-0.305,0.987,0.743,-0.001,-0.0,0.0,0.0,0.011,0.0,0.0,0.0,0.0,0.0,0.0
EXO,38712072,,,,,,,,,,,SAFE,-54.542,-3.601,0.989,0.743,0.093,-0.0,0.0,0.0,0.004,0.0,0.0,0.0,0.0,0.0,0.0
EXO,38812072,,,,,,,,,,,SAFE,-54.91,-1.038,1.005,0.743,0.084,-0.0,0.0,0.0,-0.004,0.0,0.0,0.0,0.0,0.0,0.0
EXO,38912072,,,,,,,,,,,SAFE,-55.311,1.038,0.996,0.743,-0.03,-0.0,0.0,0.0,-0.002,0.0,0.0,0.0,0.0,0.0,0.0
EXO,39012072,,,,,,,,,,,SAFE,-55.997,0.0,0.999,0.743,-0.03,-0.0,0.0,0.0,0.016,0.0,0.0,0.0,0.0,0.0,0.0
EXO,39112072,,,,,,,,,,,SAFE,-56.876,-7.324,1.001,0.743,-0.022,-0.0,0.0,0.0,-0.0,0.0,0.0,0.0,0.0,0.0,0.0
EXO,39212072,,,,,,,,,,,SAFE,-57.239,-4.333,0.987,0.743,0.156,-0.0,0.0,0.0,-0.001,0.0,0.0,0.0,0.0,0.0,0.0
EXO,39312072,,,,,,,,,,,SAFE,-56.239,-7.812,1.011,0.743,-0.089,-0.0,0.0,0.0,-0.0,0.0,0.0,0.0,0.0,0.0,0.0
EXO,39412072,,,,,,,,,,,SAFE,-56.184,7.08,1.001,0.743,-0.006,-0.0,0.0,0.0,0.0,0.0,0.0,0.0,0.0,0.0,0.0
EXO,39512072,,,,,,,,,,,SAFE,-57.827,-18.311,0.94,0.743,-0.03,-0.0,0.0,0.0,0.005,0.0,0.0,0.0,0.0,0.0,0.0
EXO,39612072,,,,,,,,,,,SAFE,-59.167,-43.945,0.964,0.743,0.042,-0.0,0.0,0.0,-0.003,0.0,0.0,0.0,0.0,0.0,0.0
EXO,39712072,,,,,,,,,,,SAFE,-58.354,-26.611,1.011,0.743,-0.077,-0.0,0.0,0.0,0.007,0.0,0.0,0.0,0.0,0.0,0.0
EXO,39812072,,,,,,,,,,,SAFE,-56.744,-26.184,0.988,0.743,-0.005,-0.0,0.0,0.0,-0.006,0.0,0.0,0.0,0.0,0.0,0.0
EXO,39912072,,,,,,,,,,,SAFE,-53.69,-35.4,1.04,0.743,-0.044,-0.0,0.0,0.0,-0.002,0.0,0.0,0.0,0.0,0.0,0.0
EXO,40012072,,,,,,,,,,,SAFE,-51.817,-10.559,0.995,0.743,0.03,-0.0,0.0,0.0,0.005,0.0,0.0,0.0,0.0,0.0,0.0
EXO,40112072,,,,,,,,,,,SAFE,-50.411,-28.503,0.959,0.743,-0.015,-0.0,0.0,0.0,0.007,0.0,0.0,0.0,0.0,0.0,0.0
EXO,40212072,,,,,,,,,,,SAFE,-49.642,9.399,1.063,0.743,0.132,-0.0,0.0,0.0,0.006,0.0,0.0,0.0,0.0,0.0,0.0
EXO,40312072,,,,,,,,,,,SAFE,-53.459,79.529,1.041,0.743,0.104,-0.0,0.0,0.0,-0.0,0.0,0.0,0.0,0.0,0.0,0.0
EXO,40412072,,,,,,,,,,,SAFE,-58.282,45.776,0.927,0.743,-0.042,-0.0,0.0,0.0,0.001,0.0,0.0,0.0,0.0,0.0,0.0
EXO,40512072,,,,,,,,,,,SAFE,-60.15,27.832,1.033,0.743,0.06,-0.0,0.0,0.0,0.002,0.0,0.0,0.0,0.0,0.0,0.0
EXO,40612072,,,,,,,,,,,SAFE,-61.694,34.302,1.023,0.743,0.042,-0.0,0.0,0.0,0.012,0.0,0.0,0.0,0.0,0.0,0.0
EXO,40712072,,,,,,,,,,,SAFE,-61.655,29.968,0.955,0.743,-0.05,-0.0,0.0,0.0,0.002,0.0,0.0,0.0,0.0,0.0,0.0
EXO,40812072,,,,,,,,,,,SAFE,-60.167,15.808,0.979,0.743,-0.1,-0.0,0.0,0.0,-0.01,0.0,0.0,0.0,0.0,0.0,0.0
EXO,40912072,,,,,,,,,,,SAFE,-59.266,9.521,1.043,0.742,-0.164,-0.0,0.0,0.0,-0.003,0.0,0.0,0.0,0.0,0.0,0.0
EXO,41012072,,,,,,,,,,,SAFE,-60.134,20.752,0.994,0.742,-0.04,-0.0,0.0,0.0,0.004,0.0,0.0,0.0,0.0,0.0,0.0
EXO,41112072,,,,,,,,,,,SAFE,-60.48,19.104,0.952,0.742,-0.174,-0.0,0.0,0.0,-0.001,0.0,0.0,0.0,0.0,0.0,0.0
EXO,41212072,,,,,,,,,,,SAFE,-59.507,10.498,0.981,0.743,-0.018,-0.0,0.0,0.0,0.0,0.0,0.0,0.0,0.0,0.0,0.0
EXO,41312072,,,,,,,,,,,SAFE,-59.277,8.24,1.019,0.742,-0.013,-0.0,0.0,0.0,-0.014,0.0,0.0,0.0,0.0,0.0,0.0
EXO,41412072,,,,,,,,,,,SAFE,-59.106,12.939,1.004,0.742,0.022,-0.0,0.0,0.0,0.012,0.0,0.0,0.0,0.0,0.0,0.0
EXO,41512072,,,,,,,,,,,SAFE,-58.211,20.813,0.993,0.742,-0.084,-0.0,0.0,0.0,0.005,0.0,0.0,0.0,0.0,0.0,0.0
EXO,41612072,,,,,,,,,,,SAFE,-56.514,23.804,1.014,0.742,-0.096,-0.0,0.0,0.0,-0.005,0.0,0.0,0.0,0.0,0.0,0.0
EXO,41712072,,,,,,,,,,,SAFE,-55.168,24.902,0.983,0.742,0.015,-0.0,0.0,0.0,0.001,0.0,0.0,0.0,0.0,0.0,0.0
EXO,41812072,,,,,,,,,,,SAFE,-53.784,7.568,0.976,0.742,-0.005,-0.0,0.0,0.0,-0.0,0.0,0.0,0.0,0.0,0.0,0.0
EXO,41912072,,,,,,,,,,,SAFE,-51.899,17.639,1.001,0.743,-0.026,-0.0,0.0,0.0,0.004,0.0,0.0,0.0,0.0,0.0,0.0
EXO,42012072,,,,,,,,,,,SAFE,-49.202,27.771,1.01,0.742,-0.087,-0.0,0.0,0.0,0.004,0.0,0.0,0.0,0.0,0.0,0.0
EXO,42112072,,,,,,,,,,,SAFE,-46.494,25.269,1.0,0.743,0.07,-0.0,0.0,0.0,-0.003,0.0,0.0,0.0,0.0,0.0,0.0
EXO,42212071,,,,,,,,,,,SAFE,-44.335,9.521,0.97,0.743,-0.104,-0.0,0.0,0.0,0.003,0.0,0.0,0.0,0.0,0.0,0.0
EXO,42312071,,,,,,,,,,,SAFE,-41.77,6.348,0.984,0.742,-0.096,-0.0,0.0,0.0,-0.024,0.0,0.0,0.0,0.0,0.0,0.0
EXO,42412071,,,,,,,,,,,SAFE,-39.446,7.568,1.02,0.743,0.006,-0.0,0.0,0.0,0.015,0.0,0.0,0.0,0.0,0.0,0.0
EXO,42512071,,,,,,,,,,,SAFE,-37.535,12.512,1.005,0.743,0.093,-0.0,0.0,0.0,-0.002,0.0,0.0,0.0,0.0,0.0,0.0
EXO,42612071,,,,,,,,,,,SAFE,-36.65,0.793,0.973,0.743,-0.054,-0.0,0.0,0.0,-0.001,0.0,0.0,0.0,0.0,0.0,0.0
EXO,42712071,,,,,,,,,,,SAFE,-36.178,-4.517,0.99,0.743,0.13,-0.0,0.0,0.0,-0.004,0.0,0.0,0.0,0.0,0.0,0.0
EXO,42812071,,,,,,,,,,,SAFE,-35.821,-0.488,1.005,0.743,-0.023,-0.0,0.0,0.0,0.004,0.0,0.0,0.0,0.0,0.0,0.0
EXO,42912071,,,,,,,,,,,SAFE,-35.442,1.099,0.998,0.743,0.014,-0.0,0.0,0.0,0.003,0.0,0.0,0.0,0.0,0.0,0.0
EXO,43012071,,,,,,,,,,,SAFE,-34.695,-1.282,0.988,0.743,0.069,-0.0,0.0,0.0,0.002,0.0,0.0,0.0,0.0,0.0,0.0
EXO,43112071,,,,,,,,,,,SAFE,-33.832,-4.7,1.008,0.743,-0.072,-0.0,0.0,0.0,-0.009,0.0,0.0,0.0,0.0,0.0,0.0
EXO,43212071,,,,,,,,,,,SAFE,-32.904,-10.498,0.994,0.743,0.052,-0.0,0.0,0.0,-0.003,0.0,0.0,0.0,0.0,0.0,0.0
EXO,43312071,,,,,,,,,,,SAFE,-31.75,-5.371,1.014,0.743,-0.069,-0.0,0.0,0.0,-0.002,0.0,0.0,0.0,0.0,0.0,0.0
EXO,43412071,,,,,,,,,,,SAFE,-31.003,-15.686,1.0,0.743,0.042,-0.0,0.0,0.0,0.004,0.0,0.0,0.0,0.0,0.0,0.0
EXO,43512071,,,,,,,,,,,SAFE,-30.641,-16.846,1.014,0.743,0.077,-0.0,0.0,0.0,-0.007,0.0,0.0,0.0,0.0,0.0,0.0
EXO,43612071,,,,,,,,,,,SAFE,-30.295,3.235,0.986,0.743,-0.034,-0.0,0.0,0.0,0.005,0.0,0.0,0.0,0.0,0.0,0.0
EXO,43712071,,,,,,,,,,,SAFE,-29.724,9.338,0.995,0.743,-0.005,-0.0,0.0,0.0,0.013,0.0,0.0,0.0,0.0,0.0,0.0
EXO,43812071,,,,,,,,,,,SAFE,-29.251,-9.705,0.993,0.743,-0.023,-0.0,0.0,0.0,-0.012,0.0,0.0,0.0,0.0,0.0,0.0
EXO,43912071,,,,,,,,,,,SAFE,-30.388,-18.799,1.084,0.743,-0.097,-0.0,0.0,0.0,0.008,0.0,0.0,0.0,0.0,0.0,0.0
EXO,44012071,,,,,,,,,,,SAFE,-35.574,-6.226,1.037,0.743,-0.021,-0.0,0.0,0.0,0.003,0.0,0.0,0.0,0.0,0.0,0.0
EXO,44112071,,,,,,,,,,,SAFE,-38.568,12.207,0.924,0.743,0.112,-0.0,0.0,0.0,-0.012,0.0,0.0,0.0,0.0,0.0,0.0
EXO,44212071,,,,,,,,,,,SAFE,-38.864,-10.559,1.004,0.743,-0.042,-0.0,0.0,0.0,-0.005,0.0,0.0,0.0,0.0,0.0,0.0
EXO,44312071,,,,,,,,,,,SAFE,-39.227,-3.54,1.026,0.743,-0.017,-0.0,0.0,0.0,0.012,0.0,0.0,0.0,0.0,0.0,0.0
EXO,44412071,,,,,,,,,,,SAFE,-38.979,-4.395,0.96,0.743,-0.044,-0.0,0.0,0.0,-0.005,0.0,0.0,0.0,0.0,0.0,0.0
EXO,44512071,,,,,,,,,,,SAFE,-40.095,-6.592,1.009,0.743,-0.119,-0.0,0.0,0.0,0.01,0.0,0.0,0.0,0.0,0.0,0.0
EXO,44612071,,,,,,,,,,,SAFE,-41.38,4.395,1.023,0.743,0.033,-0.0,0.0,0.0,-0.006,0.0,0.0,0.0,0.0,0.0,0.0
EXO,44712071,,,,,,,,,,,SAFE,-41.561,-8.667,1.01,0.743,0.103,-0.0,0.0,0.0,0.01,0.0,0.0,0.0,0.0,0.0,0.0
EXO,44812071,,,,,,,,,,,SAFE,-41.825,-2.441,0.976,0.743,0.087,-0.0,0.0,0.0,0.008,0.0,0.0,0.0,0.0,0.0,0.0
EXO,44912071,,,,,,,,,,,SAFE,-41.71,8.85,0.992,0.743,0.091,-0.0,0.0,0.0,-0.004,0.0,0.0,0.0,0.0,0.0,0.0
EXO,45012071,,,,,,,,,,,SAFE,-41.424,4.7,1.012,0.743,0.009,-0.0,0.0,0.0,-0.008,0.0,0.0,0.0,0.0,0.0,0.0
EXO,45112071,,,,,,,,,,,SAFE,-40.803,3.296,0.989,0.743,0.159,-0.0,0.0,0.0,-0.0,0.0,0.0,0.0,0.0,0.0,0.0
EXO,45212071,,,,,,,,,,,SAFE,-40.342,6.775,0.976,0.743,-0.182,-0.0,0.0,0.0,-0.005,0.0,0.0,0.0,0.0,0.0,0.0
EXO,45312071,,,,,,,,,,,SAFE,-39.963,5.371,0.974,0.743,-0.08,-0.0,0.0,0.0,0.013,0.0,0.0,0.0,0.0,0.0,0.0
EXO,45412071,,,,,,,,,,,SAFE,-39.771,-8.545,0.999,0.743,-0.045,-0.0,0.0,0.0,0.001,0.0,0.0,0.0,0.0,0.0,0.0
EXO,45512071,,,,,,,,,,,SAFE,-39.402,1.526,1.041,0.743,-0.04,-0.0,0.0,0.0,-0.006,0.0,0.0,0.0,0.0,0.0,0.0
EXO,45612071,,,,,,,,,,,SAFE,-39.88,-9.216,1.01,0.743,-0.034,-0.0,0.0,0.0,-0.002,0.0,0.0,0.0,0.0,0.0,0.0
EXO,45712071,,,,,,,,,,,SAFE,-40.441,-5.493,0.992,0.743,-0.06,-0.0,0.0,0.0,0.003,0.0,0.0,0.0,0.0,0.0,0.0
EXO,45812071,,,,,,,,,,,SAFE,-40.814,4.456,0.996,0.743,0.054,-0.0,0.0,0.0,-0.011,0.0,0.0,0.0,0.0,0.0,0.0
EXO,45912071,,,,,,,,,,,SAFE,-41.534,-8.179,1.009,0.743,0.049,-0.0,0.0,0.0,0.004,0.0,0.0,0.0,0.0,0.0,0.0
EXO,46012071,,,,,,,,,,,SAFE,-42.149,-6.287,0.99,0.743,0.04,-0.0,0.0,0.0,0.0,0.0,0.0,0.0,0.0,0.0,0.0
EXO,46112071,,,,,,,,,,,SAFE,-42.204,6.165,0.965,0.743,-0.069,-0.0,0.0,0.0,0.005,0.0,0.0,0.0,0.0,0.0,0.0
EXO,46212071,,,,,,,,,,,SAFE,-41.693,9.155,0.995,0.742,-0.108,-0.0,0.0,0.0,0.012,0.0,0.0,0.0,0.0,0.0,0.0
EXO,46312071,,,,,,,,,,,SAFE,-41.468,-5.92,1.043,0.743,-0.049,-0.0,0.0,0.0,0.004,0.0,0.0,0.0,0.0,0.0,0.0
EXO,46412071,,,,,,,,,,,SAFE,-42.303,0.0,0.992,0.743,-0.023,-0.0,0.0,0.0,0.004,0.0,0.0,0.0,0.0,0.0,0.0
EXO,46512071,,,,,,,,,,,SAFE,-42.308,-9.766,0.989,0.743,0.054,-0.0,0.0,0.0,0.009,0.0,0.0,0.0,0.0,0.0,0.0
EXO,46612071,,,,,,,,,,,SAFE,-42.292,4.089,1.062,0.743,0.089,-0.0,0.0,0.0,-0.001,0.0,0.0,0.0,0.0,0.0,0.0
EXO,46712071,,,,,,,,,,,SAFE,-43.429,-11.658,1.007,0.742,-0.113,-0.0,0.0,0.0,-0.005,0.0,0.0,0.0,0.0,0.0,0.0
EXO,46812072,,,,,,,,,,,SAFE,-45.456,-15.442,0.993,0.743,0.107,-0.0,0.0,0.0,-0.007,0.0,0.0,0.0,0.0,0.0,0.0
EXO,46912072,,,,,,,,,,,SAFE,-46.62,-20.874,1.003,0.743,0.088,-0.0,0.0,0.0,-0.007,0.0,0.0,0.0,0.0,0.0,0.0
EXO,47012072,,,,,,,,,,,SAFE,-48.164,-11.353,1.014,0.743,-0.072,-0.0,0.0,0.0,0.004,0.0,0.0,0.0,0.0,0.0,0.0
EXO,47112072,,,,,,,,,,,SAFE,-48.933,13.062,0.987,0.743,-0.026,-0.0,0.0,0.0,-0.003,0.0,0.0,0.0,0.0,0.0,0.0
EXO,47212072,,,,,,,,,,,SAFE,-46.066,52.368,0.976,0.743,0.099,-0.0,0.0,0.0,-0.001,0.0,0.0,0.0,0.0,0.0,0.0
EXO,47312071,,,,,,,,,,,SAFE,-42.182,16.724,0.991,0.743,0.116,-0.0,0.0,0.0,0.014,0.0,0.0,0.0,0.0,0.0,0.0
EXO,47412071,,,,,,,,,,,SAFE,-40.292,5.493,1.036,0.743,0.069,-0.0,0.0,0.0,-0.006,0.0,0.0,0.0,0.0,0.0,0.0
EXO,47512071,,,,,,,,,,,SAFE,-39.551,15.625,1.017,0.743,0.044,-0.0,0.0,0.0,-0.001,0.0,0.0,0.0,0.0,0.0,0.0
EXO,47612071,,,,,,,,,,,SAFE,-38.837,15.137,0.991,0.743,0.045,-0.0,0.0,0.0,-0.007,0.0,0.0,0.0,0.0,0.0,0.0
EXO,47712071,,,,,,,,,,,SAFE,-38.057,10.01,0.976,0.743,0.084,-0.0,0.0,0.0,-0.004,0.0,0.0,0.0,0.0,0.0,0.0
EXO,47812071,,,,,,,,,,,SAFE,-37.343,7.08,0.991,0.743,-0.014,-0.0,0.0,0.0,0.006,0.0,0.0,0.0,0.0,0.0,0.0
EXO,47912071,,,,,,,,,,,SAFE,-36.579,11.292,1.001,0.743,-0.032,-0.0,0.0,0.0,0.009,0.0,0.0,0.0,0.0,0.0,0.0
EXO,48012071,,,,,,,,,,,SAFE,-36.085,5.493,1.001,0.743,-0.146,-0.0,0.0,0.0,-0.0,0.0,0.0,0.0,0.0,0.0,0.0
EXO,48112071,,,,,,,,,,,SAFE,-36.205,-1.648,0.998,0.743,-0.058,-0.0,0.0,0.0,0.004,0.0,0.0,0.0,0.0,0.0,0.0
EXO,48212071,,,,,,,,,,,SAFE,-36.008,1.099,1.002,0.743,0.021,-0.0,0.0,0.0,0.001,0.0,0.0,0.0,0.0,0.0,0.0
EXO,48312071,,,,,,,,,,,SAFE,-36.244,-1.282,1.0,0.743,-0.151,-0.0,0.0,0.0,0.001,0.0,0.0,0.0,0.0,0.0,0.0
EXO,48412071,,,,,,,,,,,SAFE,-36.118,0.488,1.01,0.743,0.061,-0.0,0.0,0.0,-0.006,0.0,0.0,0.0,0.0,0.0,0.0
EXO,48512071,,,,,,,,,,,SAFE,-36.156,-1.099,1.0,0.743,-0.104,-0.0,0.0,0.0,0.017,0.0,0.0,0.0,0.0,0.0,0.0
EXO,48612071,,,,,,,,,,,SAFE,-36.315,-3.662,0.992,0.743,-0.044,-0.0,0.0,0.0,-0.002,0.0,0.0,0.0,0.0,0.0,0.0
EXO,48712071,,,,,,,,,,,SAFE,-36.7,-9.644,1.01,0.743,0.017,-0.0,0.0,0.0,-0.002,0.0,0.0,0.0,0.0,0.0,0.0
EXO,48812071,,,,,,,,,,,SAFE,-37.617,-0.427,0.993,0.743,-0.061,-0.0,0.0,0.0,0.002,0.0,0.0,0.0,0.0,0.0,0.0
EXO,48912071,,,,,,,,,,,SAFE,-37.661,-1.221,0.996,0.743,-0.123,-0.0,0.0,0.0,0.005,0.0,0.0,0.0,0.0,0.0,0.0
EXO,49012071,,,,,,,,,,,SAFE,-37.606,-3.418,1.001,0.743,-0.064,-0.0,0.0,0.0,0.0,0.0,0.0,0.0,0.0,0.0,0.0
EXO,49112071,,,,,,,,,,,SAFE,-37.2,-1.465,1.024,0.743,0.099,-0.0,0.0,0.0,-0.005,0.0,0.0,0.0,0.0,0.0,0.0
EXO,49212071,,,,,,,,,,,SAFE,-36.92,10.742,1.011,0.743,-0.013,-0.0,0.0,0.0,-0.002,0.0,0.0,0.0,0.0,0.0,0.0
EXO,49312071,,,,,,,,,,,SAFE,-35.925,14.587,0.982,0.743,-0.022,-0.0,0.0,0.0,0.005,0.0,0.0,0.0,0.0,0.0,0.0
EXO,49412071,,,,,,,,,,,SAFE,-35.469,3.784,0.98,0.743,-0.028,-0.0,0.0,0.0,-0.007,0.0,0.0,0.0,0.0,0.0,0.0
EXO,49512071,,,,,,,,,,,SAFE,-35.09,0.305,0.985,0.743,-0.013,-0.0,0.0,0.0,0.003,0.0,0.0,0.0,0.0,0.0,0.0
EXO,49612071,,,,,,,,,,,SAFE,-34.893,0.732,0.995,0.743,0.143,-0.0,0.0,0.0,0.006,0.0,0.0,0.0,0.0,0.0,0.0
EXO,49712071,,,,,,,,,,,SAFE,-34.909,0.0,0.998,0.743,0.077,-0.0,0.0,0.0,0.006,0.0,0.0,0.0,0.0,0.0,0.0
EXO,49812071,,,,,,,,,,,SAFE,-34.975,-1.099,0.987,0.743,0.023,-0.0,0.0,0.0,0.009,0.0,0.0,0.0,0.0,0.0,0.0
EXO,49912071,,,,,,,,,,,SAFE,-35.612,-14.343,0.963,0.743,0.026,-0.0,0.0,0.0,0.011,0.0,0.0,0.0,0.0,0.0,0.0
EXO,50012071,,,,,,,,,,,SAFE,-36.766,-13.062,1.028,0.743,0.045,-0.0,0.0,0.0,-0.001,0.0,0.0,0.0,0.0,0.0,0.0
EXO,50112082,,,,,,,,,,,SAFE,-36.738,-3.418,1.021,0.743,0.077,-0.0,0.0,0.0,0.001,0.0,0.0,0.0,0.0,0.0,0.0
EXO,50212079,,,,,,,,,,,SAFE,-36.969,1.709,0.995,0.743,0.087,-0.0,0.0,0.0,-0.01,0.0,0.0,0.0,0.0,0.0,0.0
EXO,50312084,,,,,,,,,,,SAFE,-37.408,-1.465,1.027,0.743,-0.072,-0.0,0.0,0.0,0.001,0.0,0.0,0.0,0.0,0.0,0.0
EXO,50412089,,,,,,,,,,,SAFE,-37.7,1.465,1.004,0.743,0.028,-0.0,0.0,0.0,-0.018,0.0,0.0,0.0,0.0,0.0,0.0
EXO,50512087,,,,,,,,,,,SAFE,-37.716,-2.747,0.992,0.743,0.003,-0.0,0.0,0.0,-0.004,0.0,0.0,0.0,0.0,0.0,0.0
EXO,50612085,,,,,,,,,,,SAFE,-37.683,-2.625,0.993,0.743,-0.099,-0.0,0.0,0.0,-0.004,0.0,0.0,0.0,0.0,0.0,0.0
EXO,50712085,,,,,,,,,,,SAFE,-37.831,-11.902,0.98,0.743,0.005,-0.0,0.0,0.0,0.008,0.0,0.0,0.0,0.0,0.0,0.0
EXO,50812085,,,,,,,,,,,SAFE,-37.425,-3.906,1.017,0.743,0.041,-0.0,0.0,0.0,0.002,0.0,0.0,0.0,0.0,0.0,0.0
EXO,50912094,,,,,,,,,,,SAFE,-37.332,0.732,0.991,0.743,-0.006,-0.0,0.0,0.0,-0.006,0.0,0.0,0.0,0.0,0.0,0.0
EXO,51012085,,,,,,,,,,,SAFE,-36.508,-3.479,1.001,0.743,-0.097,-0.0,0.0,0.0,0.002,0.0,0.0,0.0,0.0,0.0,0.0
EXO,51112083,,,,,,,,,,,SAFE,-35.837,-1.709,1.002,0.743,-0.032,-0.0,0.0,0.0,-0.004,0.0,0.0,0.0,0.0,0.0,0.0
EXO,51212083,,,,,,,,,,,SAFE,-35.112,1.221,1.004,0.743,0.045,-0.0,0.0,0.0,0.003,0.0,0.0,0.0,0.0,0.0,0.0
EXO,51312083,,,,,,,,,,,SAFE,-34.843,1.038,1.004,0.743,0.211,-0.0,0.0,0.0,-0.005,0.0,0.0,0.0,0.0,0.0,0.0
EXO,51412092,,,,,,,,,,,SAFE,-34.717,2.258,1.001,0.743,-0.025,-0.0,0.0,0.0,0.002,0.0,0.0,0.0,0.0,0.0,0.0
EXO,51512085,,,,,,,,,,,SAFE,-34.601,-1.16,1.0,0.743,-0.015,-0.0,0.0,0.0,-0.0,0.0,0.0,0.0,0.0,0.0,0.0
EXO,51612083,,,,,,,,,,,SAFE,-34.371,-2.38,1.005,0.743,-0.034,-0.0,0.0,0.0,-0.002,0.0,0.0,0.0,0.0,0.0,0.0
EXO,51712083,,,,,,,,,,,SAFE,-34.2,0.916,1.005,0.743,-0.022,-0.0,0.0,0.0,0.004,0.0,0.0,0.0,0.0,0.0,0.0
EXO,51812083,,,,,,,,,,,SAFE,-34.063,2.625,0.997,0.743,-0.014,-0.0,0.0,0.0,0.001,0.0,0.0,0.0,0.0,0.0,0.0
EXO,51912088,,,,,,,,,,,SAFE,-34.151,0.488,0.994,0.743,-0.092,-0.0,0.0,0.0,-0.003,0.0,0.0,0.0,0.0,0.0,0.0
EXO,52012085,,,,,,,,,,,SAFE,-33.992,5.859,1.012,0.743,-0.001,-0.0,0.0,0.0,0.0,0.0,0.0,0.0,0.0,0.0,0.0
EXO,52112083,,,,,,,,,,,SAFE,-33.948,2.258,1.0,0.743,-0.025,-0.0,0.0,0.0,0.0,0.0,0.0,0.0,0.0,0.0,0.0
EXO,52212083,,,,,,,,,,,SAFE,-34.091,-0.854,1.0,0.743,0.081,-0.0,0.0,0.0,-0.001,0.0,0.0,0.0,0.0,0.0,0.0
EXO,52312083,,,,,,,,,,,SAFE,-34.354,0.671,0.968,0.743,-0.006,-0.0,0.0,0.0,0.004,0.0,0.0,0.0,0.0,0.0,0.0
EXO,52412088,,,,,,,,,,,SAFE,-34.514,-2.563,0.994,0.743,0.034,-0.0,0.0,0.0,0.0,0.0,0.0,0.0,0.0,0.0,0.0
EXO,52512085,,,,,,,,,,,SAFE,-35.041,0.183,1.022,0.743,0.022,-0.0,0.0,0.0,0.001,0.0,0.0,0.0,0.0,0.0,0.0
EXO,52612083,,,,,,,,,,,SAFE,-34.876,0.671,1.009,0.743,0.036,-0.0,0.0,0.0,0.004,0.0,0.0,0.0,0.0,0.0,0.0
EXO,52712083,,,,,,,,,,,SAFE,-34.459,0.793,0.994,0.743,0.015,-0.0,0.0,0.0,0.0,0.0,0.0,0.0,0.0,0.0,0.0
EXO,52812083,,,,,,,,,,,SAFE,-34.349,0.549,0.996,0.743,0.056,-0.0,0.0,0.0,-0.011,0.0,0.0,0.0,0.0,0.0,0.0
EXO,52912093,,,,,,,,,,,SAFE,-34.821,-5.188,1.005,0.743,-0.05,-0.0,0.0,0.0,-0.013,0.0,0.0,0.0,0.0,0.0,0.0
EXO,53012087,,,,,,,,,,,SAFE,-35.101,-2.747,0.999,0.743,-0.084,-0.0,0.0,0.0,0.0,0.0,0.0,0.0,0.0,0.0,0.0
EXO,53112087,,,,,,,,,,,SAFE,-35.211,-1.587,1.001,0.743,-0.006,-0.0,0.0,0.0,0.006,0.0,0.0,0.0,0.0,0.0,0.0
EXO,53212085,,,,,,,,,,,SAFE,-35.92,-8.423,1.028,0.743,-0.077,-0.0,0.0,0.0,0.002,0.0,0.0,0.0,0.0,0.0,0.0
EXO,53312087,,,,,,,,,,,SAFE,-36.689,2.502,1.003,0.743,0.032,-0.0,0.0,0.0,0.002,0.0,0.0,0.0,0.0,0.0,0.0
EXO,53412092,,,,,,,,,,,SAFE,-37.386,-5.249,0.965,0.743,0.069,-0.0,0.0,0.0,0.002,0.0,0.0,0.0,0.0,0.0,0.0
EXO,53512085,,,,,,,,,,,SAFE,-38.661,6.104,1.024,0.743,-0.033,-0.0,0.0,0.0,0.003,0.0,0.0,0.0,0.0,0.0,0.0
EXO,53612083,,,,,,,,,,,SAFE,-40.974,1.16,0.984,0.743,-0.025,-0.0,0.0,0.0,-0.001,0.0,0.0,0.0,0.0,0.0,0.0
EXO,53712083,,,,,,,,,,,SAFE,-42.418,-15.137,1.005,0.743,-0.05,-0.0,0.0,0.0,-0.005,0.0,0.0,0.0,0.0,0.0,0.0
EXO,53812083,,,,,,,,,,,SAFE,-44.978,-18.921,0.961,0.743,0.131,-0.0,0.0,0.0,-0.009,0.0,0.0,0.0,0.0,0.0,0.0
EXO,53912114,,,,,,,,,,,SAFE,-46.406,-28.992,0.983,0.743,0.135,-0.0,0.0,0.0,0.004,0.0,0.0,0.0,0.0,0.0,0.0
EXO,54012092,,,,,,,,,,,SAFE,-47.131,-18.616,1.146,0.743,0.084,-0.0,0.0,0.0,-0.01,0.0,0.0,0.0,0.0,0.0,0.0
EXO,54112090,,,,,,,,,,,SAFE,-49.757,7.385,0.945,0.743,0.112,-0.0,0.0,0.0,-0.0,0.0,0.0,0.0,0.0,0.0,0.0
EXO,54212092,,,,,,,,,,,SAFE,-48.263,-31.25,0.992,0.743,0.104,-0.0,0.0,0.0,-0.001,0.0,0.0,0.0,0.0,0.0,0.0
EXO,54312090,,,,,,,,,,,SAFE,-48.4,-48.096,0.943,0.743,-0.019,-0.0,0.0,0.0,0.002,0.0,0.0,0.0,0.0,0.0,0.0
EXO,54412093,,,,,,,,,,,SAFE,-47.384,2.991,0.911,0.743,-0.06,-0.0,0.0,0.0,-0.026,0.0,0.0,0.0,0.0,0.0,0.0
EXO,54512089,,,,,,,,,,,SAFE,-47.692,-18.616,1.031,0.745,0.036,-0.0,0.0,0.0,0.009,0.0,0.0,0.0,0.0,0.0,0.0
EXO,54612087,,,,,,,,,,,SAFE,-48.45,-29.175,1.081,0.749,0.117,-0.0,0.0,0.0,-0.04,0.0,0.0,0.0,0.0,0.0,0.0
EXO,54712087,,,,,,,,,,,SAFE,-50.12,17.395,1.06,0.83,1.259,-0.0,0.0,0.0,-0.138,0.0,0.0,0.0,0.0,0.0,0.0
EXO,54812087,,,,,,,,,,,SAFE,-54.503,-22.827,0.943,0.995,1.863,-0.0,0.0,0.0,-0.029,0.0,0.0,0.0,0.0,0.0,0.0
EXO,54912092,,,,,,,,,,,SAFE,-60.617,-25.269,1.011,1.18,1.762,-0.0,0.0,0.0,0.01,0.0,0.0,0.0,0.0,0.0,0.0
EXO,55012089,,,,,,,,,,,SAFE,-65.709,2.075,1.107,1.283,0.03,-0.0,0.0,0.0,0.168,0.0,0.0,0.0,0.0,0.0,0.0
EXO,55112087,,,,,,,,,,,SAFE,-63.99,11.353,0.889,1.226,-1.141,-0.0,0.0,0.0,0.137,0.0,0.0,0.0,0.0,0.0,0.0
EXO,55212087,,,,,,,,,,,SAFE,-57.711,17.761,0.995,1.071,-2.056,-0.0,0.0,0.0,-0.013,0.0,0.0,0.0,0.0,0.0,0.0
EXO,55312087,,,,,,,,,,,SAFE,-50.004,13.855,1.013,0.88,-1.773,-0.0,0.0,0.0,0.009,0.0,0.0,0.0,0.0,0.0,0.0
EXO,55412099,,,,,,,,,,,SAFE,-42.852,8.301,0.915,0.728,-0.97,-0.0,0.0,0.0,-0.245,0.0,0.0,0.0,0.0,0.0,0.0
EXO,55512085,,,,,,,,,,,SAFE,-39.331,-9.399,1.067,0.677,0.022,-0.0,0.0,0.0,-0.015,0.0,0.0,0.0,0.0,0.0,0.0
EXO,55612083,,,,,,,,,,,SAFE,-39.628,-18.738,1.114,0.681,0.191,-0.0,0.0,0.0,-0.031,0.0,0.0,0.0,0.0,0.0,0.0
EXO,55712084,,,,,,,,,,,SAFE,-42.693,14.16,0.999,0.712,0.704,-0.0,0.0,0.0,-0.134,0.0,0.0,0.0,0.0,0.0,0.0
EXO,55812108,,,,,,,,,,,SAFE,-47.527,-10.803,0.921,0.829,1.42,-0.0,0.0,0.0,-0.111,0.0,0.0,0.0,0.0,0.0,0.0
EXO,55912092,,,,,,,,,,,SAFE,-54.569,-30.457,1.044,1.004,2.082,-0.0,0.0,0.0,-0.112,0.0,0.0,0.0,0.0,0.0,0.0
EXO,56012089,,,,,,,,,,,SAFE,-63.446,0.366,1.033,1.195,1.705,-0.0,0.0,0.0,-0.003,0.0,0.0,0.0,0.0,0.0,0.0
EXO,56112087,,,,,,,,,,,SAFE,-68.851,-13.794,0.879,1.311,0.416,-0.0,0.0,0.0,0.128,0.0,0.0,0.0,0.0,0.0,0.0
EXO,56212087,,,,,,,,,,,SAFE,-68.5,-11.902,1.031,1.313,0.015,-0.0,0.0,0.0,-0.001,0.0,0.0,0.0,0.0,0.0,0.0
EXO,56312089,,,,,,,,,,,SAFE,-66.588,-5.432,0.963,1.28,-0.887,-0.0,0.0,0.0,0.11,0.0,0.0,0.0,0.0,0.0,0.0
EXO,56412091,,,,,,,,,,,SAFE,-61.188,9.766,1.027,1.139,-1.808,-0.0,0.0,0.0,0.036,0.0,0.0,0.0,0.0,0.0,0.0
EXO,56512089,,,,,,,,,,,SAFE,-54.091,26.55,0.961,0.951,-1.76,-0.0,0.0,0.0,-0.062,0.0,0.0,0.0,0.0,0.0,0.0
EXO,56612087,,,,,,,,,,,SAFE,-47.12,19.104,1.061,0.784,-1.385,-0.0,0.0,0.0,-0.204,0.0,0.0,0.0,0.0,0.0,0.0
EXO,56712093,,,,,,,,,,,SAFE,-42.786,-0.244,1.096,0.712,0.113,-0.0,0.0,0.0,-0.045,0.0,0.0,0.0,0.0,0.0,0.0
EXO,56812084,,,,,,,,,,,SAFE,-44.203,-13.855,1.053,0.737,0.661,-0.0,0.0,0.0,-0.03,0.0,0.0,0.0,0.0,0.0,0.0
EXO,56912118,,,,,,,,,,,SAFE,-48.702,-10.742,1.062,0.83,1.229,-0.0,0.0,0.0,-0.124,0.0,0.0,0.0,0.0,0.0,0.0
EXO,57012092,,,,,,,,,,,SAFE,-54.926,-5.127,1.0,0.973,1.534,-0.0,0.0,0.0,-0.01,0.0,0.0,0.0,0.0,0.0,0.0
EXO,57112092,,,,,,,,,,,SAFE,-62.655,-18.494,0.988,1.128,1.313,-0.0,0.0,0.0,-0.024,0.0,0.0,0.0,0.0,0.0,0.0
EXO,57212090,,,,,,,,,,,SAFE,-68.11,-4.761,0.968,1.237,0.643,-0.0,0.0,0.0,0.049,0.0,0.0,0.0,0.0,0.0,0.0
EXO,57312092,,,,,,,,,,,SAFE,-69.368,3.357,0.909,1.247,0.013,-0.0,0.0,0.0,0.014,0.0,0.0,0.0,0.0,0.0,0.0
EXO,57412095,,,,,,,,,,,SAFE,-65.462,-1.892,0.998,1.239,-0.14,-0.0,0.0,0.0,0.059,0.0,0.0,0.0,0.0,0.0,0.0
EXO,57512089,,,,,,,,,,,SAFE,-61.221,1.221,1.061,1.165,-0.973,-0.0,0.0,0.0,0.087,0.0,0.0,0.0,0.0,0.0,0.0
EXO,57612091,,,,,,,,,,,SAFE,-56.503,27.527,1.004,1.04,-1.443,-0.0,0.0,0.0,0.118,0.0,0.0,0.0,0.0,0.0,0.0
EXO,57712087,,,,,,,,,,,SAFE,-51.378,7.69,0.963,0.904,-1.252,-0.0,0.0,0.0,-0.087,0.0,0.0,0.0,0.0,0.0,0.0
EXO,57812091,,,,,,,,,,,SAFE,-46.247,16.296,1.018,0.789,-1.052,-0.0,0.0,0.0,-0.081,0.0,0.0,0.0,0.0,0.0,0.0
EXO,57912101,,,,,,,,,,,SAFE,-42.545,9.033,0.983,0.721,-0.242,-0.0,0.0,0.0,-0.061,0.0,0.0,0.0,0.0,0.0,0.0
EXO,58012085,,,,,,,,,,,SAFE,-41.446,-13.367,1.013,0.721,0.076,-0.0,0.0,0.0,-0.003,0.0,0.0,0.0,0.0,0.0,0.0
EXO,58112083,,,,,,,,,,,SAFE,-42.067,4.944,1.033,0.722,-0.054,-0.0,0.0,0.0,-0.005,0.0,0.0,0.0,0.0,0.0,0.0
EXO,58212083,,,,,,,,,,,SAFE,-43.363,12.085,0.971,0.722,-0.007,-0.0,0.0,0.0,0.018,0.0,0.0,0.0,0.0,0.0,0.0
EXO,58312083,,,,,,,,,,,SAFE,-44.379,0.061,0.984,0.722,0.073,-0.0,0.0,0.0,-0.001,0.0,0.0,0.0,0.0,0.0,0.0
EXO,58412090,,,,,,,,,,,SAFE,-44.434,4.456,1.056,0.722,0.097,-0.0,0.0,0.0,0.001,0.0,0.0,0.0,0.0,0.0,0.0
EXO,58512108,,,,,,,,,,,SAFE,-45.192,7.935,0.986,0.722,0.029,-0.0,0.0,0.0,-0.021,0.0,0.0,0.0,0.0,0.0,0.0
EXO,58612090,,,,,,,,,,,SAFE,-45.654,4.456,0.977,0.722,0.029,-0.0,0.0,0.0,-0.0,0.0,0.0,0.0,0.0,0.0,0.0
EXO,58712092,,,,,,,,,,,SAFE,-45.868,4.883,0.968,0.722,-0.034,-0.0,0.0,0.0,0.053,0.0,0.0,0.0,0.0,0.0,0.0
EXO,58812090,,,,,,,,,,,SAFE,-46.642,-3.174,1.023,0.722,-0.062,-0.0,0.0,0.0,-0.016,0.0,0.0,0.0,0.0,0.0,0.0
EXO,58912095,,,,,,,,,,,SAFE,-48.268,6.409,0.996,0.722,-0.056,-0.0,0.0,0.0,-0.005,0.0,0.0,0.0,0.0,0.0,0.0
EXO,59012089,,,,,,,,,,,SAFE,-49.367,-3.723,0.998,0.722,0.072,-0.0,0.0,0.0,0.01,0.0,0.0,0.0,0.0,0.0,0.0
EXO,59112089,,,,,,,,,,,SAFE,-50.905,-0.977,1.02,0.722,-0.009,-0.0,0.0,0.0,-0.002,0.0,0.0,0.0,0.0,0.0,0.0
EXO,59212087,,,,,,,,,,,SAFE,-51.356,10.62,1.023,0.722,-0.107,-0.0,0.0,0.0,-0.003,0.0,0.0,0.0,0.0,0.0,0.0
EXO,59312089,,,,,,,,,,,SAFE,-50.702,21.301,1.009,0.721,0.06,-0.0,0.0,0.0,0.002,0.0,0.0,0.0,0.0,0.0,0.0
EXO,59412093,,,,,,,,,,,SAFE,-49.702,16.846,1.028,0.72,0.079,-0.0,0.0,0.0,0.002,0.0,0.0,0.0,0.0,0.0,0.0
EXO,59512089,,,,,,,,,,,SAFE,-48.181,19.409,1.003,0.713,-0.245,-0.0,0.0,0.0,0.023,0.0,0.0,0.0,0.0,0.0,0.0
EXO,59612087,,,,,,,,,,,SAFE,-46.675,39.612,1.024,0.669,-0.794,-0.0,0.0,0.0,-0.07,0.0,0.0,0.0,0.0,0.0,0.0
EXO,59712093,,,,,,,,,,,SAFE,-43.533,43.579,1.018,0.574,-1.149,-0.0,0.0,0.0,0.096,0.0,0.0,0.0,0.0,0.0,0.0
EXO,59812083,,,,,,,,,,,SAFE,-39.111,37.537,1.002,0.48,-0.634,-0.0,0.0,0.0,-0.043,0.0,0.0,0.0,0.0,0.0,0.0
EXO,59912088,,,,,,,,,,,SAFE,-35.206,20.996,0.984,0.426,-0.327,-0.0,0.0,0.0,-0.01,0.0,0.0,0.0,0.0,0.0,0.0
EXO,60012085,,,,,,,,,,,SAFE,-32.108,11.841,0.993,0.415,-0.191,-0.0,0.0,0.0,-0.007,0.0,0.0,0.0,0.0,0.0,0.0
EXO,60112083,,,,,,,,,,,SAFE,-30.608,-3.296,1.033,0.376,-0.489,-0.0,0.0,0.0,-0.016,0.0,0.0,0.0,0.0,0.0,0.0
EXO,60212083,,,,,,,,,,,SAFE,-28.971,20.325,0.982,0.327,-0.773,-0.0,0.0,0.0,-0.005,0.0,0.0,0.0,0.0,0.0,0.0
EXO,60312083,,,,,,,,,,,SAFE,-27.85,25.452,0.975,0.261,-0.708,-0.0,0.0,0.0,-0.036,0.0,0.0,0.0,0.0,0.0,0.0
EXO,60412089,,,,,,,,,,,SAFE,-26.488,13.489,0.977,0.209,-0.532,-0.0,0.0,0.0,-0.097,0.0,0.0,0.0,0.0,0.0,0.0
EXO,60512085,,,,,,,,,,,SAFE,-25.697,16.418,0.993,0.191,-0.101,-0.0,0.0,0.0,-0.018,0.0,0.0,0.0,0.0,0.0,0.0
EXO,60612085,,,,,,,,,,,SAFE,-25.56,-0.732,0.987,0.191,-0.014,-0.0,0.0,0.0,-0.002,0.0,0.0,0.0,0.0,0.0,0.0
EXO,60712083,,,,,,,,,,,SAFE,-26.071,-1.953,0.999,0.191,-0.003,-0.0,0.0,0.0,-0.001,0.0,0.0,0.0,0.0,0.0,0.0
EXO,60812085,,,,,,,,,,,SAFE,-26.169,11.536,1.005,0.191,-0.064,-0.0,0.0,0.0,-0.006,0.0,0.0,0.0,0.0,0.0,0.0
EXO,60912090,,,,,,,,,,,SAFE,-25.263,21.973,0.994,0.191,-0.042,-0.0,0.0,0.0,0.004,0.0,0.0,0.0,0.0,0.0,0.0
EXO,61012085,,,,,,,,,,,SAFE,-24.109,10.864,1.003,0.191,-0.117,-0.0,0.0,0.0,0.013,0.0,0.0,0.0,0.0,0.0,0.0
EXO,61112083,,,,,,,,,,,SAFE,-24.758,-12.39,0.992,0.191,0.038,-0.0,0.0,0.0,0.004,0.0,0.0,0.0,0.0,0.0,0.0
EXO,61212083,,,,,,,,,,,SAFE,-25.28,0.549,0.997,0.191,0.154,-0.0,0.0,0.0,-0.001,0.0,0.0,0.0,0.0,0.0,0.0
EXO,61312083,,,,,,,,,,,SAFE,-25.439,3.906,0.971,0.191,-0.009,-0.0,0.0,0.0,0.005,0.0,0.0,0.0,0.0,0.0,0.0
EXO,61412089,,,,,,,,,,,SAFE,-24.659,20.142,1.038,0.191,-0.091,-0.0,0.0,0.0,-0.008,0.0,0.0,0.0,0.0,0.0,0.0
EXO,61512087,,,,,,,,,,,SAFE,-23.846,8.301,0.998,0.191,-0.048,-0.0,0.0,0.0,0.0,0.0,0.0,0.0,0.0,0.0,0.0
EXO,61612073,,,,,,,,,,,SAFE,-23.483,6.287,0.993,0.192,-0.131,-0.0,0.0,0.0,-0.002,0.0,0.0,0.0,0.0,0.0,0.0
EXO,61712073,,,,,,,,,,,SAFE,-22.676,14.648,0.981,0.192,0.017,-0.0,0.0,0.0,0.015,0.0,0.0,0.0,0.0,0.0,0.0
EXO,61812073,,,,,,,,,,,SAFE,-21.572,12.451,1.007,0.192,0.066,-0.0,0.0,0.0,0.006,0.0,0.0,0.0,0.0,0.0,0.0
EXO,61912071,,,,,,,,,,,SAFE,-20.61,20.691,0.986,0.192,-0.05,-0.0,0.0,0.0,-0.005,0.0,0.0,0.0,0.0,0.0,0.0
EXO,62012071,,,,,,,,,,,SAFE,-19.83,3.235,0.995,0.191,-0.017,-0.0,0.0,0.0,0.016,0.0,0.0,0.0,0.0,0.0,0.0
EXO,62112071,,,,,,,,,,,SAFE,-19.534,0.916,0.988,0.192,0.056,-0.0,0.0,0.0,-0.008,0.0,0.0,0.0,0.0,0.0,0.0
EXO,62212071,,,,,,,,,,,SAFE,-19.814,-6.104,1.004,0.192,0.034,-0.0,0.0,0.0,-0.002,0.0,0.0,0.0,0.0,0.0,0.0
EXO,62312071,,,,,,,,,,,SAFE,-20.852,-13.245,1.024,0.192,0.017,-0.0,0.0,0.0,0.003,0.0,0.0,0.0,0.0,0.0,0.0
EXO,62412071,,,,,,,,,,,SAFE,-21.072,17.212,0.98,0.192,0.119,-0.0,0.0,0.0,0.001,0.0,0.0,0.0,0.0,0.0,0.0
EXO,62512071,,,,,,,,,,,SAFE,-20.116,-2.441,0.967,0.192,0.058,-0.0,0.0,0.0,0.005,0.0,0.0,0.0,0.0,0.0,0.0
EXO,62612071,,,,,,,,,,,SAFE,-19.473,30.64,1.017,0.192,-0.01,-0.0,0.0,0.0,0.001,0.0,0.0,0.0,0.0,0.0,0.0
EXO,62712071,,,,,,,,,,,SAFE,-17.512,17.334,1.027,0.193,0.044,-0.0,0.0,0.0,0.004,0.0,0.0,0.0,0.0,0.0,0.0
EXO,62812071,,,,,,,,,,,SAFE,-16.403,9.949,0.985,0.193,0.15,-0.0,0.0,0.0,-0.005,0.0,0.0,0.0,0.0,0.0,0.0
EXO,62912071,,,,,,,,,,,SAFE,-17.232,-19.348,0.959,0.192,-0.03,-0.0,0.0,0.0,0.007,0.0,0.0,0.0,0.0,0.0,0.0
EXO,63012071,,,,,,,,,,,SAFE,-20.555,-63.416,1.003,0.193,-0.017,-0.0,0.0,0.0,0.032,0.0,0.0,0.0,0.0,0.0,0.0
EXO,63112071,,,,,,,,,,,SAFE,-24.516,-21.24,0.99,0.193,0.101,-0.0,0.0,0.0,0.002,0.0,0.0,0.0,0.0,0.0,0.0
EXO,63212071,,,,,,,,,,,SAFE,-25.296,-12.146,0.988,0.193,-0.045,-0.0,0.0,0.0,-0.006,0.0,0.0,0.0,0.0,0.0,0.0
EXO,63312071,,,,,,,,,,,SAFE,-26.642,-29.907,1.044,0.193,0.107,-0.0,0.0,0.0,-0.008,0.0,0.0,0.0,0.0,0.0,0.0
EXO,63412071,,,,,,,,,,,SAFE,-28.905,-14.343,0.989,0.194,0.072,-0.0,0.0,0.0,-0.008,0.0,0.0,0.0,0.0,0.0,0.0
EXO,63512071,,,,,,,,,,,SAFE,-30.009,-19.897,0.998,0.195,0.06,-0.0,0.0,0.0,-0.005,0.0,0.0,0.0,0.0,0.0,0.0
EXO,63612071,,,,,,,,,,,SAFE,-31.833,-25.696,1.005,0.218,0.464,-0.0,0.0,0.0,0.028,0.0,0.0,0.0,0.0,0.0,0.0
EXO,63712071,,,,,,,,,,,SAFE,-33.755,-48.096,1.012,0.277,0.841,-0.0,0.0,0.0,0.012,0.0,0.0,0.0,0.0,0.0,0.0
EXO,63812071,,,,,,,,,,,SAFE,-37.947,-67.993,0.993,0.367,0.86,-0.0,0.0,0.0,-0.039,0.0,0.0,0.0,0.0,0.0,0.0
EXO,63912071,,,,,,,,,,,SAFE,-43.336,-39.307,0.963,0.466,0.808,-0.0,0.0,0.0,0.103,0.0,0.0,0.0,0.0,0.0,0.0
EXO,64012076,,,,,,,,,,,SAFE,-48.12,-65.125,1.03,0.547,0.549,-0.0,0.0,0.0,-0.012,0.0,0.0,0.0,0.0,0.0,0.0
EXO,64112072,,,,,,,,,,,SAFE,-52.531,-30.09,1.003,0.574,0.007,-0.0,0.0,0.0,-0.0,0.0,0.0,0.0,0.0,0.0,0.0
EXO,64212072,,,,,,,,,,,SAFE,-53.915,-0.061,1.036,0.573,-0.034,-0.0,0.0,0.0,0.002,0.0,0.0,0.0,0.0,0.0,0.0
EXO,64312072,,,,,,,,,,,SAFE,-54.454,-4.822,0.991,0.573,0.109,-0.0,0.0,0.0,0.012,0.0,0.0,0.0,0.0,0.0,0.0
EXO,64412072,,,,,,,,,,,SAFE,-54.591,0.244,0.98,0.573,0.026,-0.0,0.0,0.0,0.005,0.0,0.0,0.0,0.0,0.0,0.0
EXO,64512072,,,,,,,,,,,SAFE,-54.322,-4.456,1.022,0.573,0.03,-0.0,0.0,0.0,0.005,0.0,0.0,0.0,0.0,0.0,0.0
EXO,64612072,,,,,,,,,,,SAFE,-54.662,2.075,1.005,0.572,-0.062,-0.0,0.0,0.0,0.002,0.0,0.0,0.0,0.0,0.0,0.0
EXO,64712072,,,,,,,,,,,SAFE,-55.129,-8.179,0.988,0.572,0.033,-0.0,0.0,0.0,-0.018,0.0,0.0,0.0,0.0,0.0,0.0
EXO,64812072,,,,,,,,,,,SAFE,-55.937,-13.123,1.005,0.572,-0.045,-0.0,0.0,0.0,-0.013,0.0,0.0,0.0,0.0,0.0,0.0
EXO,64912072,,,,,,,,,,,SAFE,-56.618,-0.183,1.01,0.572,0.116,-0.0,0.0,0.0,0.007,0.0,0.0,0.0,0.0,0.0,0.0
EXO,65012072,,,,,,,,,,,SAFE,-56.986,5.188,1.002,0.572,-0.044,-0.0,0.0,0.0,0.0,0.0,0.0,0.0,0.0,0.0,0.0
EXO,65112072,,,,,,,,,,,SAFE,-56.717,0.122,1.004,0.571,-0.056,-0.0,0.0,0.0,0.005,0.0,0.0,0.0,0.0,0.0,0.0
EXO,65212072,,,,,,,,,,,SAFE,-56.481,-0.244,1.009,0.572,0.007,-0.0,0.0,0.0,-0.011,0.0,0.0,0.0,0.0,0.0,0.0
EXO,65312072,,,,,,,,,,,SAFE,-56.678,-9.949,0.988,0.572,0.036,-0.0,0.0,0.0,0.008,0.0,0.0,0.0,0.0,0.0,0.0
EXO,65412072,,,,,,,,,,,SAFE,-57.068,-5.432,0.998,0.572,0.019,-0.0,0.0,0.0,-0.002,0.0,0.0,0.0,0.0,0.0,0.0
EXO,65512072,,,,,,,,,,,SAFE,-57.431,-5.615,1.0,0.571,0.065,-0.0,0.0,0.0,0.004,0.0,0.0,0.0,0.0,0.0,0.0
EXO,65612072,,,,,,,,,,,SAFE,-57.865,-13.489,1.007,0.571,-0.155,-0.0,0.0,0.0,-0.006,0.0,0.0,0.0,0.0,0.0,0.0
EXO,65712072,,,,,,,,,,,SAFE,-59.425,-18.127,0.987,0.571,0.096,-0.0,0.0,0.0,0.003,0.0,0.0,0.0,0.0,0.0,0.0
EXO,65812072,,,,,,,,,,,SAFE,-60.683,-6.653,0.981,0.571,-0.12,-0.0,0.0,0.0,-0.009,0.0,0.0,0.0,0.0,0.0,0.0
EXO,65912072,,,,,,,,,,,SAFE,-61.529,5.554,1.037,0.571,0.025,-0.0,0.0,0.0,0.006,0.0,0.0,0.0,0.0,0.0,0.0
EXO,66012072,,,,,,,,,,,SAFE,-62.974,-21.118,0.969,0.571,-0.142,-0.0,0.0,0.0,-0.003,0.0,0.0,0.0,0.0,0.0,0.0
EXO,66112072,,,,,,,,,,,SAFE,-64.55,-19.104,1.015,0.571,0.002,-0.0,0.0,0.0,0.001,0.0,0.0,0.0,0.0,0.0,0.0
EXO,66212072,,,,,,,,,,,SAFE,-65.605,7.263,1.021,0.571,-0.003,-0.0,0.0,0.0,0.006,0.0,0.0,0.0,0.0,0.0,0.0
EXO,66312072,,,,,,,,,,,SAFE,-66.308,-2.625,0.977,0.571,0.042,-0.0,0.0,0.0,-0.013,0.0,0.0,0.0,0.0,0.0,0.0
EXO,66412072,,,,,,,,,,,SAFE,-66.687,-7.385,1.018,0.571,0.06,-0.0,0.0,0.0,0.003,0.0,0.0,0.0,0.0,0.0,0.0
EXO,66512072,,,,,,,,,,,SAFE,-67.209,-3.235,1.025,0.571,0.041,-0.0,0.0,0.0,0.006,0.0,0.0,0.0,0.0,0.0,0.0
EXO,66612072,,,,,,,,,,,SAFE,-68.082,0.916,1.006,0.571,-0.119,-0.0,0.0,0.0,-0.001,0.0,0.0,0.0,0.0,0.0,0.0
EXO,66712072,,,,,,,,,,,SAFE,-68.752,-1.099,0.974,0.571,-0.065,-0.0,0.0,0.0,-0.013,0.0,0.0,0.0,0.0,0.0,0.0
EXO,66812072,,,,,,,,,,,SAFE,-69.258,-4.761,1.0,0.571,-0.029,-0.0,0.0,0.0,-0.003,0.0,0.0,0.0,0.0,0.0,0.0
EXO,66912072,,,,,,,,,,,SAFE,-69.955,-1.587,0.984,0.571,0.038,-0.0,0.0,0.0,0.005,0.0,0.0,0.0,0.0,0.0,0.0
EXO,67012072,,,,,,,,,,,SAFE,-70.604,0.793,1.025,0.571,-0.089,-0.0,0.0,0.0,0.005,0.0,0.0,0.0,0.0,0.0,0.0
EXO,67112072,,,,,,,,,,,SAFE,-71.158,-1.587,0.979,0.571,0.003,-0.0,0.0,0.0,-0.004,0.0,0.0,0.0,0.0,0.0,0.0
EXO,67212072,,,,,,,,,,,SAFE,-71.532,0.61,0.989,0.571,0.05,-0.0,0.0,0.0,0.007,0.0,0.0,0.0,0.0,0.0,0.0
EXO,67312072,,,,,,,,,,,SAFE,-71.911,3.113,1.023,0.571,0.009,-0.0,0.0,0.0,-0.001,0.0,0.0,0.0,0.0,0.0,0.0
EXO,67412072,,,,,,,,,,,SAFE,-72.554,-0.427,1.0,0.571,-0.107,-0.0,0.0,0.0,-0.004,0.0,0.0,0.0,0.0,0.0,0.0
EXO,67512071,,,,,,,,,,,SAFE,-73.054,1.099,0.984,0.571,-0.05,-0.0,0.0,0.0,0.009,0.0,0.0,0.0,0.0,0.0,0.0
EXO,67612071,,,,,,,,,,,SAFE,-73.262,3.723,0.997,0.571,-0.009,-0.0,0.0,0.0,0.001,0.0,0.0,0.0,0.0,0.0,0.0
EXO,67712072,,,,,,,,,,,SAFE,-72.076,66.345,0.966,0.571,0.066,-0.0,0.0,0.0,-0.009,0.0,0.0,0.0,0.0,0.0,0.0
EXO,67812072,,,,,,,,,,,SAFE,-64.775,116.882,1.082,0.571,-0.056,-0.0,0.0,0.0,0.012,0.0,0.0,0.0,0.0,0.0,0.0
EXO,67912072,,,,,,,,,,,SAFE,-59.139,42.236,0.951,0.571,-0.087,-0.0,0.0,0.0,-0.019,0.0,0.0,0.0,0.0,0.0,0.0
EXO,68012072,,,,,,,,,,,SAFE,-54.635,44.067,1.002,0.571,-0.01,-0.0,0.0,0.0,-0.004,0.0,0.0,0.0,0.0,0.0,0.0
EXO,68112072,,,,,,,,,,,SAFE,-51.273,35.339,0.982,0.571,0.048,-0.0,0.0,0.0,-0.005,0.0,0.0,0.0,0.0,0.0,0.0
EXO,68212072,,,,,,,,,,,SAFE,-48.126,19.897,0.992,0.571,-0.139,-0.0,0.0,0.0,0.003,0.0,0.0,0.0,0.0,0.0,0.0
EXO,68312072,,,,,,,,,,,SAFE,-47.131,0.732,0.986,0.571,0.005,-0.0,0.0,0.0,-0.009,0.0,0.0,0.0,0.0,0.0,0.0
EXO,68412072,,,,,,,,,,,SAFE,-46.335,-17.456,0.96,0.571,0.048,-0.0,0.0,0.0,-0.02,0.0,0.0,0.0,0.0,0.0,0.0
EXO,68512071,,,,,,,,,,,SAFE,-44.066,-1.343,1.047,0.571,-0.011,-0.0,0.0,0.0,-0.005,0.0,0.0,0.0,0.0,0.0,0.0
EXO,68612071,,,,,,,,,,,SAFE,-42.556,-4.578,1.001,0.571,-0.085,-0.0,0.0,0.0,-0.01,0.0,0.0,0.0,0.0,0.0,0.0
EXO,68712071,,,,,,,,,,,SAFE,-40.831,25.574,1.002,0.572,0.209,-0.0,0.0,0.0,-0.004,0.0,0.0,0.0,0.0,0.0,0.0
EXO,68812071,,,,,,,,,,,SAFE,-38.298,24.292,1.02,0.571,-0.042,-0.0,0.0,0.0,0.013,0.0,0.0,0.0,0.0,0.0,0.0
EXO,68912071,,,,,,,,,,,SAFE,-36.546,10.254,0.991,0.572,0.011,-0.0,0.0,0.0,0.001,0.0,0.0,0.0,0.0,0.0,0.0
EXO,69012071,,,,,,,,,,,SAFE,-35.53,-6.226,0.978,0.571,0.154,-0.0,0.0,0.0,0.008,0.0,0.0,0.0,0.0,0.0,0.0
EXO,69112071,,,,,,,,,,,SAFE,-35.497,-4.089,1.031,0.572,0.099,-0.0,0.0,0.0,-0.008,0.0,0.0,0.0,0.0,0.0,0.0
EXO,69212071,,,,,,,,,,,SAFE,-35.574,9.46,1.004,0.572,-0.049,-0.0,0.0,0.0,0.0,0.0,0.0,0.0,0.0,0.0,0.0
EXO,69312071,,,,,,,,,,,SAFE,-35.486,1.343,0.971,0.571,-0.134,-0.0,0.0,0.0,0.005,0.0,0.0,0.0,0.0,0.0,0.0
EXO,69412071,,,,,,,,,,,SAFE,-35.859,-20.264,0.997,0.572,-0.019,-0.0,0.0,0.0,0.006,0.0,0.0,0.0,0.0,0.0,0.0
EXO,69512071,,,,,,,,,,,SAFE,-36.464,-6.104,1.023,0.572,0.108,-0.0,0.0,0.0,-0.002,0.0,0.0,0.0,0.0,0.0,0.0
EXO,69612071,,,,,,,,,,,SAFE,-37.326,-16.968,0.988,0.571,-0.033,-0.0,0.0,0.0,-0.008,0.0,0.0,0.0,0.0,0.0,0.0
EXO,69712071,,,,,,,,,,,SAFE,-37.194,13.306,0.97,0.571,-0.034,-0.0,0.0,0.0,0.008,0.0,0.0,0.0,0.0,0.0,0.0
EXO,69812071,,,,,,,,,,,SAFE,-34.036,18.555,1.082,0.571,-0.011,-0.0,0.0,0.0,0.006,0.0,0.0,0.0,0.0,0.0,0.0
EXO,69912071,,,,,,,,,,,SAFE,-33.75,-20.325,1.002,0.571,-0.015,-0.0,0.0,0.0,-0.01,0.0,0.0,0.0,0.0,0.0,0.0
EXO,70012071,,,,,,,,,,,SAFE,-33.365,-16.418,1.012,0.571,-0.036,-0.0,0.0,0.0,-0.001,0.0,0.0,0.0,0.0,0.0,0.0
EXO,70112071,,,,,,,,,,,SAFE,-32.498,-7.141,1.001,0.571,0.03,-0.0,0.0,0.0,0.004,0.0,0.0,0.0,0.0,0.0,0.0
EXO,70212071,,,,,,,,,,,SAFE,-32.943,-4.211,0.996,0.571,-0.131,-0.0,0.0,0.0,-0.003,0.0,0.0,0.0,0.0,0.0,0.0
EXO,70312071,,,,,,,,,,,SAFE,-33.442,-0.671,0.998,0.571,0.096,-0.0,0.0,0.0,0.005,0.0,0.0,0.0,0.0,0.0,0.0
EXO,70412071,,,,,,,,,,,SAFE,-33.42,1.526,1.013,0.571,0.03,-0.0,0.0,0.0,0.002,0.0,0.0,0.0,0.0,0.0,0.0
EXO,70512071,,,,,,,,,,,SAFE,-33.486,3.601,0.998,0.571,0.023,-0.0,0.0,0.0,0.0,0.0,0.0,0.0,0.0,0.0,0.0
EXO,70612071,,,,,,,,,,,SAFE,-33.426,4.272,1.007,0.571,-0.112,-0.0,0.0,0.0,-0.002,0.0,0.0,0.0,0.0,0.0,0.0
EXO,70712071,,,,,,,,,,,SAFE,-33.431,7.08,1.017,0.571,0.03,-0.0,0.0,0.0,0.005,0.0,0.0,0.0,0.0,0.0,0.0
EXO,70812071,,,,,,,,,,,SAFE,-32.915,7.446,0.986,0.571,-0.022,-0.0,0.0,0.0,-0.002,0.0,0.0,0.0,0.0,0.0,0.0
EXO,70912071,,,,,,,,,,,SAFE,-32.13,13.55,0.99,0.571,-0.077,-0.0,0.0,0.0,-0.004,0.0,0.0,0.0,0.0,0.0,0.0
EXO,71012071,,,,,,,,,,,SAFE,-31.844,14.893,1.009,0.571,0.023,-0.0,0.0,0.0,0.006,0.0,0.0,0.0,0.0,0.0,0.0
EXO,71112071,,,,,,,,,,,SAFE,-32.113,11.23,1.006,0.571,0.022,-0.0,0.0,0.0,0.009,0.0,0.0,0.0,0.0,0.0,0.0
EXO,71212071,,,,,,,,,,,SAFE,-31.805,7.263,0.987,0.571,-0.006,-0.0,0.0,0.0,0.009,0.0,0.0,0.0,0.0,0.0,0.0
EXO,71312071,,,,,,,,,,,SAFE,-31.877,2.136,0.985,0.571,0.022,-0.0,0.0,0.0,0.001,0.0,0.0,0.0,0.0,0.0,0.0
EXO,71412071,,,,,,,,,,,SAFE,-32.19,5.981,0.993,0.571,-0.076,-0.0,0.0,0.0,0.007,0.0,0.0,0.0,0.0,0.0,0.0
EXO,71512071,,,,,,,,,,,SAFE,-32.591,-2.258,1.025,0.571,0.258,-0.0,0.0,0.0,0.01,0.0,0.0,0.0,0.0,0.0,0.0
EXO,71612071,,,,,,,,,,,SAFE,-32.723,-2.38,1.001,0.571,-0.123,-0.0,0.0,0.0,0.007,0.0,0.0,0.0,0.0,0.0,0.0
EXO,71712071,,,,,,,,,,,SAFE,-32.459,-2.563,0.999,0.571,0.109,-0.0,0.0,0.0,0.003,0.0,0.0,0.0,0.0,0.0,0.0
EXO,71812071,,,,,,,,,,,SAFE,-33.437,-8.667,0.986,0.571,0.03,-0.0,0.0,0.0,0.007,0.0,0.0,0.0,0.0,0.0,0.0
EXO,71912071,,,,,,,,,,,SAFE,-33.475,12.146,1.0,0.571,-0.018,-0.0,0.0,0.0,0.001,0.0,0.0,0.0,0.0,0.0,0.0
EXO,72012071,,,,,,,,,,,SAFE,-32.899,5.249,1.001,0.571,-0.056,-0.0,0.0,0.0,0.012,0.0,0.0,0.0,0.0,0.0,0.0
EXO,72112071,,,,,,,,,,,SAFE,-32.739,-7.507,1.001,0.571,0.16,-0.0,0.0,0.0,-0.009,0.0,0.0,0.0,0.0,0.0,0.0
EXO,72212071,,,,,,,,,,,SAFE,-32.767,-1.465,0.978,0.571,0.023,-0.0,0.0,0.0,0.006,0.0,0.0,0.0,0.0,0.0,0.0
EXO,72312071,,,,,,,,,,,SAFE,-32.921,1.221,1.002,0.571,0.069,-0.0,0.0,0.0,-0.0,0.0,0.0,0.0,0.0,0.0,0.0
EXO,72412071,,,,,,,,,,,SAFE,-32.822,0.549,0.998,0.571,-0.076,-0.0,0.0,0.0,-0.021,0.0,0.0,0.0,0.0,0.0,0.0
EXO,72512071,,,,,,,,,,,SAFE,-33.382,-2.747,0.999,0.571,-0.053,-0.0,0.0,0.0,-0.02,0.0,0.0,0.0,0.0,0.0,0.0
EXO,72612071,,,,,,,,,,,SAFE,-33.728,-5.92,0.989,0.571,0.014,-0.0,0.0,0.0,0.002,0.0,0.0,0.0,0.0,0.0,0.0
EXO,72712071,,,,,,,,,,,SAFE,-33.679,1.16,0.989,0.571,-0.019,-0.0,0.0,0.0,0.004,0.0,0.0,0.0,0.0,0.0,0.0
EXO,72812071,,,,,,,,,,,SAFE,-33.832,12.817,0.939,0.571,-0.07,-0.0,0.0,0.0,-0.008,0.0,0.0,0.0,0.0,0.0,0.0
EXO,72912071,,,,,,,,,,,SAFE,-34.717,-10.315,1.028,0.571,0.009,-0.0,0.0,0.0,-0.005,0.0,0.0,0.0,0.0,0.0,0.0
EXO,73012071,,,,,,,,,,,SAFE,-35.64,-7.812,1.076,0.571,0.009,-0.0,0.0,0.0,0.0,0.0,0.0,0.0,0.0,0.0,0.0
EXO,73112071,,,,,,,,,,,SAFE,-35.986,18.799,1.017,0.571,0.052,-0.0,0.0,0.0,-0.008,0.0,0.0,0.0,0.0,0.0,0.0
EXO,73212071,,,,,,,,,,,SAFE,-35.486,15.137,0.963,0.571,0.15,-0.0,0.0,0.0,0.008,0.0,0.0,0.0,0.0,0.0,0.0
EXO,73312071,,,,,,,,,,,SAFE,-34.283,22.766,1.007,0.571,-0.011,-0.0,0.0,0.0,0.004,0.0,0.0,0.0,0.0,0.0,0.0
EXO,73412071,,,,,,,,,,,SAFE,-33.096,5.432,1.02,0.571,-0.022,-0.0,0.0,0.0,-0.001,0.0,0.0,0.0,0.0,0.0,0.0
EXO,73512071,,,,,,,,,,,SAFE,-33.047,-12.695,1.057,0.571,0.021,-0.0,0.0,0.0,0.001,0.0,0.0,0.0,0.0,0.0,0.0
EXO,73612071,,,,,,,,,,,SAFE,-33.294,7.385,0.978,0.571,-0.205,-0.0,0.0,0.0,0.002,0.0,0.0,0.0,0.0,0.0,0.0
EXO,73712071,,,,,,,,,,,SAFE,-32.723,14.465,0.957,0.571,0.079,-0.0,0.0,0.0,0.008,0.0,0.0,0.0,0.0,0.0,0.0
EXO,73812071,,,,,,,,,,,SAFE,-32.146,10.559,0.997,0.571,-0.07,-0.0,0.0,0.0,-0.013,0.0,0.0,0.0,0.0,0.0,0.0
EXO,73912071,,,,,,,,,,,SAFE,-32.855,-5.92,1.042,0.571,0.115,-0.0,0.0,0.0,0.002,0.0,0.0,0.0,0.0,0.0,0.0
EXO,74012071,,,,,,,,,,,SAFE,-31.564,5.676,1.012,0.571,-0.021,-0.0,0.0,0.0,-0.005,0.0,0.0,0.0,0.0,0.0,0.0
EXO,74112071,,,,,,,,,,,SAFE,-30.339,18.86,0.977,0.571,0.123,-0.0,0.0,0.0,-0.004,0.0,0.0,0.0,0.0,0.0,0.0
EXO,74212071,,,,,,,,,,,SAFE,-30.536,-6.531,0.969,0.571,-0.041,-0.0,0.0,0.0,0.003,0.0,0.0,0.0,0.0,0.0,0.0
EXO,74312071,,,,,,,,,,,SAFE,-30.707,-9.155,1.005,0.571,-0.075,-0.0,0.0,0.0,-0.008,0.0,0.0,0.0,0.0,0.0,0.0
EXO,74412071,,,,,,,,,,,SAFE,-30.888,-3.906,1.026,0.571,-0.191,-0.0,0.0,0.0,0.011,0.0,0.0,0.0,0.0,0.0,0.0
EXO,74512071,,,,,,,,,,,SAFE,-30.624,7.263,1.01,0.571,0.119,-0.0,0.0,0.0,0.006,0.0,0.0,0.0,0.0,0.0,0.0
EXO,74612071,,,,,,,,,,,SAFE,-30.427,-3.052,0.965,0.571,0.081,-0.0,0.0,0.0,0.006,0.0,0.0,0.0,0.0,0.0,0.0
EXO,74712071,,,,,,,,,,,SAFE,-30.707,-3.418,1.002,0.571,-0.175,-0.0,0.0,0.0,-0.001,0.0,0.0,0.0,0.0,0.0,0.0
EXO,74812071,,,,,,,,,,,SAFE,-30.251,2.747,0.997,0.571,0.003,-0.0,0.0,0.0,0.007,0.0,0.0,0.0,0.0,0.0,0.0
EXO,74912071,,,,,,,,,,,SAFE,-30.234,0.854,0.985,0.571,0.095,-0.0,0.0,0.0,-0.005,0.0,0.0,0.0,0.0,0.0,0.0
EXO,75012071,,,,,,,,,,,SAFE,-30.229,-1.709,1.018,0.571,-0.134,-0.0,0.0,0.0,0.001,0.0,0.0,0.0,0.0,0.0,0.0
EXO,75112071,,,,,,,,,,,SAFE,-30.504,-1.343,1.027,0.571,-0.163,-0.0,0.0,0.0,0.005,0.0,0.0,0.0,0.0,0.0,0.0
EXO,75212071,,,,,,,,,,,SAFE,-31.02,1.099,0.962,0.571,-0.037,-0.0,0.0,0.0,-0.001,0.0,0.0,0.0,0.0,0.0,0.0
EXO,75312071,,,,,,,,,,,SAFE,-30.8,2.808,1.005,0.571,-0.079,-0.0,0.0,0.0,-0.009,0.0,0.0,0.0,0.0,0.0,0.0
EXO,75412071,,,,,,,,,,,SAFE,-30.91,-5.737,1.013,0.571,-0.091,-0.0,0.0,0.0,0.003,0.0,0.0,0.0,0.0,0.0,0.0
EXO,75512071,,,,,,,,,,,SAFE,-31.124,2.319,1.002,0.571,-0.021,-0.0,0.0,0.0,-0.003,0.0,0.0,0.0,0.0,0.0,0.0
EXO,75612071,,,,,,,,,,,SAFE,-31.465,-5.92,1.002,0.571,0.164,-0.0,0.0,0.0,-0.0,0.0,0.0,0.0,0.0,0.0,0.0
EXO,75712071,,,,,,,,,,,SAFE,-31.481,3.113,1.006,0.571,-0.021,-0.0,0.0,0.0,0.004,0.0,0.0,0.0,0.0,0.0,0.0
EXO,75812071,,,,,,,,,,,SAFE,-31.443,1.343,0.995,0.571,-0.017,-0.0,0.0,0.0,0.01,0.0,0.0,0.0,0.0,0.0,0.0
EXO,75912071,,,,,,,,,,,SAFE,-31.553,-2.136,0.988,0.571,-0.029,-0.0,0.0,0.0,0.014,0.0,0.0,0.0,0.0,0.0,0.0
EXO,76012071,,,,,,,,,,,SAFE,-32.646,-11.047,0.994,0.571,-0.064,-0.0,0.0,0.0,0.016,0.0,0.0,0.0,0.0,0.0,0.0
EXO,76112071,,,,,,,,,,,SAFE,-32.327,1.709,1.022,0.571,-0.053,-0.0,0.0,0.0,0.006,0.0,0.0,0.0,0.0,0.0,0.0
EXO,76212071,,,,,,,,,,,SAFE,-32.102,-0.122,0.989,0.571,-0.034,-0.0,0.0,0.0,-0.001,0.0,0.0,0.0,0.0,0.0,0.0
EXO,76312071,,,,,,,,,,,SAFE,-32.086,-0.793,0.989,0.571,0.167,-0.0,0.0,0.0,0.009,0.0,0.0,0.0,0.0,0.0,0.0
EXO,76412071,,,,,,,,,,,SAFE,-32.086,4.211,1.002,0.571,0.04,-0.0,0.0,0.0,-0.001,0.0,0.0,0.0,0.0,0.0,0.0
EXO,76512071,,,,,,,,,,,SAFE,-31.86,2.319,0.999,0.571,0.041,-0.0,0.0,0.0,-0.012,0.0,0.0,0.0,0.0,0.0,0.0
EXO,76612071,,,,,,,,,,,SAFE,-31.597,1.099,0.988,0.571,-0.022,-0.0,0.0,0.0,0.006,0.0,0.0,0.0,0.0,0.0,0.0
EXO,76712071,,,,,,,,,,,SAFE,-31.245,-0.366,0.989,0.571,-0.23,-0.0,0.0,0.0,0.0,0.0,0.0,0.0,0.0,0.0,0.0
EXO,76812071,,,,,,,,,,,SAFE,-31.179,1.892,0.998,0.571,0.143,-0.0,0.0,0.0,-0.009,0.0,0.0,0.0,0.0,0.0,0.0
EXO,76912071,,,,,,,,,,,SAFE,-31.404,-1.282,1.013,0.571,-0.005,-0.0,0.0,0.0,0.005,0.0,0.0,0.0,0.0,0.0,0.0
EXO,77012071,,,,,,,,,,,SAFE,-31.443,-6.47,1.024,0.571,0.038,-0.0,0.0,0.0,-0.001,0.0,0.0,0.0,0.0,0.0,0.0
EXO,77112071,,,,,,,,,,,SAFE,-31.575,4.211,0.988,0.571,0.009,-0.0,0.0,0.0,-0.011,0.0,0.0,0.0,0.0,0.0,0.0
EXO,77212071,,,,,,,,,,,SAFE,-31.284,2.93,0.953,0.571,-0.209,-0.0,0.0,0.0,0.001,0.0,0.0,0.0,0.0,0.0,0.0
EXO,77312071,,,,,,,,,,,SAFE,-31.476,-1.648,0.997,0.571,0.064,-0.0,0.0,0.0,-0.0,0.0,0.0,0.0,0.0,0.0,0.0
EXO,77412071,,,,,,,,,,,SAFE,-31.992,-4.456,1.01,0.571,-0.018,-0.0,0.0,0.0,-0.004,0.0,0.0,0.0,0.0,0.0,0.0
EXO,77512071,,,,,,,,,,,SAFE,-32.921,-5.493,1.016,0.571,-0.109,-0.0,0.0,0.0,0.0,0.0,0.0,0.0,0.0,0.0,0.0
EXO,77612071,,,,,,,,,,,SAFE,-32.833,7.263,1.019,0.571,0.046,-0.0,0.0,0.0,0.002,0.0,0.0,0.0,0.0,0.0,0.0
EXO,77712071,,,,,,,,,,,SAFE,-32.267,9.644,0.972,0.571,-0.066,-0.0,0.0,0.0,-0.012,0.0,0.0,0.0,0.0,0.0,0.0
EXO,77812071,,,,,,,,,,,SAFE,-32.206,-2.197,0.974,0.571,-0.028,-0.0,0.0,0.0,0.013,0.0,0.0,0.0,0.0,0.0,0.0
EXO,77912071,,,,,,,,,,,SAFE,-32.52,-6.47,1.041,0.571,0.023,-0.0,0.0,0.0,0.005,0.0,0.0,0.0,0.0,0.0,0.0
EXO,78012071,,,,,,,,,,,SAFE,-32.602,5.066,1.002,0.571,-0.146,-0.0,0.0,0.0,0.006,0.0,0.0,0.0,0.0,0.0,0.0
EXO,78112071,,,,,,,,,,,SAFE,-32.542,0.793,0.977,0.571,-0.13,-0.0,0.0,0.0,-0.009,0.0,0.0,0.0,0.0,0.0,0.0
EXO,78212071,,,,,,,,,,,SAFE,-32.585,0.793,1.019,0.571,0.111,-0.0,0.0,0.0,-0.004,0.0,0.0,0.0,0.0,0.0,0.0
EXO,78312071,,,,,,,,,,,SAFE,-32.47,4.944,1.007,0.571,-0.126,-0.0,0.0,0.0,-0.009,0.0,0.0,0.0,0.0,0.0,0.0
EXO,78412071,,,,,,,,,,,SAFE,-32.3,-0.244,0.978,0.571,-0.05,-0.0,0.0,0.0,-0.004,0.0,0.0,0.0,0.0,0.0,0.0
EXO,78512071,,,,,,,,,,,SAFE,-32.289,-2.93,0.996,0.571,-0.112,-0.0,0.0,0.0,-0.006,0.0,0.0,0.0,0.0,0.0,0.0
EXO,78612071,,,,,,,,,,,SAFE,-32.338,-1.343,1.019,0.571,0.048,-0.0,0.0,0.0,-0.002,0.0,0.0,0.0,0.0,0.0,0.0
EXO,78712071,,,,,,,,,,,SAFE,-32.245,0.854,1.001,0.571,-0.03,-0.0,0.0,0.0,0.002,0.0,0.0,0.0,0.0,0.0,0.0
EXO,78812071,,,,,,,,,,,SAFE,-32.223,-2.075,0.99,0.571,-0.057,-0.0,0.0,0.0,0.012,0.0,0.0,0.0,0.0,0.0,0.0
EXO,78912071,,,,,,,,,,,SAFE,-32.333,1.648,1.005,0.571,0.156,-0.0,0.0,0.0,0.013,0.0,0.0,0.0,0.0,0.0,0.0
EXO,79012071,,,,,,,,,,,SAFE,-32.289,1.587,1.001,0.571,0.081,-0.0,0.0,0.0,0.005,0.0,0.0,0.0,0.0,0.0,0.0
EXO,79112071,,,,,,,,,,,SAFE,-32.294,-1.282,0.997,0.571,-0.04,-0.0,0.0,0.0,0.012,0.0,0.0,0.0,0.0,0.0,0.0
EXO,79212071,,,,,,,,,,,SAFE,-32.311,-0.671,1.002,0.571,-0.045,-0.0,0.0,0.0,0.007,0.0,0.0,0.0,0.0,0.0,0.0
EXO,79312071,,,,,,,,,,,SAFE,-32.289,1.77,1.0,0.571,-0.237,-0.0,0.0,0.0,0.004,0.0,0.0,0.0,0.0,0.0,0.0
EXO,79412071,,,,,,,,,,,SAFE,-32.283,-1.221,0.992,0.571,0.022,-0.0,0.0,0.0,-0.004,0.0,0.0,0.0,0.0,0.0,0.0
EXO,79512071,,,,,,,,,,,SAFE,-32.388,-2.991,1.007,0.571,-0.069,-0.0,0.0,0.0,-0.01,0.0,0.0,0.0,0.0,0.0,0.0
EXO,79612071,,,,,,,,,,,SAFE,-32.421,-0.671,1.004,0.571,-0.089,-0.0,0.0,0.0,0.006,0.0,0.0,0.0,0.0,0.0,0.0
EXO,79712071,,,,,,,,,,,SAFE,-32.514,2.197,0.994,0.571,0.053,-0.0,0.0,0.0,-0.001,0.0,0.0,0.0,0.0,0.0,0.0
EXO,79812071,,,,,,,,,,,SAFE,-32.525,-0.793,1.003,0.571,0.026,-0.0,0.0,0.0,0.012,0.0,0.0,0.0,0.0,0.0,0.0
EXO,79912071,,,,,,,,,,,SAFE,-32.563,-1.526,1.01,0.571,0.116,-0.0,0.0,0.0,0.004,0.0,0.0,0.0,0.0,0.0,0.0
EXO,80012071,,,,,,,,,,,SAFE,-32.476,0.61,1.0,0.571,-0.088,-0.0,0.0,0.0,0.014,0.0,0.0,0.0,0.0,0.0,0.0
EXO,80112071,,,,,,,,,,,SAFE,-32.492,2.808,0.999,0.571,-0.034,-0.0,0.0,0.0,0.006,0.0,0.0,0.0,0.0,0.0,0.0
EXO,80212071,,,,,,,,,,,SAFE,-32.635,-0.427,0.996,0.571,0.143,-0.0,0.0,0.0,-0.008,0.0,0.0,0.0,0.0,0.0,0.0
EXO,80312071,,,,,,,,,,,SAFE,-32.607,-1.404,1.002,0.571,0.022,-0.0,0.0,0.0,-0.016,0.0,0.0,0.0,0.0,0.0,0.0
EXO,80412071,,,,,,,,,,,SAFE,-32.591,0.977,0.994,0.571,0.048,-0.0,0.0,0.0,0.004,0.0,0.0,0.0,0.0,0.0,0.0
EXO,80512071,,,,,,,,,,,SAFE,-32.635,2.563,1.007,0.571,0.156,-0.0,0.0,0.0,-0.012,0.0,0.0,0.0,0.0,0.0,0.0
EXO,80612071,,,,,,,,,,,SAFE,-32.569,2.441,1.004,0.571,0.13,-0.0,0.0,0.0,-0.002,0.0,0.0,0.0,0.0,0.0,0.0
EXO,80712071,,,,,,,,,,,SAFE,-32.476,0.488,1.003,0.571,0.046,-0.0,0.0,0.0,0.002,0.0,0.0,0.0,0.0,0.0,0.0
EXO,80812071,,,,,,,,,,,SAFE,-32.333,2.319,0.996,0.571,0.066,-0.0,0.0,0.0,0.003,0.0,0.0,0.0,0.0,0.0,0.0
EXO,80912071,,,,,,,,,,,SAFE,-32.36,-1.892,1.001,0.571,-0.01,-0.0,0.0,0.0,0.002,0.0,0.0,0.0,0.0,0.0,0.0
EXO,81012071,,,,,,,,,,,SAFE,-32.349,-1.099,1.003,0.571,0.065,-0.0,0.0,0.0,-0.006,0.0,0.0,0.0,0.0,0.0,0.0
EXO,81112071,,,,,,,,,,,SAFE,-32.366,-0.366,0.996,0.571,-0.131,-0.0,0.0,0.0,-0.002,0.0,0.0,0.0,0.0,0.0,0.0
EXO,81212071,,,,,,,,,,,SAFE,-32.388,0.366,1.0,0.571,0.056,-0.0,0.0,0.0,-0.03,0.0,0.0,0.0,0.0,0.0,0.0
EXO,81312071,,,,,,,,,,,SAFE,-32.36,-0.488,1.006,0.571,-0.009,-0.0,0.0,0.0,-0.006,0.0,0.0,0.0,0.0,0.0,0.0
EXO,81412071,,,,,,,,,,,SAFE,-32.421,-0.61,0.989,0.571,0.057,-0.0,0.0,0.0,0.005,0.0,0.0,0.0,0.0,0.0,0.0
EXO,81512071,,,,,,,,,,,SAFE,-32.448,-1.16,1.004,0.571,0.001,-0.0,0.0,0.0,0.002,0.0,0.0,0.0,0.0,0.0,0.0
EXO,81612071,,,,,,,,,,,SAFE,-32.542,-0.549,1.004,0.571,-0.116,-0.0,0.0,0.0,0.013,0.0,0.0,0.0,0.0,0.0,0.0
EXO,81712071,,,,,,,,,,,SAFE,-32.552,-0.427,0.999,0.571,0.12,-0.0,0.0,0.0,0.009,0.0,0.0,0.0,0.0,0.0,0.0
EXO,81812071,,,,,,,,,,,SAFE,-32.487,-0.549,0.998,0.571,-0.021,-0.0,0.0,0.0,0.006,0.0,0.0,0.0,0.0,0.0,0.0
EXO,81912071,,,,,,,,,,,SAFE,-32.498,-1.953,1.003,0.571,0.156,-0.0,0.0,0.0,-0.008,0.0,0.0,0.0,0.0,0.0,0.0
EXO,82012071,,,,,,,,,,,SAFE,-32.426,-0.793,1.003,0.571,-0.064,-0.0,0.0,0.0,0.0,0.0,0.0,0.0,0.0,0.0,0.0
EXO,82112071,,,,,,,,,,,SAFE,-32.498,-0.427,0.993,0.571,0.04,-0.0,0.0,0.0,-0.008,0.0,0.0,0.0,0.0,0.0,0.0
EXO,82212071,,,,,,,,,,,SAFE,-32.47,-1.038,0.994,0.571,-0.013,-0.0,0.0,0.0,-0.002,0.0,0.0,0.0,0.0,0.0,0.0
EXO,82312071,,,,,,,,,,,SAFE,-32.635,-3.723,0.996,0.571,-0.03,-0.0,0.0,0.0,0.003,0.0,0.0,0.0,0.0,0.0,0.0
EXO,82412071,,,,,,,,,,,SAFE,-32.607,0.488,1.013,0.571,0.105,-0.0,0.0,0.0,0.001,0.0,0.0,0.0,0.0,0.0,0.0
EXO,82512071,,,,,,,,,,,SAFE,-32.531,-0.244,1.005,0.571,0.009,-0.0,0.0,0.0,-0.002,0.0,0.0,0.0,0.0,0.0,0.0
EXO,82612071,,,,,,,,,,,SAFE,-32.503,-0.732,1.0,0.571,0.01,-0.0,0.0,0.0,0.007,0.0,0.0,0.0,0.0,0.0,0.0
EXO,82712071,,,,,,,,,,,SAFE,-32.481,0.671,0.99,0.571,-0.058,-0.0,0.0,0.0,-0.008,0.0,0.0,0.0,0.0,0.0,0.0
EXO,82812071,,,,,,,,,,,SAFE,-32.509,0.916,0.999,0.571,-0.073,-0.0,0.0,0.0,-0.008,0.0,0.0,0.0,0.0,0.0,0.0
EXO,82912071,,,,,,,,,,,SAFE,-32.476,-2.991,1.0,0.571,0.06,-0.0,0.0,0.0,-0.019,0.0,0.0,0.0,0.0,0.0,0.0
EXO,83012071,,,,,,,,,,,SAFE,-32.443,-1.526,1.002,0.571,0.116,-0.0,0.0,0.0,-0.003,0.0,0.0,0.0,0.0,0.0,0.0
EXO,83112071,,,,,,,,,,,SAFE,-32.426,0.793,0.995,0.571,-0.158,-0.0,0.0,0.0,0.012,0.0,0.0,0.0,0.0,0.0,0.0
EXO,83212071,,,,,,,,,,,SAFE,-32.459,-0.244,0.993,0.571,0.021,-0.0,0.0,0.0,-0.004,0.0,0.0,0.0,0.0,0.0,0.0
EXO,83312071,,,,,,,,,,,SAFE,-32.646,-0.732,1.006,0.571,0.058,-0.0,0.0,0.0,0.003,0.0,0.0,0.0,0.0,0.0,0.0
EXO,83412071,,,,,,,,,,,SAFE,-32.569,-1.587,1.013,0.571,0.005,-0.0,0.0,0.0,-0.006,0.0,0.0,0.0,0.0,0.0,0.0
EXO,83512071,,,,,,,,,,,SAFE,-32.547,0.61,0.995,0.571,0.099,-0.0,0.0,0.0,0.014,0.0,0.0,0.0,0.0,0.0,0.0
EXO,83612071,,,,,,,,,,,SAFE,-32.327,1.526,0.992,0.571,-0.061,-0.0,0.0,0.0,-0.01,0.0,0.0,0.0,0.0,0.0,0.0
EXO,83712071,,,,,,,,,,,SAFE,-32.377,-2.014,0.997,0.571,-0.022,-0.0,0.0,0.0,-0.005,0.0,0.0,0.0,0.0,0.0,0.0
EXO,83812071,,,,,,,,,,,SAFE,-32.585,-8.362,1.01,0.571,0.033,-0.0,0.0,0.0,-0.001,0.0,0.0,0.0,0.0,0.0,0.0
EXO,83912071,,,,,,,,,,,SAFE,-32.975,-4.517,1.011,0.571,0.056,-0.0,0.0,0.0,0.011,0.0,0.0,0.0,0.0,0.0,0.0
EXO,84012071,,,,,,,,,,,SAFE,-33.349,-3.296,0.968,0.571,-0.014,-0.0,0.0,0.0,0.001,0.0,0.0,0.0,0.0,0.0,0.0
EXO,84112071,,,,,,,,,,,SAFE,-33.662,-7.935,1.016,0.571,0.065,-0.0,0.0,0.0,0.014,0.0,0.0,0.0,0.0,0.0,0.0
EXO,84212071,,,,,,,,,,,SAFE,-34.063,-9.705,1.001,0.571,-0.095,-0.0,0.0,0.0,-0.005,0.0,0.0,0.0,0.0,0.0,0.0
EXO,84312071,,,,,,,,,,,SAFE,-34.612,-11.536,0.996,0.571,-0.234,-0.0,0.0,0.0,-0.001,0.0,0.0,0.0,0.0,0.0,0.0
EXO,84412071,,,,,,,,,,,SAFE,-34.733,-8.423,0.993,0.571,-0.007,-0.0,0.0,0.0,0.015,0.0,0.0,0.0,0.0,0.0,0.0
EXO,84512071,,,,,,,,,,,SAFE,-34.876,3.052,1.0,0.571,0.236,-0.0,0.0,0.0,0.008,0.0,0.0,0.0,0.0,0.0,0.0
EXO,84612071,,,,,,,,,,,SAFE,-34.904,-2.197,1.025,0.571,0.206,-0.0,0.0,0.0,0.006,0.0,0.0,0.0,0.0,0.0,0.0
EXO,84712071,,,,,,,,,,,SAFE,-35.261,6.226,1.076,0.571,0.081,-0.0,0.0,0.0,-0.005,0.0,0.0,0.0,0.0,0.0,0.0
EXO,84812071,,,,,,,,,,,SAFE,-35.167,9.888,0.934,0.571,0.134,-0.0,0.0,0.0,0.004,0.0,0.0,0.0,0.0,0.0,0.0
EXO,84912071,,,,,,,,,,,SAFE,-34.354,-3.113,1.06,0.571,-0.069,-0.0,0.0,0.0,-0.002,0.0,0.0,0.0,0.0,0.0,0.0
EXO,85012071,,,,,,,,,,,SAFE,-34.711,9.216,1.045,0.571,-0.037,-0.0,0.0,0.0,-0.002,0.0,0.0,0.0,0.0,0.0,0.0
EXO,85112071,,,,,,,,,,,SAFE,-34.662,7.324,0.872,0.571,0.032,-0.0,0.0,0.0,0.004,0.0,0.0,0.0,0.0,0.0,0.0
EXO,85212071,,,,,,,,,,,SAFE,-32.311,28.687,1.062,0.571,-0.003,-0.0,0.0,0.0,0.01,0.0,0.0,0.0,0.0,0.0,0.0
EXO,85312071,,,,,,,,,,,SAFE,-30.536,22.827,0.974,0.571,-0.011,-0.0,0.0,0.0,0.0,0.0,0.0,0.0,0.0,0.0,0.0
EXO,85412071,,,,,,,,,,,SAFE,-30.762,-9.583,0.991,0.572,-0.015,-0.0,0.0,0.0,-0.01,0.0,0.0,0.0,0.0,0.0,0.0
EXO,85512071,,,,,,,,,,,SAFE,-32.476,-4.517,0.851,0.572,0.07,-0.0,0.0,0.0,-0.0,0.0,0.0,0.0,0.0,0.0,0.0
EXO,85612071,,,,,,,,,,,SAFE,-32.371,1.953,0.952,0.572,0.158,-0.0,0.0,0.0,0.005,0.0,0.0,0.0,0.0,0.0,0.0
EXO,85712071,,,,,,,,,,,SAFE,-29.877,11.536,0.997,0.572,-0.154,-0.0,0.0,0.0,0.006,0.0,0.0,0.0,0.0,0.0,0.0
EXO,85812071,,,,,,,,,,,SAFE,-28.619,12.207,0.94,0.572,0.045,-0.0,0.0,0.0,0.014,0.0,0.0,0.0,0.0,0.0,0.0
EXO,85912071,,,,,,,,,,,SAFE,-28.389,-13.306,0.986,0.574,0.199,-0.0,0.0,0.0,0.005,0.0,0.0,0.0,0.0,0.0,0.0
EXO,86012071,,,,,,,,,,,SAFE,-27.631,38.696,1.058,0.574,-0.03,-0.0,0.0,0.0,0.006,0.0,0.0,0.0,0.0,0.0,0.0
EXO,86112071,,,,,,,,,,,SAFE,-18.594,137.756,1.031,0.573,0.092,-0.0,0.0,0.0,-0.015,0.0,0.0,0.0,0.0,0.0,0.0
EXO,86212071,,,,,,,,,,,SAFE,-7.641,91.736,0.963,0.573,0.032,-0.0,0.0,0.0,0.005,0.0,0.0,0.0,0.0,0.0,0.0
EXO,86312071,,,,,,,,,,,SAFE,-4.779,1.343,0.985,0.573,0.013,-0.0,0.0,0.0,0.001,0.0,0.0,0.0,0.0,0.0,0.0
EXO,86412071,,,,,,,,,,,SAFE,-4.916,2.136,1.036,0.573,-0.079,-0.0,0.0,0.0,-0.003,0.0,0.0,0.0,0.0,0.0,0.0
EXO,86512071,,,,,,,,,,,SAFE,-3.724,18.738,1.064,0.572,0.097,-0.0,0.0,0.0,-0.004,0.0,0.0,0.0,0.0,0.0,0.0
EXO,86612071,,,,,,,,,,,SAFE,-1.417,14.282,1.065,0.572,-0.066,-0.0,0.0,0.0,-0.003,0.0,0.0,0.0,0.0,0.0,0.0
EXO,86712071,,,,,,,,,,,SAFE,-1.923,-16.174,0.992,0.572,-0.152,-0.0,0.0,0.0,0.004,0.0,0.0,0.0,0.0,0.0,0.0
EXO,86812071,,,,,,,,,,,SAFE,-3.263,-10.132,0.997,0.572,-0.052,-0.0,0.0,0.0,0.02,0.0,0.0,0.0,0.0,0.0,0.0
EXO,86912071,,,,,,,,,,,SAFE,-5.916,-25.635,1.004,0.572,-0.015,-0.0,0.0,0.0,-0.001,0.0,0.0,0.0,0.0,0.0,0.0
EXO,87012071,,,,,,,,,,,SAFE,-8.19,3.418,1.039,0.572,0.087,-0.0,0.0,0.0,-0.013,0.0,0.0,0.0,0.0,0.0,0.0
EXO,87112071,,,,,,,,,,,SAFE,-6.361,4.395,1.033,0.572,0.079,-0.0,0.0,0.0,-0.009,0.0,0.0,0.0,0.0,0.0,0.0
EXO,87212071,,,,,,,,,,,SAFE,-4.746,25.757,0.925,0.572,0.005,-0.0,0.0,0.0,0.006,0.0,0.0,0.0,0.0,0.0,0.0
EXO,87312071,,,,,,,,,,,SAFE,-4.252,-9.216,0.992,0.572,-0.005,-0.0,0.0,0.0,-0.008,0.0,0.0,0.0,0.0,0.0,0.0
EXO,87412071,,,,,,,,,,,SAFE,-6.059,-26.123,1.032,0.573,0.091,-0.0,0.0,0.0,0.001,0.0,0.0,0.0,0.0,0.0,0.0
EXO,87512071,,,,,,,,,,,SAFE,-7.91,-0.244,1.016,0.574,-0.053,-0.0,0.0,0.0,0.014,0.0,0.0,0.0,0.0,0.0,0.0
EXO,87612071,,,,,,,,,,,SAFE,-6.196,14.404,0.931,0.577,0.013,-0.0,0.0,0.0,0.04,0.0,0.0,0.0,0.0,0.0,0.0
EXO,87712071,,,,,,,,,,,SAFE,-6.213,-4.7,1.163,0.577,0.138,-0.0,0.0,0.0,0.004,0.0,0.0,0.0,0.0,0.0,0.0
EXO,87812071,,,,,,,,,,,SAFE,-6.674,24.17,0.925,0.576,0.04,-0.0,0.0,0.0,0.015,0.0,0.0,0.0,0.0,0.0,0.0
EXO,87912071,,,,,,,,,,,SAFE,-6.086,-3.235,1.044,0.577,0.112,-0.0,0.0,0.0,0.002,0.0,0.0,0.0,0.0,0.0,0.0
EXO,88012071,,,,,,,,,,,SAFE,-8.383,-24.17,0.901,0.577,-0.041,-0.0,0.0,0.0,0.015,0.0,0.0,0.0,0.0,0.0,0.0
EXO,88112071,,,,,,,,,,,SAFE,-9.487,2.563,1.052,0.577,-0.075,-0.0,0.0,0.0,0.004,0.0,0.0,0.0,0.0,0.0,0.0
EXO,88212071,,,,,,,,,,,SAFE,-4.378,103.455,1.094,0.577,-0.081,-0.0,0.0,0.0,-0.015,0.0,0.0,0.0,0.0,0.0,0.0
EXO,88312071,,,,,,,,,,,SAFE,-5.059,-57.495,0.939,0.578,0.007,-0.0,0.0,0.0,0.008,0.0,0.0,0.0,0.0,0.0,0.0
EXO,88412071,,,,,,,,,,,SAFE,-7.954,15.198,0.939,0.578,-0.124,-0.0,0.0,0.0,0.016,0.0,0.0,0.0,0.0,0.0,0.0
EXO,88512071,,,,,,,,,,,SAFE,-4.603,11.963,0.904,0.586,0.316,-0.0,0.0,0.0,-0.042,0.0,0.0,0.0,0.0,0.0,0.0
EXO,88612071,,,,,,,,,,,SAFE,-8.086,-17.7,0.988,0.633,0.477,-0.0,0.0,0.0,0.064,0.0,0.0,0.0,0.0,0.0,0.0
EXO,88712071,,,,,,,,,,,SAFE,-8.597,-17.761,1.063,0.664,0.291,-0.0,0.0,0.0,-0.064,0.0,0.0,0.0,0.0,0.0,0.0
EXO,88812071,,,,,,,,,,,SAFE,-9.772,-7.751,0.819,0.69,0.199,-0.0,0.0,0.0,0.042,0.0,0.0,0.0,0.0,0.0,0.0
EXO,88912071,,,,,,,,,,,SAFE,-13.425,-68.481,1.224,0.691,0.065,-0.0,0.0,0.0,0.013,0.0,0.0,0.0,0.0,0.0,0.0
EXO,89012071,,,,,,,,,,,SAFE,-13.601,9.033,1.05,0.691,0.058,-0.0,0.0,0.0,-0.0,0.0,0.0,0.0,0.0,0.0,0.0
EXO,89112071,,,,,,,,,,,SAFE,-12.64,6.531,0.974,0.726,0.406,-0.0,0.0,0.0,0.006,0.0,0.0,0.0,0.0,0.0,0.0
EXO,89212071,,,,,,,,,,,SAFE,-11.008,41.748,1.056,0.745,0.022,-0.0,0.0,0.0,-0.01,0.0,0.0,0.0,0.0,0.0,0.0
EXO,89312071,,,,,,,,,,,SAFE,-6.729,55.664,1.061,0.745,-0.101,-0.0,0.0,0.0,0.01,0.0,0.0,0.0,0.0,0.0,0.0
EXO,89412071,,,,,,,,,,,SAFE,-2.483,16.846,0.977,0.745,0.026,-0.0,0.0,0.0,0.0,0.0,0.0,0.0,0.0,0.0,0.0
EXO,89512071,,,,,,,,,,,SAFE,-3.983,-34.79,0.956,0.745,0.013,-0.0,0.0,0.0,-0.003,0.0,0.0,0.0,0.0,0.0,0.0
EXO,89612071,,,,,,,,,,,SAFE,-5.477,1.831,1.063,0.745,0.046,-0.0,0.0,0.0,-0.007,0.0,0.0,0.0,0.0,0.0,0.0
EXO,89712071,,,,,,,,,,,SAFE,-5.691,3.113,0.965,0.745,0.049,-0.0,0.0,0.0,0.005,0.0,0.0,0.0,0.0,0.0,0.0
EXO,89812071,,,,,,,,,,,SAFE,-5.779,-1.648,0.991,0.745,-0.048,-0.0,0.0,0.0,0.011,0.0,0.0,0.0,0.0,0.0,0.0
EXO,89912071,,,,,,,,,,,SAFE,-5.63,2.136,0.999,0.745,0.018,-0.0,0.0,0.0,-0.015,0.0,0.0,0.0,0.0,0.0,0.0
EXO,90012071,,,,,,,,,,,SAFE,-5.718,-2.93,1.022,0.745,-0.05,-0.0,0.0,0.0,-0.003,0.0,0.0,0.0,0.0,0.0,0.0
EXO,90112071,,,,,,,,,,,SAFE,-5.609,7.69,0.958,0.745,-0.049,-0.0,0.0,0.0,-0.005,0.0,0.0,0.0,0.0,0.0,0.0
EXO,90212071,,,,,,,,,,,SAFE,-5.74,-1.16,0.999,0.745,-0.049,-0.0,0.0,0.0,-0.012,0.0,0.0,0.0,0.0,0.0,0.0
EXO,90312071,,,,,,,,,,,SAFE,-5.773,-2.93,1.018,0.745,-0.009,-0.0,0.0,0.0,0.009,0.0,0.0,0.0,0.0,0.0,0.0
EXO,90412071,,,,,,,,,,,SAFE,-5.784,-0.549,0.995,0.745,0.009,-0.0,0.0,0.0,0.011,0.0,0.0,0.0,0.0,0.0,0.0
EXO,90512071,,,,,,,,,,,SAFE,-5.828,0.61,1.014,0.745,-0.023,-0.0,0.0,0.0,0.01,0.0,0.0,0.0,0.0,0.0,0.0
EXO,90612071,,,,,,,,,,,SAFE,-5.707,-1.648,0.994,0.745,-0.023,-0.0,0.0,0.0,0.0,0.0,0.0,0.0,0.0,0.0,0.0
EXO,90712071,,,,,,,,,,,SAFE,-5.762,0.366,0.983,0.745,-0.003,-0.0,0.0,0.0,-0.016,0.0,0.0,0.0,0.0,0.0,0.0
EXO,90812071,,,,,,,,,,,SAFE,-5.911,-1.221,1.0,0.745,-0.091,-0.0,0.0,0.0,0.018,0.0,0.0,0.0,0.0,0.0,0.0
EXO,90912071,,,,,,,,,,,SAFE,-5.878,-1.648,1.016,0.745,0.057,-0.0,0.0,0.0,0.002,0.0,0.0,0.0,0.0,0.0,0.0
EXO,91012071,,,,,,,,,,,SAFE,-5.713,4.822,0.973,0.745,0.011,-0.0,0.0,0.0,0.01,0.0,0.0,0.0,0.0,0.0,0.0
EXO,91112071,,,,,,,,,,,SAFE,-5.927,-2.075,1.002,0.745,0.085,-0.0,0.0,0.0,0.0,0.0,0.0,0.0,0.0,0.0,0.0
EXO,91212071,,,,,,,,,,,SAFE,-5.861,-0.366,1.004,0.745,-0.022,-0.0,0.0,0.0,-0.001,0.0,0.0,0.0,0.0,0.0,0.0
EXO,91312071,,,,,,,,,,,SAFE,-5.944,0.671,0.997,0.745,-0.029,-0.0,0.0,0.0,0.005,0.0,0.0,0.0,0.0,0.0,0.0
EXO,91412071,,,,,,,,,,,SAFE,-5.927,0.061,1.003,0.745,0.122,-0.0,0.0,0.0,0.009,0.0,0.0,0.0,0.0,0.0,0.0
EXO,91512071,,,,,,,,,,,SAFE,-5.894,-1.648,1.012,0.745,-0.005,-0.0,0.0,0.0,-0.001,0.0,0.0,0.0,0.0,0.0,0.0
EXO,91612071,,,,,,,,,,,SAFE,-5.905,-0.488,0.987,0.745,-0.066,-0.0,0.0,0.0,-0.009,0.0,0.0,0.0,0.0,0.0,0.0
EXO,91712071,,,,,,,,,,,SAFE,-5.861,0.916,0.999,0.745,0.139,-0.0,0.0,0.0,0.0,0.0,0.0,0.0,0.0,0.0,0.0
EXO,91812071,,,,,,,,,,,SAFE,-5.938,-1.038,1.004,0.745,-0.025,-0.0,0.0,0.0,0.002,0.0,0.0,0.0,0.0,0.0,0.0
EXO,91912071,,,,,,,,,,,SAFE,-5.911,-0.244,1.001,0.745,0.054,-0.0,0.0,0.0,-0.005,0.0,0.0,0.0,0.0,0.0,0.0
EXO,92012071,,,,,,,,,,,SAFE,-5.916,2.441,0.991,0.745,0.183,-0.0,0.0,0.0,0.001,0.0,0.0,0.0,0.0,0.0,0.0
EXO,92112071,,,,,,,,,,,SAFE,-5.894,-0.549,1.0,0.745,0.096,-0.0,0.0,0.0,0.006,0.0,0.0,0.0,0.0,0.0,0.0
EXO,92212071,,,,,,,,,,,SAFE,-5.883,0.305,0.998,0.745,0.089,-0.0,0.0,0.0,0.001,0.0,0.0,0.0,0.0,0.0,0.0
EXO,92312071,,,,,,,,,,,SAFE,-5.933,-1.038,1.014,0.745,0.044,-0.0,0.0,0.0,-0.004,0.0,0.0,0.0,0.0,0.0,0.0
EXO,92412071,,,,,,,,,,,SAFE,-5.85,0.0,0.998,0.745,-0.119,-0.0,0.0,0.0,0.003,0.0,0.0,0.0,0.0,0.0,0.0
EXO,92512071,,,,,,,,,,,SAFE,-5.834,1.526,0.994,0.745,0.104,-0.0,0.0,0.0,-0.005,0.0,0.0,0.0,0.0,0.0,0.0
EXO,92612071,,,,,,,,,,,SAFE,-5.867,-1.709,1.013,0.745,0.038,-0.0,0.0,0.0,0.005,0.0,0.0,0.0,0.0,0.0,0.0
EXO,92712071,,,,,,,,,,,SAFE,-5.773,-0.427,0.985,0.745,0.07,-0.0,0.0,0.0,0.01,0.0,0.0,0.0,0.0,0.0,0.0
EXO,92812071,,,,,,,,,,,SAFE,-5.872,0.61,1.0,0.745,-0.048,-0.0,0.0,0.0,-0.018,0.0,0.0,0.0,0.0,0.0,0.0
EXO,92912071,,,,,,,,,,,SAFE,-5.861,-0.549,1.002,0.745,0.093,-0.0,0.0,0.0,-0.009,0.0,0.0,0.0,0.0,0.0,0.0
EXO,93012071,,,,,,,,,,,SAFE,-5.823,2.014,0.998,0.745,0.13,-0.0,0.0,0.0,-0.003,0.0,0.0,0.0,0.0,0.0,0.0
EXO,93112071,,,,,,,,,,,SAFE,-5.823,-1.343,1.006,0.745,0.044,-0.0,0.0,0.0,-0.002,0.0,0.0,0.0,0.0,0.0,0.0
EXO,93212071,,,,,,,,,,,SAFE,-5.757,1.404,0.996,0.745,0.084,-0.0,0.0,0.0,0.003,0.0,0.0,0.0,0.0,0.0,0.0
EXO,93312071,,,,,,,,,,,SAFE,-5.812,-1.16,1.008,0.745,0.001,-0.0,0.0,0.0,0.008,0.0,0.0,0.0,0.0,0.0,0.0
EXO,93412071,,,,,,,,,,,SAFE,-5.713,1.831,0.99,0.745,-0.002,-0.0,0.0,0.0,0.005,0.0,0.0,0.0,0.0,0.0,0.0
EXO,93512071,,,,,,,,,,,SAFE,-5.746,0.366,0.996,0.745,-0.065,-0.0,0.0,0.0,0.001,0.0,0.0,0.0,0.0,0.0,0.0
EXO,93612071,,,,,,,,,,,SAFE,-5.685,-0.366,0.997,0.745,0.025,-0.0,0.0,0.0,-0.002,0.0,0.0,0.0,0.0,0.0,0.0
EXO,93712071,,,,,,,,,,,SAFE,-5.757,0.977,0.995,0.745,0.011,-0.0,0.0,0.0,0.012,0.0,0.0,0.0,0.0,0.0,0.0
EXO,93812071,,,,,,,,,,,SAFE,-5.806,-0.977,1.015,0.745,0.001,-0.0,0.0,0.0,-0.007,0.0,0.0,0.0,0.0,0.0,0.0
EXO,93912071,,,,,,,,,,,SAFE,-5.691,0.305,0.99,0.745,0.003,-0.0,0.0,0.0,-0.0,0.0,0.0,0.0,0.0,0.0,0.0
EXO,94012071,,,,,,,,,,,SAFE,-5.74,0.854,1.004,0.745,-0.019,-0.0,0.0,0.0,0.011,0.0,0.0,0.0,0.0,0.0,0.0
EXO,94112071,,,,,,,,,,,SAFE,-5.729,-1.038,1.001,0.745,-0.011,-0.0,0.0,0.0,0.005,0.0,0.0,0.0,0.0,0.0,0.0
EXO,94212071,,,,,,,,,,,SAFE,-5.702,0.427,1.002,0.745,0.013,-0.0,0.0,0.0,0.005,0.0,0.0,0.0,0.0,0.0,0.0
EXO,94312071,,,,,,,,,,,SAFE,-5.713,-0.793,1.006,0.745,0.029,-0.0,0.0,0.0,0.003,0.0,0.0,0.0,0.0,0.0,0.0
EXO,94412071,,,,,,,,,,,SAFE,-5.702,0.916,0.995,0.745,-0.032,-0.0,0.0,0.0,-0.01,0.0,0.0,0.0,0.0,0.0,0.0
EXO,94512071,,,,,,,,,,,SAFE,-5.746,-0.488,1.01,0.745,0.034,-0.0,0.0,0.0,0.011,0.0,0.0,0.0,0.0,0.0,0.0
EXO,94612071,,,,,,,,,,,SAFE,-5.68,-1.831,1.003,0.745,0.151,-0.0,0.0,0.0,0.002,0.0,0.0,0.0,0.0,0.0,0.0
EXO,94712071,,,,,,,,,,,SAFE,-5.63,2.197,0.986,0.745,-0.058,-0.0,0.0,0.0,-0.001,0.0,0.0,0.0,0.0,0.0,0.0
EXO,94812071,,,,,,,,,,,SAFE,-5.713,-0.061,1.005,0.745,-0.081,-0.0,0.0,0.0,0.003,0.0,0.0,0.0,0.0,0.0,0.0
EXO,94912071,,,,,,,,,,,SAFE,-5.685,-1.709,1.008,0.745,0.033,-0.0,0.0,0.0,-0.006,0.0,0.0,0.0,0.0,0.0,0.0
EXO,95012071,,,,,,,,,,,SAFE,-5.636,1.282,0.989,0.745,0.029,-0.0,0.0,0.0,0.01,0.0,0.0,0.0,0.0,0.0,0.0
EXO,95112071,,,,,,,,,,,SAFE,-5.702,0.977,0.997,0.745,0.066,-0.0,0.0,0.0,0.008,0.0,0.0,0.0,0.0,0.0,0.0
EXO,95212071,,,,,,,,,,,SAFE,-5.702,-1.282,1.009,0.745,-0.007,-0.0,0.0,0.0,0.014,0.0,0.0,0.0,0.0,0.0,0.0
EXO,95312071,,,,,,,,,,,SAFE,-5.652,-0.183,0.998,0.745,-0.044,-0.0,0.0,0.0,0.003,0.0,0.0,0.0,0.0,0.0,0.0
EXO,95412071,,,,,,,,,,,SAFE,-5.669,2.014,0.985,0.745,0.126,-0.0,0.0,0.0,-0.001,0.0,0.0,0.0,0.0,0.0,0.0
EXO,95512071,,,,,,,,,,,SAFE,-5.718,-0.061,1.012,0.745,-0.03,-0.0,0.0,0.0,0.012,0.0,0.0,0.0,0.0,0.0,0.0
EXO,95612071,,,,,,,,,,,SAFE,-5.636,-1.892,1.006,0.745,0.015,-0.0,0.0,0.0,-0.002,0.0,0.0,0.0,0.0,0.0,0.0
EXO,95712071,,,,,,,,,,,SAFE,-5.636,1.648,0.989,0.745,0.081,-0.0,0.0,0.0,0.002,0.0,0.0,0.0,0.0,0.0,0.0
EXO,95812071,,,,,,,,,,,SAFE,-5.724,0.366,1.002,0.745,-0.025,-0.0,0.0,0.0,-0.003,0.0,0.0,0.0,0.0,0.0,0.0
EXO,95912071,,,,,,,,,,,SAFE,-5.663,-2.38,1.004,0.745,0.026,-0.0,0.0,0.0,0.006,0.0,0.0,0.0,0.0,0.0,0.0
EXO,96012071,,,,,,,,,,,SAFE,-5.636,1.099,0.988,0.745,0.134,-0.0,0.0,0.0,0.019,0.0,0.0,0.0,0.0,0.0,0.0
EXO,96112071,,,,,,,,,,,SAFE,-5.691,0.977,0.997,0.745,-0.025,-0.0,0.0,0.0,0.013,0.0,0.0,0.0,0.0,0.0,0.0
EXO,96212071,,,,,,,,,,,SAFE,-5.669,-1.221,0.998,0.745,0.087,-0.0,0.0,0.0,-0.008,0.0,0.0,0.0,0.0,0.0,0.0
EXO,96312071,,,,,,,,,,,SAFE,-5.68,0.854,0.996,0.745,0.013,-0.0,0.0,0.0,0.003,0.0,0.0,0.0,0.0,0.0,0.0
EXO,96412071,,,,,,,,,,,SAFE,-5.68,-0.366,1.004,0.745,-0.101,-0.0,0.0,0.0,-0.01,0.0,0.0,0.0,0.0,0.0,0.0
EXO,96512071,,,,,,,,,,,SAFE,-5.625,-1.648,0.998,0.745,-0.081,-0.0,0.0,0.0,0.002,0.0,0.0,0.0,0.0,0.0,0.0
EXO,96612071,,,,,,,,,,,SAFE,-5.685,-0.305,1.007,0.745,-0.095,-0.0,0.0,0.0,0.015,0.0,0.0,0.0,0.0,0.0,0.0
EXO,96712071,,,,,,,,,,,SAFE,-5.674,-1.77,1.002,0.745,-0.13,-0.0,0.0,0.0,0.008,0.0,0.0,0.0,0.0,0.0,0.0
EXO,96812071,,,,,,,,,,,SAFE,-5.669,-0.244,1.002,0.745,-0.109,-0.0,0.0,0.0,0.006,0.0,0.0,0.0,0.0,0.0,0.0
EXO,96912071,,,,,,,,,,,SAFE,-5.674,-1.526,1.007,0.745,-0.028,-0.0,0.0,0.0,-0.0,0.0,0.0,0.0,0.0,0.0,0.0
EXO,97012071,,,,,,,,,,,SAFE,-5.674,-0.061,1.002,0.745,-0.023,-0.0,0.0,0.0,0.005,0.0,0.0,0.0,0.0,0.0,0.0
EXO,97112071,,,,,,,,,,,SAFE,-5.696,-0.549,1.004,0.745,-0.011,-0.0,0.0,0.0,-0.021,0.0,0.0,0.0,0.0,0.0,0.0
EXO,97212071,,,,,,,,,,,SAFE,-5.702,0.0,1.006,0.745,-0.054,-0.0,0.0,0.0,-0.003,0.0,0.0,0.0,0.0,0.0,0.0
EXO,97312071,,,,,,,,,,,SAFE,-5.685,0.305,1.0,0.745,0.271,-0.0,0.0,0.0,0.018,0.0,0.0,0.0,0.0,0.0,0.0
EXO,97412071,,,,,,,,,,,SAFE,-5.674,0.549,0.999,0.745,-0.019,-0.0,0.0,0.0,0.002,0.0,0.0,0.0,0.0,0.0,0.0
EXO,97512071,,,,,,,,,,,SAFE,-5.696,0.549,1.005,0.745,0.026,-0.0,0.0,0.0,-0.004,0.0,0.0,0.0,0.0,0.0,0.0
EXO,97612071,,,,,,,,,,,SAFE,-5.674,0.488,1.002,0.745,0.013,-0.0,0.0,0.0,0.011,0.0,0.0,0.0,0.0,0.0,0.0
EXO,97712071,,,,,,,,,,,SAFE,-5.735,-0.916,1.018,0.745,-0.092,-0.0,0.0,0.0,-0.008,0.0,0.0,0.0,0.0,0.0,0.0
EXO,97812071,,,,,,,,,,,SAFE,-5.669,-1.465,0.995,0.745,-0.025,-0.0,0.0,0.0,0.015,0.0,0.0,0.0,0.0,0.0,0.0
EXO,97912071,,,,,,,,,,,SAFE,-5.669,2.441,0.985,0.745,0.056,-0.0,0.0,0.0,0.001,0.0,0.0,0.0,0.0,0.0,0.0
EXO,98012071,,,,,,,,,,,SAFE,-5.779,-1.099,1.017,0.745,0.049,-0.0,0.0,0.0,-0.001,0.0,0.0,0.0,0.0,0.0,0.0
EXO,98112071,,,,,,,,,,,SAFE,-5.641,-2.075,1.002,0.745,0.04,-0.0,0.0,0.0,-0.012,0.0,0.0,0.0,0.0,0.0,0.0
EXO,98212071,,,,,,,,,,,SAFE,-5.658,2.38,0.993,0.745,0.06,-0.0,0.0,0.0,0.007,0.0,0.0,0.0,0.0,0.0,0.0
EXO,98312071,,,,,,,,,,,SAFE,-5.74,-0.305,1.01,0.745,-0.026,-0.0,0.0,0.0,0.014,0.0,0.0,0.0,0.0,0.0,0.0
EXO,98412071,,,,,,,,,,,SAFE,-5.658,-1.831,0.999,0.745,-0.017,-0.0,0.0,0.0,-0.002,0.0,0.0,0.0,0.0,0.0,0.0
EXO,98512071,,,,,,,,,,,SAFE,-5.647,0.916,0.996,0.745,-0.109,-0.0,0.0,0.0,0.008,0.0,0.0,0.0,0.0,0.0,0.0
EXO,98612071,,,,,,,,,,,SAFE,-5.696,0.427,1.0,0.745,-0.006,-0.0,0.0,0.0,0.008,0.0,0.0,0.0,0.0,0.0,0.0
EXO,98712071,,,,,,,,,,,SAFE,-5.685,-0.61,1.002,0.745,-0.03,-0.0,0.0,0.0,0.004,0.0,0.0,0.0,0.0,0.0,0.0
EXO,98812071,,,,,,,,,,,SAFE,-5.669,-0.183,0.997,0.745,0.155,-0.0,0.0,0.0,-0.005,0.0,0.0,0.0,0.0,0.0,0.0
EXO,98912071,,,,,,,,,,,SAFE,-5.68,1.282,0.997,0.745,-0.023,-0.0,0.0,0.0,0.011,0.0,0.0,0.0,0.0,0.0,0.0
EXO,99012071,,,,,,,,,,,SAFE,-5.696,0.0,1.008,0.745,0.061,-0.0,0.0,0.0,-0.008,0.0,0.0,0.0,0.0,0.0,0.0
EXO,99112071,,,,,,,,,,,SAFE,-5.647,-1.343,1.004,0.745,-0.015,-0.0,0.0,0.0,0.013,0.0,0.0,0.0,0.0,0.0,0.0
EXO,99212071,,,,,,,,,,,SAFE,-5.658,0.732,0.997,0.745,-0.083,-0.0,0.0,0.0,0.006,0.0,0.0,0.0,0.0,0.0,0.0
EXO,99312071,,,,,,,,,,,SAFE,-5.68,-0.183,1.003,0.745,-0.044,-0.0,0.0,0.0,0.011,0.0,0.0,0.0,0.0,0.0,0.0
EXO,99412071,,,,,,,,,,,SAFE,-5.636,-0.732,0.996,0.745,0.025,-0.0,0.0,0.0,-0.001,0.0,0.0,0.0,0.0,0.0,0.0
EXO,99512071,,,,,,,,,,,SAFE,-5.663,0.549,0.995,0.745,0.075,-0.0,0.0,0.0,-0.001,0.0,0.0,0.0,0.0,0.0,0.0
EXO,99612071,,,,,,,,,,,SAFE,-5.669,-0.244,1.002,0.745,0.092,-0.0,0.0,0.0,-0.003,0.0,0.0,0.0,0.0,0.0,0.0
EXO,99712071,,,,,,,,,,,SAFE,-5.669,-0.061,0.999,0.745,0.018,-0.0,0.0,0.0,0.002,0.0,0.0,0.0,0.0,0.0,0.0
EXO,99812071,,,,,,,,,,,SAFE,-5.663,-0.061,1.001,0.745,0.034,-0.0,0.0,0.0,0.003,0.0,0.0,0.0,0.0,0.0,0.0
EXO,99912071,,,,,,,,,,,SAFE,-5.625,0.122,0.993,0.745,-0.034,-0.0,0.0,0.0,-0.004,0.0,0.0,0.0,0.0,0.0,0.0
EXO,100012071,,,,,,,,,,,SAFE,-5.669,0.305,1.006,0.745,0.017,-0.0,0.0,0.0,-0.01,0.0,0.0,0.0,0.0,0.0,0.0
EXO,100112071,,,,,,,,,,,SAFE,-5.658,-1.038,1.002,0.745,-0.08,-0.0,0.0,0.0,0.003,0.0,0.0,0.0,0.0,0.0,0.0
EXO,100212071,,,,,,,,,,,SAFE,-5.609,0.977,0.991,0.745,0.093,-0.0,0.0,0.0,-0.001,0.0,0.0,0.0,0.0,0.0,0.0
EXO,100312071,,,,,,,,,,,SAFE,-5.685,0.061,1.01,0.745,0.103,-0.0,0.0,0.0,-0.005,0.0,0.0,0.0,0.0,0.0,0.0
EXO,100412071,,,,,,,,,,,SAFE,-5.647,-1.404,0.999,0.745,-0.009,-0.0,0.0,0.0,0.002,0.0,0.0,0.0,0.0,0.0,0.0
EXO,100512071,,,,,,,,,,,SAFE,-5.647,1.526,0.994,0.745,0.042,-0.0,0.0,0.0,0.005,0.0,0.0,0.0,0.0,0.0,0.0
EXO,100612071,,,,,,,,,,,SAFE,-5.691,0.366,1.002,0.745,0.1,-0.0,0.0,0.0,0.01,0.0,0.0,0.0,0.0,0.0,0.0
EXO,100712071,,,,,,,,,,,SAFE,-5.641,-1.038,1.0,0.745,-0.07,-0.0,0.0,0.0,-0.004,0.0,0.0,0.0,0.0,0.0,0.0
EXO,100812071,,,,,,,,,,,SAFE,-5.641,0.366,1.0,0.745,0.061,-0.0,0.0,0.0,0.005,0.0,0.0,0.0,0.0,0.0,0.0
EXO,100912071,,,,,,,,,,,SAFE,-5.663,0.061,0.999,0.745,-0.044,-0.0,0.0,0.0,0.008,0.0,0.0,0.0,0.0,0.0,0.0
EXO,101012071,,,,,,,,,,,SAFE,-5.647,0.0,0.998,0.745,0.046,-0.0,0.0,0.0,0.02,0.0,0.0,0.0,0.0,0.0,0.0
EXO,101112071,,,,,,,,,,,SAFE,-5.669,-0.427,0.998,0.745,0.093,-0.0,0.0,0.0,-0.007,0.0,0.0,0.0,0.0,0.0,0.0
EXO,101212071,,,,,,,,,,,SAFE,-5.636,0.793,0.991,0.745,0.036,-0.0,0.0,0.0,-0.001,0.0,0.0,0.0,0.0,0.0,0.0
EXO,101312071,,,,,,,,,,,SAFE,-5.718,0.793,1.007,0.745,0.056,-0.0,0.0,0.0,0.011,0.0,0.0,0.0,0.0,0.0,0.0
EXO,101412071,,,,,,,,,,,SAFE,-5.658,-1.892,1.002,0.745,0.06,-0.0,0.0,0.0,0.005,0.0,0.0,0.0,0.0,0.0,0.0
EXO,101512071,,,,,,,,,,,SAFE,-5.592,1.526,0.985,0.745,0.048,-0.0,0.0,0.0,0.007,0.0,0.0,0.0,0.0,0.0,0.0
EXO,101612071,,,,,,,,,,,SAFE,-5.702,0.427,1.009,0.745,0.097,-0.0,0.0,0.0,0.001,0.0,0.0,0.0,0.0,0.0,0.0
EXO,101712071,,,,,,,,,,,SAFE,-5.636,-1.709,1.001,0.745,-0.04,-0.0,0.0,0.0,0.01,0.0,0.0,0.0,0.0,0.0,0.0
EXO,101812071,,,,,,,,,,,SAFE,-5.62,1.648,0.992,0.745,0.079,-0.0,0.0,0.0,0.001,0.0,0.0,0.0,0.0,0.0,0.0
EXO,101912071,,,,,,,,,,,SAFE,-5.707,0.0,1.009,0.745,-0.123,-0.0,0.0,0.0,-0.005,0.0,0.0,0.0,0.0,0.0,0.0
EXO,102012071,,,,,,,,,,,SAFE,-5.647,-1.587,1.004,0.745,-0.117,-0.0,0.0,0.0,0.005,0.0,0.0,0.0,0.0,0.0,0.0
EXO,102112071,,,,,,,,,,,SAFE,-5.658,0.732,0.996,0.745,0.032,-0.0,0.0,0.0,0.005,0.0,0.0,0.0,0.0,0.0,0.0
EXO,102212071,,,,,,,,,,,SAFE,-5.663,0.793,1.0,0.745,0.084,-0.0,0.0,0.0,-0.021,0.0,0.0,0.0,0.0,0.0,0.0
EXO,102312071,,,,,,,,,,,SAFE,-5.647,-0.732,1.003,0.745,0.011,-0.0,0.0,0.0,-0.013,0.0,0.0,0.0,0.0,0.0,0.0
EXO,102412071,,,,,,,,,,,SAFE,-5.614,0.427,0.993,0.745,0.015,-0.0,0.0,0.0,-0.017,0.0,0.0,0.0,0.0,0.0,0.0
EXO,102512071,,,,,,,,,,,SAFE,-5.663,0.977,1.002,0.745,0.021,-0.0,0.0,0.0,-0.001,0.0,0.0,0.0,0.0,0.0,0.0
EXO,102612071,,,,,,,,,,,SAFE,-5.652,-1.282,1.006,0.745,0.064,-0.0,0.0,0.0,-0.001,0.0,0.0,0.0,0.0,0.0,0.0
EXO,102712071,,,,,,,,,,,SAFE,-5.609,1.038,0.995,0.745,-0.073,-0.0,0.0,0.0,-0.006,0.0,0.0,0.0,0.0,0.0,0.0
EXO,102812071,,,,,,,,,,,SAFE,-5.68,0.549,1.005,0.745,-0.116,-0.0,0.0,0.0,-0.011,0.0,0.0,0.0,0.0,0.0,0.0
EXO,102912071,,,,,,,,,,,SAFE,-5.68,-2.502,1.005,0.745,-0.001,-0.0,0.0,0.0,0.005,0.0,0.0,0.0,0.0,0.0,0.0
EXO,103012071,,,,,,,,,,,SAFE,-5.598,0.793,0.988,0.745,0.014,-0.0,0.0,0.0,0.003,0.0,0.0,0.0,0.0,0.0,0.0
EXO,103112071,,,,,,,,,,,SAFE,-5.674,1.709,0.999,0.745,0.023,-0.0,0.0,0.0,-0.005,0.0,0.0,0.0,0.0,0.0,0.0
EXO,103212071,,,,,,,,,,,SAFE,-5.674,-1.526,1.007,0.745,-0.03,-0.0,0.0,0.0,0.001,0.0,0.0,0.0,0.0,0.0,0.0
EXO,103312071,,,,,,,,,,,SAFE,-5.614,0.122,0.989,0.745,0.038,-0.0,0.0,0.0,-0.011,0.0,0.0,0.0,0.0,0.0,0.0
EXO,103412071,,,,,,,,,,,SAFE,-5.658,1.648,0.997,0.745,0.061,-0.0,0.0,0.0,-0.001,0.0,0.0,0.0,0.0,0.0,0.0
EXO,103512071,,,,,,,,,,,SAFE,-5.663,-1.099,1.005,0.745,0.111,-0.0,0.0,0.0,0.008,0.0,0.0,0.0,0.0,0.0,0.0
EXO,103612071,,,,,,,,,,,SAFE,-5.63,-0.732,1.001,0.745,0.139,-0.0,0.0,0.0,0.007,0.0,0.0,0.0,0.0,0.0,0.0
EXO,103712071,,,,,,,,,,,SAFE,-5.636,0.732,0.993,0.745,0.101,-0.0,0.0,0.0,0.006,0.0,0.0,0.0,0.0,0.0,0.0
EXO,103812071,,,,,,,,,,,SAFE,-5.685,0.427,1.002,0.745,-0.007,-0.0,0.0,0.0,-0.003,0.0,0.0,0.0,0.0,0.0,0.0
EXO,103912071,,,,,,,,,,,SAFE,-5.647,-0.549,1.0,0.745,-0.058,-0.0,0.0,0.0,0.002,0.0,0.0,0.0,0.0,0.0,0.0
EXO,104012071,,,,,,,,,,,SAFE,-5.63,0.0,0.995,0.745,-0.058,-0.0,0.0,0.0,0.009,0.0,0.0,0.0,0.0,0.0,0.0
EXO,104112071,,,,,,,,,,,SAFE,-5.652,0.793,0.999,0.745,0.026,-0.0,0.0,0.0,0.008,0.0,0.0,0.0,0.0,0.0,0.0
EXO,104212071,,,,,,,,,,,SAFE,-5.641,-0.732,1.0,0.745,-0.022,-0.0,0.0,0.0,0.004,0.0,0.0,0.0,0.0,0.0,0.0
EXO,104312071,,,,,,,,,,,SAFE,-5.63,0.916,0.991,0.745,-0.096,-0.0,0.0,0.0,-0.006,0.0,0.0,0.0,0.0,0.0,0.0
EXO,104412071,,,,,,,,,,,SAFE,-5.669,-0.183,1.005,0.745,-0.005,-0.0,0.0,0.0,0.002,0.0,0.0,0.0,0.0,0.0,0.0
EXO,104512071,,,,,,,,,,,SAFE,-5.636,-1.038,1.001,0.745,0.007,-0.0,0.0,0.0,-0.015,0.0,0.0,0.0,0.0,0.0,0.0
EXO,104612071,,,,,,,,,,,SAFE,-5.652,0.854,0.998,0.745,0.057,-0.0,0.0,0.0,-0.015,0.0,0.0,0.0,0.0,0.0,0.0
EXO,104712071,,,,,,,,,,,SAFE,-5.674,-0.122,1.007,0.745,0.009,-0.0,0.0,0.0,0.004,0.0,0.0,0.0,0.0,0.0,0.0
EXO,104812071,,,,,,,,,,,SAFE,-5.614,-0.244,0.993,0.745,0.049,-0.0,0.0,0.0,-0.004,0.0,0.0,0.0,0.0,0.0,0.0
EXO,104912071,,,,,,,,,,,SAFE,-5.647,0.854,0.999,0.745,0.107,-0.0,0.0,0.0,0.014,0.0,0.0,0.0,0.0,0.0,0.0
EXO,105012071,,,,,,,,,,,SAFE,-5.641,-0.61,1.001,0.745,0.175,-0.0,0.0,0.0,-0.001,0.0,0.0,0.0,0.0,0.0,0.0
EXO,105112071,,,,,,,,,,,SAFE,-5.63,0.122,0.999,0.745,0.034,-0.0,0.0,0.0,0.006,0.0,0.0,0.0,0.0,0.0,0.0
EXO,105212071,,,,,,,,,,,SAFE,-5.625,-0.244,1.0,0.745,0.112,-0.0,0.0,0.0,-0.006,0.0,0.0,0.0,0.0,0.0,0.0
EXO,105312071,,,,,,,,,,,SAFE,-5.625,0.061,0.999,0.745,-0.011,-0.0,0.0,0.0,0.006,0.0,0.0,0.0,0.0,0.0,0.0
EXO,105412071,,,,,,,,,,,SAFE,-5.647,-0.549,1.001,0.745,-0.033,-0.0,0.0,0.0,-0.029,0.0,0.0,0.0,0.0,0.0,0.0
EXO,105512071,,,,,,,,,,,SAFE,-5.625,0.366,1.0,0.745,0.107,-0.0,0.0,0.0,-0.015,0.0,0.0,0.0,0.0,0.0,0.0
EXO,105612071,,,,,,,,,,,SAFE,-5.641,0.183,0.999,0.745,-0.116,-0.0,0.0,0.0,0.014,0.0,0.0,0.0,0.0,0.0,0.0
EXO,105712071,,,,,,,,,,,SAFE,-5.625,-0.916,1.002,0.745,-0.117,-0.0,0.0,0.0,-0.001,0.0,0.0,0.0,0.0,0.0,0.0
EXO,105812071,,,,,,,,,,,SAFE,-5.62,0.244,0.995,0.745,0.058,-0.0,0.0,0.0,-0.019,0.0,0.0,0.0,0.0,0.0,0.0
EXO,105912071,,,,,,,,,,,SAFE,-5.652,0.427,1.004,0.745,-0.044,-0.0,0.0,0.0,-0.001,0.0,0.0,0.0,0.0,0.0,0.0
EXO,106012071,,,,,,,,,,,SAFE,-5.641,-1.038,1.003,0.745,0.045,-0.0,0.0,0.0,-0.009,0.0,0.0,0.0,0.0,0.0,0.0
EXO,106112071,,,,,,,,,,,SAFE,-5.63,0.488,0.993,0.745,-0.166,-0.0,0.0,0.0,-0.016,0.0,0.0,0.0,0.0,0.0,0.0
EXO,106212071,,,,,,,,,,,SAFE,-5.647,0.366,1.0,0.745,-0.099,-0.0,0.0,0.0,-0.013,0.0,0.0,0.0,0.0,0.0,0.0
EXO,106312071,,,,,,,,,,,SAFE,-5.674,-0.977,1.009,0.745,0.057,-0.0,0.0,0.0,-0.004,0.0,0.0,0.0,0.0,0.0,0.0
EXO,106412071,,,,,,,,,,,SAFE,-5.598,-0.244,0.995,0.745,0.069,-0.0,0.0,0.0,-0.001,0.0,0.0,0.0,0.0,0.0,0.0
EXO,106512071,,,,,,,,,,,SAFE,-5.636,1.343,0.995,0.745,0.034,-0.0,0.0,0.0,-0.006,0.0,0.0,0.0,0.0,0.0,0.0
EXO,106612071,,,,,,,,,,,SAFE,-5.663,-0.854,1.008,0.745,0.025,-0.0,0.0,0.0,0.008,0.0,0.0,0.0,0.0,0.0,0.0
EXO,106712071,,,,,,,,,,,SAFE,-5.609,-0.183,0.997,0.745,-0.036,-0.0,0.0,0.0,0.004,0.0,0.0,0.0,0.0,0.0,0.0
EXO,106812071,,,,,,,,,,,SAFE,-5.625,1.282,0.997,0.745,0.011,-0.0,0.0,0.0,-0.002,0.0,0.0,0.0,0.0,0.0,0.0
EXO,106912071,,,,,,,,,,,SAFE,-5.663,-0.488,1.004,0.745,0.072,-0.0,0.0,0.0,0.0,0.0,0.0,0.0,0.0,0.0,0.0
EXO,107012071,,,,,,,,,,,SAFE,-5.614,-0.366,1.0,0.745,-0.066,-0.0,0.0,0.0,0.009,0.0,0.0,0.0,0.0,0.0,0.0
EXO,107112071,,,,,,,,,,,SAFE,-5.647,0.61,0.994,0.745,-0.064,-0.0,0.0,0.0,0.01,0.0,0.0,0.0,0.0,0.0,0.0
EXO,107212071,,,,,,,,,,,SAFE,-5.647,0.427,1.001,0.745,0.03,-0.0,0.0,0.0,-0.007,0.0,0.0,0.0,0.0,0.0,0.0
EXO,107312071,,,,,,,,,,,SAFE,-5.625,-0.977,1.003,0.745,-0.135,-0.0,0.0,0.0,0.003,0.0,0.0,0.0,0.0,0.0,0.0
EXO,107412071,,,,,,,,,,,SAFE,-5.603,0.366,0.993,0.745,-0.049,-0.0,0.0,0.0,-0.002,0.0,0.0,0.0,0.0,0.0,0.0
EXO,107512071,,,,,,,,,,,SAFE,-5.636,1.038,1.003,0.745,-0.064,-0.0,0.0,0.0,0.0,0.0,0.0,0.0,0.0,0.0,0.0
EXO,107612071,,,,,,,,,,,SAFE,-5.63,-1.099,1.004,0.745,-0.061,-0.0,0.0,0.0,-0.006,0.0,0.0,0.0,0.0,0.0,0.0
EXO,107712071,,,,,,,,,,,SAFE,-5.598,0.0,0.991,0.745,0.064,-0.0,0.0,0.0,-0.009,0.0,0.0,0.0,0.0,0.0,0.0
EXO,107812071,,,,,,,,,,,SAFE,-5.641,1.038,1.002,0.745,0.069,-0.0,0.0,0.0,-0.014,0.0,0.0,0.0,0.0,0.0,0.0
EXO,107912071,,,,,,,,,,,SAFE,-5.652,-0.61,1.009,0.745,0.01,-0.0,0.0,0.0,0.005,0.0,0.0,0.0,0.0,0.0,0.0
EXO,108012071,,,,,,,,,,,SAFE,-5.598,-0.427,0.998,0.745,-0.034,-0.0,0.0,0.0,-0.001,0.0,0.0,0.0,0.0,0.0,0.0
EXO,108112071,,,,,,,,,,,SAFE,-5.625,0.427,1.004,0.745,0.053,-0.0,0.0,0.0,0.006,0.0,0.0,0.0,0.0,0.0,0.0
EXO,108212071,,,,,,,,,,,SAFE,-5.62,-0.977,1.001,0.745,0.154,-0.0,0.0,0.0,0.019,0.0,0.0,0.0,0.0,0.0,0.0
EXO,108312071,,,,,,,,,,,SAFE,-5.62,0.793,0.996,0.745,-0.07,-0.0,0.0,0.0,-0.008,0.0,0.0,0.0,0.0,0.0,0.0
EXO,108412071,,,,,,,,,,,SAFE,-5.609,0.366,1.005,0.745,0.021,-0.0,0.0,0.0,0.004,0.0,0.0,0.0,0.0,0.0,0.0
EXO,108512071,,,,,,,,,,,SAFE,-5.62,-0.061,1.004,0.745,0.037,-0.0,0.0,0.0,0.006,0.0,0.0,0.0,0.0,0.0,0.0
EXO,108612071,,,,,,,,,,,SAFE,-5.609,0.0,0.999,0.745,0.065,-0.0,0.0,0.0,-0.007,0.0,0.0,0.0,0.0,0.0,0.0
EXO,108712071,,,,,,,,,,,SAFE,-5.636,-0.305,1.003,0.745,0.127,-0.0,0.0,0.0,-0.011,0.0,0.0,0.0,0.0,0.0,0.0
EXO,108812071,,,,,,,,,,,SAFE,-5.636,0.0,0.999,0.745,-0.03,-0.0,0.0,0.0,0.015,0.0,0.0,0.0,0.0,0.0,0.0
EXO,108912071,,,,,,,,,,,SAFE,-5.598,0.0,0.991,0.745,-0.116,-0.0,0.0,0.0,-0.0,0.0,0.0,0.0,0.0,0.0,0.0
EXO,109012071,,,,,,,,,,,SAFE,-5.641,1.404,1.0,0.745,-0.032,-0.0,0.0,0.0,-0.003,0.0,0.0,0.0,0.0,0.0,0.0
EXO,109112071,,,,,,,,,,,SAFE,-5.598,-0.061,1.003,0.745,0.099,-0.0,0.0,0.0,-0.002,0.0,0.0,0.0,0.0,0.0,0.0
EXO,109212071,,,,,,,,,,,SAFE,-5.576,-1.221,0.999,0.745,0.199,-0.0,0.0,0.0,0.003,0.0,0.0,0.0,0.0,0.0,0.0
EXO,109312071,,,,,,,,,,,SAFE,-5.63,0.793,1.0,0.745,-0.066,-0.0,0.0,0.0,0.002,0.0,0.0,0.0,0.0,0.0,0.0
EXO,109412071,,,,,,,,,,,SAFE,-5.636,-0.549,1.006,0.745,0.03,-0.0,0.0,0.0,-0.002,0.0,0.0,0.0,0.0,0.0,0.0
EXO,109512071,,,,,,,,,,,SAFE,-5.609,0.122,1.003,0.745,0.032,-0.0,0.0,0.0,0.004,0.0,0.0,0.0,0.0,0.0,0.0
EXO,109612071,,,,,,,,,,,SAFE,-5.625,0.61,0.993,0.745,0.053,-0.0,0.0,0.0,-0.005,0.0,0.0,0.0,0.0,0.0,0.0
EXO,109712071,,,,,,,,,,,SAFE,-5.652,-0.977,1.008,0.745,0.026,-0.0,0.0,0.0,0.002,0.0,0.0,0.0,0.0,0.0,0.0
EXO,109812071,,,,,,,,,,,SAFE,-5.625,-0.793,1.002,0.745,-0.022,-0.0,0.0,0.0,0.011,0.0,0.0,0.0,0.0,0.0,0.0
EXO,109912071,,,,,,,,,,,SAFE,-5.592,1.16,0.994,0.745,0.134,-0.0,0.0,0.0,0.0,0.0,0.0,0.0,0.0,0.0,0.0
EXO,110012071,,,,,,,,,,,SAFE,-5.641,0.427,1.001,0.745,-0.091,-0.0,0.0,0.0,-0.001,0.0,0.0,0.0,0.0,0.0,0.0
EXO,110112071,,,,,,,,,,,SAFE,-5.625,-0.854,1.003,0.745,0.053,-0.0,0.0,0.0,-0.007,0.0,0.0,0.0,0.0,0.0,0.0
EXO,110212071,,,,,,,,,,,SAFE,-5.609,0.732,0.993,0.745,0.021,-0.0,0.0,0.0,0.014,0.0,0.0,0.0,0.0,0.0,0.0
EXO,110312071,,,,,,,,,,,SAFE,-5.625,-0.061,1.002,0.745,0.049,-0.0,0.0,0.0,-0.003,0.0,0.0,0.0,0.0,0.0,0.0
EXO,110412071,,,,,,,,,,,SAFE,-5.598,-0.854,1.0,0.745,-0.046,-0.0,0.0,0.0,0.003,0.0,0.0,0.0,0.0,0.0,0.0
EXO,110512071,,,,,,,,,,,SAFE,-5.598,0.0,0.993,0.745,-0.015,-0.0,0.0,0.0,-0.009,0.0,0.0,0.0,0.0,0.0,0.0
EXO,110612071,,,,,,,,,,,SAFE,-5.63,1.099,0.999,0.745,0.099,-0.0,0.0,0.0,0.015,0.0,0.0,0.0,0.0,0.0,0.0
EXO,110712071,,,,,,,,,,,SAFE,-5.625,-1.221,1.0,0.745,0.037,-0.0,0.0,0.0,-0.013,0.0,0.0,0.0,0.0,0.0,0.0
EXO,110812071,,,,,,,,,,,SAFE,-5.603,-0.183,0.994,0.745,-0.032,-0.0,0.0,0.0,-0.0,0.0,0.0,0.0,0.0,0.0,0.0
EXO,110912071,,,,,,,,,,,SAFE,-5.647,0.549,1.0,0.745,-0.068,-0.0,0.0,0.0,-0.017,0.0,0.0,0.0,0.0,0.0,0.0
EXO,111012071,,,,,,,,,,,SAFE,-5.641,-0.549,1.008,0.745,0.095,-0.0,0.0,0.0,-0.009,0.0,0.0,0.0,0.0,0.0,0.0
EXO,111112071,,,,,,,,,,,SAFE,-5.598,-0.854,1.0,0.745,-0.03,-0.0,0.0,0.0,-0.003,0.0,0.0,0.0,0.0,0.0,0.0
EXO,111212071,,,,,,,,,,,SAFE,-5.603,0.977,0.998,0.745,0.025,-0.0,0.0,0.0,-0.01,0.0,0.0,0.0,0.0,0.0,0.0
EXO,111312071,,,,,,,,,,,SAFE,-5.63,0.366,1.0,0.745,-0.122,-0.0,0.0,0.0,0.0,0.0,0.0,0.0,0.0,0.0,0.0
EXO,111412071,,,,,,,,,,,SAFE,-5.62,-0.244,1.001,0.745,-0.049,-0.0,0.0,0.0,-0.008,0.0,0.0,0.0,0.0,0.0,0.0
EXO,111512071,,,,,,,,,,,SAFE,-5.609,0.183,0.995,0.745,0.048,-0.0,0.0,0.0,0.017,0.0,0.0,0.0,0.0,0.0,0.0
EXO,111612071,,,,,,,,,,,SAFE,-5.63,0.793,0.992,0.745,-0.07,-0.0,0.0,0.0,0.003,0.0,0.0,0.0,0.0,0.0,0.0
EXO,111712071,,,,,,,,,,,SAFE,-5.614,0.549,0.994,0.745,0.01,-0.0,0.0,0.0,0.013,0.0,0.0,0.0,0.0,0.0,0.0
EXO,111812071,,,,,,,,,,,SAFE,-5.603,0.244,0.992,0.745,-0.026,-0.0,0.0,0.0,-0.003,0.0,0.0,0.0,0.0,0.0,0.0
EXO,111912071,,,,,,,,,,,SAFE,-5.62,0.0,1.001,0.745,-0.036,-0.0,0.0,0.0,0.011,0.0,0.0,0.0,0.0,0.0,0.0
EXO,112012071,,,,,,,,,,,SAFE,-5.625,-0.854,1.006,0.745,-0.06,-0.0,0.0,0.0,-0.008,0.0,0.0,0.0,0.0,0.0,0.0
EXO,112112071,,,,,,,,,,,SAFE,-5.598,-1.343,0.999,0.745,-0.135,-0.0,0.0,0.0,0.012,0.0,0.0,0.0,0.0,0.0,0.0
EXO,112212071,,,,,,,,,,,SAFE,-5.614,-0.305,0.998,0.745,-0.124,-0.0,0.0,0.0,0.003,0.0,0.0,0.0,0.0,0.0,0.0
EXO,112312071,,,,,,,,,,,SAFE,-5.647,-1.404,1.0,0.745,-0.037,-0.0,0.0,0.0,0.009,0.0,0.0,0.0,0.0,0.0,0.0
EXO,112412071,,,,,,,,,,,SAFE,-5.614,-0.427,1.002,0.745,-0.148,-0.0,0.0,0.0,0.007,0.0,0.0,0.0,0.0,0.0,0.0
EXO,112512071,,,,,,,,,,,SAFE,-5.63,0.0,1.003,0.745,-0.162,-0.0,0.0,0.0,0.008,0.0,0.0,0.0,0.0,0.0,0.0
EXO,112612071,,,,,,,,,,,SAFE,-5.636,-1.343,1.011,0.745,-0.124,-0.0,0.0,0.0,-0.009,0.0,0.0,0.0,0.0,0.0,0.0
EXO,112712071,,,,,,,,,,,SAFE,-5.614,-1.221,1.006,0.745,0.033,-0.0,0.0,0.0,0.014,0.0,0.0,0.0,0.0,0.0,0.0
EXO,112812071,,,,,,,,,,,SAFE,-5.603,0.244,1.001,0.745,0.05,-0.0,0.0,0.0,-0.016,0.0,0.0,0.0,0.0,0.0,0.0
EXO,112912071,,,,,,,,,,,SAFE,-5.625,0.305,1.006,0.745,0.034,-0.0,0.0,0.0,0.0,0.0,0.0,0.0,0.0,0.0,0.0
EXO,113012071,,,,,,,,,,,SAFE,-5.63,-0.916,1.007,0.745,0.014,-0.0,0.0,0.0,0.011,0.0,0.0,0.0,0.0,0.0,0.0
EXO,113112071,,,,,,,,,,,SAFE,-5.63,0.305,1.003,0.745,0.097,-0.0,0.0,0.0,-0.009,0.0,0.0,0.0,0.0,0.0,0.0
EXO,113212071,,,,,,,,,,,SAFE,-5.63,0.549,0.998,0.745,-0.028,-0.0,0.0,0.0,-0.004,0.0,0.0,0.0,0.0,0.0,0.0
EXO,113312071,,,,,,,,,,,SAFE,-5.614,-0.122,1.0,0.745,0.12,-0.0,0.0,0.0,-0.003,0.0,0.0,0.0,0.0,0.0,0.0
EXO,113412071,,,,,,,,,,,SAFE,-5.609,0.366,0.994,0.745,0.115,-0.0,0.0,0.0,-0.01,0.0,0.0,0.0,0.0,0.0,0.0
EXO,113512071,,,,,,,,,,,SAFE,-5.625,0.549,1.001,0.745,0.089,-0.0,0.0,0.0,0.015,0.0,0.0,0.0,0.0,0.0,0.0
EXO,113612071,,,,,,,,,,,SAFE,-5.609,0.549,1.003,0.745,0.05,-0.0,0.0,0.0,-0.002,0.0,0.0,0.0,0.0,0.0,0.0
EXO,113712071,,,,,,,,,,,SAFE,-5.614,-0.671,1.003,0.745,-0.054,-0.0,0.0,0.0,0.009,0.0,0.0,0.0,0.0,0.0,0.0
EXO,113812071,,,,,,,,,,,SAFE,-5.603,0.793,0.985,0.745,0.08,-0.0,0.0,0.0,0.008,0.0,0.0,0.0,0.0,0.0,0.0
EXO,113912071,,,,,,,,,,,SAFE,-5.63,1.099,0.997,0.745,-0.025,-0.0,0.0,0.0,0.0,0.0,0.0,0.0,0.0,0.0,0.0
EXO,114012071,,,,,,,,,,,SAFE,-5.62,-1.404,1.004,0.745,0.04,-0.0,0.0,0.0,0.015,0.0,0.0,0.0,0.0,0.0,0.0
EXO,114112071,,,,,,,,,,,SAFE,-5.581,0.122,0.992,0.745,0.028,-0.0,0.0,0.0,-0.011,0.0,0.0,0.0,0.0,0.0,0.0
EXO,114212071,,,,,,,,,,,SAFE,-5.614,1.16,0.999,0.745,0.045,-0.0,0.0,0.0,0.016,0.0,0.0,0.0,0.0,0.0,0.0
EXO,114312071,,,,,,,,,,,SAFE,-5.63,-1.221,1.006,0.745,-0.044,-0.0,0.0,0.0,0.004,0.0,0.0,0.0,0.0,0.0,0.0
EXO,114412071,,,,,,,,,,,SAFE,-5.592,-0.427,0.997,0.745,0.169,-0.0,0.0,0.0,-0.009,0.0,0.0,0.0,0.0,0.0,0.0
EXO,114512071,,,,,,,,,,,SAFE,-5.641,0.427,1.0,0.745,-0.021,-0.0,0.0,0.0,0.008,0.0,0.0,0.0,0.0,0.0,0.0
EXO,114612071,,,,,,,,,,,SAFE,-5.641,-0.61,1.008,0.745,-0.022,-0.0,0.0,0.0,0.007,0.0,0.0,0.0,0.0,0.0,0.0
EXO,114712071,,,,,,,,,,,SAFE,-5.592,-0.732,1.005,0.745,-0.046,-0.0,0.0,0.0,0.008,0.0,0.0,0.0,0.0,0.0,0.0
EXO,114812071,,,,,,,,,,,SAFE,-5.62,0.366,1.007,0.745,-0.009,-0.0,0.0,0.0,-0.004,0.0,0.0,0.0,0.0,0.0,0.0
EXO,114912071,,,,,,,,,,,SAFE,-5.609,-0.305,1.002,0.745,-0.007,-0.0,0.0,0.0,-0.004,0.0,0.0,0.0,0.0,0.0,0.0
EXO,115012071,,,,,,,,,,,SAFE,-5.598,0.549,1.0,0.745,0.01,-0.0,0.0,0.0,-0.011,0.0,0.0,0.0,0.0,0.0,0.0
EXO,115112071,,,,,,,,,,,SAFE,-5.62,0.244,1.002,0.745,0.135,-0.0,0.0,0.0,0.011,0.0,0.0,0.0,0.0,0.0,0.0
EXO,115212071,,,,,,,,,,,SAFE,-5.592,0.305,1.003,0.745,-0.033,-0.0,0.0,0.0,-0.002,0.0,0.0,0.0,0.0,0.0,0.0
EXO,115312071,,,,,,,,,,,SAFE,-5.63,0.122,1.006,0.745,0.029,-0.0,0.0,0.0,0.001,0.0,0.0,0.0,0.0,0.0,0.0
EXO,115412071,,,,,,,,,,,SAFE,-5.62,-0.366,1.01,0.745,0.109,-0.0,0.0,0.0,0.007,0.0,0.0,0.0,0.0,0.0,0.0
EXO,115512071,,,,,,,,,,,SAFE,-5.587,0.854,0.995,0.745,-0.018,-0.0,0.0,0.0,0.013,0.0,0.0,0.0,0.0,0.0,0.0
EXO,115612071,,,,,,,,,,,SAFE,-5.625,0.916,1.002,0.745,0.01,-0.0,0.0,0.0,0.003,0.0,0.0,0.0,0.0,0.0,0.0
EXO,115712071,,,,,,,,,,,SAFE,-5.625,-0.671,1.005,0.745,-0.006,-0.0,0.0,0.0,-0.021,0.0,0.0,0.0,0.0,0.0,0.0
EXO,115812071,,,,,,,,,,,SAFE,-5.598,0.366,1.002,0.745,0.01,-0.0,0.0,0.0,-0.004,0.0,0.0,0.0,0.0,0.0,0.0
EXO,115912071,,,,,,,,,,,SAFE,-5.63,0.671,1.002,0.745,-0.112,-0.0,0.0,0.0,-0.007,0.0,0.0,0.0,0.0,0.0,0.0
EXO,116012071,,,,,,,,,,,SAFE,-5.641,0.305,1.003,0.745,0.1,-0.0,0.0,0.0,0.012,0.0,0.0,0.0,0.0,0.0,0.0
EXO,116112071,,,,,,,,,,,SAFE,-5.647,0.183,1.005,0.745,0.057,-0.0,0.0,0.0,-0.001,0.0,0.0,0.0,0.0,0.0,0.0
EXO,116212071,,,,,,,,,,,SAFE,-5.625,0.427,1.002,0.745,-0.003,-0.0,0.0,0.0,-0.009,0.0,0.0,0.0,0.0,0.0,0.0
EXO,116312071,,,,,,,,,,,SAFE,-5.614,1.099,1.001,0.745,0.06,-0.0,0.0,0.0,0.014,0.0,0.0,0.0,0.0,0.0,0.0
EXO,116412071,,,,,,,,,,,SAFE,-5.636,-0.671,1.007,0.745,0.028,-0.0,0.0,0.0,0.003,0.0,0.0,0.0,0.0,0.0,0.0
EXO,116512071,,,,,,,,,,,SAFE,-5.603,-0.244,0.995,0.745,0.06,-0.0,0.0,0.0,-0.015,0.0,0.0,0.0,0.0,0.0,0.0
EXO,116612071,,,,,,,,,,,SAFE,-5.598,1.77,0.993,0.745,0.011,-0.0,0.0,0.0,-0.009,0.0,0.0,0.0,0.0,0.0,0.0
EXO,116712071,,,,,,,,,,,SAFE,-5.658,-0.793,1.012,0.745,0.131,-0.0,0.0,0.0,0.018,0.0,0.0,0.0,0.0,0.0,0.0
EXO,116812071,,,,,,,,,,,SAFE,-5.581,-1.16,1.0,0.745,0.087,-0.0,0.0,0.0,0.003,0.0,0.0,0.0,0.0,0.0,0.0
EXO,116912071,,,,,,,,,,,SAFE,-5.603,1.16,0.989,0.745,-0.041,-0.0,0.0,0.0,0.001,0.0,0.0,0.0,0.0,0.0,0.0
EXO,117012071,,,,,,,,,,,SAFE,-5.663,0.549,1.005,0.745,-0.013,-0.0,0.0,0.0,-0.007,0.0,0.0,0.0,0.0,0.0,0.0
EXO,117112071,,,,,,,,,,,SAFE,-5.576,-1.099,0.999,0.745,0.105,-0.0,0.0,0.0,-0.007,0.0,0.0,0.0,0.0,0.0,0.0
EXO,117212071,,,,,,,,,,,SAFE,-5.559,1.221,0.987,0.745,-0.077,-0.0,0.0,0.0,-0.008,0.0,0.0,0.0,0.0,0.0,0.0
EXO,117312071,,,,,,,,,,,SAFE,-5.641,0.61,0.997,0.745,-0.052,-0.0,0.0,0.0,-0.004,0.0,0.0,0.0,0.0,0.0,0.0
EXO,117412071,,,,,,,,,,,SAFE,-5.592,-1.038,1.0,0.745,-0.01,-0.0,0.0,0.0,0.006,0.0,0.0,0.0,0.0,0.0,0.0
EXO,117512071,,,,,,,,,,,SAFE,-5.559,0.305,0.999,0.745,-0.185,-0.0,0.0,0.0,-0.012,0.0,0.0,0.0,0.0,0.0,0.0
EXO,117612071,,,,,,,,,,,SAFE,-5.581,1.099,0.995,0.745,-0.023,-0.0,0.0,0.0,-0.017,0.0,0.0,0.0,0.0,0.0,0.0
EXO,117712071,,,,,,,,,,,SAFE,-5.62,-1.038,0.996,0.745,0.049,-0.0,0.0,0.0,-0.014,0.0,0.0,0.0,0.0,0.0,0.0
EXO,117812071,,,,,,,,,,,SAFE,-5.592,0.244,1.008,0.745,-0.14,-0.0,0.0,0.0,0.022,0.0,0.0,0.0,0.0,0.0,0.0
EXO,117912071,,,,,,,,,,,SAFE,-5.559,1.648,0.993,0.745,0.158,-0.0,0.0,0.0,0.0,0.0,0.0,0.0,0.0,0.0,0.0
EXO,118012071,,,,,,,,,,,SAFE,-5.603,0.793,0.99,0.745,-0.029,-0.0,0.0,0.0,0.011,0.0,0.0,0.0,0.0,0.0,0.0
EXO,118112071,,,,,,,,,,,SAFE,-5.576,-2.319,1.004,0.745,-0.014,-0.0,0.0,0.0,-0.005,0.0,0.0,0.0,0.0,0.0,0.0
EXO,118212071,,,,,,,,,,,SAFE,-5.663,0.0,1.0,0.745,0.042,-0.0,0.0,0.0,-0.003,0.0,0.0,0.0,0.0,0.0,0.0
EXO,118312071,,,,,,,,,,,SAFE,-5.652,0.366,0.999,0.745,0.003,-0.0,0.0,0.0,-0.006,0.0,0.0,0.0,0.0,0.0,0.0
EXO,118412071,,,,,,,,,,,SAFE,-5.707,-0.854,1.011,0.745,-0.026,-0.0,0.0,0.0,0.002,0.0,0.0,0.0,0.0,0.0,0.0
EXO,118512071,,,,,,,,,,,SAFE,-5.63,-1.16,0.993,0.745,0.087,-0.0,0.0,0.0,0.003,0.0,0.0,0.0,0.0,0.0,0.0
EXO,118612071,,,,,,,,,,,SAFE,-5.663,2.136,0.991,0.745,0.021,-0.0,0.0,0.0,0.011,0.0,0.0,0.0,0.0,0.0,0.0
EXO,118712071,,,,,,,,,,,SAFE,-5.735,0.0,1.011,0.745,-0.034,-0.0,0.0,0.0,-0.02,0.0,0.0,0.0,0.0,0.0,0.0
EXO,118812071,,,,,,,,,,,SAFE,-5.658,-1.953,1.003,0.745,0.148,-0.0,0.0,0.0,0.003,0.0,0.0,0.0,0.0,0.0,0.0
EXO,118912071,,,,,,,,,,,SAFE,-5.614,1.526,0.991,0.745,0.018,-0.0,0.0,0.0,-0.007,0.0,0.0,0.0,0.0,0.0,0.0
EXO,119012071,,,,,,,,,,,SAFE,-5.718,0.793,1.005,0.745,-0.023,-0.0,0.0,0.0,-0.01,0.0,0.0,0.0,0.0,0.0,0.0
EXO,119112071,,,,,,,,,,,SAFE,-5.669,-2.38,1.004,0.745,0.045,-0.0,0.0,0.0,0.0,0.0,0.0,0.0,0.0,0.0,0.0
EXO,119212071,,,,,,,,,,,SAFE,-5.63,1.282,0.991,0.745,-0.037,-0.0,0.0,0.0,0.001,0.0,0.0,0.0,0.0,0.0,0.0
EXO,119312071,,,,,,,,,,,SAFE,-5.702,1.343,1.003,0.745,-0.054,-0.0,0.0,0.0,0.005,0.0,0.0,0.0,0.0,0.0,0.0
EXO,119412071,,,,,,,,,,,SAFE,-5.669,-1.526,1.008,0.745,-0.022,-0.0,0.0,0.0,0.006,0.0,0.0,0.0,0.0,0.0,0.0
EXO,119512071,,,,,,,,,,,SAFE,-5.614,0.244,0.996,0.745,0.181,-0.0,0.0,0.0,0.002,0.0,0.0,0.0,0.0,0.0,0.0
EXO,119612071,,,,,,,,,,,SAFE,-5.658,1.953,0.993,0.745,0.052,-0.0,0.0,0.0,0.001,0.0,0.0,0.0,0.0,0.0,0.0
EXO,119712071,,,,,,,,,,,SAFE,-5.735,-1.038,1.02,0.745,-0.066,-0.0,0.0,0.0,0.003,0.0,0.0,0.0,0.0,0.0,0.0
EXO,119812071,,,,,,,,,,,SAFE,-5.57,-0.244,0.999,0.745,0.044,-0.0,0.0,0.0,-0.005,0.0,0.0,0.0,0.0,0.0,0.0
EXO,119912071,,,,,,,,,,,SAFE,-5.641,1.343,0.988,0.745,-0.032,-0.0,0.0,0.0,-0.001,0.0,0.0,0.0,0.0,0.0,0.0
EXO,120012071,,,,,,,,,,,SAFE,-5.691,0.488,0.999,0.745,0.037,-0.0,0.0,0.0,-0.004,0.0,0.0,0.0,0.0,0.0,0.0
EXO,120112071,,,,,,,,,,,SAFE,-5.625,-1.221,1.01,0.745,-0.011,-0.0,0.0,0.0,0.008,0.0,0.0,0.0,0.0,0.0,0.0
EXO,120212071,,,,,,,,,,,SAFE,-5.614,-0.183,0.997,0.745,-0.073,-0.0,0.0,0.0,-0.002,0.0,0.0,0.0,0.0,0.0,0.0
EXO,120312071,,,,,,,,,,,SAFE,-5.62,1.404,0.991,0.745,0.037,-0.0,0.0,0.0,0.006,0.0,0.0,0.0,0.0,0.0,0.0
EXO,120412071,,,,,,,,,,,SAFE,-5.647,0.244,1.0,0.745,0.046,-0.0,0.0,0.0,-0.006,0.0,0.0,0.0,0.0,0.0,0.0
EXO,120512071,,,,,,,,,,,SAFE,-5.62,-1.099,1.009,0.745,-0.081,-0.0,0.0,0.0,0.01,0.0,0.0,0.0,0.0,0.0,0.0
EXO,120612071,,,,,,,,,,,SAFE,-5.609,0.122,0.999,0.745,0.009,-0.0,0.0,0.0,-0.008,0.0,0.0,0.0,0.0,0.0,0.0
EXO,120712071,,,,,,,,,,,SAFE,-5.609,0.488,0.993,0.745,0.011,-0.0,0.0,0.0,0.001,0.0,0.0,0.0,0.0,0.0,0.0
EXO,120812071,,,,,,,,,,,SAFE,-5.883,-2.258,1.007,0.745,0.095,-0.0,0.0,0.0,0.016,0.0,0.0,0.0,0.0,0.0,0.0
EXO,120912071,,,,,,,,,,,SAFE,-5.784,-0.122,1.006,0.745,0.108,-0.0,0.0,0.0,-0.004,0.0,0.0,0.0,0.0,0.0,0.0
EXO,121012071,,,,,,,,,,,SAFE,-5.779,-0.061,0.989,0.745,-0.104,-0.0,0.0,0.0,-0.003,0.0,0.0,0.0,0.0,0.0,0.0
EXO,121112071,,,,,,,,,,,SAFE,-5.839,1.16,1.001,0.745,-0.036,-0.0,0.0,0.0,-0.011,0.0,0.0,0.0,0.0,0.0,0.0
EXO,121212071,,,,,,,,,,,SAFE,-5.784,-0.793,1.013,0.745,0.104,-0.0,0.0,0.0,0.01,0.0,0.0,0.0,0.0,0.0,0.0
EXO,121312071,,,,,,,,,,,SAFE,-5.784,-0.427,1.001,0.745,0.017,-0.0,0.0,0.0,-0.009,0.0,0.0,0.0,0.0,0.0,0.0
EXO,121412071,,,,,,,,,,,SAFE,-5.762,1.404,0.995,0.745,0.022,-0.0,0.0,0.0,-0.01,0.0,0.0,0.0,0.0,0.0,0.0
EXO,121512071,,,,,,,,,,,SAFE,-5.801,-1.343,0.999,0.745,0.028,-0.0,0.0,0.0,-0.005,0.0,0.0,0.0,0.0,0.0,0.0
EXO,121612071,,,,,,,,,,,SAFE,-5.751,-0.061,1.009,0.745,0.05,-0.0,0.0,0.0,-0.004,0.0,0.0,0.0,0.0,0.0,0.0
EXO,121712071,,,,,,,,,,,SAFE,-5.713,0.732,0.995,0.745,0.002,-0.0,0.0,0.0,0.017,0.0,0.0,0.0,0.0,0.0,0.0
EXO,121812071,,,,,,,,,,,SAFE,-5.729,0.244,0.988,0.745,0.081,-0.0,0.0,0.0,-0.012,0.0,0.0,0.0,0.0,0.0,0.0
EXO,121912071,,,,,,,,,,,SAFE,-5.751,0.732,0.993,0.745,0.006,-0.0,0.0,0.0,0.006,0.0,0.0,0.0,0.0,0.0,0.0
EXO,122012071,,,,,,,,,,,SAFE,-5.806,-1.404,1.022,0.745,0.014,-0.0,0.0,0.0,0.013,0.0,0.0,0.0,0.0,0.0,0.0
EXO,122112071,,,,,,,,,,,SAFE,-5.685,-0.488,0.989,0.745,0.029,-0.0,0.0,0.0,-0.012,0.0,0.0,0.0,0.0,0.0,0.0
EXO,122212071,,,,,,,,,,,SAFE,-5.751,2.38,0.983,0.745,-0.023,-0.0,0.0,0.0,-0.005,0.0,0.0,0.0,0.0,0.0,0.0
EXO,122312071,,,,,,,,,,,SAFE,-5.845,-1.587,1.009,0.745,-0.052,-0.0,0.0,0.0,-0.015,0.0,0.0,0.0,0.0,0.0,0.0
EXO,122412071,,,,,,,,,,,SAFE,-5.768,-1.282,1.009,0.745,-0.042,-0.0,0.0,0.0,0.002,0.0,0.0,0.0,0.0,0.0,0.0
EXO,122512071,,,,,,,,,,,SAFE,-5.757,2.075,0.991,0.745,0.142,-0.0,0.0,0.0,-0.017,0.0,0.0,0.0,0.0,0.0,0.0
EXO,122612071,,,,,,,,,,,SAFE,-5.812,-0.244,1.0,0.745,0.01,-0.0,0.0,0.0,0.009,0.0,0.0,0.0,0.0,0.0,0.0
EXO,122712071,,,,,,,,,,,SAFE,-5.79,-0.793,1.006,0.745,-0.069,-0.0,0.0,0.0,-0.003,0.0,0.0,0.0,0.0,0.0,0.0
EXO,122812071,,,,,,,,,,,SAFE,-5.746,0.061,0.998,0.745,-0.019,-0.0,0.0,0.0,-0.005,0.0,0.0,0.0,0.0,0.0,0.0
EXO,122912071,,,,,,,,,,,SAFE,-5.779,1.343,0.995,0.745,-0.049,-0.0,0.0,0.0,0.002,0.0,0.0,0.0,0.0,0.0,0.0
EXO,123012071,,,,,,,,,,,SAFE,-5.801,-0.366,0.995,0.745,0.014,-0.0,0.0,0.0,-0.002,0.0,0.0,0.0,0.0,0.0,0.0
EXO,123112071,,,,,,,,,,,SAFE,-5.773,-0.671,1.005,0.745,-0.037,-0.0,0.0,0.0,-0.01,0.0,0.0,0.0,0.0,0.0,0.0
EXO,123212071,,,,,,,,,,,SAFE,-5.724,-0.244,0.996,0.745,0.023,-0.0,0.0,0.0,0.013,0.0,0.0,0.0,0.0,0.0,0.0
EXO,123312071,,,,,,,,,,,SAFE,-5.757,1.526,0.995,0.745,0.073,-0.0,0.0,0.0,-0.003,0.0,0.0,0.0,0.0,0.0,0.0
EXO,123412071,,,,,,,,,,,SAFE,-5.79,-0.305,1.005,0.745,-0.117,-0.0,0.0,0.0,0.008,0.0,0.0,0.0,0.0,0.0,0.0
EXO,123512071,,,,,,,,,,,SAFE,-5.724,-1.282,0.997,0.745,0.062,-0.0,0.0,0.0,0.008,0.0,0.0,0.0,0.0,0.0,0.0
EXO,123612071,,,,,,,,,,,SAFE,-5.729,1.16,0.995,0.745,0.064,-0.0,0.0,0.0,0.003,0.0,0.0,0.0,0.0,0.0,0.0
EXO,123712071,,,,,,,,,,,SAFE,-5.751,-0.366,1.003,0.745,-0.019,-0.0,0.0,0.0,-0.004,0.0,0.0,0.0,0.0,0.0,0.0
EXO,123812071,,,,,,,,,,,SAFE,-5.74,-0.916,0.999,0.745,-0.023,-0.0,0.0,0.0,-0.012,0.0,0.0,0.0,0.0,0.0,0.0
EXO,123912071,,,,,,,,,,,SAFE,-5.74,1.038,1.001,0.745,0.062,-0.0,0.0,0.0,-0.002,0.0,0.0,0.0,0.0,0.0,0.0
EXO,124012071,,,,,,,,,,,SAFE,-5.696,0.793,0.999,0.745,0.154,-0.0,0.0,0.0,0.019,0.0,0.0,0.0,0.0,0.0,0.0
EXO,124112071,,,,,,,,,,,SAFE,-5.729,-1.099,1.004,0.745,-0.025,-0.0,0.0,0.0,-0.006,0.0,0.0,0.0,0.0,0.0,0.0
EXO,124212071,,,,,,,,,,,SAFE,-5.762,-0.061,1.0,0.745,-0.033,-0.0,0.0,0.0,0.008,0.0,0.0,0.0,0.0,0.0,0.0
EXO,124312071,,,,,,,,,,,SAFE,-5.724,0.122,0.998,0.745,0.085,-0.0,0.0,0.0,-0.008,0.0,0.0,0.0,0.0,0.0,0.0
EXO,124412071,,,,,,,,,,,SAFE,-5.74,-0.183,0.999,0.745,-0.123,-0.0,0.0,0.0,-0.008,0.0,0.0,0.0,0.0,0.0,0.0
EXO,124512071,,,,,,,,,,,SAFE,-5.768,-0.977,1.0,0.745,-0.036,-0.0,0.0,0.0,0.002,0.0,0.0,0.0,0.0,0.0,0.0
EXO,124612071,,,,,,,,,,,SAFE,-5.762,-0.183,0.995,0.745,-0.006,-0.0,0.0,0.0,-0.002,0.0,0.0,0.0,0.0,0.0,0.0
EXO,124712071,,,,,,,,,,,SAFE,-5.762,1.099,1.0,0.745,-0.001,-0.0,0.0,0.0,-0.011,0.0,0.0,0.0,0.0,0.0,0.0
EXO,124812071,,,,,,,,,,,SAFE,-5.779,-0.732,1.005,0.745,-0.079,-0.0,0.0,0.0,-0.014,0.0,0.0,0.0,0.0,0.0,0.0
EXO,124912071,,,,,,,,,,,SAFE,-5.718,-0.305,0.997,0.745,0.036,-0.0,0.0,0.0,0.008,0.0,0.0,0.0,0.0,0.0,0.0
EXO,125012071,,,,,,,,,,,SAFE,-5.746,1.465,0.994,0.745,0.037,-0.0,0.0,0.0,-0.009,0.0,0.0,0.0,0.0,0.0,0.0
EXO,125112071,,,,,,,,,,,SAFE,-5.79,-0.488,1.009,0.745,-0.087,-0.0,0.0,0.0,-0.015,0.0,0.0,0.0,0.0,0.0,0.0
EXO,125212071,,,,,,,,,,,SAFE,-5.735,-0.916,0.998,0.745,0.002,-0.0,0.0,0.0,0.006,0.0,0.0,0.0,0.0,0.0,0.0
EXO,125312071,,,,,,,,,,,SAFE,-5.735,0.549,0.995,0.745,-0.028,-0.0,0.0,0.0,-0.023,0.0,0.0,0.0,0.0,0.0,0.0
EXO,125412071,,,,,,,,,,,SAFE,-5.79,-0.183,1.007,0.745,0.087,-0.0,0.0,0.0,0.013,0.0,0.0,0.0,0.0,0.0,0.0
EXO,125512071,,,,,,,,,,,SAFE,-5.74,-0.122,0.996,0.745,0.088,-0.0,0.0,0.0,-0.012,0.0,0.0,0.0,0.0,0.0,0.0
EXO,125612071,,,,,,,,,,,SAFE,-5.724,0.244,0.997,0.745,-0.139,-0.0,0.0,0.0,0.004,0.0,0.0,0.0,0.0,0.0,0.0
EXO,125712071,,,,,,,,,,,SAFE,-5.751,-0.061,1.001,0.745,-0.042,-0.0,0.0,0.0,0.001,0.0,0.0,0.0,0.0,0.0,0.0
EXO,125812071,,,,,,,,,,,SAFE,-5.729,0.61,1.0,0.745,0.034,-0.0,0.0,0.0,-0.01,0.0,0.0,0.0,0.0,0.0,0.0
EXO,125912071,,,,,,,,,,,SAFE,-5.718,-0.366,0.998,0.745,0.085,-0.0,0.0,0.0,-0.002,0.0,0.0,0.0,0.0,0.0,0.0
EXO,126012071,,,,,,,,,,,SAFE,-5.729,-0.305,1.0,0.745,0.036,-0.0,0.0,0.0,0.002,0.0,0.0,0.0,0.0,0.0,0.0
EXO,126112071,,,,,,,,,,,SAFE,-5.746,-0.061,0.999,0.745,0.052,-0.0,0.0,0.0,0.007,0.0,0.0,0.0,0.0,0.0,0.0
EXO,126212071,,,,,,,,,,,SAFE,-5.707,-0.549,1.003,0.745,0.109,-0.0,0.0,0.0,0.013,0.0,0.0,0.0,0.0,0.0,0.0
EXO,126312071,,,,,,,,,,,SAFE,-5.702,0.549,0.995,0.745,0.062,-0.0,0.0,0.0,-0.006,0.0,0.0,0.0,0.0,0.0,0.0
EXO,126412071,,,,,,,,,,,SAFE,-5.702,0.305,0.999,0.745,0.109,-0.0,0.0,0.0,0.01,0.0,0.0,0.0,0.0,0.0,0.0
EXO,126512071,,,,,,,,,,,SAFE,-5.729,-0.122,1.004,0.745,-0.032,-0.0,0.0,0.0,-0.021,0.0,0.0,0.0,0.0,0.0,0.0
EXO,126612071,,,,,,,,,,,SAFE,-5.713,-0.977,1.002,0.745,0.019,-0.0,0.0,0.0,-0.012,0.0,0.0,0.0,0.0,0.0,0.0
EXO,126712071,,,,,,,,,,,SAFE,-5.713,0.549,0.998,0.745,0.091,-0.0,0.0,0.0,-0.014,0.0,0.0,0.0,0.0,0.0,0.0
EXO,126812071,,,,,,,,,,,SAFE,-5.713,0.732,0.999,0.745,0.113,-0.0,0.0,0.0,0.011,0.0,0.0,0.0,0.0,0.0,0.0
EXO,126912071,,,,,,,,,,,SAFE,-5.757,-0.793,1.007,0.745,0.017,-0.0,0.0,0.0,0.011,0.0,0.0,0.0,0.0,0.0,0.0
EXO,127012071,,,,,,,,,,,SAFE,-5.757,-0.732,1.004,0.745,0.05,-0.0,0.0,0.0,0.012,0.0,0.0,0.0,0.0,0.0,0.0
EXO,127112071,,,,,,,,,,,SAFE,-5.729,0.0,0.998,0.745,-0.08,-0.0,0.0,0.0,0.017,0.0,0.0,0.0,0.0,0.0,0.0
EXO,127212071,,,,,,,,,,,SAFE,-5.735,0.793,0.994,0.745,-0.126,-0.0,0.0,0.0,0.009,0.0,0.0,0.0,0.0,0.0,0.0
EXO,127312071,,,,,,,,,,,SAFE,-5.751,0.671,1.001,0.745,-0.041,-0.0,0.0,0.0,0.007,0.0,0.0,0.0,0.0,0.0,0.0
EXO,127412071,,,,,,,,,,,SAFE,-5.74,-0.977,1.011,0.745,0.084,-0.0,0.0,0.0,0.002,0.0,0.0,0.0,0.0,0.0,0.0
EXO,127512071,,,,,,,,,,,SAFE,-5.685,-0.732,1.005,0.745,0.01,-0.0,0.0,0.0,0.013,0.0,0.0,0.0,0.0,0.0,0.0
EXO,127612071,,,,,,,,,,,SAFE,-5.718,0.427,0.995,0.745,-0.077,-0.0,0.0,0.0,-0.003,0.0,0.0,0.0,0.0,0.0,0.0
EXO,127712071,,,,,,,,,,,SAFE,-5.768,0.366,1.006,0.745,0.052,-0.0,0.0,0.0,0.009,0.0,0.0,0.0,0.0,0.0,0.0
EXO,127812071,,,,,,,,,,,SAFE,-5.735,-2.319,1.018,0.745,0.038,-0.0,0.0,0.0,0.001,0.0,0.0,0.0,0.0,0.0,0.0
EXO,127912071,,,,,,,,,,,SAFE,-5.63,0.854,0.99,0.745,-0.026,-0.0,0.0,0.0,-0.012,0.0,0.0,0.0,0.0,0.0,0.0
EXO,128012071,,,,,,,,,,,SAFE,-5.762,2.441,0.991,0.745,0.014,-0.0,0.0,0.0,-0.027,0.0,0.0,0.0,0.0,0.0,0.0
EXO,128112071,,,,,,,,,,,SAFE,-5.74,-1.587,1.014,0.745,-0.005,-0.0,0.0,0.0,0.004,0.0,0.0,0.0,0.0,0.0,0.0
EXO,128212071,,,,,,,,,,,SAFE,-5.669,-1.709,1.011,0.745,-0.033,-0.0,0.0,0.0,0.013,0.0,0.0,0.0,0.0,0.0,0.0
EXO,128312071,,,,,,,,,,,SAFE,-5.685,0.61,0.993,0.745,-0.142,-0.0,0.0,0.0,-0.008,0.0,0.0,0.0,0.0,0.0,0.0
EXO,128412071,,,,,,,,,,,SAFE,-5.696,0.793,0.993,0.745,-0.037,-0.0,0.0,0.0,-0.019,0.0,0.0,0.0,0.0,0.0,0.0
EXO,128512071,,,,,,,,,,,SAFE,-5.735,-0.427,1.005,0.745,0.003,-0.0,0.0,0.0,0.001,0.0,0.0,0.0,0.0,0.0,0.0
EXO,128612071,,,,,,,,,,,SAFE,-5.68,-1.16,1.001,0.745,-0.045,-0.0,0.0,0.0,-0.009,0.0,0.0,0.0,0.0,0.0,0.0
EXO,128712071,,,,,,,,,,,SAFE,-5.696,0.0,0.998,0.745,-0.03,-0.0,0.0,0.0,0.001,0.0,0.0,0.0,0.0,0.0,0.0
EXO,128812071,,,,,,,,,,,SAFE,-5.685,-0.854,1.01,0.745,-0.199,-0.0,0.0,0.0,-0.015,0.0,0.0,0.0,0.0,0.0,0.0
EXO,128912071,,,,,,,,,,,SAFE,-5.685,-0.977,0.999,0.745,0.08,-0.0,0.0,0.0,-0.009,0.0,0.0,0.0,0.0,0.0,0.0
EXO,129012071,,,,,,,,,,,SAFE,-5.702,0.0,0.998,0.745,-0.077,-0.0,0.0,0.0,0.004,0.0,0.0,0.0,0.0,0.0,0.0
EXO,129112071,,,,,,,,,,,SAFE,-5.707,0.0,1.004,0.745,0.009,-0.0,0.0,0.0,-0.004,0.0,0.0,0.0,0.0,0.0,0.0
EXO,129212071,,,,,,,,,,,SAFE,-5.724,-1.526,0.999,0.745,0.022,-0.0,0.0,0.0,-0.01,0.0,0.0,0.0,0.0,0.0,0.0
EXO,129312071,,,,,,,,,,,SAFE,-5.696,0.61,1.004,0.745,0.12,-0.0,0.0,0.0,0.009,0.0,0.0,0.0,0.0,0.0,0.0
EXO,129412071,,,,,,,,,,,SAFE,-5.718,-0.671,1.005,0.745,0.036,-0.0,0.0,0.0,0.006,0.0,0.0,0.0,0.0,0.0,0.0
EXO,129512071,,,,,,,,,,,SAFE,-5.724,-0.671,1.004,0.745,-0.017,-0.0,0.0,0.0,0.005,0.0,0.0,0.0,0.0,0.0,0.0
EXO,129612071,,,,,,,,,,,SAFE,-5.718,-0.366,1.002,0.745,-0.052,-0.0,0.0,0.0,0.001,0.0,0.0,0.0,0.0,0.0,0.0
EXO,129712071,,,,,,,,,,,SAFE,-5.707,-0.061,1.003,0.745,0.028,-0.0,0.0,0.0,-0.002,0.0,0.0,0.0,0.0,0.0,0.0
EXO,129812071,,,,,,,,,,,SAFE,-5.707,-0.671,1.007,0.745,0.069,-0.0,0.0,0.0,-0.012,0.0,0.0,0.0,0.0,0.0,0.0
EXO,129912071,,,,,,,,,,,SAFE,-5.707,-1.099,1.005,0.745,0.065,-0.0,0.0,0.0,-0.007,0.0,0.0,0.0,0.0,0.0,0.0
EXO,130012071,,,,,,,,,,,SAFE,-5.707,-1.343,1.004,0.745,0.037,-0.0,0.0,0.0,-0.003,0.0,0.0,0.0,0.0,0.0,0.0
EXO,130112071,,,,,,,,,,,SAFE,-5.702,-0.244,1.002,0.745,0.066,-0.0,0.0,0.0,0.005,0.0,0.0,0.0,0.0,0.0,0.0
EXO,130212071,,,,,,,,,,,SAFE,-5.702,-0.488,1.007,0.745,-0.013,-0.0,0.0,0.0,0.003,0.0,0.0,0.0,0.0,0.0,0.0
EXO,130312071,,,,,,,,,,,SAFE,-5.691,-0.732,1.008,0.745,-0.113,-0.0,0.0,0.0,0.001,0.0,0.0,0.0,0.0,0.0,0.0
EXO,130412071,,,,,,,,,,,SAFE,-5.691,-0.427,1.0,0.745,0.052,-0.0,0.0,0.0,-0.008,0.0,0.0,0.0,0.0,0.0,0.0
EXO,130512071,,,,,,,,,,,SAFE,-5.696,0.0,0.999,0.745,-0.092,-0.0,0.0,0.0,-0.004,0.0,0.0,0.0,0.0,0.0,0.0
EXO,130612071,,,,,,,,,,,SAFE,-5.674,-1.16,1.002,0.745,-0.014,-0.0,0.0,0.0,0.017,0.0,0.0,0.0,0.0,0.0,0.0
EXO,130712071,,,,,,,,,,,SAFE,-5.669,0.122,1.001,0.745,-0.018,-0.0,0.0,0.0,-0.003,0.0,0.0,0.0,0.0,0.0,0.0
EXO,130812071,,,,,,,,,,,SAFE,-5.718,0.366,1.002,0.745,0.097,-0.0,0.0,0.0,-0.0,0.0,0.0,0.0,0.0,0.0,0.0
EXO,130912071,,,,,,,,,,,SAFE,-5.724,-0.183,1.01,0.745,-0.084,-0.0,0.0,0.0,-0.008,0.0,0.0,0.0,0.0,0.0,0.0
EXO,131012071,,,,,,,,,,,SAFE,-5.707,-0.427,1.007,0.745,0.025,-0.0,0.0,0.0,-0.017,0.0,0.0,0.0,0.0,0.0,0.0
EXO,131112071,,,,,,,,,,,SAFE,-5.685,0.0,1.0,0.745,-0.002,-0.0,0.0,0.0,0.012,0.0,0.0,0.0,0.0,0.0,0.0
EXO,131212071,,,,,,,,,,,SAFE,-5.685,1.16,1.0,0.745,0.005,-0.0,0.0,0.0,0.009,0.0,0.0,0.0,0.0,0.0,0.0
EXO,131312071,,,,,,,,,,,SAFE,-5.729,0.122,1.005,0.745,-0.053,-0.0,0.0,0.0,0.005,0.0,0.0,0.0,0.0,0.0,0.0
EXO,131412071,,,,,,,,,,,SAFE,-5.685,-1.16,1.008,0.745,0.12,-0.0,0.0,0.0,0.017,0.0,0.0,0.0,0.0,0.0,0.0
EXO,131512071,,,,,,,,,,,SAFE,-5.674,0.122,0.998,0.745,0.083,-0.0,0.0,0.0,0.008,0.0,0.0,0.0,0.0,0.0,0.0
EXO,131612071,,,,,,,,,,,SAFE,-5.691,1.526,0.992,0.745,0.014,-0.0,0.0,0.0,-0.0,0.0,0.0,0.0,0.0,0.0,0.0
EXO,131712071,,,,,,,,,,,SAFE,-5.729,0.122,1.004,0.745,0.038,-0.0,0.0,0.0,0.001,0.0,0.0,0.0,0.0,0.0,0.0
EXO,131812071,,,,,,,,,,,SAFE,-5.707,-0.488,1.004,0.745,0.046,-0.0,0.0,0.0,0.002,0.0,0.0,0.0,0.0,0.0,0.0
EXO,131912071,,,,,,,,,,,SAFE,-5.663,0.61,0.996,0.745,0.085,-0.0,0.0,0.0,0.003,0.0,0.0,0.0,0.0,0.0,0.0
EXO,132012071,,,,,,,,,,,SAFE,-5.707,0.854,1.0,0.745,-0.013,-0.0,0.0,0.0,0.006,0.0,0.0,0.0,0.0,0.0,0.0
EXO,132112071,,,,,,,,,,,SAFE,-5.729,0.549,1.008,0.745,-0.03,-0.0,0.0,0.0,-0.012,0.0,0.0,0.0,0.0,0.0,0.0
EXO,132212071,,,,,,,,,,,SAFE,-5.658,-0.977,1.001,0.745,-0.066,-0.0,0.0,0.0,0.004,0.0,0.0,0.0,0.0,0.0,0.0
EXO,132312071,,,,,,,,,,,SAFE,-5.68,0.488,1.0,0.745,-0.028,-0.0,0.0,0.0,0.003,0.0,0.0,0.0,0.0,0.0,0.0
EXO,132412071,,,,,,,,,,,SAFE,-5.707,0.671,1.003,0.745,0.029,-0.0,0.0,0.0,0.018,0.0,0.0,0.0,0.0,0.0,0.0
EXO,132512071,,,,,,,,,,,SAFE,-5.702,-0.488,1.002,0.745,0.056,-0.0,0.0,0.0,0.0,0.0,0.0,0.0,0.0,0.0,0.0
EXO,132612071,,,,,,,,,,,SAFE,-5.68,0.244,1.002,0.745,-0.077,-0.0,0.0,0.0,0.001,0.0,0.0,0.0,0.0,0.0,0.0
EXO,132712071,,,,,,,,,,,SAFE,-5.669,0.305,1.002,0.745,0.108,-0.0,0.0,0.0,-0.001,0.0,0.0,0.0,0.0,0.0,0.0
EXO,132812071,,,,,,,,,,,SAFE,-5.691,-0.427,1.003,0.745,0.042,-0.0,0.0,0.0,0.003,0.0,0.0,0.0,0.0,0.0,0.0
EXO,132912071,,,,,,,,,,,SAFE,-5.669,-0.488,1.008,0.745,-0.163,-0.0,0.0,0.0,0.009,0.0,0.0,0.0,0.0,0.0,0.0
EXO,133012071,,,,,,,,,,,SAFE,-5.641,-0.061,0.999,0.745,-0.064,-0.0,0.0,0.0,-0.003,0.0,0.0,0.0,0.0,0.0,0.0
EXO,133112071,,,,,,,,,,,SAFE,-5.674,0.61,1.001,0.745,0.085,-0.0,0.0,0.0,0.008,0.0,0.0,0.0,0.0,0.0,0.0
EXO,133212071,,,,,,,,,,,SAFE,-5.702,-0.549,1.015,0.745,0.03,-0.0,0.0,0.0,0.003,0.0,0.0,0.0,0.0,0.0,0.0
EXO,133312071,,,,,,,,,,,SAFE,-5.658,-1.648,1.003,0.745,-0.038,-0.0,0.0,0.0,-0.003,0.0,0.0,0.0,0.0,0.0,0.0
EXO,133412071,,,,,,,,,,,SAFE,-5.647,1.099,0.999,0.745,0.044,-0.0,0.0,0.0,-0.005,0.0,0.0,0.0,0.0,0.0,0.0
EXO,133512071,,,,,,,,,,,SAFE,-5.691,-0.061,1.008,0.745,-0.01,-0.0,0.0,0.0,0.004,0.0,0.0,0.0,0.0,0.0,0.0
EXO,133612071,,,,,,,,,,,SAFE,-5.625,-1.77,1.006,0.745,-0.009,-0.0,0.0,0.0,0.003,0.0,0.0,0.0,0.0,0.0,0.0
EXO,133712071,,,,,,,,,,,SAFE,-5.63,0.305,1.001,0.745,-0.214,-0.0,0.0,0.0,-0.013,0.0,0.0,0.0,0.0,0.0,0.0
EXO,133812071,,,,,,,,,,,SAFE,-5.641,0.305,0.999,0.745,0.058,-0.0,0.0,0.0,0.018,0.0,0.0,0.0,0.0,0.0,0.0
EXO,133912071,,,,,,,,,,,SAFE,-5.663,-0.427,1.007,0.745,0.04,-0.0,0.0,0.0,0.002,0.0,0.0,0.0,0.0,0.0,0.0
EXO,134012071,,,,,,,,,,,SAFE,-5.647,-1.099,1.002,0.745,-0.08,-0.0,0.0,0.0,-0.01,0.0,0.0,0.0,0.0,0.0,0.0
EXO,134112071,,,,,,,,,,,SAFE,-5.636,-0.183,0.993,0.745,-0.068,-0.0,0.0,0.0,-0.005,0.0,0.0,0.0,0.0,0.0,0.0
EXO,134212071,,,,,,,,,,,SAFE,-5.663,1.709,0.995,0.745,-0.009,-0.0,0.0,0.0,-0.004,0.0,0.0,0.0,0.0,0.0,0.0
EXO,134312071,,,,,,,,,,,SAFE,-5.663,0.244,1.004,0.745,0.003,-0.0,0.0,0.0,0.002,0.0,0.0,0.0,0.0,0.0,0.0
EXO,134412071,,,,,,,,,,,SAFE,-5.652,-0.916,1.004,0.745,-0.04,-0.0,0.0,0.0,0.003,0.0,0.0,0.0,0.0,0.0,0.0
EXO,134512071,,,,,,,,,,,SAFE,-5.647,0.732,0.994,0.745,0.049,-0.0,0.0,0.0,-0.011,0.0,0.0,0.0,0.0,0.0,0.0
EXO,134612071,,,,,,,,,,,SAFE,-5.669,0.488,1.0,0.745,0.053,-0.0,0.0,0.0,-0.004,0.0,0.0,0.0,0.0,0.0,0.0
EXO,134712071,,,,,,,,,,,SAFE,-5.658,-0.793,0.997,0.745,-0.014,-0.0,0.0,0.0,0.006,0.0,0.0,0.0,0.0,0.0,0.0
EXO,134812071,,,,,,,,,,,SAFE,-5.647,0.61,0.994,0.745,-0.052,-0.0,0.0,0.0,0.003,0.0,0.0,0.0,0.0,0.0,0.0
EXO,134912071,,,,,,,,,,,SAFE,-5.647,0.488,0.99,0.745,0.015,-0.0,0.0,0.0,-0.01,0.0,0.0,0.0,0.0,0.0,0.0
EXO,135012071,,,,,,,,,,,SAFE,-5.636,0.793,0.994,0.745,0.015,-0.0,0.0,0.0,0.009,0.0,0.0,0.0,0.0,0.0,0.0
EXO,135112071,,,,,,,,,,,SAFE,-5.652,0.244,0.997,0.745,0.006,-0.0,0.0,0.0,0.005,0.0,0.0,0.0,0.0,0.0,0.0
EXO,135212071,,,,,,,,,,,SAFE,-5.62,0.061,0.997,0.745,-0.049,-0.0,0.0,0.0,0.004,0.0,0.0,0.0,0.0,0.0,0.0
EXO,135312071,,,,,,,,,,,SAFE,-5.62,0.793,0.991,0.745,-0.07,-0.0,0.0,0.0,-0.004,0.0,0.0,0.0,0.0,0.0,0.0
EXO,135412071,,,,,,,,,,,SAFE,-5.63,1.038,0.994,0.745,-0.03,-0.0,0.0,0.0,0.016,0.0,0.0,0.0,0.0,0.0,0.0
EXO,135512071,,,,,,,,,,,SAFE,-5.603,0.61,0.997,0.745,0.069,-0.0,0.0,0.0,-0.015,0.0,0.0,0.0,0.0,0.0,0.0
EXO,135612071,,,,,,,,,,,SAFE,-5.598,0.366,1.0,0.745,-0.032,-0.0,0.0,0.0,0.01,0.0,0.0,0.0,0.0,0.0,0.0
EXO,135712071,,,,,,,,,,,SAFE,-5.652,-0.671,1.002,0.745,0.011,-0.0,0.0,0.0,-0.006,0.0,0.0,0.0,0.0,0.0,0.0
EXO,135812071,,,,,,,,,,,SAFE,-5.614,0.0,0.997,0.745,-0.042,-0.0,0.0,0.0,-0.007,0.0,0.0,0.0,0.0,0.0,0.0
EXO,135912071,,,,,,,,,,,SAFE,-5.587,0.183,0.989,0.745,0.038,-0.0,0.0,0.0,0.004,0.0,0.0,0.0,0.0,0.0,0.0
EXO,136012071,,,,,,,,,,,SAFE,-5.62,0.488,0.995,0.745,-0.066,-0.0,0.0,0.0,-0.012,0.0,0.0,0.0,0.0,0.0,0.0
EXO,136112071,,,,,,,,,,,SAFE,-5.636,-0.671,1.003,0.745,-0.076,-0.0,0.0,0.0,-0.001,0.0,0.0,0.0,0.0,0.0,0.0
EXO,136212071,,,,,,,,,,,SAFE,-5.603,-0.977,0.997,0.745,-0.013,-0.0,0.0,0.0,-0.001,0.0,0.0,0.0,0.0,0.0,0.0
EXO,136312071,,,,,,,,,,,SAFE,-5.614,0.671,0.996,0.745,0.065,-0.0,0.0,0.0,-0.013,0.0,0.0,0.0,0.0,0.0,0.0
EXO,136412071,,,,,,,,,,,SAFE,-5.636,-0.916,0.996,0.745,-0.005,-0.0,0.0,0.0,-0.009,0.0,0.0,0.0,0.0,0.0,0.0
EXO,136512071,,,,,,,,,,,SAFE,-5.63,-0.671,0.997,0.745,-0.066,-0.0,0.0,0.0,0.004,0.0,0.0,0.0,0.0,0.0,0.0
EXO,136612071,,,,,,,,,,,SAFE,-5.603,0.366,0.998,0.745,-0.198,-0.0,0.0,0.0,-0.002,0.0,0.0,0.0,0.0,0.0,0.0
EXO,136712071,,,,,,,,,,,SAFE,-5.609,0.183,0.994,0.745,0.084,-0.0,0.0,0.0,-0.008,0.0,0.0,0.0,0.0,0.0,0.0
EXO,136812071,,,,,,,,,,,SAFE,-5.609,-0.305,0.997,0.745,-0.042,-0.0,0.0,0.0,-0.001,0.0,0.0,0.0,0.0,0.0,0.0
EXO,136912071,,,,,,,,,,,SAFE,-5.614,-0.854,0.999,0.745,0.06,-0.0,0.0,0.0,-0.012,0.0,0.0,0.0,0.0,0.0,0.0
EXO,137012071,,,,,,,,,,,SAFE,-5.592,0.488,0.993,0.745,-0.065,-0.0,0.0,0.0,0.008,0.0,0.0,0.0,0.0,0.0,0.0
EXO,137112071,,,,,,,,,,,SAFE,-5.641,0.671,0.997,0.745,-0.061,-0.0,0.0,0.0,0.003,0.0,0.0,0.0,0.0,0.0,0.0
EXO,137212071,,,,,,,,,,,SAFE,-5.652,-0.854,1.001,0.745,0.109,-0.0,0.0,0.0,0.003,0.0,0.0,0.0,0.0,0.0,0.0
EXO,137312071,,,,,,,,,,,SAFE,-5.603,-0.427,0.993,0.745,-0.003,-0.0,0.0,0.0,-0.001,0.0,0.0,0.0,0.0,0.0,0.0
EXO,137412071,,,,,,,,,,,SAFE,-5.614,0.977,0.993,0.745,0.019,-0.0,0.0,0.0,-0.001,0.0,0.0,0.0,0.0,0.0,0.0
EXO,137512071,,,,,,,,,,,SAFE,-5.63,0.427,0.998,0.745,-0.037,-0.0,0.0,0.0,-0.005,0.0,0.0,0.0,0.0,0.0,0.0
EXO,137612071,,,,,,,,,,,SAFE,-5.609,-0.549,1.0,0.745,-0.056,-0.0,0.0,0.0,0.007,0.0,0.0,0.0,0.0,0.0,0.0
EXO,137712071,,,,,,,,,,,SAFE,-5.592,-0.916,0.996,0.745,-0.009,-0.0,0.0,0.0,-0.015,0.0,0.0,0.0,0.0,0.0,0.0
EXO,137812071,,,,,,,,,,,SAFE,-5.598,0.122,0.99,0.745,0.045,-0.0,0.0,0.0,0.003,0.0,0.0,0.0,0.0,0.0,0.0
EXO,137912071,,,,,,,,,,,SAFE,-5.598,0.61,0.995,0.745,0.088,-0.0,0.0,0.0,0.002,0.0,0.0,0.0,0.0,0.0,0.0
EXO,138012071,,,,,,,,,,,SAFE,-5.614,-1.343,1.001,0.745,0.014,-0.0,0.0,0.0,-0.015,0.0,0.0,0.0,0.0,0.0,0.0
EXO,138112071,,,,,,,,,,,SAFE,-5.63,0.0,0.997,0.745,-0.001,-0.0,0.0,0.0,-0.01,0.0,0.0,0.0,0.0,0.0,0.0
EXO,138212071,,,,,,,,,,,SAFE,-5.57,0.061,0.99,0.745,0.03,-0.0,0.0,0.0,0.004,0.0,0.0,0.0,0.0,0.0,0.0
EXO,138312071,,,,,,,,,,,SAFE,-5.609,1.038,0.998,0.745,0.006,-0.0,0.0,0.0,0.001,0.0,0.0,0.0,0.0,0.0,0.0
EXO,138412071,,,,,,,,,,,SAFE,-5.603,0.061,1.002,0.745,0.014,-0.0,0.0,0.0,0.001,0.0,0.0,0.0,0.0,0.0,0.0
EXO,138512071,,,,,,,,,,,SAFE,-5.587,-0.366,0.996,0.745,0.064,-0.0,0.0,0.0,0.012,0.0,0.0,0.0,0.0,0.0,0.0
EXO,138612071,,,,,,,,,,,SAFE,-5.592,0.732,0.99,0.745,0.064,-0.0,0.0,0.0,0.017,0.0,0.0,0.0,0.0,0.0,0.0
EXO,138712071,,,,,,,,,,,SAFE,-5.63,0.305,0.994,0.745,-0.019,-0.0,0.0,0.0,-0.009,0.0,0.0,0.0,0.0,0.0,0.0
EXO,138812071,,,,,,,,,,,SAFE,-5.63,-0.488,0.996,0.745,0.08,-0.0,0.0,0.0,0.012,0.0,0.0,0.0,0.0,0.0,0.0
EXO,138912071,,,,,,,,,,,SAFE,-5.62,0.793,0.996,0.745,-0.073,-0.0,0.0,0.0,-0.005,0.0,0.0,0.0,0.0,0.0,0.0
EXO,139012071,,,,,,,,,,,SAFE,-5.62,1.038,0.996,0.745,-0.017,-0.0,0.0,0.0,-0.005,0.0,0.0,0.0,0.0,0.0,0.0
EXO,139112071,,,,,,,,,,,SAFE,-5.636,-0.122,0.998,0.745,-0.018,-0.0,0.0,0.0,0.004,0.0,0.0,0.0,0.0,0.0,0.0
EXO,139212071,,,,,,,,,,,SAFE,-5.614,0.061,0.994,0.745,0.112,-0.0,0.0,0.0,-0.014,0.0,0.0,0.0,0.0,0.0,0.0
EXO,139312071,,,,,,,,,,,SAFE,-5.576,2.014,0.992,0.745,0.075,-0.0,0.0,0.0,0.007,0.0,0.0,0.0,0.0,0.0,0.0
EXO,139412071,,,,,,,,,,,SAFE,-5.63,0.366,0.999,0.745,-0.044,-0.0,0.0,0.0,-0.002,0.0,0.0,0.0,0.0,0.0,0.0
EXO,139512071,,,,,,,,,,,SAFE,-5.625,0.244,1.0,0.745,0.022,-0.0,0.0,0.0,0.008,0.0,0.0,0.0,0.0,0.0,0.0
EXO,139612071,,,,,,,,,,,SAFE,-5.598,0.305,0.988,0.745,0.103,-0.0,0.0,0.0,0.008,0.0,0.0,0.0,0.0,0.0,0.0
EXO,139712071,,,,,,,,,,,SAFE,-5.641,1.221,0.997,0.745,-0.018,-0.0,0.0,0.0,0.003,0.0,0.0,0.0,0.0,0.0,0.0
EXO,139812071,,,,,,,,,,,SAFE,-5.652,0.244,1.007,0.745,0.029,-0.0,0.0,0.0,-0.007,0.0,0.0,0.0,0.0,0.0,0.0
EXO,139912071,,,,,,,,,,,SAFE,-5.603,-0.305,1.002,0.745,0.037,-0.0,0.0,0.0,0.01,0.0,0.0,0.0,0.0,0.0,0.0
EXO,140012071,,,,,,,,,,,SAFE,-5.641,-0.244,0.994,0.745,0.034,-0.0,0.0,0.0,-0.002,0.0,0.0,0.0,0.0,0.0,0.0
EXO,140112071,,,,,,,,,,,SAFE,-5.669,1.465,1.005,0.745,-0.001,-0.0,0.0,0.0,-0.01,0.0,0.0,0.0,0.0,0.0,0.0
EXO,140212071,,,,,,,,,,,SAFE,-5.647,-0.183,1.006,0.745,0.029,-0.0,0.0,0.0,0.008,0.0,0.0,0.0,0.0,0.0,0.0
EXO,140312071,,,,,,,,,,,SAFE,-5.576,-0.549,1.002,0.745,0.057,-0.0,0.0,0.0,-0.006,0.0,0.0,0.0,0.0,0.0,0.0
EXO,140412071,,,,,,,,,,,SAFE,-5.62,1.404,0.993,0.745,0.034,-0.0,0.0,0.0,0.003,0.0,0.0,0.0,0.0,0.0,0.0
EXO,140512071,,,,,,,,,,,SAFE,-5.674,1.404,1.006,0.745,-0.126,-0.0,0.0,0.0,-0.001,0.0,0.0,0.0,0.0,0.0,0.0
EXO,140612071,,,,,,,,,,,SAFE,-5.62,-1.648,1.009,0.745,-0.173,-0.0,0.0,0.0,0.003,0.0,0.0,0.0,0.0,0.0,0.0
EXO,140712071,,,,,,,,,,,SAFE,-5.609,-0.549,1.002,0.745,0.003,-0.0,0.0,0.0,0.002,0.0,0.0,0.0,0.0,0.0,0.0
EXO,140812071,,,,,,,,,,,SAFE,-5.63,0.854,1.003,0.745,0.007,-0.0,0.0,0.0,-0.001,0.0,0.0,0.0,0.0,0.0,0.0
EXO,140912071,,,,,,,,,,,SAFE,-5.647,-1.099,1.007,0.745,0.057,-0.0,0.0,0.0,0.0,0.0,0.0,0.0,0.0,0.0,0.0
EXO,141012071,,,,,,,,,,,SAFE,-5.587,-0.183,1.002,0.745,0.1,-0.0,0.0,0.0,-0.003,0.0,0.0,0.0,0.0,0.0,0.0
EXO,141112071,,,,,,,,,,,SAFE,-5.647,0.0,1.007,0.745,0.046,-0.0,0.0,0.0,0.009,0.0,0.0,0.0,0.0,0.0,0.0
EXO,141212071,,,,,,,,,,,SAFE,-5.652,-1.648,1.004,0.745,-0.017,-0.0,0.0,0.0,0.009,0.0,0.0,0.0,0.0,0.0,0.0
EXO,141312071,,,,,,,,,,,SAFE,-5.62,-0.854,1.002,0.745,0.065,-0.0,0.0,0.0,-0.006,0.0,0.0,0.0,0.0,0.0,0.0
EXO,141412071,,,,,,,,,,,SAFE,-5.63,0.0,0.999,0.745,0.007,-0.0,0.0,0.0,-0.002,0.0,0.0,0.0,0.0,0.0,0.0
EXO,141512071,,,,,,,,,,,SAFE,-5.641,-0.366,1.007,0.745,-0.006,-0.0,0.0,0.0,0.003,0.0,0.0,0.0,0.0,0.0,0.0
EXO,141612071,,,,,,,,,,,SAFE,-5.62,-1.038,1.004,0.745,-0.041,-0.0,0.0,0.0,-0.027,0.0,0.0,0.0,0.0,0.0,0.0
EXO,141712071,,,,,,,,,,,SAFE,-5.598,0.061,0.998,0.745,0.119,-0.0,0.0,0.0,-0.001,0.0,0.0,0.0,0.0,0.0,0.0
EXO,141812071,,,,,,,,,,,SAFE,-5.625,-0.061,1.009,0.745,-0.072,-0.0,0.0,0.0,-0.001,0.0,0.0,0.0,0.0,0.0,0.0
EXO,141912071,,,,,,,,,,,SAFE,-5.609,-1.16,1.006,0.745,0.135,-0.0,0.0,0.0,0.001,0.0,0.0,0.0,0.0,0.0,0.0
EXO,142012071,,,,,,,,,,,SAFE,-5.581,-0.427,0.995,0.745,0.069,-0.0,0.0,0.0,0.001,0.0,0.0,0.0,0.0,0.0,0.0
EXO,142112071,,,,,,,,,,,SAFE,-5.609,-0.061,1.002,0.745,0.021,-0.0,0.0,0.0,0.001,0.0,0.0,0.0,0.0,0.0,0.0
EXO,142212071,,,,,,,,,,,SAFE,-5.592,-0.732,1.002,0.745,-0.026,-0.0,0.0,0.0,-0.011,0.0,0.0,0.0,0.0,0.0,0.0
EXO,142312071,,,,,,,,,,,SAFE,-5.609,-0.793,1.004,0.745,-0.049,-0.0,0.0,0.0,-0.005,0.0,0.0,0.0,0.0,0.0,0.0
EXO,142412071,,,,,,,,,,,SAFE,-5.576,-1.221,0.998,0.745,-0.075,-0.0,0.0,0.0,-0.005,0.0,0.0,0.0,0.0,0.0,0.0
EXO,142512071,,,,,,,,,,,SAFE,-5.603,-0.61,0.999,0.745,0.044,-0.0,0.0,0.0,-0.014,0.0,0.0,0.0,0.0,0.0,0.0
EXO,142612071,,,,,,,,,,,SAFE,-5.62,-1.221,1.003,0.745,0.028,-0.0,0.0,0.0,0.01,0.0,0.0,0.0,0.0,0.0,0.0
EXO,142712071,,,,,,,,,,,SAFE,-5.614,-1.282,1.006,0.745,-0.034,-0.0,0.0,0.0,-0.002,0.0,0.0,0.0,0.0,0.0,0.0
EXO,142812071,,,,,,,,,,,SAFE,-5.598,-0.244,0.994,0.745,-0.152,-0.0,0.0,0.0,-0.007,0.0,0.0,0.0,0.0,0.0,0.0
EXO,142912071,,,,,,,,,,,SAFE,-5.598,1.404,0.991,0.745,-0.123,-0.0,0.0,0.0,-0.008,0.0,0.0,0.0,0.0,0.0,0.0
EXO,143012071,,,,,,,,,,,SAFE,-5.652,-0.793,1.006,0.745,-0.021,-0.0,0.0,0.0,0.001,0.0,0.0,0.0,0.0,0.0,0.0
EXO,143112071,,,,,,,,,,,SAFE,-5.559,-2.441,1.002,0.745,-0.003,-0.0,0.0,0.0,0.006,0.0,0.0,0.0,0.0,0.0,0.0
EXO,143212071,,,,,,,,,,,SAFE,-5.559,1.526,0.984,0.745,-0.057,-0.0,0.0,0.0,-0.0,0.0,0.0,0.0,0.0,0.0,0.0
EXO,143312071,,,,,,,,,,,SAFE,-5.641,1.404,1.0,0.745,0.018,-0.0,0.0,0.0,0.001,0.0,0.0,0.0,0.0,0.0,0.0
EXO,143412071,,,,,,,,,,,SAFE,-5.609,-2.441,1.005,0.745,0.018,-0.0,0.0,0.0,0.008,0.0,0.0,0.0,0.0,0.0,0.0
EXO,143512071,,,,,,,,,,,SAFE,-5.532,-0.183,0.992,0.745,-0.089,-0.0,0.0,0.0,0.004,0.0,0.0,0.0,0.0,0.0,0.0
EXO,143612071,,,,,,,,,,,SAFE,-5.614,1.282,0.99,0.745,0.065,-0.0,0.0,0.0,0.007,0.0,0.0,0.0,0.0,0.0,0.0
EXO,143712071,,,,,,,,,,,SAFE,-5.603,-0.488,0.994,0.745,-0.085,-0.0,0.0,0.0,-0.005,0.0,0.0,0.0,0.0,0.0,0.0
EXO,143812071,,,,,,,,,,,SAFE,-5.565,0.244,0.993,0.745,0.03,-0.0,0.0,0.0,-0.003,0.0,0.0,0.0,0.0,0.0,0.0
EXO,143912071,,,,,,,,,,,SAFE,-5.576,0.061,0.995,0.745,-0.018,-0.0,0.0,0.0,0.001,0.0,0.0,0.0,0.0,0.0,0.0
EXO,144012071,,,,,,,,,,,SAFE,-5.592,0.0,0.993,0.745,-0.057,-0.0,0.0,0.0,0.011,0.0,0.0,0.0,0.0,0.0,0.0
EXO,144112071,,,,,,,,,,,SAFE,-5.565,1.038,0.996,0.745,0.088,-0.0,0.0,0.0,-0.006,0.0,0.0,0.0,0.0,0.0,0.0
EXO,144212071,,,,,,,,,,,SAFE,-5.592,0.366,0.995,0.745,0.093,-0.0,0.0,0.0,0.0,0.0,0.0,0.0,0.0,0.0,0.0
EXO,144312071,,,,,,,,,,,SAFE,-5.581,-0.061,0.999,0.745,-0.08,-0.0,0.0,0.0,-0.024,0.0,0.0,0.0,0.0,0.0,0.0
EXO,144412071,,,,,,,,,,,SAFE,-5.576,0.549,0.994,0.745,0.093,-0.0,0.0,0.0,0.001,0.0,0.0,0.0,0.0,0.0,0.0
EXO,144512071,,,,,,,,,,,SAFE,-5.554,0.366,0.995,0.745,-0.08,-0.0,0.0,0.0,0.006,0.0,0.0,0.0,0.0,0.0,0.0
EXO,144612071,,,,,,,,,,,SAFE,-5.587,1.587,0.996,0.745,0.017,-0.0,0.0,0.0,0.012,0.0,0.0,0.0,0.0,0.0,0.0
EXO,144712071,,,,,,,,,,,SAFE,-5.576,0.0,1.008,0.745,0.01,-0.0,0.0,0.0,-0.008,0.0,0.0,0.0,0.0,0.0,0.0
EXO,144812071,,,,,,,,,,,SAFE,-5.587,0.0,1.003,0.745,-0.048,-0.0,0.0,0.0,-0.001,0.0,0.0,0.0,0.0,0.0,0.0
EXO,144912071,,,,,,,,,,,SAFE,-5.554,1.16,0.998,0.745,0.005,-0.0,0.0,0.0,-0.005,0.0,0.0,0.0,0.0,0.0,0.0
EXO,145012071,,,,,,,,,,,SAFE,-5.609,0.0,1.007,0.745,-0.147,-0.0,0.0,0.0,-0.01,0.0,0.0,0.0,0.0,0.0,0.0
EXO,145112071,,,,,,,,,,,SAFE,-5.598,-0.061,1.003,0.745,0.044,-0.0,0.0,0.0,0.01,0.0,0.0,0.0,0.0,0.0,0.0
EXO,145212071,,,,,,,,,,,SAFE,-5.592,0.793,0.998,0.745,-0.107,-0.0,0.0,0.0,-0.018,0.0,0.0,0.0,0.0,0.0,0.0
EXO,145312071,,,,,,,,,,,SAFE,-5.576,0.61,0.997,0.745,0.022,-0.0,0.0,0.0,0.008,0.0,0.0,0.0,0.0,0.0,0.0
EXO,145412071,,,,,,,,,,,SAFE,-5.603,-0.61,1.007,0.745,-0.013,-0.0,0.0,0.0,-0.012,0.0,0.0,0.0,0.0,0.0,0.0
EXO,145512071,,,,,,,,,,,SAFE,-5.565,-0.427,0.999,0.745,0.05,-0.0,0.0,0.0,0.008,0.0,0.0,0.0,0.0,0.0,0.0
EXO,145612071,,,,,,,,,,,SAFE,-5.581,0.854,1.002,0.745,0.066,-0.0,0.0,0.0,-0.001,0.0,0.0,0.0,0.0,0.0,0.0
EXO,145712071,,,,,,,,,,,SAFE,-5.592,-0.854,1.008,0.745,-0.03,-0.0,0.0,0.0,-0.008,0.0,0.0,0.0,0.0,0.0,0.0
EXO,145812071,,,,,,,,,,,SAFE,-5.581,-0.488,1.007,0.745,0.07,-0.0,0.0,0.0,-0.003,0.0,0.0,0.0,0.0,0.0,0.0
EXO,145912071,,,,,,,,,,,SAFE,-5.609,-0.549,0.999,0.745,0.061,-0.0,0.0,0.0,-0.013,0.0,0.0,0.0,0.0,0.0,0.0
EXO,146012071,,,,,,,,,,,SAFE,-5.592,0.183,1.0,0.745,0.013,-0.0,0.0,0.0,0.005,0.0,0.0,0.0,0.0,0.0,0.0
EXO,146112071,,,,,,,,,,,SAFE,-5.57,-0.183,1.001,0.745,-0.011,-0.0,0.0,0.0,0.008,0.0,0.0,0.0,0.0,0.0,0.0
EXO,146212071,,,,,,,,,,,SAFE,-5.581,-1.343,1.01,0.745,-0.046,-0.0,0.0,0.0,0.001,0.0,0.0,0.0,0.0,0.0,0.0
EXO,146312071,,,,,,,,,,,SAFE,-5.57,-0.732,0.996,0.745,0.019,-0.0,0.0,0.0,0.016,0.0,0.0,0.0,0.0,0.0,0.0
EXO,146412071,,,,,,,,,,,SAFE,-5.51,1.16,0.987,0.745,-0.147,-0.0,0.0,0.0,0.002,0.0,0.0,0.0,0.0,0.0,0.0
EXO,146512071,,,,,,,,,,,SAFE,-5.554,0.427,0.998,0.745,0.115,-0.0,0.0,0.0,-0.003,0.0,0.0,0.0,0.0,0.0,0.0
EXO,146612071,,,,,,,,,,,SAFE,-5.57,-1.709,0.998,0.745,-0.013,-0.0,0.0,0.0,0.011,0.0,0.0,0.0,0.0,0.0,0.0
EXO,146712071,,,,,,,,,,,SAFE,-5.526,0.671,0.989,0.745,-0.06,-0.0,0.0,0.0,0.005,0.0,0.0,0.0,0.0,0.0,0.0
EXO,146812071,,,,,,,,,,,SAFE,-5.57,1.282,0.988,0.745,-0.065,-0.0,0.0,0.0,-0.005,0.0,0.0,0.0,0.0,0.0,0.0
EXO,146912071,,,,,,,,,,,SAFE,-5.587,-0.122,1.005,0.745,0.07,-0.0,0.0,0.0,-0.004,0.0,0.0,0.0,0.0,0.0,0.0
EXO,147012071,,,,,,,,,,,SAFE,-5.526,-0.854,0.995,0.745,-0.044,-0.0,0.0,0.0,-0.011,0.0,0.0,0.0,0.0,0.0,0.0
EXO,147112071,,,,,,,,,,,SAFE,-5.559,1.892,0.99,0.745,-0.135,-0.0,0.0,0.0,0.001,0.0,0.0,0.0,0.0,0.0,0.0
EXO,147212071,,,,,,,,,,,SAFE,-5.587,0.366,0.997,0.745,0.04,-0.0,0.0,0.0,0.004,0.0,0.0,0.0,0.0,0.0,0.0
EXO,147312071,,,,,,,,,,,SAFE,-5.576,-0.732,1.004,0.745,0.048,-0.0,0.0,0.0,-0.0,0.0,0.0,0.0,0.0,0.0,0.0
EXO,147412071,,,,,,,,,,,SAFE,-5.554,0.854,0.996,0.745,0.079,-0.0,0.0,0.0,0.006,0.0,0.0,0.0,0.0,0.0,0.0
EXO,147512071,,,,,,,,,,,SAFE,-5.581,2.014,0.997,0.745,-0.087,-0.0,0.0,0.0,-0.0,0.0,0.0,0.0,0.0,0.0,0.0
EXO,147612071,,,,,,,,,,,SAFE,-5.603,-0.061,1.012,0.745,0.053,-0.0,0.0,0.0,-0.003,0.0,0.0,0.0,0.0,0.0,0.0
EXO,147712071,,,,,,,,,,,SAFE,-5.576,-1.038,1.004,0.745,-0.009,-0.0,0.0,0.0,0.006,0.0,0.0,0.0,0.0,0.0,0.0
EXO,147812071,,,,,,,,,,,SAFE,-5.548,0.793,0.992,0.745,0.001,-0.0,0.0,0.0,-0.017,0.0,0.0,0.0,0.0,0.0,0.0
EXO,147912071,,,,,,,,,,,SAFE,-5.592,0.0,1.007,0.745,-0.048,-0.0,0.0,0.0,0.01,0.0,0.0,0.0,0.0,0.0,0.0
EXO,148012071,,,,,,,,,,,SAFE,-5.603,-1.221,1.005,0.745,0.011,-0.0,0.0,0.0,-0.007,0.0,0.0,0.0,0.0,0.0,0.0
EXO,148112071,,,,,,,,,,,SAFE,-5.57,0.122,1.002,0.745,0.132,-0.0,0.0,0.0,0.0,0.0,0.0,0.0,0.0,0.0,0.0
EXO,148212071,,,,,,,,,,,SAFE,-5.598,0.122,1.001,0.745,-0.072,-0.0,0.0,0.0,0.008,0.0,0.0,0.0,0.0,0.0,0.0
EXO,148312071,,,,,,,,,,,SAFE,-5.603,-1.221,1.012,0.745,-0.092,-0.0,0.0,0.0,0.008,0.0,0.0,0.0,0.0,0.0,0.0
EXO,148412071,,,,,,,,,,,SAFE,-5.565,-1.526,1.002,0.745,-0.079,-0.0,0.0,0.0,0.01,0.0,0.0,0.0,0.0,0.0,0.0
EXO,148512071,,,,,,,,,,,SAFE,-5.559,0.183,0.996,0.745,-0.006,-0.0,0.0,0.0,-0.02,0.0,0.0,0.0,0.0,0.0,0.0
EXO,148612071,,,,,,,,,,,SAFE,-5.587,0.0,1.006,0.745,-0.087,-0.0,0.0,0.0,0.004,0.0,0.0,0.0,0.0,0.0,0.0
EXO,148712071,,,,,,,,,,,SAFE,-5.554,-1.404,1.003,0.745,0.026,-0.0,0.0,0.0,-0.006,0.0,0.0,0.0,0.0,0.0,0.0
EXO,148812071,,,,,,,,,,,SAFE,-5.532,-0.183,0.993,0.745,-0.062,-0.0,0.0,0.0,0.005,0.0,0.0,0.0,0.0,0.0,0.0
EXO,148912071,,,,,,,,,,,SAFE,-5.559,1.16,0.993,0.745,0.037,-0.0,0.0,0.0,0.016,0.0,0.0,0.0,0.0,0.0,0.0
EXO,149012071,,,,,,,,,,,SAFE,-5.576,-0.854,0.997,0.745,-0.056,-0.0,0.0,0.0,0.005,0.0,0.0,0.0,0.0,0.0,0.0
EXO,149112071,,,,,,,,,,,SAFE,-5.548,-0.061,0.997,0.745,-0.052,-0.0,0.0,0.0,0.003,0.0,0.0,0.0,0.0,0.0,0.0
EXO,149212071,,,,,,,,,,,SAFE,-5.515,0.671,0.988,0.745,0.011,-0.0,0.0,0.0,-0.0,0.0,0.0,0.0,0.0,0.0,0.0
EXO,149312071,,,,,,,,,,,SAFE,-5.548,0.549,0.99,0.745,-0.116,-0.0,0.0,0.0,0.002,0.0,0.0,0.0,0.0,0.0,0.0
EXO,149412071,,,,,,,,,,,SAFE,-5.565,0.793,0.996,0.745,0.001,-0.0,0.0,0.0,0.003,0.0,0.0,0.0,0.0,0.0,0.0
EXO,149512071,,,,,,,,,,,SAFE,-5.559,0.122,1.001,0.745,0.025,-0.0,0.0,0.0,-0.007,0.0,0.0,0.0,0.0,0.0,0.0
EXO,149612071,,,,,,,,,,,SAFE,-5.543,0.305,0.996,0.745,-0.04,-0.0,0.0,0.0,0.006,0.0,0.0,0.0,0.0,0.0,0.0
EXO,149712071,,,,,,,,,,,SAFE,-5.592,0.671,1.0,0.745,0.015,-0.0,0.0,0.0,-0.001,0.0,0.0,0.0,0.0,0.0,0.0
EXO,149812071,,,,,,,,,,,SAFE,-5.592,0.305,1.007,0.745,-0.014,-0.0,0.0,0.0,0.017,0.0,0.0,0.0,0.0,0.0,0.0
EXO,149912071,,,,,,,,,,,SAFE,-5.581,-0.427,1.004,0.745,-0.092,-0.0,0.0,0.0,0.0,0.0,0.0,0.0,0.0,0.0,0.0
EXO,150012071,,,,,,,,,,,SAFE,-5.587,0.061,1.0,0.745,0.045,-0.0,0.0,0.0,0.015,0.0,0.0,0.0,0.0,0.0,0.0
EXO,150112071,,,,,,,,,,,SAFE,-5.559,0.244,0.997,0.745,0.007,-0.0,0.0,0.0,0.006,0.0,0.0,0.0,0.0,0.0,0.0
EXO,150212071,,,,,,,,,,,SAFE,-5.581,-0.244,1.004,0.745,-0.04,-0.0,0.0,0.0,-0.009,0.0,0.0,0.0,0.0,0.0,0.0
EXO,150312071,,,,,,,,,,,SAFE,-5.576,-0.549,1.0,0.745,-0.048,-0.0,0.0,0.0,0.001,0.0,0.0,0.0,0.0,0.0,0.0
EXO,150412071,,,,,,,,,,,SAFE,-5.532,0.061,0.993,0.745,-0.001,-0.0,0.0,0.0,0.013,0.0,0.0,0.0,0.0,0.0,0.0
EXO,150512071,,,,,,,,,,,SAFE,-5.63,0.549,0.992,0.745,-0.045,-0.0,0.0,0.0,0.01,0.0,0.0,0.0,0.0,0.0,0.0
EXO,150612071,,,,,,,,,,,SAFE,-5.647,0.061,1.008,0.745,-0.084,-0.0,0.0,0.0,-0.002,0.0,0.0,0.0,0.0,0.0,0.0
EXO,150712071,,,,,,,,,,,SAFE,-5.543,0.244,0.995,0.745,-0.06,-0.0,0.0,0.0,0.017,0.0,0.0,0.0,0.0,0.0,0.0
EXO,150812071,,,,,,,,,,,SAFE,-5.548,1.831,0.998,0.745,0.026,-0.0,0.0,0.0,-0.0,0.0,0.0,0.0,0.0,0.0,0.0
EXO,150912071,,,,,,,,,,,SAFE,-5.526,0.122,1.006,0.745,-0.01,-0.0,0.0,0.0,0.006,0.0,0.0,0.0,0.0,0.0,0.0
EXO,151012071,,,,,,,,,,,SAFE,-5.488,-0.427,1.005,0.745,-0.044,-0.0,0.0,0.0,-0.005,0.0,0.0,0.0,0.0,0.0,0.0
EXO,151112071,,,,,,,,,,,SAFE,-5.526,0.183,1.0,0.745,-0.018,-0.0,0.0,0.0,-0.001,0.0,0.0,0.0,0.0,0.0,0.0
EXO,151212071,,,,,,,,,,,SAFE,-5.532,0.366,0.999,0.745,-0.075,-0.0,0.0,0.0,0.0,0.0,0.0,0.0,0.0,0.0,0.0
EXO,151312071,,,,,,,,,,,SAFE,-5.526,0.366,1.0,0.745,0.013,-0.0,0.0,0.0,-0.01,0.0,0.0,0.0,0.0,0.0,0.0
EXO,151412071,,,,,,,,,,,SAFE,-5.504,0.305,1.001,0.745,-0.077,-0.0,0.0,0.0,-0.005,0.0,0.0,0.0,0.0,0.0,0.0
EXO,151512071,,,,,,,,,,,SAFE,-5.482,0.305,0.997,0.745,0.049,-0.0,0.0,0.0,-0.011,0.0,0.0,0.0,0.0,0.0,0.0
EXO,151612071,,,,,,,,,,,SAFE,-5.543,-0.305,1.005,0.745,0.013,-0.0,0.0,0.0,-0.003,0.0,0.0,0.0,0.0,0.0,0.0
EXO,151712071,,,,,,,,,,,SAFE,-5.515,-0.366,0.998,0.745,-0.075,-0.0,0.0,0.0,-0.023,0.0,0.0,0.0,0.0,0.0,0.0
EXO,151812071,,,,,,,,,,,SAFE,-5.521,0.305,0.99,0.745,0.101,-0.0,0.0,0.0,0.003,0.0,0.0,0.0,0.0,0.0,0.0
EXO,151912071,,,,,,,,,,,SAFE,-5.554,0.427,1.0,0.745,-0.01,-0.0,0.0,0.0,-0.016,0.0,0.0,0.0,0.0,0.0,0.0
EXO,152012071,,,,,,,,,,,SAFE,-5.537,-0.61,1.009,0.745,-0.105,-0.0,0.0,0.0,-0.024,0.0,0.0,0.0,0.0,0.0,0.0
EXO,152112071,,,,,,,,,,,SAFE,-5.537,-0.488,1.005,0.745,-0.068,-0.0,0.0,0.0,0.006,0.0,0.0,0.0,0.0,0.0,0.0
EXO,152212071,,,,,,,,,,,SAFE,-5.526,-0.122,0.994,0.745,0.044,-0.0,0.0,0.0,0.009,0.0,0.0,0.0,0.0,0.0,0.0
EXO,152312071,,,,,,,,,,,SAFE,-5.537,0.488,0.992,0.745,0.028,-0.0,0.0,0.0,0.008,0.0,0.0,0.0,0.0,0.0,0.0
EXO,152412071,,,,,,,,,,,SAFE,-5.548,0.977,0.996,0.745,0.041,-0.0,0.0,0.0,0.001,0.0,0.0,0.0,0.0,0.0,0.0
EXO,152512071,,,,,,,,,,,SAFE,-5.532,-0.427,1.004,0.745,-0.077,-0.0,0.0,0.0,0.006,0.0,0.0,0.0,0.0,0.0,0.0
EXO,152612071,,,,,,,,,,,SAFE,-5.521,-0.61,1.004,0.745,-0.014,-0.0,0.0,0.0,-0.019,0.0,0.0,0.0,0.0,0.0,0.0
EXO,152712071,,,,,,,,,,,SAFE,-5.526,0.122,1.0,0.745,-0.011,-0.0,0.0,0.0,0.003,0.0,0.0,0.0,0.0,0.0,0.0
EXO,152812071,,,,,,,,,,,SAFE,-5.532,0.0,1.001,0.745,-0.037,-0.0,0.0,0.0,-0.004,0.0,0.0,0.0,0.0,0.0,0.0
EXO,152912071,,,,,,,,,,,SAFE,-5.504,-0.854,0.998,0.745,0.011,-0.0,0.0,0.0,0.006,0.0,0.0,0.0,0.0,0.0,0.0
EXO,153012071,,,,,,,,,,,SAFE,-5.504,0.671,0.992,0.745,-0.06,-0.0,0.0,0.0,-0.013,0.0,0.0,0.0,0.0,0.0,0.0
EXO,153112071,,,,,,,,,,,SAFE,-5.548,1.953,1.003,0.745,-0.113,-0.0,0.0,0.0,0.004,0.0,0.0,0.0,0.0,0.0,0.0
EXO,153212071,,,,,,,,,,,SAFE,-5.537,-0.977,1.012,0.745,-0.084,-0.0,0.0,0.0,0.015,0.0,0.0,0.0,0.0,0.0,0.0
EXO,153312071,,,,,,,,,,,SAFE,-5.504,-1.099,0.999,0.745,-0.061,-0.0,0.0,0.0,0.004,0.0,0.0,0.0,0.0,0.0,0.0
EXO,153412071,,,,,,,,,,,SAFE,-5.499,0.61,0.991,0.745,-0.005,-0.0,0.0,0.0,-0.013,0.0,0.0,0.0,0.0,0.0,0.0
EXO,153512071,,,,,,,,,,,SAFE,-5.521,1.282,0.998,0.745,-0.072,-0.0,0.0,0.0,-0.007,0.0,0.0,0.0,0.0,0.0,0.0
EXO,153612071,,,,,,,,,,,SAFE,-5.532,-1.343,1.009,0.745,-0.075,-0.0,0.0,0.0,-0.006,0.0,0.0,0.0,0.0,0.0,0.0
EXO,153712071,,,,,,,,,,,SAFE,-5.532,-0.916,1.006,0.745,0.054,-0.0,0.0,0.0,-0.009,0.0,0.0,0.0,0.0,0.0,0.0
EXO,153812071,,,,,,,,,,,SAFE,-5.51,0.183,0.99,0.745,0.126,-0.0,0.0,0.0,0.005,0.0,0.0,0.0,0.0,0.0,0.0
EXO,153912071,,,,,,,,,,,SAFE,-5.532,1.953,0.991,0.745,0.007,-0.0,0.0,0.0,-0.003,0.0,0.0,0.0,0.0,0.0,0.0
EXO,154012071,,,,,,,,,,,SAFE,-5.548,0.0,1.002,0.745,0.097,-0.0,0.0,0.0,-0.002,0.0,0.0,0.0,0.0,0.0,0.0
EXO,154112071,,,,,,,,,,,SAFE,-5.543,-1.465,1.009,0.745,0.054,-0.0,0.0,0.0,0.013,0.0,0.0,0.0,0.0,0.0,0.0
EXO,154212071,,,,,,,,,,,SAFE,-5.493,0.671,0.99,0.745,0.007,-0.0,0.0,0.0,0.001,0.0,0.0,0.0,0.0,0.0,0.0
EXO,154312071,,,,,,,,,,,SAFE,-5.554,1.465,0.995,0.745,0.01,-0.0,0.0,0.0,-0.017,0.0,0.0,0.0,0.0,0.0,0.0
EXO,154412071,,,,,,,,,,,SAFE,-5.57,-1.892,1.009,0.745,0.073,-0.0,0.0,0.0,-0.001,0.0,0.0,0.0,0.0,0.0,0.0
EXO,154512071,,,,,,,,,,,SAFE,-5.499,0.061,0.99,0.745,-0.001,-0.0,0.0,0.0,0.008,0.0,0.0,0.0,0.0,0.0,0.0
EXO,154612071,,,,,,,,,,,SAFE,-5.57,1.648,0.994,0.745,-0.162,-0.0,0.0,0.0,-0.006,0.0,0.0,0.0,0.0,0.0,0.0
EXO,154712071,,,,,,,,,,,SAFE,-5.576,-1.099,1.008,0.745,-0.034,-0.0,0.0,0.0,0.004,0.0,0.0,0.0,0.0,0.0,0.0
EXO,154812071,,,,,,,,,,,SAFE,-5.482,-0.916,0.996,0.745,-0.127,-0.0,0.0,0.0,0.009,0.0,0.0,0.0,0.0,0.0,0.0
EXO,154912071,,,,,,,,,,,SAFE,-5.515,2.319,0.992,0.745,0.007,-0.0,0.0,0.0,-0.01,0.0,0.0,0.0,0.0,0.0,0.0
EXO,155012071,,,,,,,,,,,SAFE,-5.587,0.183,1.005,0.745,0.119,-0.0,0.0,0.0,-0.004,0.0,0.0,0.0,0.0,0.0,0.0
EXO,155112071,,,,,,,,,,,SAFE,-5.526,-2.319,1.006,0.745,0.044,-0.0,0.0,0.0,0.008,0.0,0.0,0.0,0.0,0.0,0.0
EXO,155212071,,,,,,,,,,,SAFE,-5.482,0.488,0.992,0.745,-0.065,-0.0,0.0,0.0,0.003,0.0,0.0,0.0,0.0,0.0,0.0
EXO,155312071,,,,,,,,,,,SAFE,-5.548,2.502,0.986,0.745,-0.049,-0.0,0.0,0.0,0.009,0.0,0.0,0.0,0.0,0.0,0.0
EXO,155412071,,,,,,,,,,,SAFE,-5.587,-0.366,1.01,0.745,-0.061,-0.0,0.0,0.0,-0.013,0.0,0.0,0.0,0.0,0.0,0.0
EXO,155512071,,,,,,,,,,,SAFE,-5.493,-1.526,1.003,0.745,0.061,-0.0,0.0,0.0,0.015,0.0,0.0,0.0,0.0,0.0,0.0
EXO,155612071,,,,,,,,,,,SAFE,-5.488,1.282,0.989,0.745,0.058,-0.0,0.0,0.0,-0.006,0.0,0.0,0.0,0.0,0.0,0.0
EXO,155712071,,,,,,,,,,,SAFE,-5.565,1.831,0.993,0.745,-0.072,-0.0,0.0,0.0,-0.002,0.0,0.0,0.0,0.0,0.0,0.0
EXO,155812071,,,,,,,,,,,SAFE,-5.548,-1.404,1.011,0.745,0.017,-0.0,0.0,0.0,-0.017,0.0,0.0,0.0,0.0,0.0,0.0
EXO,155912071,,,,,,,,,,,SAFE,-5.488,-0.916,1.002,0.745,-0.023,-0.0,0.0,0.0,0.004,0.0,0.0,0.0,0.0,0.0,0.0
EXO,156012071,,,,,,,,,,,SAFE,-5.504,2.075,0.993,0.745,-0.022,-0.0,0.0,0.0,-0.015,0.0,0.0,0.0,0.0,0.0,0.0
EXO,156112071,,,,,,,,,,,SAFE,-5.532,0.0,0.995,0.745,-0.007,-0.0,0.0,0.0,0.001,0.0,0.0,0.0,0.0,0.0,0.0
EXO,156212071,,,,,,,,,,,SAFE,-5.532,0.122,1.005,0.745,-0.163,-0.0,0.0,0.0,0.003,0.0,0.0,0.0,0.0,0.0,0.0
EXO,156312071,,,,,,,,,,,SAFE,-5.521,-0.427,1.007,0.745,-0.033,-0.0,0.0,0.0,0.006,0.0,0.0,0.0,0.0,0.0,0.0
EXO,156412071,,,,,,,,,,,SAFE,-5.482,-0.427,0.994,0.745,-0.111,-0.0,0.0,0.0,0.013,0.0,0.0,0.0,0.0,0.0,0.0
EXO,156512071,,,,,,,,,,,SAFE,-5.51,1.465,0.99,0.745,-0.052,-0.0,0.0,0.0,-0.012,0.0,0.0,0.0,0.0,0.0,0.0
EXO,156612071,,,,,,,,,,,SAFE,-5.537,-0.122,1.007,0.745,-0.076,-0.0,0.0,0.0,-0.005,0.0,0.0,0.0,0.0,0.0,0.0
EXO,156712071,,,,,,,,,,,SAFE,-5.504,-1.709,1.005,0.745,0.015,-0.0,0.0,0.0,-0.009,0.0,0.0,0.0,0.0,0.0,0.0
EXO,156812071,,,,,,,,,,,SAFE,-5.488,1.16,0.991,0.745,0.046,-0.0,0.0,0.0,0.0,0.0,0.0,0.0,0.0,0.0,0.0
EXO,156912071,,,,,,,,,,,SAFE,-5.565,0.305,0.998,0.745,-0.005,-0.0,0.0,0.0,0.002,0.0,0.0,0.0,0.0,0.0,0.0
EXO,157012071,,,,,,,,,,,SAFE,-5.526,-1.282,1.003,0.745,0.109,-0.0,0.0,0.0,0.015,0.0,0.0,0.0,0.0,0.0,0.0
EXO,157112071,,,,,,,,,,,SAFE,-5.493,0.0,0.994,0.745,-0.006,-0.0,0.0,0.0,0.002,0.0,0.0,0.0,0.0,0.0,0.0
EXO,157212071,,,,,,,,,,,SAFE,-5.521,1.282,0.997,0.745,-0.08,-0.0,0.0,0.0,-0.004,0.0,0.0,0.0,0.0,0.0,0.0
EXO,157312071,,,,,,,,,,,SAFE,-5.548,0.366,1.005,0.745,0.069,-0.0,0.0,0.0,-0.001,0.0,0.0,0.0,0.0,0.0,0.0
EXO,157412071,,,,,,,,,,,SAFE,-5.515,-0.854,1.003,0.745,-0.077,-0.0,0.0,0.0,-0.001,0.0,0.0,0.0,0.0,0.0,0.0
EXO,157512071,,,,,,,,,,,SAFE,-5.51,-0.122,1.0,0.745,0.041,-0.0,0.0,0.0,0.008,0.0,0.0,0.0,0.0,0.0,0.0
EXO,157612071,,,,,,,,,,,SAFE,-5.515,0.732,0.991,0.745,-0.007,-0.0,0.0,0.0,-0.006,0.0,0.0,0.0,0.0,0.0,0.0
EXO,157712071,,,,,,,,,,,SAFE,-5.565,0.671,0.996,0.745,0.21,-0.0,0.0,0.0,0.006,0.0,0.0,0.0,0.0,0.0,0.0
EXO,157812071,,,,,,,,,,,SAFE,-5.537,-0.671,1.003,0.745,0.115,-0.0,0.0,0.0,0.0,0.0,0.0,0.0,0.0,0.0,0.0
EXO,157912071,,,,,,,,,,,SAFE,-5.499,-0.366,0.999,0.745,-0.002,-0.0,0.0,0.0,-0.02,0.0,0.0,0.0,0.0,0.0,0.0
EXO,158012071,,,,,,,,,,,SAFE,-5.526,0.732,0.998,0.745,0.037,-0.0,0.0,0.0,-0.002,0.0,0.0,0.0,0.0,0.0,0.0
EXO,158112071,,,,,,,,,,,SAFE,-5.537,0.244,1.002,0.745,0.036,-0.0,0.0,0.0,0.006,0.0,0.0,0.0,0.0,0.0,0.0
EXO,158212071,,,,,,,,,,,SAFE,-5.521,-0.977,1.007,0.745,-0.002,-0.0,0.0,0.0,-0.002,0.0,0.0,0.0,0.0,0.0,0.0
EXO,158312071,,,,,,,,,,,SAFE,-5.499,-0.244,0.999,0.745,0.069,-0.0,0.0,0.0,0.005,0.0,0.0,0.0,0.0,0.0,0.0
EXO,158412071,,,,,,,,,,,SAFE,-5.521,0.0,0.999,0.745,-0.001,-0.0,0.0,0.0,0.001,0.0,0.0,0.0,0.0,0.0,0.0
EXO,158512071,,,,,,,,,,,SAFE,-5.521,-0.305,1.001,0.745,0.081,-0.0,0.0,0.0,0.003,0.0,0.0,0.0,0.0,0.0,0.0
EXO,158612071,,,,,,,,,,,SAFE,-5.471,0.305,0.994,0.745,0.011,-0.0,0.0,0.0,-0.004,0.0,0.0,0.0,0.0,0.0,0.0
EXO,158712071,,,,,,,,,,,SAFE,-5.499,0.916,0.996,0.745,-0.014,-0.0,0.0,0.0,-0.007,0.0,0.0,0.0,0.0,0.0,0.0
EXO,158812071,,,,,,,,,,,SAFE,-5.526,0.488,1.002,0.745,-0.033,-0.0,0.0,0.0,0.006,0.0,0.0,0.0,0.0,0.0,0.0
EXO,158912071,,,,,,,,,,,SAFE,-5.499,-0.366,1.005,0.745,0.019,-0.0,0.0,0.0,-0.013,0.0,0.0,0.0,0.0,0.0,0.0
EXO,159012071,,,,,,,,,,,SAFE,-5.515,-0.854,1.005,0.745,-0.006,-0.0,0.0,0.0,-0.01,0.0,0.0,0.0,0.0,0.0,0.0
EXO,159112071,,,,,,,,,,,SAFE,-5.466,0.61,0.983,0.745,0.198,-0.0,0.0,0.0,-0.003,0.0,0.0,0.0,0.0,0.0,0.0
EXO,159212071,,,,,,,,,,,SAFE,-5.532,2.197,0.995,0.745,0.032,-0.0,0.0,0.0,0.004,0.0,0.0,0.0,0.0,0.0,0.0
EXO,159312071,,,,,,,,,,,SAFE,-5.537,-1.526,1.012,0.745,-0.019,-0.0,0.0,0.0,-0.01,0.0,0.0,0.0,0.0,0.0,0.0
EXO,159412071,,,,,,,,,,,SAFE,-5.488,-1.465,1.008,0.745,-0.017,-0.0,0.0,0.0,-0.014,0.0,0.0,0.0,0.0,0.0,0.0
EXO,159512071,,,,,,,,,,,SAFE,-5.493,0.183,1.001,0.745,-0.003,-0.0,0.0,0.0,-0.005,0.0,0.0,0.0,0.0,0.0,0.0
EXO,159612071,,,,,,,,,,,SAFE,-5.499,0.671,0.989,0.745,-0.187,-0.0,0.0,0.0,0.01,0.0,0.0,0.0,0.0,0.0,0.0
EXO,159712071,,,,,,,,,,,SAFE,-5.51,0.61,0.995,0.745,0.022,-0.0,0.0,0.0,0.008,0.0,0.0,0.0,0.0,0.0,0.0
EXO,159812071,,,,,,,,,,,SAFE,-5.521,-0.183,1.012,0.745,-0.01,-0.0,0.0,0.0,-0.008,0.0,0.0,0.0,0.0,0.0,0.0
EXO,159912071,,,,,,,,,,,SAFE,-5.526,-1.953,1.006,0.745,0.151,-0.0,0.0,0.0,0.014,0.0,0.0,0.0,0.0,0.0,0.0
EXO,160012071,,,,,,,,,,,SAFE,-5.499,0.916,0.989,0.745,0.085,-0.0,0.0,0.0,-0.0,0.0,0.0,0.0,0.0,0.0,0.0
EXO,160112071,,,,,,,,,,,SAFE,-5.493,2.075,0.983,0.745,-0.107,-0.0,0.0,0.0,0.005,0.0,0.0,0.0,0.0,0.0,0.0
EXO,160212071,,,,,,,,,,,SAFE,-5.559,0.0,1.007,0.745,0.003,-0.0,0.0,0.0,0.009,0.0,0.0,0.0,0.0,0.0,0.0
EXO,160312071,,,,,,,,,,,SAFE,-5.537,-2.014,1.027,0.745,-0.013,-0.0,0.0,0.0,0.004,0.0,0.0,0.0,0.0,0.0,0.0
EXO,160412071,,,,,,,,,,,SAFE,-5.471,-1.16,1.004,0.745,-0.066,-0.0,0.0,0.0,0.017,0.0,0.0,0.0,0.0,0.0,0.0
EXO,160512071,,,,,,,,,,,SAFE,-5.482,0.793,0.986,0.745,0.053,-0.0,0.0,0.0,-0.002,0.0,0.0,0.0,0.0,0.0,0.0
EXO,160612071,,,,,,,,,,,SAFE,-5.488,-0.549,0.989,0.745,-0.057,-0.0,0.0,0.0,0.006,0.0,0.0,0.0,0.0,0.0,0.0
EXO,160712071,,,,,,,,,,,SAFE,-5.504,0.0,0.996,0.745,-0.065,-0.0,0.0,0.0,-0.001,0.0,0.0,0.0,0.0,0.0,0.0
EXO,160812071,,,,,,,,,,,SAFE,-5.521,0.977,1.011,0.745,0.026,-0.0,0.0,0.0,0.011,0.0,0.0,0.0,0.0,0.0,0.0
EXO,160912071,,,,,,,,,,,SAFE,-5.466,0.244,1.005,0.745,0.041,-0.0,0.0,0.0,0.003,0.0,0.0,0.0,0.0,0.0,0.0
EXO,161012071,,,,,,,,,,,SAFE,-5.4,0.854,0.998,0.745,0.033,-0.0,0.0,0.0,-0.01,0.0,0.0,0.0,0.0,0.0,0.0
EXO,161112071,,,,,,,,,,,SAFE,-5.394,-0.305,1.001,0.745,-0.003,-0.0,0.0,0.0,-0.009,0.0,0.0,0.0,0.0,0.0,0.0
EXO,161212071,,,,,,,,,,,SAFE,-5.306,0.061,0.994,0.745,-0.022,-0.0,0.0,0.0,-0.001,0.0,0.0,0.0,0.0,0.0,0.0
EXO,161312071,,,,,,,,,,,SAFE,-5.389,0.427,1.0,0.745,0.03,-0.0,0.0,0.0,0.018,0.0,0.0,0.0,0.0,0.0,0.0
EXO,161412071,,,,,,,,,,,SAFE,-5.383,0.244,1.002,0.745,0.019,-0.0,0.0,0.0,-0.01,0.0,0.0,0.0,0.0,0.0,0.0
EXO,161512071,,,,,,,,,,,SAFE,-5.389,0.0,0.999,0.745,0.019,-0.0,0.0,0.0,0.004,0.0,0.0,0.0,0.0,0.0,0.0
EXO,161612071,,,,,,,,,,,SAFE,-5.416,0.488,1.003,0.745,0.076,-0.0,0.0,0.0,0.002,0.0,0.0,0.0,0.0,0.0,0.0
EXO,161712071,,,,,,,,,,,SAFE,-5.394,-0.732,1.002,0.745,-0.126,-0.0,0.0,0.0,0.006,0.0,0.0,0.0,0.0,0.0,0.0
EXO,161812071,,,,,,,,,,,SAFE,-5.427,0.427,0.997,0.745,-0.052,-0.0,0.0,0.0,-0.001,0.0,0.0,0.0,0.0,0.0,0.0
EXO,161912071,,,,,,,,,,,SAFE,-5.416,0.793,1.001,0.745,0.026,-0.0,0.0,0.0,0.01,0.0,0.0,0.0,0.0,0.0,0.0
EXO,162012071,,,,,,,,,,,SAFE,-5.378,0.0,0.999,0.745,0.062,-0.0,0.0,0.0,-0.01,0.0,0.0,0.0,0.0,0.0,0.0
EXO,162112071,,,,,,,,,,,SAFE,-5.405,-0.061,0.998,0.745,0.033,-0.0,0.0,0.0,0.012,0.0,0.0,0.0,0.0,0.0,0.0
EXO,162212071,,,,,,,,,,,SAFE,-5.416,0.305,0.994,0.745,-0.032,-0.0,0.0,0.0,0.005,0.0,0.0,0.0,0.0,0.0,0.0
EXO,162312071,,,,,,,,,,,SAFE,-5.438,0.244,1.0,0.745,0.13,-0.0,0.0,0.0,-0.001,0.0,0.0,0.0,0.0,0.0,0.0
EXO,162412071,,,,,,,,,,,SAFE,-5.449,-0.61,1.005,0.745,-0.019,-0.0,0.0,0.0,-0.002,0.0,0.0,0.0,0.0,0.0,0.0
EXO,162512071,,,,,,,,,,,SAFE,-5.411,0.61,0.998,0.745,0.029,-0.0,0.0,0.0,0.001,0.0,0.0,0.0,0.0,0.0,0.0
EXO,162612071,,,,,,,,,,,SAFE,-5.411,0.427,0.996,0.745,-0.03,-0.0,0.0,0.0,-0.003,0.0,0.0,0.0,0.0,0.0,0.0
EXO,162712071,,,,,,,,,,,SAFE,-5.427,-0.244,1.005,0.745,0.113,-0.0,0.0,0.0,0.005,0.0,0.0,0.0,0.0,0.0,0.0
EXO,162812071,,,,,,,,,,,SAFE,-5.411,-1.038,1.001,0.745,-0.064,-0.0,0.0,0.0,0.006,0.0,0.0,0.0,0.0,0.0,0.0
EXO,162912071,,,,,,,,,,,SAFE,-5.427,0.061,0.996,0.745,0.056,-0.0,0.0,0.0,-0.013,0.0,0.0,0.0,0.0,0.0,0.0
EXO,163012071,,,,,,,,,,,SAFE,-5.444,0.793,1.004,0.745,-0.073,-0.0,0.0,0.0,0.009,0.0,0.0,0.0,0.0,0.0,0.0
EXO,163112071,,,,,,,,,,,SAFE,-5.433,-0.244,0.997,0.745,-0.025,-0.0,0.0,0.0,-0.015,0.0,0.0,0.0,0.0,0.0,0.0
EXO,163212071,,,,,,,,,,,SAFE,-5.444,0.122,1.0,0.745,0.025,-0.0,0.0,0.0,-0.005,0.0,0.0,0.0,0.0,0.0,0.0
EXO,163312071,,,,,,,,,,,SAFE,-5.444,0.0,1.0,0.745,0.06,-0.0,0.0,0.0,0.008,0.0,0.0,0.0,0.0,0.0,0.0
EXO,163412071,,,,,,,,,,,SAFE,-5.416,0.244,0.995,0.745,0.044,-0.0,0.0,0.0,-0.012,0.0,0.0,0.0,0.0,0.0,0.0
EXO,163512071,,,,,,,,,,,SAFE,-5.411,1.77,0.994,0.745,0.014,-0.0,0.0,0.0,0.006,0.0,0.0,0.0,0.0,0.0,0.0
EXO,163612071,,,,,,,,,,,SAFE,-5.444,0.488,1.0,0.745,-0.07,-0.0,0.0,0.0,0.012,0.0,0.0,0.0,0.0,0.0,0.0
EXO,163712071,,,,,,,,,,,SAFE,-5.427,0.427,1.003,0.745,0.07,-0.0,0.0,0.0,-0.001,0.0,0.0,0.0,0.0,0.0,0.0
EXO,163812071,,,,,,,,,,,SAFE,-5.416,0.671,1.002,0.745,0.028,-0.0,0.0,0.0,-0.008,0.0,0.0,0.0,0.0,0.0,0.0
EXO,163912071,,,,,,,,,,,SAFE,-5.405,0.488,0.986,0.745,-0.018,-0.0,0.0,0.0,-0.002,0.0,0.0,0.0,0.0,0.0,0.0
EXO,164012071,,,,,,,,,,,SAFE,-5.433,2.686,0.992,0.745,0.032,-0.0,0.0,0.0,0.004,0.0,0.0,0.0,0.0,0.0,0.0
EXO,164112071,,,,,,,,,,,SAFE,-5.466,1.038,0.997,0.745,-0.011,-0.0,0.0,0.0,-0.003,0.0,0.0,0.0,0.0,0.0,0.0
EXO,164212071,,,,,,,,,,,SAFE,-5.4,-0.427,1.006,0.745,0.006,-0.0,0.0,0.0,-0.0,0.0,0.0,0.0,0.0,0.0,0.0
EXO,164312071,,,,,,,,,,,SAFE,-5.422,1.221,0.993,0.745,-0.077,-0.0,0.0,0.0,-0.008,0.0,0.0,0.0,0.0,0.0,0.0
EXO,164412071,,,,,,,,,,,SAFE,-5.433,2.014,0.994,0.745,0.006,-0.0,0.0,0.0,0.016,0.0,0.0,0.0,0.0,0.0,0.0
EXO,164512071,,,,,,,,,,,SAFE,-5.433,-0.122,0.993,0.745,-0.034,-0.0,0.0,0.0,-0.009,0.0,0.0,0.0,0.0,0.0,0.0
EXO,164612071,,,,,,,,,,,SAFE,-5.378,0.977,0.998,0.745,0.011,-0.0,0.0,0.0,-0.006,0.0,0.0,0.0,0.0,0.0,0.0
EXO,164712071,,,,,,,,,,,SAFE,-5.427,1.282,0.997,0.745,-0.089,-0.0,0.0,0.0,0.002,0.0,0.0,0.0,0.0,0.0,0.0
EXO,164812071,,,,,,,,,,,SAFE,-5.46,1.831,0.998,0.745,0.033,-0.0,0.0,0.0,0.011,0.0,0.0,0.0,0.0,0.0,0.0
EXO,164912071,,,,,,,,,,,SAFE,-5.405,-0.549,0.994,0.745,-0.122,-0.0,0.0,0.0,-0.014,0.0,0.0,0.0,0.0,0.0,0.0
EXO,165012071,,,,,,,,,,,SAFE,-5.4,0.427,0.999,0.745,0.034,-0.0,0.0,0.0,-0.003,0.0,0.0,0.0,0.0,0.0,0.0
EXO,165112071,,,,,,,,,,,SAFE,-5.411,1.038,0.994,0.745,0.095,-0.0,0.0,0.0,-0.02,0.0,0.0,0.0,0.0,0.0,0.0
EXO,165212073,,,,,,,,,,,SAFE,-5.427,1.221,0.992,0.745,-0.06,-0.0,0.0,0.0,0.004,0.0,0.0,0.0,0.0,0.0,0.0
EXO,165312081,,,,,,,,,,,SAFE,-5.411,0.549,0.997,0.745,-0.013,-0.0,0.0,0.0,0.008,0.0,0.0,0.0,0.0,0.0,0.0
EXO,165412087,,,,,,,,,,,SAFE,-5.416,1.465,0.99,0.745,0.113,-0.0,0.0,0.0,0.006,0.0,0.0,0.0,0.0,0.0,0.0
EXO,165512078,,,,,,,,,,,SAFE,-5.422,0.977,0.997,0.745,-0.009,-0.0,0.0,0.0,-0.003,0.0,0.0,0.0,0.0,0.0,0.0
EXO,165612084,,,,,,,,,,,SAFE,-5.411,0.183,0.996,0.745,-0.006,-0.0,0.0,0.0,-0.011,0.0,0.0,0.0,0.0,0.0,0.0
EXO,165712078,,,,,,,,,,,SAFE,-5.372,1.526,0.992,0.745,0.017,-0.0,0.0,0.0,-0.005,0.0,0.0,0.0,0.0,0.0,0.0
EXO,165812084,,,,,,,,,,,SAFE,-5.438,1.709,0.997,0.745,0.033,-0.0,0.0,0.0,0.003,0.0,0.0,0.0,0.0,0.0,0.0
EXO,165912084,,,,,,,,,,,SAFE,-5.394,-0.244,1.002,0.745,-0.01,-0.0,0.0,0.0,0.003,0.0,0.0,0.0,0.0,0.0,0.0
EXO,166012078,,,,,,,,,,,SAFE,-5.367,-0.427,0.993,0.745,0.057,-0.0,0.0,0.0,-0.004,0.0,0.0,0.0,0.0,0.0,0.0
EXO,166112084,,,,,,,,,,,SAFE,-5.372,2.38,0.985,0.745,0.096,-0.0,0.0,0.0,-0.004,0.0,0.0,0.0,0.0,0.0,0.0
EXO,166212078,,,,,,,,,,,SAFE,-5.46,1.465,0.994,0.745,0.017,-0.0,0.0,0.0,0.013,0.0,0.0,0.0,0.0,0.0,0.0
EXO,166312084,,,,,,,,,,,SAFE,-5.405,-1.16,1.0,0.745,-0.081,-0.0,0.0,0.0,0.002,0.0,0.0,0.0,0.0,0.0,0.0
EXO,166412084,,,,,,,,,,,SAFE,-5.356,0.977,0.995,0.745,-0.018,-0.0,0.0,0.0,-0.001,0.0,0.0,0.0,0.0,0.0,0.0
EXO,166512078,,,,,,,,,,,SAFE,-5.383,2.014,0.991,0.745,-0.088,-0.0,0.0,0.0,-0.003,0.0,0.0,0.0,0.0,0.0,0.0
EXO,166612084,,,,,,,,,,,SAFE,-5.427,0.061,0.994,0.745,0.123,-0.0,0.0,0.0,0.009,0.0,0.0,0.0,0.0,0.0,0.0
EXO,166712078,,,,,,,,,,,SAFE,-5.356,1.709,0.994,0.745,0.04,-0.0,0.0,0.0,-0.004,0.0,0.0,0.0,0.0,0.0,0.0
EXO,166812084,,,,,,,,,,,SAFE,-5.422,0.427,0.997,0.745,-0.029,-0.0,0.0,0.0,-0.001,0.0,0.0,0.0,0.0,0.0,0.0
EXO,166912090,,,,,,,,,,,SAFE,-5.411,1.038,0.995,0.745,-0.003,-0.0,0.0,0.0,-0.01,0.0,0.0,0.0,0.0,0.0,0.0
EXO,167012078,,,,,,,,,,,SAFE,-5.405,0.61,0.996,0.745,-0.009,-0.0,0.0,0.0,0.007,0.0,0.0,0.0,0.0,0.0,0.0
EXO,167112084,,,,,,,,,,,SAFE,-5.405,0.916,0.995,0.745,0.007,-0.0,0.0,0.0,-0.004,0.0,0.0,0.0,0.0,0.0,0.0
EXO,167212078,,,,,,,,,,,SAFE,-5.416,0.244,0.999,0.745,-0.006,-0.0,0.0,0.0,0.005,0.0,0.0,0.0,0.0,0.0,0.0
EXO,167312084,,,,,,,,,,,SAFE,-5.405,0.427,0.996,0.745,0.127,-0.0,0.0,0.0,-0.012,0.0,0.0,0.0,0.0,0.0,0.0
EXO,167412085,,,,,,,,,,,SAFE,-5.383,0.732,0.991,0.745,0.028,-0.0,0.0,0.0,-0.004,0.0,0.0,0.0,0.0,0.0,0.0
EXO,167512078,,,,,,,,,,,SAFE,-5.416,1.16,0.996,0.745,0.064,-0.0,0.0,0.0,0.008,0.0,0.0,0.0,0.0,0.0,0.0
EXO,167612084,,,,,,,,,,,SAFE,-5.405,0.427,0.999,0.745,0.113,-0.0,0.0,0.0,0.006,0.0,0.0,0.0,0.0,0.0,0.0
EXO,167712078,,,,,,,,,,,SAFE,-5.405,0.244,0.997,0.745,0.019,-0.0,0.0,0.0,0.006,0.0,0.0,0.0,0.0,0.0,0.0
EXO,167812084,,,,,,,,,,,SAFE,-5.411,0.671,0.997,0.745,-0.065,-0.0,0.0,0.0,0.004,0.0,0.0,0.0,0.0,0.0,0.0
EXO,167912086,,,,,,,,,,,SAFE,-5.378,1.282,0.994,0.745,0.079,-0.0,0.0,0.0,-0.009,0.0,0.0,0.0,0.0,0.0,0.0
EXO,168012080,,,,,,,,,,,SAFE,-5.394,1.038,0.994,0.745,-0.042,-0.0,0.0,0.0,-0.0,0.0,0.0,0.0,0.0,0.0,0.0
EXO,168112086,,,,,,,,,,,SAFE,-5.411,0.549,0.995,0.745,-0.04,-0.0,0.0,0.0,-0.006,0.0,0.0,0.0,0.0,0.0,0.0
EXO,168212080,,,,,,,,,,,SAFE,-5.389,0.549,1.002,0.745,0.041,-0.0,0.0,0.0,0.008,0.0,0.0,0.0,0.0,0.0,0.0
EXO,168312086,,,,,,,,,,,SAFE,-5.372,0.488,0.992,0.745,-0.048,-0.0,0.0,0.0,0.011,0.0,0.0,0.0,0.0,0.0,0.0
EXO,168412088,,,,,,,,,,,SAFE,-5.383,1.038,0.988,0.745,0.018,-0.0,0.0,0.0,-0.001,0.0,0.0,0.0,0.0,0.0,0.0
EXO,168512080,,,,,,,,,,,SAFE,-5.416,1.282,1.004,0.745,0.022,-0.0,0.0,0.0,0.005,0.0,0.0,0.0,0.0,0.0,0.0
EXO,168612088,,,,,,,,,,,SAFE,-5.394,-0.732,1.002,0.745,0.011,-0.0,0.0,0.0,-0.002,0.0,0.0,0.0,0.0,0.0,0.0
EXO,168712080,,,,,,,,,,,SAFE,-5.334,0.61,0.99,0.745,-0.07,-0.0,0.0,0.0,-0.008,0.0,0.0,0.0,0.0,0.0,0.0
EXO,168812088,,,,,,,,,,,SAFE,-5.4,2.258,0.993,0.745,0.038,-0.0,0.0,0.0,0.006,0.0,0.0,0.0,0.0,0.0,0.0
EXO,168912087,,,,,,,,,,,SAFE,-5.427,-0.671,1.001,0.745,0.048,-0.0,0.0,0.0,0.001,0.0,0.0,0.0,0.0,0.0,0.0
EXO,169012082,,,,,,,,,,,SAFE,-5.35,-0.732,0.998,0.745,-0.036,-0.0,0.0,0.0,0.005,0.0,0.0,0.0,0.0,0.0,0.0
EXO,169112087,,,,,,,,,,,SAFE,-5.367,2.502,0.992,0.745,-0.023,-0.0,0.0,0.0,-0.01,0.0,0.0,0.0,0.0,0.0,0.0
EXO,169212082,,,,,,,,,,,SAFE,-5.416,0.854,0.992,0.745,-0.07,-0.0,0.0,0.0,-0.012,0.0,0.0,0.0,0.0,0.0,0.0
EXO,169312087,,,,,,,,,,,SAFE,-5.422,0.488,0.996,0.745,-0.017,-0.0,0.0,0.0,0.006,0.0,0.0,0.0,0.0,0.0,0.0
EXO,169412086,,,,,,,,,,,SAFE,-5.389,0.732,0.999,0.745,0.034,-0.0,0.0,0.0,0.01,0.0,0.0,0.0,0.0,0.0,0.0
EXO,169512080,,,,,,,,,,,SAFE,-5.405,0.854,1.002,0.745,0.01,-0.0,0.0,0.0,-0.011,0.0,0.0,0.0,0.0,0.0,0.0
EXO,169612086,,,,,,,,,,,SAFE,-5.383,0.488,0.996,0.745,0.021,-0.0,0.0,0.0,0.001,0.0,0.0,0.0,0.0,0.0,0.0
EXO,169712080,,,,,,,,,,,SAFE,-5.372,1.587,0.994,0.745,0.069,-0.0,0.0,0.0,0.007,0.0,0.0,0.0,0.0,0.0,0.0
EXO,169812086,,,,,,,,,,,SAFE,-5.438,0.0,1.005,0.745,0.103,-0.0,0.0,0.0,0.003,0.0,0.0,0.0,0.0,0.0,0.0
EXO,169912088,,,,,,,,,,,SAFE,-5.372,-0.366,1.004,0.745,-0.072,-0.0,0.0,0.0,0.0,0.0,0.0,0.0,0.0,0.0,0.0
EXO,170012080,,,,,,,,,,,SAFE,-5.405,0.0,0.998,0.745,-0.089,-0.0,0.0,0.0,0.001,0.0,0.0,0.0,0.0,0.0,0.0
EXO,170112086,,,,,,,,,,,SAFE,-5.372,2.441,0.996,0.745,0.009,-0.0,0.0,0.0,0.001,0.0,0.0,0.0,0.0,0.0,0.0
EXO,170212080,,,,,,,,,,,SAFE,-5.378,-0.427,1.008,0.745,-0.026,-0.0,0.0,0.0,-0.0,0.0,0.0,0.0,0.0,0.0,0.0
EXO,170312086,,,,,,,,,,,SAFE,-5.4,-0.61,1.016,0.745,0.036,-0.0,0.0,0.0,-0.004,0.0,0.0,0.0,0.0,0.0,0.0
EXO,170412086,,,,,,,,,,,SAFE,-5.367,1.221,0.998,0.745,0.003,-0.0,0.0,0.0,0.008,0.0,0.0,0.0,0.0,0.0,0.0
EXO,170512080,,,,,,,,,,,SAFE,-5.383,0.916,1.001,0.745,0.08,-0.0,0.0,0.0,0.017,0.0,0.0,0.0,0.0,0.0,0.0
EXO,170612086,,,,,,,,,,,SAFE,-5.378,-0.549,1.009,0.745,-0.003,-0.0,0.0,0.0,0.0,0.0,0.0,0.0,0.0,0.0,0.0
EXO,170712080,,,,,,,,,,,SAFE,-5.378,-0.244,1.006,0.745,-0.138,-0.0,0.0,0.0,-0.02,0.0,0.0,0.0,0.0,0.0,0.0
EXO,170812086,,,,,,,,,,,SAFE,-5.383,1.404,1.004,0.745,-0.084,-0.0,0.0,0.0,0.004,0.0,0.0,0.0,0.0,0.0,0.0
EXO,170912086,,,,,,,,,,,SAFE,-5.389,0.244,1.003,0.745,0.007,-0.0,0.0,0.0,-0.007,0.0,0.0,0.0,0.0,0.0,0.0
EXO,171012080,,,,,,,,,,,SAFE,-5.378,-1.16,1.007,0.745,-0.062,-0.0,0.0,0.0,-0.01,0.0,0.0,0.0,0.0,0.0,0.0
EXO,171112086,,,,,,,,,,,SAFE,-5.394,0.0,1.009,0.745,0.036,-0.0,0.0,0.0,0.014,0.0,0.0,0.0,0.0,0.0,0.0
EXO,171212080,,,,,,,,,,,SAFE,-5.383,0.0,1.012,0.745,0.029,-0.0,0.0,0.0,0.002,0.0,0.0,0.0,0.0,0.0,0.0
EXO,171312086,,,,,,,,,,,SAFE,-5.378,-0.732,1.008,0.745,0.015,-0.0,0.0,0.0,0.001,0.0,0.0,0.0,0.0,0.0,0.0
EXO,171412084,,,,,,,,,,,SAFE,-5.383,-0.671,1.013,0.745,0.073,-0.0,0.0,0.0,0.009,0.0,0.0,0.0,0.0,0.0,0.0
EXO,171512078,,,,,,,,,,,SAFE,-5.372,-0.671,1.003,0.745,0.057,-0.0,0.0,0.0,0.003,0.0,0.0,0.0,0.0,0.0,0.0
EXO,171612084,,,,,,,,,,,SAFE,-5.383,-0.061,1.007,0.745,-0.005,-0.0,0.0,0.0,-0.008,0.0,0.0,0.0,0.0,0.0,0.0
EXO,171712078,,,,,,,,,,,SAFE,-5.389,-0.732,1.004,0.745,0.053,-0.0,0.0,0.0,0.008,0.0,0.0,0.0,0.0,0.0,0.0
EXO,171812084,,,,,,,,,,,SAFE,-5.367,-1.465,1.002,0.745,-0.01,-0.0,0.0,0.0,0.01,0.0,0.0,0.0,0.0,0.0,0.0
EXO,171912086,,,,,,,,,,,SAFE,-5.378,-0.061,1.005,0.745,-0.16,-0.0,0.0,0.0,-0.0,0.0,0.0,0.0,0.0,0.0,0.0
EXO,172012078,,,,,,,,,,,SAFE,-5.372,-0.61,1.016,0.745,0.124,-0.0,0.0,0.0,-0.001,0.0,0.0,0.0,0.0,0.0,0.0
EXO,172112086,,,,,,,,,,,SAFE,-5.328,-3.54,1.015,0.745,-0.023,-0.0,0.0,0.0,-0.008,0.0,0.0,0.0,0.0,0.0,0.0
EXO,172212078,,,,,,,,,,,SAFE,-5.323,0.0,0.993,0.745,0.084,-0.0,0.0,0.0,0.0,0.0,0.0,0.0,0.0,0.0,0.0
EXO,172312086,,,,,,,,,,,SAFE,-5.339,0.854,0.992,0.745,0.093,-0.0,0.0,0.0,-0.004,0.0,0.0,0.0,0.0,0.0,0.0
EXO,172412084,,,,,,,,,,,SAFE,-5.339,-0.366,0.999,0.745,0.075,-0.0,0.0,0.0,-0.006,0.0,0.0,0.0,0.0,0.0,0.0
EXO,172512078,,,,,,,,,,,SAFE,-5.328,-0.183,1.005,0.745,0.034,-0.0,0.0,0.0,-0.008,0.0,0.0,0.0,0.0,0.0,0.0
EXO,172612084,,,,,,,,,,,SAFE,-5.328,-0.183,1.006,0.745,-0.135,-0.0,0.0,0.0,0.013,0.0,0.0,0.0,0.0,0.0,0.0
EXO,172712078,,,,,,,,,,,SAFE,-5.306,-0.488,0.995,0.745,-0.011,-0.0,0.0,0.0,0.01,0.0,0.0,0.0,0.0,0.0,0.0
EXO,172812084,,,,,,,,,,,SAFE,-5.312,0.732,0.992,0.745,-0.04,-0.0,0.0,0.0,-0.006,0.0,0.0,0.0,0.0,0.0,0.0
EXO,172912086,,,,,,,,,,,SAFE,-5.295,0.61,0.993,0.745,0.032,-0.0,0.0,0.0,0.008,0.0,0.0,0.0,0.0,0.0,0.0
EXO,173012080,,,,,,,,,,,SAFE,-5.361,0.244,1.001,0.745,-0.009,-0.0,0.0,0.0,0.005,0.0,0.0,0.0,0.0,0.0,0.0
EXO,173112086,,,,,,,,,,,SAFE,-5.323,-0.732,1.011,0.745,0.001,-0.0,0.0,0.0,-0.018,0.0,0.0,0.0,0.0,0.0,0.0
EXO,173212080,,,,,,,,,,,SAFE,-5.356,0.427,1.012,0.745,-0.104,-0.0,0.0,0.0,-0.01,0.0,0.0,0.0,0.0,0.0,0.0
EXO,173312086,,,,,,,,,,,SAFE,-5.323,-0.916,1.01,0.745,0.01,-0.0,0.0,0.0,-0.003,0.0,0.0,0.0,0.0,0.0,0.0
EXO,173412088,,,,,,,,,,,SAFE,-5.306,-1.16,1.005,0.745,0.028,-0.0,0.0,0.0,-0.001,0.0,0.0,0.0,0.0,0.0,0.0
EXO,173512080,,,,,,,,,,,SAFE,-5.339,-0.183,1.003,0.745,-0.111,-0.0,0.0,0.0,-0.014,0.0,0.0,0.0,0.0,0.0,0.0
EXO,173612088,,,,,,,,,,,SAFE,-5.317,-0.183,1.007,0.745,0.144,-0.0,0.0,0.0,0.009,0.0,0.0,0.0,0.0,0.0,0.0
EXO,173712080,,,,,,,,,,,SAFE,-5.345,-0.305,1.01,0.745,0.069,-0.0,0.0,0.0,-0.005,0.0,0.0,0.0,0.0,0.0,0.0
EXO,173812088,,,,,,,,,,,SAFE,-5.372,-1.587,1.014,0.745,-0.049,-0.0,0.0,0.0,-0.0,0.0,0.0,0.0,0.0,0.0,0.0
EXO,173912086,,,,,,,,,,,SAFE,-5.295,-1.343,1.004,0.745,0.029,-0.0,0.0,0.0,0.004,0.0,0.0,0.0,0.0,0.0,0.0
EXO,174012080,,,,,,,,,,,SAFE,-5.345,0.549,1.001,0.745,-0.093,-0.0,0.0,0.0,0.005,0.0,0.0,0.0,0.0,0.0,0.0
EXO,174112086,,,,,,,,,,,SAFE,-5.306,-0.244,0.998,0.745,-0.029,-0.0,0.0,0.0,0.006,0.0,0.0,0.0,0.0,0.0,0.0
EXO,174212080,,,,,,,,,,,SAFE,-5.317,-0.366,1.004,0.745,-0.124,-0.0,0.0,0.0,0.002,0.0,0.0,0.0,0.0,0.0,0.0
EXO,174312086,,,,,,,,,,,SAFE,-5.323,0.0,1.001,0.745,-0.046,-0.0,0.0,0.0,0.008,0.0,0.0,0.0,0.0,0.0,0.0
EXO,174412088,,,,,,,,,,,SAFE,-5.306,0.061,0.996,0.745,-0.034,-0.0,0.0,0.0,-0.013,0.0,0.0,0.0,0.0,0.0,0.0
EXO,174512080,,,,,,,,,,,SAFE,-5.323,0.122,0.995,0.745,0.116,-0.0,0.0,0.0,-0.002,0.0,0.0,0.0,0.0,0.0,0.0
EXO,174612086,,,,,,,,,,,SAFE,-5.279,0.916,0.99,0.745,0.014,-0.0,0.0,0.0,0.003,0.0,0.0,0.0,0.0,0.0,0.0
EXO,174712080,,,,,,,,,,,SAFE,-5.378,1.343,1.005,0.745,-0.076,-0.0,0.0,0.0,0.001,0.0,0.0,0.0,0.0,0.0,0.0
EXO,174812086,,,,,,,,,,,SAFE,-5.356,-0.732,1.017,0.745,0.022,-0.0,0.0,0.0,-0.001,0.0,0.0,0.0,0.0,0.0,0.0
EXO,174912086,,,,,,,,,,,SAFE,-5.312,-1.099,1.002,0.745,-0.019,-0.0,0.0,0.0,0.011,0.0,0.0,0.0,0.0,0.0,0.0
EXO,175012080,,,,,,,,,,,SAFE,-5.306,2.014,0.988,0.745,0.17,-0.0,0.0,0.0,0.006,0.0,0.0,0.0,0.0,0.0,0.0
EXO,175112086,,,,,,,,,,,SAFE,-5.361,1.831,0.991,0.745,-0.023,-0.0,0.0,0.0,0.013,0.0,0.0,0.0,0.0,0.0,0.0
EXO,175212078,,,,,,,,,,,SAFE,-5.345,-0.977,1.018,0.745,0.159,-0.0,0.0,0.0,0.008,0.0,0.0,0.0,0.0,0.0,0.0
EXO,175312071,,,,,,,,,,,SAFE,-5.312,-1.404,1.013,0.745,-0.122,-0.0,0.0,0.0,-0.003,0.0,0.0,0.0,0.0,0.0,0.0
EXO,175412071,,,,,,,,,,,SAFE,-5.339,0.549,0.997,0.745,0.088,-0.0,0.0,0.0,-0.008,0.0,0.0,0.0,0.0,0.0,0.0
EXO,175512071,,,,,,,,,,,SAFE,-5.334,0.916,1.003,0.745,-0.011,-0.0,0.0,0.0,-0.006,0.0,0.0,0.0,0.0,0.0,0.0
EXO,175612071,,,,,,,,,,,SAFE,-5.334,-0.488,1.007,0.745,-0.018,-0.0,0.0,0.0,0.007,0.0,0.0,0.0,0.0,0.0,0.0
EXO,175712071,,,,,,,,,,,SAFE,-5.312,-0.549,1.004,0.745,-0.037,-0.0,0.0,0.0,0.002,0.0,0.0,0.0,0.0,0.0,0.0
EXO,175812071,,,,,,,,,,,SAFE,-5.317,0.977,1.005,0.745,0.087,-0.0,0.0,0.0,-0.009,0.0,0.0,0.0,0.0,0.0,0.0
EXO,175912071,,,,,,,,,,,SAFE,-5.356,-0.427,1.016,0.745,-0.069,-0.0,0.0,0.0,0.012,0.0,0.0,0.0,0.0,0.0,0.0
EXO,176012071,,,,,,,,,,,SAFE,-5.334,-2.014,1.017,0.745,-0.135,-0.0,0.0,0.0,0.005,0.0,0.0,0.0,0.0,0.0,0.0
EXO,176112071,,,,,,,,,,,SAFE,-5.312,-1.16,1.005,0.745,0.028,-0.0,0.0,0.0,0.002,0.0,0.0,0.0,0.0,0.0,0.0
EXO,176212071,,,,,,,,,,,SAFE,-5.334,0.671,1.003,0.745,0.066,-0.0,0.0,0.0,-0.008,0.0,0.0,0.0,0.0,0.0,0.0
EXO,176312071,,,,,,,,,,,SAFE,-5.334,-0.549,1.004,0.745,0.048,-0.0,0.0,0.0,0.001,0.0,0.0,0.0,0.0,0.0,0.0
EXO,176412071,,,,,,,,,,,SAFE,-5.323,-0.305,1.014,0.745,-0.003,-0.0,0.0,0.0,-0.013,0.0,0.0,0.0,0.0,0.0,0.0
EXO,176512071,,,,,,,,,,,SAFE,-5.306,-1.404,1.008,0.745,-0.021,-0.0,0.0,0.0,-0.011,0.0,0.0,0.0,0.0,0.0,0.0
EXO,176612071,,,,,,,,,,,SAFE,-5.284,-0.732,1.003,0.745,-0.005,-0.0,0.0,0.0,0.006,0.0,0.0,0.0,0.0,0.0,0.0
EXO,176712071,,,,,,,,,,,SAFE,-5.323,-0.488,1.005,0.745,-0.058,-0.0,0.0,0.0,0.002,0.0,0.0,0.0,0.0,0.0,0.0
EXO,176812071,,,,,,,,,,,SAFE,-5.306,-1.16,1.005,0.745,0.052,-0.0,0.0,0.0,0.008,0.0,0.0,0.0,0.0,0.0,0.0
EXO,176912071,,,,,,,,,,,SAFE,-5.317,-1.709,1.007,0.745,-0.006,-0.0,0.0,0.0,-0.001,0.0,0.0,0.0,0.0,0.0,0.0
EXO,177012071,,,,,,,,,,,SAFE,-5.301,-0.854,1.003,0.745,-0.147,-0.0,0.0,0.0,-0.014,0.0,0.0,0.0,0.0,0.0,0.0
EXO,177112071,,,,,,,,,,,SAFE,-5.284,-0.366,0.997,0.745,0.009,-0.0,0.0,0.0,-0.016,0.0,0.0,0.0,0.0,0.0,0.0
EXO,177212071,,,,,,,,,,,SAFE,-5.306,-0.427,0.992,0.745,-0.091,-0.0,0.0,0.0,0.003,0.0,0.0,0.0,0.0,0.0,0.0
EXO,177312071,,,,,,,,,,,SAFE,-5.295,-0.61,0.998,0.745,-0.018,-0.0,0.0,0.0,0.004,0.0,0.0,0.0,0.0,0.0,0.0
EXO,177412071,,,,,,,,,,,SAFE,-5.273,-0.977,0.999,0.745,-0.025,-0.0,0.0,0.0,-0.0,0.0,0.0,0.0,0.0,0.0,0.0
EXO,177512071,,,,,,,,,,,SAFE,-5.273,-0.122,0.992,0.745,-0.015,-0.0,0.0,0.0,-0.015,0.0,0.0,0.0,0.0,0.0,0.0
EXO,177612071,,,,,,,,,,,SAFE,-5.273,0.671,0.987,0.745,-0.04,-0.0,0.0,0.0,0.001,0.0,0.0,0.0,0.0,0.0,0.0
EXO,177712071,,,,,,,,,,,SAFE,-5.312,-0.244,0.996,0.745,0.142,-0.0,0.0,0.0,-0.008,0.0,0.0,0.0,0.0,0.0,0.0
EXO,177812071,,,,,,,,,,,SAFE,-5.29,-0.366,0.999,0.745,-0.021,-0.0,0.0,0.0,-0.01,0.0,0.0,0.0,0.0,0.0,0.0
EXO,177912071,,,,,,,,,,,SAFE,-5.262,0.061,0.99,0.745,-0.136,-0.0,0.0,0.0,0.01,0.0,0.0,0.0,0.0,0.0,0.0
EXO,178012071,,,,,,,,,,,SAFE,-5.279,1.038,0.989,0.745,0.041,-0.0,0.0,0.0,-0.001,0.0,0.0,0.0,0.0,0.0,0.0
EXO,178112071,,,,,,,,,,,SAFE,-5.301,0.916,0.996,0.745,0.017,-0.0,0.0,0.0,-0.002,0.0,0.0,0.0,0.0,0.0,0.0
EXO,178212071,,,,,,,,,,,SAFE,-5.306,0.061,1.008,0.745,-0.134,-0.0,0.0,0.0,0.011,0.0,0.0,0.0,0.0,0.0,0.0
EXO,178312071,,,,,,,,,,,SAFE,-5.268,-0.916,0.998,0.745,-0.096,-0.0,0.0,0.0,-0.008,0.0,0.0,0.0,0.0,0.0,0.0
EXO,178412071,,,,,,,,,,,SAFE,-5.295,0.488,0.988,0.745,0.065,-0.0,0.0,0.0,0.018,0.0,0.0,0.0,0.0,0.0,0.0
EXO,178512071,,,,,,,,,,,SAFE,-5.301,1.526,0.992,0.745,-0.037,-0.0,0.0,0.0,-0.004,0.0,0.0,0.0,0.0,0.0,0.0
EXO,178612071,,,,,,,,,,,SAFE,-5.295,0.671,1.007,0.745,0.111,-0.0,0.0,0.0,0.003,0.0,0.0,0.0,0.0,0.0,0.0
EXO,178712071,,,,,,,,,,,SAFE,-5.312,-0.977,1.017,0.745,0.011,-0.0,0.0,0.0,0.003,0.0,0.0,0.0,0.0,0.0,0.0
EXO,178812071,,,,,,,,,,,SAFE,-5.273,-0.916,1.004,0.745,0.019,-0.0,0.0,0.0,0.012,0.0,0.0,0.0,0.0,0.0,0.0
EXO,178912071,,,,,,,,,,,SAFE,-5.279,0.244,0.995,0.745,0.07,-0.0,0.0,0.0,-0.001,0.0,0.0,0.0,0.0,0.0,0.0
EXO,179012071,,,,,,,,,,,SAFE,-5.312,0.183,1.001,0.745,0.13,-0.0,0.0,0.0,0.012,0.0,0.0,0.0,0.0,0.0,0.0
EXO,179112071,,,,,,,,,,,SAFE,-5.301,-1.526,1.007,0.745,-0.075,-0.0,0.0,0.0,-0.008,0.0,0.0,0.0,0.0,0.0,0.0
EXO,179212071,,,,,,,,,,,SAFE,-5.295,-0.793,1.006,0.745,-0.036,-0.0,0.0,0.0,0.0,0.0,0.0,0.0,0.0,0.0,0.0
EXO,179312071,,,,,,,,,,,SAFE,-5.306,0.0,0.999,0.745,-0.015,-0.0,0.0,0.0,-0.011,0.0,0.0,0.0,0.0,0.0,0.0
EXO,179412071,,,,,,,,,,,SAFE,-5.284,-1.221,1.007,0.745,-0.032,-0.0,0.0,0.0,-0.0,0.0,0.0,0.0,0.0,0.0,0.0
EXO,179512071,,,,,,,,,,,SAFE,-5.295,-1.038,1.005,0.745,0.019,-0.0,0.0,0.0,-0.005,0.0,0.0,0.0,0.0,0.0,0.0
EXO,179612071,,,,,,,,,,,SAFE,-5.246,-0.183,0.993,0.745,-0.112,-0.0,0.0,0.0,0.001,0.0,0.0,0.0,0.0,0.0,0.0
EXO,179712071,,,,,,,,,,,SAFE,-5.295,0.549,0.99,0.745,-0.073,-0.0,0.0,0.0,0.001,0.0,0.0,0.0,0.0,0.0,0.0
EXO,179812071,,,,,,,,,,,SAFE,-5.312,-0.732,1.004,0.745,0.006,-0.0,0.0,0.0,0.011,0.0,0.0,0.0,0.0,0.0,0.0
EXO,179912071,,,,,,,,,,,SAFE,-5.273,-1.282,0.998,0.745,0.033,-0.0,0.0,0.0,0.014,0.0,0.0,0.0,0.0,0.0,0.0
EXO,180012071,,,,,,,,,,,SAFE,-5.262,0.732,0.987,0.745,-0.002,-0.0,0.0,0.0,-0.006,0.0,0.0,0.0,0.0,0.0,0.0
EXO,180112071,,,,,,,,,,,SAFE,-5.273,1.892,0.988,0.745,-0.009,-0.0,0.0,0.0,-0.004,0.0,0.0,0.0,0.0,0.0,0.0
EXO,180212071,,,,,,,,,,,SAFE,-5.295,-0.305,0.997,0.745,0.083,-0.0,0.0,0.0,0.01,0.0,0.0,0.0,0.0,0.0,0.0
EXO,180312071,,,,,,,,,,,SAFE,-5.246,-0.061,0.994,0.745,0.013,-0.0,0.0,0.0,0.016,0.0,0.0,0.0,0.0,0.0,0.0
EXO,180412071,,,,,,,,,,,SAFE,-5.229,1.221,0.988,0.745,0.154,-0.0,0.0,0.0,0.004,0.0,0.0,0.0,0.0,0.0,0.0
EXO,180512071,,,,,,,,,,,SAFE,-5.273,1.831,0.991,0.745,-0.023,-0.0,0.0,0.0,-0.0,0.0,0.0,0.0,0.0,0.0,0.0
EXO,180612071,,,,,,,,,,,SAFE,-5.29,0.427,0.999,0.745,0.103,-0.0,0.0,0.0,-0.001,0.0,0.0,0.0,0.0,0.0,0.0
EXO,180712071,,,,,,,,,,,SAFE,-5.273,0.366,1.001,0.745,0.081,-0.0,0.0,0.0,-0.008,0.0,0.0,0.0,0.0,0.0,0.0
EXO,180812071,,,,,,,,,,,SAFE,-5.229,1.16,0.995,0.745,0.033,-0.0,0.0,0.0,-0.006,0.0,0.0,0.0,0.0,0.0,0.0
EXO,180912071,,,,,,,,,,,SAFE,-5.29,1.038,0.995,0.745,0.033,-0.0,0.0,0.0,0.001,0.0,0.0,0.0,0.0,0.0,0.0
EXO,181012071,,,,,,,,,,,SAFE,-5.29,1.099,1.0,0.745,0.076,-0.0,0.0,0.0,-0.004,0.0,0.0,0.0,0.0,0.0,0.0
EXO,181112071,,,,,,,,,,,SAFE,-5.257,-0.549,1.004,0.745,0.053,-0.0,0.0,0.0,-0.005,0.0,0.0,0.0,0.0,0.0,0.0
EXO,181212071,,,,,,,,,,,SAFE,-5.262,0.793,1.003,0.745,-0.054,-0.0,0.0,0.0,0.0,0.0,0.0,0.0,0.0,0.0,0.0
EXO,181312071,,,,,,,,,,,SAFE,-5.273,1.16,1.002,0.745,0.1,-0.0,0.0,0.0,0.002,0.0,0.0,0.0,0.0,0.0,0.0
EXO,181412071,,,,,,,,,,,SAFE,-5.295,0.0,1.008,0.745,0.006,-0.0,0.0,0.0,-0.002,0.0,0.0,0.0,0.0,0.0,0.0
EXO,181512071,,,,,,,,,,,SAFE,-5.251,0.61,1.004,0.745,-0.013,-0.0,0.0,0.0,-0.011,0.0,0.0,0.0,0.0,0.0,0.0
EXO,181612071,,,,,,,,,,,SAFE,-5.262,-0.122,1.007,0.745,-0.023,-0.0,0.0,0.0,-0.005,0.0,0.0,0.0,0.0,0.0,0.0
EXO,181712071,,,,,,,,,,,SAFE,-5.268,-0.488,1.004,0.745,-0.138,-0.0,0.0,0.0,0.012,0.0,0.0,0.0,0.0,0.0,0.0
EXO,181812071,,,,,,,,,,,SAFE,-5.24,-0.244,1.004,0.745,0.064,-0.0,0.0,0.0,0.002,0.0,0.0,0.0,0.0,0.0,0.0
EXO,181912071,,,,,,,,,,,SAFE,-5.273,-1.465,1.01,0.745,-0.104,-0.0,0.0,0.0,0.001,0.0,0.0,0.0,0.0,0.0,0.0
EXO,182012071,,,,,,,,,,,SAFE,-5.268,-1.099,1.002,0.745,0.002,-0.0,0.0,0.0,-0.02,0.0,0.0,0.0,0.0,0.0,0.0
EXO,182112071,,,,,,,,,,,SAFE,-5.246,-0.488,0.994,0.745,-0.038,-0.0,0.0,0.0,-0.005,0.0,0.0,0.0,0.0,0.0,0.0
EXO,182212071,,,,,,,,,,,SAFE,-5.257,0.427,0.997,0.745,-0.041,-0.0,0.0,0.0,-0.008,0.0,0.0,0.0,0.0,0.0,0.0
EXO,182312071,,,,,,,,,,,SAFE,-5.257,0.305,1.002,0.745,-0.134,-0.0,0.0,0.0,-0.006,0.0,0.0,0.0,0.0,0.0,0.0
EXO,182412071,,,,,,,,,,,SAFE,-5.224,-1.221,0.997,0.745,-0.064,-0.0,0.0,0.0,0.0,0.0,0.0,0.0,0.0,0.0,0.0
EXO,182512071,,,,,,,,,,,SAFE,-5.229,1.16,0.988,0.745,-0.041,-0.0,0.0,0.0,0.008,0.0,0.0,0.0,0.0,0.0,0.0
EXO,182612071,,,,,,,,,,,SAFE,-5.251,0.305,0.992,0.745,-0.041,-0.0,0.0,0.0,0.014,0.0,0.0,0.0,0.0,0.0,0.0
EXO,182712071,,,,,,,,,,,SAFE,-5.268,-0.122,0.996,0.745,-0.007,-0.0,0.0,0.0,-0.007,0.0,0.0,0.0,0.0,0.0,0.0
EXO,182812071,,,,,,,,,,,SAFE,-5.229,-0.122,0.991,0.745,-0.064,-0.0,0.0,0.0,0.006,0.0,0.0,0.0,0.0,0.0,0.0
EXO,182912071,,,,,,,,,,,SAFE,-5.246,1.709,0.986,0.745,-0.116,-0.0,0.0,0.0,0.011,0.0,0.0,0.0,0.0,0.0,0.0
EXO,183012071,,,,,,,,,,,SAFE,-5.257,1.465,0.994,0.745,0.087,-0.0,0.0,0.0,-0.005,0.0,0.0,0.0,0.0,0.0,0.0
EXO,183112071,,,,,,,,,,,SAFE,-5.251,-0.488,1.001,0.745,0.014,-0.0,0.0,0.0,-0.01,0.0,0.0,0.0,0.0,0.0,0.0
EXO,183212071,,,,,,,,,,,SAFE,-5.235,0.61,0.999,0.745,0.002,-0.0,0.0,0.0,-0.005,0.0,0.0,0.0,0.0,0.0,0.0
EXO,183312071,,,,,,,,,,,SAFE,-5.257,1.648,0.995,0.745,0.006,-0.0,0.0,0.0,0.007,0.0,0.0,0.0,0.0,0.0,0.0
EXO,183412071,,,,,,,,,,,SAFE,-5.257,0.488,0.999,0.745,-0.015,-0.0,0.0,0.0,0.001,0.0,0.0,0.0,0.0,0.0,0.0
EXO,183512071,,,,,,,,,,,SAFE,-5.273,0.366,1.003,0.745,0.03,-0.0,0.0,0.0,0.0,0.0,0.0,0.0,0.0,0.0,0.0
EXO,183612071,,,,,,,,,,,SAFE,-5.273,-0.244,1.004,0.745,0.044,-0.0,0.0,0.0,0.011,0.0,0.0,0.0,0.0,0.0,0.0
EXO,183712071,,,,,,,,,,,SAFE,-5.257,0.0,1.006,0.745,0.052,-0.0,0.0,0.0,-0.013,0.0,0.0,0.0,0.0,0.0,0.0
EXO,183812071,,,,,,,,,,,SAFE,-5.268,0.183,1.004,0.745,-0.037,-0.0,0.0,0.0,0.009,0.0,0.0,0.0,0.0,0.0,0.0
EXO,183912071,,,,,,,,,,,SAFE,-5.268,-0.366,1.006,0.745,-0.001,-0.0,0.0,0.0,-0.014,0.0,0.0,0.0,0.0,0.0,0.0
EXO,184012071,,,,,,,,,,,SAFE,-5.273,-0.305,1.007,0.745,0.041,-0.0,0.0,0.0,-0.016,0.0,0.0,0.0,0.0,0.0,0.0
EXO,184112071,,,,,,,,,,,SAFE,-5.257,-1.16,0.999,0.745,-0.045,-0.0,0.0,0.0,0.01,0.0,0.0,0.0,0.0,0.0,0.0
EXO,184212071,,,,,,,,,,,SAFE,-5.229,-0.732,1.001,0.745,-0.13,-0.0,0.0,0.0,0.004,0.0,0.0,0.0,0.0,0.0,0.0
EXO,184312071,,,,,,,,,,,SAFE,-5.279,-0.244,1.001,0.745,0.103,-0.0,0.0,0.0,0.005,0.0,0.0,0.0,0.0,0.0,0.0
EXO,184412071,,,,,,,,,,,SAFE,-5.279,-0.916,1.003,0.745,0.026,-0.0,0.0,0.0,0.008,0.0,0.0,0.0,0.0,0.0,0.0
EXO,184512071,,,,,,,,,,,SAFE,-5.251,-0.549,1.0,0.745,0.058,-0.0,0.0,0.0,0.002,0.0,0.0,0.0,0.0,0.0,0.0
EXO,184612071,,,,,,,,,,,SAFE,-5.251,-1.221,1.002,0.745,-0.009,-0.0,0.0,0.0,-0.004,0.0,0.0,0.0,0.0,0.0,0.0
EXO,184712071,,,,,,,,,,,SAFE,-5.251,-0.061,0.994,0.745,0.104,-0.0,0.0,0.0,0.01,0.0,0.0,0.0,0.0,0.0,0.0
EXO,184812071,,,,,,,,,,,SAFE,-5.197,1.038,0.986,0.745,0.073,-0.0,0.0,0.0,0.014,0.0,0.0,0.0,0.0,0.0,0.0
EXO,184912071,,,,,,,,,,,SAFE,-5.24,0.0,0.993,0.745,0.006,-0.0,0.0,0.0,0.009,0.0,0.0,0.0,0.0,0.0,0.0
EXO,185012071,,,,,,,,,,,SAFE,-5.257,0.549,0.995,0.745,-0.034,-0.0,0.0,0.0,0.013,0.0,0.0,0.0,0.0,0.0,0.0
EXO,185112071,,,,,,,,,,,SAFE,-5.24,-0.366,1.0,0.745,-0.147,-0.0,0.0,0.0,0.001,0.0,0.0,0.0,0.0,0.0,0.0
EXO,185212071,,,,,,,,,,,SAFE,-5.24,0.61,0.997,0.745,-0.023,-0.0,0.0,0.0,-0.003,0.0,0.0,0.0,0.0,0.0,0.0
EXO,185312071,,,,,,,,,,,SAFE,-5.235,1.465,0.992,0.745,0.009,-0.0,0.0,0.0,0.004,0.0,0.0,0.0,0.0,0.0,0.0
EXO,185412071,,,,,,,,,,,SAFE,-5.268,0.549,1.003,0.745,-0.045,-0.0,0.0,0.0,0.005,0.0,0.0,0.0,0.0,0.0,0.0
EXO,185512071,,,,,,,,,,,SAFE,-5.246,0.183,1.0,0.745,0.072,-0.0,0.0,0.0,-0.015,0.0,0.0,0.0,0.0,0.0,0.0
EXO,185612071,,,,,,,,,,,SAFE,-5.246,0.244,1.003,0.745,0.038,-0.0,0.0,0.0,-0.003,0.0,0.0,0.0,0.0,0.0,0.0
EXO,185712071,,,,,,,,,,,SAFE,-5.268,0.732,1.005,0.745,0.019,-0.0,0.0,0.0,0.003,0.0,0.0,0.0,0.0,0.0,0.0
EXO,185812071,,,,,,,,,,,SAFE,-5.273,-0.183,1.006,0.745,0.022,-0.0,0.0,0.0,0.002,0.0,0.0,0.0,0.0,0.0,0.0
EXO,185912071,,,,,,,,,,,SAFE,-5.262,0.0,1.012,0.745,-0.056,-0.0,0.0,0.0,0.006,0.0,0.0,0.0,0.0,0.0,0.0
EXO,186012071,,,,,,,,,,,SAFE,-5.262,-1.038,1.009,0.745,-0.046,-0.0,0.0,0.0,-0.002,0.0,0.0,0.0,0.0,0.0,0.0
EXO,186112071,,,,,,,,,,,SAFE,-5.268,-1.221,1.005,0.745,0.001,-0.0,0.0,0.0,-0.014,0.0,0.0,0.0,0.0,0.0,0.0
EXO,186212071,,,,,,,,,,,SAFE,-5.246,-1.16,1.0,0.745,0.001,-0.0,0.0,0.0,0.003,0.0,0.0,0.0,0.0,0.0,0.0
EXO,186312071,,,,,,,,,,,SAFE,-5.24,-0.61,0.998,0.745,0.007,-0.0,0.0,0.0,-0.012,0.0,0.0,0.0,0.0,0.0,0.0
EXO,186412071,,,,,,,,,,,SAFE,-5.257,-0.061,0.995,0.745,-0.088,-0.0,0.0,0.0,0.009,0.0,0.0,0.0,0.0,0.0,0.0
EXO,186512071,,,,,,,,,,,SAFE,-5.284,-0.183,0.995,0.745,-0.007,-0.0,0.0,0.0,0.001,0.0,0.0,0.0,0.0,0.0,0.0
EXO,186612071,,,,,,,,,,,SAFE,-5.251,-1.099,0.996,0.745,0.018,-0.0,0.0,0.0,-0.0,0.0,0.0,0.0,0.0,0.0,0.0
EXO,186712071,,,,,,,,,,,SAFE,-5.235,1.221,0.99,0.745,-0.06,-0.0,0.0,0.0,-0.0,0.0,0.0,0.0,0.0,0.0,0.0
EXO,186812071,,,,,,,,,,,SAFE,-5.257,1.648,0.994,0.745,-0.04,-0.0,0.0,0.0,0.005,0.0,0.0,0.0,0.0,0.0,0.0
EXO,186912071,,,,,,,,,,,SAFE,-5.246,-0.305,1.004,0.745,-0.048,-0.0,0.0,0.0,0.013,0.0,0.0,0.0,0.0,0.0,0.0
EXO,187012071,,,,,,,,,,,SAFE,-5.246,0.122,1.01,0.745,-0.089,-0.0,0.0,0.0,0.004,0.0,0.0,0.0,0.0,0.0,0.0
EXO,187112071,,,,,,,,,,,SAFE,-5.208,0.122,0.996,0.745,-0.126,-0.0,0.0,0.0,-0.016,0.0,0.0,0.0,0.0,0.0,0.0
EXO,187212071,,,,,,,,,,,SAFE,-5.202,1.282,0.994,0.745,0.046,-0.0,0.0,0.0,-0.014,0.0,0.0,0.0,0.0,0.0,0.0
EXO,187312071,,,,,,,,,,,SAFE,-5.219,-1.953,0.994,0.745,-0.073,-0.0,0.0,0.0,-0.015,0.0,0.0,0.0,0.0,0.0,0.0
EXO,187412071,,,,,,,,,,,SAFE,-5.24,1.099,1.005,0.745,-0.001,-0.0,0.0,0.0,-0.013,0.0,0.0,0.0,0.0,0.0,0.0
EXO,187512071,,,,,,,,,,,SAFE,-5.213,1.465,1.001,0.745,-0.073,-0.0,0.0,0.0,0.001,0.0,0.0,0.0,0.0,0.0,0.0
EXO,187612071,,,,,,,,,,,SAFE,-5.191,0.122,0.99,0.745,0.064,-0.0,0.0,0.0,0.012,0.0,0.0,0.0,0.0,0.0,0.0
EXO,187712071,,,,,,,,,,,SAFE,-5.087,-1.221,1.005,0.745,0.022,-0.0,0.0,0.0,-0.005,0.0,0.0,0.0,0.0,0.0,0.0
EXO,187812071,,,,,,,,,,,SAFE,-5.125,0.061,1.006,0.745,0.138,-0.0,0.0,0.0,0.002,0.0,0.0,0.0,0.0,0.0,0.0
EXO,187912071,,,,,,,,,,,SAFE,-5.103,0.977,0.989,0.745,-0.029,-0.0,0.0,0.0,-0.0,0.0,0.0,0.0,0.0,0.0,0.0
EXO,188012071,,,,,,,,,,,SAFE,-5.07,0.977,1.0,0.745,-0.034,-0.0,0.0,0.0,-0.008,0.0,0.0,0.0,0.0,0.0,0.0
EXO,188112071,,,,,,,,,,,SAFE,-5.114,-1.038,1.012,0.745,0.01,-0.0,0.0,0.0,-0.008,0.0,0.0,0.0,0.0,0.0,0.0
EXO,188212071,,,,,,,,,,,SAFE,-5.043,-1.892,0.997,0.745,-0.006,-0.0,0.0,0.0,0.003,0.0,0.0,0.0,0.0,0.0,0.0
EXO,188312071,,,,,,,,,,,SAFE,-4.999,1.038,0.981,0.745,-0.13,-0.0,0.0,0.0,-0.011,0.0,0.0,0.0,0.0,0.0,0.0
EXO,188412071,,,,,,,,,,,SAFE,-5.059,0.977,0.995,0.745,-0.075,-0.0,0.0,0.0,0.012,0.0,0.0,0.0,0.0,0.0,0.0
EXO,188512071,,,,,,,,,,,SAFE,-5.081,1.526,1.009,0.745,0.073,-0.0,0.0,0.0,0.001,0.0,0.0,0.0,0.0,0.0,0.0
EXO,188612071,,,,,,,,,,,SAFE,-4.812,-0.244,1.012,0.745,-0.077,-0.0,0.0,0.0,-0.009,0.0,0.0,0.0,0.0,0.0,0.0
EXO,188712071,,,,,,,,,,,SAFE,-4.697,-0.427,0.989,0.745,-0.057,-0.0,0.0,0.0,0.005,0.0,0.0,0.0,0.0,0.0,0.0
EXO,188812071,,,,,,,,,,,SAFE,-4.73,1.343,0.982,0.745,0.018,-0.0,0.0,0.0,0.008,0.0,0.0,0.0,0.0,0.0,0.0
EXO,188912071,,,,,,,,,,,SAFE,-4.664,4.028,1.01,0.745,0.045,-0.0,0.0,0.0,-0.001,0.0,0.0,0.0,0.0,0.0,0.0
EXO,189012071,,,,,,,,,,,SAFE,-4.422,6.104,1.055,0.745,-0.001,-0.0,0.0,0.0,-0.002,0.0,0.0,0.0,0.0,0.0,0.0
EXO,189112071,,,,,,,,,,,SAFE,-3.417,5.31,0.959,0.745,0.083,-0.0,0.0,0.0,0.008,0.0,0.0,0.0,0.0,0.0,0.0
EXO,189212071,,,,,,,,,,,SAFE,-3.735,-4.639,0.968,0.745,-0.001,-0.0,0.0,0.0,0.008,0.0,0.0,0.0,0.0,0.0,0.0
EXO,189312071,,,,,,,,,,,SAFE,-4.318,-12.207,1.018,0.745,-0.056,-0.0,0.0,0.0,0.0,0.0,0.0,0.0,0.0,0.0,0.0
EXO,189412071,,,,,,,,,,,SAFE,-5.455,-10.193,1.028,0.745,0.023,-0.0,0.0,0.0,-0.01,0.0,0.0,0.0,0.0,0.0,0.0
EXO,189512071,,,,,,,,,,,SAFE,-5.609,4.028,0.97,0.745,0.181,-0.0,0.0,0.0,0.012,0.0,0.0,0.0,0.0,0.0,0.0
EXO,189612071,,,,,,,,,,,SAFE,-5.966,-2.258,1.006,0.745,0.04,-0.0,0.0,0.0,-0.012,0.0,0.0,0.0,0.0,0.0,0.0
EXO,189712071,,,,,,,,,,,SAFE,-5.663,3.784,0.996,0.745,0.013,-0.0,0.0,0.0,-0.008,0.0,0.0,0.0,0.0,0.0,0.0
EXO,189812071,,,,,,,,,,,SAFE,-5.911,-1.038,1.014,0.745,-0.04,-0.0,0.0,0.0,0.003,0.0,0.0,0.0,0.0,0.0,0.0
EXO,189912071,,,,,,,,,,,SAFE,-5.867,0.61,0.968,0.745,-0.08,-0.0,0.0,0.0,-0.001,0.0,0.0,0.0,0.0,0.0,0.0
EXO,190012071,,,,,,,,,,,SAFE,-5.96,0.916,0.999,0.745,0.044,-0.0,0.0,0.0,0.008,0.0,0.0,0.0,0.0,0.0,0.0
EXO,190112071,,,,,,,,,,,SAFE,-5.894,1.221,0.992,0.745,0.006,-0.0,0.0,0.0,0.006,0.0,0.0,0.0,0.0,0.0,0.0
EXO,190212071,,,,,,,,,,,SAFE,-6.207,-2.808,1.005,0.745,0.006,-0.0,0.0,0.0,-0.005,0.0,0.0,0.0,0.0,0.0,0.0
EXO,190312071,,,,,,,,,,,SAFE,-6.515,-3.54,1.017,0.745,-0.075,-0.0,0.0,0.0,-0.008,0.0,0.0,0.0,0.0,0.0,0.0
EXO,190412071,,,,,,,,,,,SAFE,-6.553,0.732,0.974,0.745,-0.179,-0.0,0.0,0.0,-0.005,0.0,0.0,0.0,0.0,0.0,0.0
EXO,190512071,,,,,,,,,,,SAFE,-7.048,-6.104,0.979,0.745,0.033,-0.0,0.0,0.0,-0.013,0.0,0.0,0.0,0.0,0.0,0.0
EXO,190612071,,,,,,,,,,,SAFE,-7.685,-10.315,1.072,0.745,0.048,-0.0,0.0,0.0,0.004,0.0,0.0,0.0,0.0,0.0,0.0
EXO,190712071,,,,,,,,,,,SAFE,-7.234,3.174,1.007,0.745,-0.053,-0.0,0.0,0.0,-0.007,0.0,0.0,0.0,0.0,0.0,0.0
EXO,190812071,,,,,,,,,,,SAFE,-7.245,-0.305,0.968,0.745,-0.001,-0.0,0.0,0.0,-0.002,0.0,0.0,0.0,0.0,0.0,0.0
EXO,190912071,,,,,,,,,,,SAFE,-7.13,-3.723,0.994,0.745,-0.065,-0.0,0.0,0.0,0.005,0.0,0.0,0.0,0.0,0.0,0.0
EXO,191012071,,,,,,,,,,,SAFE,-7.07,5.249,1.039,0.745,-0.01,-0.0,0.0,0.0,-0.015,0.0,0.0,0.0,0.0,0.0,0.0
EXO,191112071,,,,,,,,,,,SAFE,-6.817,4.761,1.003,0.745,-0.04,-0.0,0.0,0.0,0.004,0.0,0.0,0.0,0.0,0.0,0.0
EXO,191212071,,,,,,,,,,,SAFE,-6.405,1.953,0.985,0.745,0.022,-0.0,0.0,0.0,0.013,0.0,0.0,0.0,0.0,0.0,0.0
EXO,191312071,,,,,,,,,,,SAFE,-6.284,1.038,1.002,0.745,-0.072,-0.0,0.0,0.0,0.017,0.0,0.0,0.0,0.0,0.0,0.0
EXO,191412071,,,,,,,,,,,SAFE,-6.251,2.075,0.998,0.745,-0.068,-0.0,0.0,0.0,-0.013,0.0,0.0,0.0,0.0,0.0,0.0
EXO,191512071,,,,,,,,,,,SAFE,-6.328,-2.991,1.01,0.745,0.028,-0.0,0.0,0.0,0.014,0.0,0.0,0.0,0.0,0.0,0.0
EXO,191612071,,,,,,,,,,,SAFE,-6.262,-1.099,0.991,0.745,0.053,-0.0,0.0,0.0,-0.012,0.0,0.0,0.0,0.0,0.0,0.0
EXO,191712071,,,,,,,,,,,SAFE,-6.053,-0.977,0.986,0.745,0.169,-0.0,0.0,0.0,0.009,0.0,0.0,0.0,0.0,0.0,0.0
EXO,191812071,,,,,,,,,,,SAFE,-6.075,3.113,1.012,0.745,-0.073,-0.0,0.0,0.0,-0.014,0.0,0.0,0.0,0.0,0.0,0.0
EXO,191912071,,,,,,,,,,,SAFE,-6.169,-2.991,0.988,0.745,0.072,-0.0,0.0,0.0,0.002,0.0,0.0,0.0,0.0,0.0,0.0
EXO,192012071,,,,,,,,,,,SAFE,-6.18,2.136,1.004,0.745,0.093,-0.0,0.0,0.0,0.009,0.0,0.0,0.0,0.0,0.0,0.0
EXO,192112071,,,,,,,,,,,SAFE,-6.026,2.991,1.02,0.745,0.058,-0.0,0.0,0.0,-0.003,0.0,0.0,0.0,0.0,0.0,0.0
EXO,192212071,,,,,,,,,,,SAFE,-5.861,-0.61,0.995,0.745,0.011,-0.0,0.0,0.0,-0.002,0.0,0.0,0.0,0.0,0.0,0.0
EXO,192312071,,,,,,,,,,,SAFE,-5.559,5.066,0.99,0.745,-0.049,-0.0,0.0,0.0,-0.002,0.0,0.0,0.0,0.0,0.0,0.0
EXO,192412071,,,,,,,,,,,SAFE,-5.477,4.7,1.015,0.745,-0.123,-0.0,0.0,0.0,0.001,0.0,0.0,0.0,0.0,0.0,0.0
EXO,192512071,,,,,,,,,,,SAFE,-5.46,-0.061,1.024,0.745,-0.002,-0.0,0.0,0.0,-0.004,0.0,0.0,0.0,0.0,0.0,0.0
EXO,192612071,,,,,,,,,,,SAFE,-5.609,-2.563,1.004,0.745,-0.04,-0.0,0.0,0.0,-0.002,0.0,0.0,0.0,0.0,0.0,0.0
EXO,192712071,,,,,,,,,,,SAFE,-5.691,1.16,0.972,0.745,0.08,-0.0,0.0,0.0,-0.005,0.0,0.0,0.0,0.0,0.0,0.0
EXO,192812071,,,,,,,,,,,SAFE,-5.504,5.188,0.995,0.745,-0.005,-0.0,0.0,0.0,0.01,0.0,0.0,0.0,0.0,0.0,0.0
EXO,192912071,,,,,,,,,,,SAFE,-5.62,0.732,1.015,0.745,-0.049,-0.0,0.0,0.0,-0.018,0.0,0.0,0.0,0.0,0.0,0.0
EXO,193012071,,,,,,,,,,,SAFE,-5.504,0.427,1.001,0.745,-0.16,-0.0,0.0,0.0,-0.006,0.0,0.0,0.0,0.0,0.0,0.0
EXO,193112071,,,,,,,,,,,SAFE,-5.268,0.0,1.0,0.745,0.107,-0.0,0.0,0.0,-0.01,0.0,0.0,0.0,0.0,0.0,0.0
EXO,193212071,,,,,,,,,,,SAFE,-5.092,0.0,1.005,0.745,0.139,-0.0,0.0,0.0,-0.026,0.0,0.0,0.0,0.0,0.0,0.0
EXO,193312071,,,,,,,,,,,SAFE,-4.949,2.808,1.017,0.745,0.089,-0.0,0.0,0.0,0.001,0.0,0.0,0.0,0.0,0.0,0.0
EXO,193412071,,,,,,,,,,,SAFE,-4.949,0.427,1.004,0.745,-0.123,-0.0,0.0,0.0,-0.004,0.0,0.0,0.0,0.0,0.0,0.0
EXO,193512071,,,,,,,,,,,SAFE,-4.867,-1.953,0.992,0.745,-0.036,-0.0,0.0,0.0,0.015,0.0,0.0,0.0,0.0,0.0,0.0
EXO,193612071,,,,,,,,,,,SAFE,-4.955,1.892,0.986,0.745,0.01,-0.0,0.0,0.0,-0.003,0.0,0.0,0.0,0.0,0.0,0.0
EXO,193712071,,,,,,,,,,,SAFE,-4.927,0.854,0.991,0.745,-0.06,-0.0,0.0,0.0,-0.008,0.0,0.0,0.0,0.0,0.0,0.0
EXO,193812071,,,,,,,,,,,SAFE,-5.197,-2.991,0.996,0.745,-0.041,-0.0,0.0,0.0,0.0,0.0,0.0,0.0,0.0,0.0,0.0
EXO,193912071,,,,,,,,,,,SAFE,-5.169,-0.488,0.981,0.745,0.097,-0.0,0.0,0.0,-0.002,0.0,0.0,0.0,0.0,0.0,0.0
EXO,194012071,,,,,,,,,,,SAFE,-5.295,0.732,0.997,0.746,-0.01,-0.0,0.0,0.0,0.009,0.0,0.0,0.0,0.0,0.0,0.0
EXO,194112071,,,,,,,,,,,SAFE,-5.416,-3.54,1.007,0.745,-0.087,-0.0,0.0,0.0,-0.007,0.0,0.0,0.0,0.0,0.0,0.0
EXO,194212078,,,,,,,,,,,SAFE,-5.416,-3.54,1.007,0.745,-0.122,-0.0,0.0,0.0,0.009,0.0,0.0,0.0,0.0,0.0,0.0
EXO,194312067,,,,,,,,,,,SAFE,-5.466,-1.648,1.148,0.745,-0.122,-0.0,0.0,0.0,0.009,0.0,0.0,0.0,0.0,0.0,0.0
EXO,194412067,,,,,,,,,,,SAFE,-5.466,-1.648,1.148,0.745,-0.122,-0.0,0.0,0.0,0.009,0.0,0.0,0.0,0.0,0.0,0.0
EXO,194512067,,,,,,,,,,,SAFE,-5.466,-1.648,1.148,0.745,-0.122,-0.0,0.0,0.0,0.009,0.0,0.0,0.0,0.0,0.0,0.0
EXO,194612067,,,,,,,,,,,SAFE,-5.466,-1.648,1.148,0.745,-0.122,-0.0,0.0,0.0,0.009,0.0,0.0,0.0,0.0,0.0,0.0
EXO,194712067,,,,,,,,,,,SAFE,-5.466,-1.648,1.148,0.745,-0.122,-0.0,0.0,0.0,0.009,0.0,0.0,0.0,0.0,0.0,0.0
EXO,194812067,,,,,,,,,,,SAFE,-5.466,-1.648,1.148,0.745,-0.122,-0.0,0.0,0.0,0.009,0.0,0.0,0.0,0.0,0.0,0.0
EXO,194912067,,,,,,,,,,,SAFE,-5.466,-1.648,1.148,0.745,-0.122,-0.0,0.0,0.0,0.009,0.0,0.0,0.0,0.0,0.0,0.0
EXO,195012067,,,,,,,,,,,SAFE,-5.466,-1.648,1.148,0.745,-0.122,-0.0,0.0,0.0,0.009,0.0,0.0,0.0,0.0,0.0,0.0
EXO,195112067,,,,,,,,,,,SAFE,-5.466,-1.648,1.148,0.745,-0.122,-0.0,0.0,0.0,0.009,0.0,0.0,0.0,0.0,0.0,0.0
EXO,195212067,,,,,,,,,,,SAFE,-5.466,-1.648,1.148,0.745,-0.122,-0.0,0.0,0.0,0.009,0.0,0.0,0.0,0.0,0.0,0.0
EXO,195312067,,,,,,,,,,,SAFE,-5.466,-1.648,1.148,0.745,-0.122,-0.0,0.0,0.0,0.009,0.0,0.0,0.0,0.0,0.0,0.0
EXO,195412068,,,,,,,,,,,SAFE,-5.466,-1.648,1.148,0.745,-0.122,-0.0,0.0,0.0,0.009,0.0,0.0,0.0,0.0,0.0,0.0
EXO,195512067,,,,,,,,,,,SAFE,-5.466,-1.648,1.148,0.745,-0.122,-0.0,0.0,0.0,0.009,0.0,0.0,0.0,0.0,0.0,0.0
EXO,195612067,,,,,,,,,,,SAFE,-5.466,-1.648,1.148,0.745,-0.122,-0.0,0.0,0.0,0.009,0.0,0.0,0.0,0.0,0.0,0.0
EXO,195712067,,,,,,,,,,,SAFE,-5.466,-1.648,1.148,0.745,-0.122,-0.0,0.0,0.0,0.009,0.0,0.0,0.0,0.0,0.0,0.0
EXO,195812067,,,,,,,,,,,SAFE,-5.466,-1.648,1.148,0.745,-0.122,-0.0,0.0,0.0,0.009,0.0,0.0,0.0,0.0,0.0,0.0
EXO,195912068,,,,,,,,,,,SAFE,-5.466,-1.648,1.148,0.745,-0.122,-0.0,0.0,0.0,0.009,0.0,0.0,0.0,0.0,0.0,0.0
EXO,196012067,,,,,,,,,,,SAFE,-5.466,-1.648,1.148,0.745,-0.122,-0.0,0.0,0.0,0.009,0.0,0.0,0.0,0.0,0.0,0.0
EXO,196112067,,,,,,,,,,,SAFE,-5.466,-1.648,1.148,0.745,-0.122,-0.0,0.0,0.0,0.009,0.0,0.0,0.0,0.0,0.0,0.0
EXO,196212067,,,,,,,,,,,SAFE,-5.466,-1.648,1.148,0.745,-0.122,-0.0,0.0,0.0,0.009,0.0,0.0,0.0,0.0,0.0,0.0
EXO,196312067,,,,,,,,,,,SAFE,-5.466,-1.648,1.148,0.745,-0.122,-0.0,0.0,0.0,0.009,0.0,0.0,0.0,0.0,0.0,0.0
EXO,196412068,,,,,,,,,,,SAFE,-5.466,-1.648,1.148,0.745,-0.122,-0.0,0.0,0.0,0.009,0.0,0.0,0.0,0.0,0.0,0.0
EXO,196512067,,,,,,,,,,,SAFE,-5.466,-1.648,1.148,0.745,-0.122,-0.0,0.0,0.0,0.009,0.0,0.0,0.0,0.0,0.0,0.0
EXO,196612067,,,,,,,,,,,SAFE,-5.466,-1.648,1.148,0.745,-0.122,-0.0,0.0,0.0,0.009,0.0,0.0,0.0,0.0,0.0,0.0
EXO,196712067,,,,,,,,,,,SAFE,-5.466,-1.648,1.148,0.745,-0.122,-0.0,0.0,0.0,0.009,0.0,0.0,0.0,0.0,0.0,0.0
EXO,196812067,,,,,,,,,,,SAFE,-5.466,-1.648,1.148,0.745,-0.122,-0.0,0.0,0.0,0.009,0.0,0.0,0.0,0.0,0.0,0.0
EXO,196912068,,,,,,,,,,,SAFE,-5.466,-1.648,1.148,0.745,-0.122,-0.0,0.0,0.0,0.009,0.0,0.0,0.0,0.0,0.0,0.0
EXO,197012067,,,,,,,,,,,SAFE,-5.466,-1.648,1.148,0.745,-0.122,-0.0,0.0,0.0,0.009,0.0,0.0,0.0,0.0,0.0,0.0
EXO,197112067,,,,,,,,,,,SAFE,-5.466,-1.648,1.148,0.745,-0.122,-0.0,0.0,0.0,0.009,0.0,0.0,0.0,0.0,0.0,0.0
EXO,197212067,,,,,,,,,,,SAFE,-5.466,-1.648,1.148,0.745,-0.122,-0.0,0.0,0.0,0.009,0.0,0.0,0.0,0.0,0.0,0.0
EXO,197312067,,,,,,,,,,,SAFE,-5.466,-1.648,1.148,0.745,-0.122,-0.0,0.0,0.0,0.009,0.0,0.0,0.0,0.0,0.0,0.0
EXO,197412068,,,,,,,,,,,SAFE,-5.466,-1.648,1.148,0.745,-0.122,-0.0,0.0,0.0,0.009,0.0,0.0,0.0,0.0,0.0,0.0
EXO,197512067,,,,,,,,,,,SAFE,-5.466,-1.648,1.148,0.745,-0.122,-0.0,0.0,0.0,0.009,0.0,0.0,0.0,0.0,0.0,0.0
EXO,197612067,,,,,,,,,,,SAFE,-5.466,-1.648,1.148,0.745,-0.122,-0.0,0.0,0.0,0.009,0.0,0.0,0.0,0.0,0.0,0.0
EXO,197712067,,,,,,,,,,,SAFE,-5.466,-1.648,1.148,0.745,-0.122,-0.0,0.0,0.0,0.009,0.0,0.0,0.0,0.0,0.0,0.0
EXO,197812067,,,,,,,,,,,SAFE,-5.466,-1.648,1.148,0.745,-0.122,-0.0,0.0,0.0,0.009,0.0,0.0,0.0,0.0,0.0,0.0
EXO,197912068,,,,,,,,,,,SAFE,-5.466,-1.648,1.148,0.745,-0.122,-0.0,0.0,0.0,0.009,0.0,0.0,0.0,0.0,0.0,0.0
EXO,198012067,,,,,,,,,,,SAFE,-5.466,-1.648,1.148,0.745,-0.122,-0.0,0.0,0.0,0.009,0.0,0.0,0.0,0.0,0.0,0.0
EXO,198112067,,,,,,,,,,,SAFE,-5.466,-1.648,1.148,0.745,-0.122,-0.0,0.0,0.0,0.009,0.0,0.0,0.0,0.0,0.0,0.0
EXO,198212067,,,,,,,,,,,SAFE,-5.466,-1.648,1.148,0.745,-0.122,-0.0,0.0,0.0,0.009,0.0,0.0,0.0,0.0,0.0,0.0
EXO,198312067,,,,,,,,,,,SAFE,-5.466,-1.648,1.148,0.745,-0.122,-0.0,0.0,0.0,0.009,0.0,0.0,0.0,0.0,0.0,0.0
EXO,198412068,,,,,,,,,,,SAFE,-5.466,-1.648,1.148,0.745,-0.122,-0.0,0.0,0.0,0.009,0.0,0.0,0.0,0.0,0.0,0.0
EXO,198512067,,,,,,,,,,,SAFE,-5.466,-1.648,1.148,0.745,-0.122,-0.0,0.0,0.0,0.009,0.0,0.0,0.0,0.0,0.0,0.0
EXO,198612067,,,,,,,,,,,SAFE,-5.466,-1.648,1.148,0.745,-0.122,-0.0,0.0,0.0,0.009,0.0,0.0,0.0,0.0,0.0,0.0
EXO,198712067,,,,,,,,,,,SAFE,-5.466,-1.648,1.148,0.745,-0.122,-0.0,0.0,0.0,0.009,0.0,0.0,0.0,0.0,0.0,0.0
EXO,198812067,,,,,,,,,,,SAFE,-5.466,-1.648,1.148,0.745,-0.122,-0.0,0.0,0.0,0.009,0.0,0.0,0.0,0.0,0.0,0.0
EXO,198912068,,,,,,,,,,,SAFE,-5.466,-1.648,1.148,0.745,-0.122,-0.0,0.0,0.0,0.009,0.0,0.0,0.0,0.0,0.0,0.0
EXO,199012067,,,,,,,,,,,SAFE,-5.466,-1.648,1.148,0.745,-0.122,-0.0,0.0,0.0,0.009,0.0,0.0,0.0,0.0,0.0,0.0
EXO,199112067,,,,,,,,,,,SAFE,-5.466,-1.648,1.148,0.745,-0.122,-0.0,0.0,0.0,0.009,0.0,0.0,0.0,0.0,0.0,0.0
EXO,199212067,,,,,,,,,,,SAFE,-5.466,-1.648,1.148,0.745,-0.122,-0.0,0.0,0.0,0.009,0.0,0.0,0.0,0.0,0.0,0.0
EXO,199312067,,,,,,,,,,,SAFE,-5.466,-1.648,1.148,0.745,-0.122,-0.0,0.0,0.0,0.009,0.0,0.0,0.0,0.0,0.0,0.0
EXO,199412068,,,,,,,,,,,SAFE,-5.466,-1.648,1.148,0.745,-0.122,-0.0,0.0,0.0,0.009,0.0,0.0,0.0,0.0,0.0,0.0
EXO,199512067,,,,,,,,,,,SAFE,-5.466,-1.648,1.148,0.745,-0.122,-0.0,0.0,0.0,0.009,0.0,0.0,0.0,0.0,0.0,0.0
EXO,199612067,,,,,,,,,,,SAFE,-5.466,-1.648,1.148,0.745,-0.122,-0.0,0.0,0.0,0.009,0.0,0.0,0.0,0.0,0.0,0.0
EXO,199712067,,,,,,,,,,,SAFE,-5.466,-1.648,1.148,0.745,-0.122,-0.0,0.0,0.0,0.009,0.0,0.0,0.0,0.0,0.0,0.0
EXO,199812067,,,,,,,,,,,SAFE,-5.466,-1.648,1.148,0.745,-0.122,-0.0,0.0,0.0,0.009,0.0,0.0,0.0,0.0,0.0,0.0
EXO,199912068,,,,,,,,,,,SAFE,-5.466,-1.648,1.148,0.745,-0.122,-0.0,0.0,0.0,0.009,0.0,0.0,0.0,0.0,0.0,0.0
EXO,200012067,,,,,,,,,,,SAFE,-5.466,-1.648,1.148,0.745,-0.122,-0.0,0.0,0.0,0.009,0.0,0.0,0.0,0.0,0.0,0.0
EXO,200112067,,,,,,,,,,,SAFE,-5.466,-1.648,1.148,0.745,-0.122,-0.0,0.0,0.0,0.009,0.0,0.0,0.0,0.0,0.0,0.0
EXO,200212067,,,,,,,,,,,SAFE,-5.466,-1.648,1.148,0.745,-0.122,-0.0,0.0,0.0,0.009,0.0,0.0,0.0,0.0,0.0,0.0
EXO,200312067,,,,,,,,,,,SAFE,-5.466,-1.648,1.148,0.745,-0.122,-0.0,0.0,0.0,0.009,0.0,0.0,0.0,0.0,0.0,0.0
EXO,200412068,,,,,,,,,,,SAFE,-5.466,-1.648,1.148,0.745,-0.122,-0.0,0.0,0.0,0.009,0.0,0.0,0.0,0.0,0.0,0.0
EXO,200512067,,,,,,,,,,,SAFE,-5.466,-1.648,1.148,0.745,-0.122,-0.0,0.0,0.0,0.009,0.0,0.0,0.0,0.0,0.0,0.0
EXO,200612067,,,,,,,,,,,SAFE,-5.466,-1.648,1.148,0.745,-0.122,-0.0,0.0,0.0,0.009,0.0,0.0,0.0,0.0,0.0,0.0
EXO,200712067,,,,,,,,,,,SAFE,-5.466,-1.648,1.148,0.745,-0.122,-0.0,0.0,0.0,0.009,0.0,0.0,0.0,0.0,0.0,0.0
EXO,200812067,,,,,,,,,,,SAFE,-5.466,-1.648,1.148,0.745,-0.122,-0.0,0.0,0.0,0.009,0.0,0.0,0.0,0.0,0.0,0.0
EXO,200912068,,,,,,,,,,,SAFE,-5.466,-1.648,1.148,0.745,-0.122,-0.0,0.0,0.0,0.009,0.0,0.0,0.0,0.0,0.0,0.0
EXO,201012067,,,,,,,,,,,SAFE,-5.466,-1.648,1.148,0.745,-0.122,-0.0,0.0,0.0,0.009,0.0,0.0,0.0,0.0,0.0,0.0
EXO,201112067,,,,,,,,,,,SAFE,-5.466,-1.648,1.148,0.745,-0.122,-0.0,0.0,0.0,0.009,0.0,0.0,0.0,0.0,0.0,0.0
EXO,201212067,,,,,,,,,,,SAFE,-5.466,-1.648,1.148,0.745,-0.122,-0.0,0.0,0.0,0.009,0.0,0.0,0.0,0.0,0.0,0.0
EXO,201312067,,,,,,,,,,,SAFE,-5.466,-1.648,1.148,0.745,-0.122,-0.0,0.0,0.0,0.009,0.0,0.0,0.0,0.0,0.0,0.0
EXO,201412068,,,,,,,,,,,SAFE,-5.466,-1.648,1.148,0.745,-0.122,-0.0,0.0,0.0,0.009,0.0,0.0,0.0,0.0,0.0,0.0
EXO,201512067,,,,,,,,,,,SAFE,-5.466,-1.648,1.148,0.745,-0.122,-0.0,0.0,0.0,0.009,0.0,0.0,0.0,0.0,0.0,0.0
EXO,201612067,,,,,,,,,,,SAFE,-5.466,-1.648,1.148,0.745,-0.122,-0.0,0.0,0.0,0.009,0.0,0.0,0.0,0.0,0.0,0.0
EXO,201712067,,,,,,,,,,,SAFE,-5.466,-1.648,1.148,0.745,-0.122,-0.0,0.0,0.0,0.009,0.0,0.0,0.0,0.0,0.0,0.0
EXO,201812067,,,,,,,,,,,SAFE,-5.466,-1.648,1.148,0.745,-0.122,-0.0,0.0,0.0,0.009,0.0,0.0,0.0,0.0,0.0,0.0
EXO,201912068,,,,,,,,,,,SAFE,-5.466,-1.648,1.148,0.745,-0.122,-0.0,0.0,0.0,0.009,0.0,0.0,0.0,0.0,0.0,0.0
EXO,202012067,,,,,,,,,,,SAFE,-5.466,-1.648,1.148,0.745,-0.122,-0.0,0.0,0.0,0.009,0.0,0.0,0.0,0.0,0.0,0.0
EXO,202112067,,,,,,,,,,,SAFE,-5.466,-1.648,1.148,0.745,-0.122,-0.0,0.0,0.0,0.009,0.0,0.0,0.0,0.0,0.0,0.0
EXO,202212067,,,,,,,,,,,SAFE,-5.466,-1.648,1.148,0.745,-0.122,-0.0,0.0,0.0,0.009,0.0,0.0,0.0,0.0,0.0,0.0
EXO,202312067,,,,,,,,,,,SAFE,-5.466,-1.648,1.148,0.745,-0.122,-0.0,0.0,0.0,0.009,0.0,0.0,0.0,0.0,0.0,0.0
EXO,202412068,,,,,,,,,,,SAFE,-5.466,-1.648,1.148,0.745,-0.122,-0.0,0.0,0.0,0.009,0.0,0.0,0.0,0.0,0.0,0.0
EXO,202512067,,,,,,,,,,,SAFE,-5.466,-1.648,1.148,0.745,-0.122,-0.0,0.0,0.0,0.009,0.0,0.0,0.0,0.0,0.0,0.0
EXO,202612067,,,,,,,,,,,SAFE,-5.466,-1.648,1.148,0.745,-0.122,-0.0,0.0,0.0,0.009,0.0,0.0,0.0,0.0,0.0,0.0
EXO,202712067,,,,,,,,,,,SAFE,-5.466,-1.648,1.148,0.745,-0.122,-0.0,0.0,0.0,0.009,0.0,0.0,0.0,0.0,0.0,0.0
EXO,202812067,,,,,,,,,,,SAFE,-5.466,-1.648,1.148,0.745,-0.122,-0.0,0.0,0.0,0.009,0.0,0.0,0.0,0.0,0.0,0.0
EXO,202912068,,,,,,,,,,,SAFE,-5.466,-1.648,1.148,0.745,-0.122,-0.0,0.0,0.0,0.009,0.0,0.0,0.0,0.0,0.0,0.0
EXO,203012067,,,,,,,,,,,SAFE,-5.466,-1.648,1.148,0.745,-0.122,-0.0,0.0,0.0,0.009,0.0,0.0,0.0,0.0,0.0,0.0
EXO,203112067,,,,,,,,,,,SAFE,-5.466,-1.648,1.148,0.745,-0.122,-0.0,0.0,0.0,0.009,0.0,0.0,0.0,0.0,0.0,0.0
EXO,203212067,,,,,,,,,,,SAFE,-5.466,-1.648,1.148,0.745,-0.122,-0.0,0.0,0.0,0.009,0.0,0.0,0.0,0.0,0.0,0.0
EXO,203312067,,,,,,,,,,,SAFE,-5.466,-1.648,1.148,0.745,-0.122,-0.0,0.0,0.0,0.009,0.0,0.0,0.0,0.0,0.0,0.0
EXO,203412068,,,,,,,,,,,SAFE,-5.466,-1.648,1.148,0.745,-0.122,-0.0,0.0,0.0,0.009,0.0,0.0,0.0,0.0,0.0,0.0
EXO,203512067,,,,,,,,,,,SAFE,-5.466,-1.648,1.148,0.745,-0.122,-0.0,0.0,0.0,0.009,0.0,0.0,0.0,0.0,0.0,0.0
EXO,203612067,,,,,,,,,,,SAFE,-5.466,-1.648,1.148,0.745,-0.122,-0.0,0.0,0.0,0.009,0.0,0.0,0.0,0.0,0.0,0.0
EXO,203712067,,,,,,,,,,,SAFE,-5.466,-1.648,1.148,0.745,-0.122,-0.0,0.0,0.0,0.009,0.0,0.0,0.0,0.0,0.0,0.0
EXO,203812067,,,,,,,,,,,SAFE,-5.466,-1.648,1.148,0.745,-0.122,-0.0,0.0,0.0,0.009,0.0,0.0,0.0,0.0,0.0,0.0
EXO,203912068,,,,,,,,,,,SAFE,-5.466,-1.648,1.148,0.745,-0.122,-0.0,0.0,0.0,0.009,0.0,0.0,0.0,0.0,0.0,0.0
EXO,204012067,,,,,,,,,,,SAFE,-5.466,-1.648,1.148,0.745,-0.122,-0.0,0.0,0.0,0.009,0.0,0.0,0.0,0.0,0.0,0.0
EXO,204112067,,,,,,,,,,,SAFE,-5.466,-1.648,1.148,0.745,-0.122,-0.0,0.0,0.0,0.009,0.0,0.0,0.0,0.0,0.0,0.0
EXO,204212067,,,,,,,,,,,SAFE,-5.466,-1.648,1.148,0.745,-0.122,-0.0,0.0,0.0,0.009,0.0,0.0,0.0,0.0,0.0,0.0
EXO,204312067,,,,,,,,,,,SAFE,-5.466,-1.648,1.148,0.745,-0.122,-0.0,0.0,0.0,0.009,0.0,0.0,0.0,0.0,0.0,0.0
EXO,204412068,,,,,,,,,,,SAFE,-5.466,-1.648,1.148,0.745,-0.122,-0.0,0.0,0.0,0.009,0.0,0.0,0.0,0.0,0.0,0.0
EXO,204512067,,,,,,,,,,,SAFE,-5.466,-1.648,1.148,0.745,-0.122,-0.0,0.0,0.0,0.009,0.0,0.0,0.0,0.0,0.0,0.0
EXO,204612067,,,,,,,,,,,SAFE,-5.466,-1.648,1.148,0.745,-0.122,-0.0,0.0,0.0,0.009,0.0,0.0,0.0,0.0,0.0,0.0
EXO,204712067,,,,,,,,,,,SAFE,-5.466,-1.648,1.148,0.745,-0.122,-0.0,0.0,0.0,0.009,0.0,0.0,0.0,0.0,0.0,0.0
EXO,204812067,,,,,,,,,,,SAFE,-5.466,-1.648,1.148,0.745,-0.122,-0.0,0.0,0.0,0.009,0.0,0.0,0.0,0.0,0.0,0.0
EXO,204912068,,,,,,,,,,,SAFE,-5.466,-1.648,1.148,0.745,-0.122,-0.0,0.0,0.0,0.009,0.0,0.0,0.0,0.0,0.0,0.0
EXO,205012067,,,,,,,,,,,SAFE,-5.466,-1.648,1.148,0.745,-0.122,-0.0,0.0,0.0,0.009,0.0,0.0,0.0,0.0,0.0,0.0
EXO,205112067,,,,,,,,,,,SAFE,-5.466,-1.648,1.148,0.745,-0.122,-0.0,0.0,0.0,0.009,0.0,0.0,0.0,0.0,0.0,0.0
EXO,205212067,,,,,,,,,,,SAFE,-5.466,-1.648,1.148,0.745,-0.122,-0.0,0.0,0.0,0.009,0.0,0.0,0.0,0.0,0.0,0.0
EXO,205312067,,,,,,,,,,,SAFE,-5.466,-1.648,1.148,0.745,-0.122,-0.0,0.0,0.0,0.009,0.0,0.0,0.0,0.0,0.0,0.0
EXO,205412068,,,,,,,,,,,SAFE,-5.466,-1.648,1.148,0.745,-0.122,-0.0,0.0,0.0,0.009,0.0,0.0,0.0,0.0,0.0,0.0
EXO,205512067,,,,,,,,,,,SAFE,-5.466,-1.648,1.148,0.745,-0.122,-0.0,0.0,0.0,0.009,0.0,0.0,0.0,0.0,0.0,0.0
EXO,205612067,,,,,,,,,,,SAFE,-5.466,-1.648,1.148,0.745,-0.122,-0.0,0.0,0.0,0.009,0.0,0.0,0.0,0.0,0.0,0.0
EXO,205712067,,,,,,,,,,,SAFE,-5.466,-1.648,1.148,0.745,-0.122,-0.0,0.0,0.0,0.009,0.0,0.0,0.0,0.0,0.0,0.0
EXO,205812067,,,,,,,,,,,SAFE,-5.466,-1.648,1.148,0.745,-0.122,-0.0,0.0,0.0,0.009,0.0,0.0,0.0,0.0,0.0,0.0
EXO,205912068,,,,,,,,,,,SAFE,-5.466,-1.648,1.148,0.745,-0.122,-0.0,0.0,0.0,0.009,0.0,0.0,0.0,0.0,0.0,0.0
EXO,206012067,,,,,,,,,,,SAFE,-5.466,-1.648,1.148,0.745,-0.122,-0.0,0.0,0.0,0.009,0.0,0.0,0.0,0.0,0.0,0.0
EXO,206112067,,,,,,,,,,,SAFE,-5.466,-1.648,1.148,0.745,-0.122,-0.0,0.0,0.0,0.009,0.0,0.0,0.0,0.0,0.0,0.0
EXO,206212067,,,,,,,,,,,SAFE,-5.466,-1.648,1.148,0.745,-0.122,-0.0,0.0,0.0,0.009,0.0,0.0,0.0,0.0,0.0,0.0
EXO,206312067,,,,,,,,,,,SAFE,-5.466,-1.648,1.148,0.745,-0.122,-0.0,0.0,0.0,0.009,0.0,0.0,0.0,0.0,0.0,0.0
EXO,206412068,,,,,,,,,,,SAFE,-5.466,-1.648,1.148,0.745,-0.122,-0.0,0.0,0.0,0.009,0.0,0.0,0.0,0.0,0.0,0.0
EXO,206512067,,,,,,,,,,,SAFE,-5.466,-1.648,1.148,0.745,-0.122,-0.0,0.0,0.0,0.009,0.0,0.0,0.0,0.0,0.0,0.0
EXO,206612067,,,,,,,,,,,SAFE,-5.466,-1.648,1.148,0.745,-0.122,-0.0,0.0,0.0,0.009,0.0,0.0,0.0,0.0,0.0,0.0
EXO,206712067,,,,,,,,,,,SAFE,-5.466,-1.648,1.148,0.745,-0.122,-0.0,0.0,0.0,0.009,0.0,0.0,0.0,0.0,0.0,0.0
EXO,206812067,,,,,,,,,,,SAFE,-5.466,-1.648,1.148,0.745,-0.122,-0.0,0.0,0.0,0.009,0.0,0.0,0.0,0.0,0.0,0.0
EXO,206912068,,,,,,,,,,,SAFE,-5.466,-1.648,1.148,0.745,-0.122,-0.0,0.0,0.0,0.009,0.0,0.0,0.0,0.0,0.0,0.0
EXO,207012067,,,,,,,,,,,SAFE,-5.466,-1.648,1.148,0.745,-0.122,-0.0,0.0,0.0,0.009,0.0,0.0,0.0,0.0,0.0,0.0
EXO,207112067,,,,,,,,,,,SAFE,-5.466,-1.648,1.148,0.745,-0.122,-0.0,0.0,0.0,0.009,0.0,0.0,0.0,0.0,0.0,0.0
EXO,207212067,,,,,,,,,,,SAFE,-5.466,-1.648,1.148,0.745,-0.122,-0.0,0.0,0.0,0.009,0.0,0.0,0.0,0.0,0.0,0.0
EXO,207312067,,,,,,,,,,,SAFE,-5.466,-1.648,1.148,0.745,-0.122,-0.0,0.0,0.0,0.009,0.0,0.0,0.0,0.0,0.0,0.0
EXO,207412068,,,,,,,,,,,SAFE,-5.466,-1.648,1.148,0.745,-0.122,-0.0,0.0,0.0,0.009,0.0,0.0,0.0,0.0,0.0,0.0
EXO,207512067,,,,,,,,,,,SAFE,-5.466,-1.648,1.148,0.745,-0.122,-0.0,0.0,0.0,0.009,0.0,0.0,0.0,0.0,0.0,0.0
EXO,207612067,,,,,,,,,,,SAFE,-5.466,-1.648,1.148,0.745,-0.122,-0.0,0.0,0.0,0.009,0.0,0.0,0.0,0.0,0.0,0.0
EXO,207712067,,,,,,,,,,,SAFE,-5.466,-1.648,1.148,0.745,-0.122,-0.0,0.0,0.0,0.009,0.0,0.0,0.0,0.0,0.0,0.0
EXO,207812067,,,,,,,,,,,SAFE,-5.466,-1.648,1.148,0.745,-0.122,-0.0,0.0,0.0,0.009,0.0,0.0,0.0,0.0,0.0,0.0
EXO,207912068,,,,,,,,,,,SAFE,-5.466,-1.648,1.148,0.745,-0.122,-0.0,0.0,0.0,0.009,0.0,0.0,0.0,0.0,0.0,0.0
EXO,208012067,,,,,,,,,,,SAFE,-5.466,-1.648,1.148,0.745,-0.122,-0.0,0.0,0.0,0.009,0.0,0.0,0.0,0.0,0.0,0.0
EXO,208112067,,,,,,,,,,,SAFE,-5.466,-1.648,1.148,0.745,-0.122,-0.0,0.0,0.0,0.009,0.0,0.0,0.0,0.0,0.0,0.0
EXO,208212067,,,,,,,,,,,SAFE,-5.466,-1.648,1.148,0.745,-0.122,-0.0,0.0,0.0,0.009,0.0,0.0,0.0,0.0,0.0,0.0
EXO,208312067,,,,,,,,,,,SAFE,-5.466,-1.648,1.148,0.745,-0.122,-0.0,0.0,0.0,0.009,0.0,0.0,0.0,0.0,0.0,0.0
EXO,208412068,,,,,,,,,,,SAFE,-5.466,-1.648,1.148,0.745,-0.122,-0.0,0.0,0.0,0.009,0.0,0.0,0.0,0.0,0.0,0.0
EXO,208512067,,,,,,,,,,,SAFE,-5.466,-1.648,1.148,0.745,-0.122,-0.0,0.0,0.0,0.009,0.0,0.0,0.0,0.0,0.0,0.0
EXO,208612067,,,,,,,,,,,SAFE,-5.466,-1.648,1.148,0.745,-0.122,-0.0,0.0,0.0,0.009,0.0,0.0,0.0,0.0,0.0,0.0
EXO,208712067,,,,,,,,,,,SAFE,-5.466,-1.648,1.148,0.745,-0.122,-0.0,0.0,0.0,0.009,0.0,0.0,0.0,0.0,0.0,0.0
EXO,208812067,,,,,,,,,,,SAFE,-5.466,-1.648,1.148,0.745,-0.122,-0.0,0.0,0.0,0.009,0.0,0.0,0.0,0.0,0.0,0.0
EXO,208912068,,,,,,,,,,,SAFE,-5.466,-1.648,1.148,0.745,-0.122,-0.0,0.0,0.0,0.009,0.0,0.0,0.0,0.0,0.0,0.0
EXO,209012067,,,,,,,,,,,SAFE,-5.466,-1.648,1.148,0.745,-0.122,-0.0,0.0,0.0,0.009,0.0,0.0,0.0,0.0,0.0,0.0
EXO,209112067,,,,,,,,,,,SAFE,-5.466,-1.648,1.148,0.745,-0.122,-0.0,0.0,0.0,0.009,0.0,0.0,0.0,0.0,0.0,0.0
EXO,209212067,,,,,,,,,,,SAFE,-5.466,-1.648,1.148,0.745,-0.122,-0.0,0.0,0.0,0.009,0.0,0.0,0.0,0.0,0.0,0.0
EXO,209312067,,,,,,,,,,,SAFE,-5.466,-1.648,1.148,0.745,-0.122,-0.0,0.0,0.0,0.009,0.0,0.0,0.0,0.0,0.0,0.0
EXO,209412068,,,,,,,,,,,SAFE,-5.466,-1.648,1.148,0.745,-0.122,-0.0,0.0,0.0,0.009,0.0,0.0,0.0,0.0,0.0,0.0
EXO,209512067,,,,,,,,,,,SAFE,-5.466,-1.648,1.148,0.745,-0.122,-0.0,0.0,0.0,0.009,0.0,0.0,0.0,0.0,0.0,0.0
EXO,209612067,,,,,,,,,,,SAFE,-5.466,-1.648,1.148,0.745,-0.122,-0.0,0.0,0.0,0.009,0.0,0.0,0.0,0.0,0.0,0.0
EXO,209712067,,,,,,,,,,,SAFE,-5.466,-1.648,1.148,0.745,-0.122,-0.0,0.0,0.0,0.009,0.0,0.0,0.0,0.0,0.0,0.0
EXO,209812067,,,,,,,,,,,SAFE,-5.466,-1.648,1.148,0.745,-0.122,-0.0,0.0,0.0,0.009,0.0,0.0,0.0,0.0,0.0,0.0
EXO,209912068,,,,,,,,,,,SAFE,-5.466,-1.648,1.148,0.745,-0.122,-0.0,0.0,0.0,0.009,0.0,0.0,0.0,0.0,0.0,0.0
EXO,210012067,,,,,,,,,,,SAFE,-5.466,-1.648,1.148,0.745,-0.122,-0.0,0.0,0.0,0.009,0.0,0.0,0.0,0.0,0.0,0.0
EXO,210112067,,,,,,,,,,,SAFE,-5.466,-1.648,1.148,0.745,-0.122,-0.0,0.0,0.0,0.009,0.0,0.0,0.0,0.0,0.0,0.0
EXO,210212067,,,,,,,,,,,SAFE,-5.466,-1.648,1.148,0.745,-0.122,-0.0,0.0,0.0,0.009,0.0,0.0,0.0,0.0,0.0,0.0
EXO,210312067,,,,,,,,,,,SAFE,-5.466,-1.648,1.148,0.745,-0.122,-0.0,0.0,0.0,0.009,0.0,0.0,0.0,0.0,0.0,0.0
EXO,210412068,,,,,,,,,,,SAFE,-5.466,-1.648,1.148,0.745,-0.122,-0.0,0.0,0.0,0.009,0.0,0.0,0.0,0.0,0.0,0.0
EXO,210512067,,,,,,,,,,,SAFE,-5.466,-1.648,1.148,0.745,-0.122,-0.0,0.0,0.0,0.009,0.0,0.0,0.0,0.0,0.0,0.0
EXO,210612067,,,,,,,,,,,SAFE,-5.466,-1.648,1.148,0.745,-0.122,-0.0,0.0,0.0,0.009,0.0,0.0,0.0,0.0,0.0,0.0
EXO,210712067,,,,,,,,,,,SAFE,-5.466,-1.648,1.148,0.745,-0.122,-0.0,0.0,0.0,0.009,0.0,0.0,0.0,0.0,0.0,0.0
EXO,210812067,,,,,,,,,,,SAFE,-5.466,-1.648,1.148,0.745,-0.122,-0.0,0.0,0.0,0.009,0.0,0.0,0.0,0.0,0.0,0.0
EXO,210912068,,,,,,,,,,,SAFE,-5.466,-1.648,1.148,0.745,-0.122,-0.0,0.0,0.0,0.009,0.0,0.0,0.0,0.0,0.0,0.0
EXO,211012067,,,,,,,,,,,SAFE,-5.466,-1.648,1.148,0.745,-0.122,-0.0,0.0,0.0,0.009,0.0,0.0,0.0,0.0,0.0,0.0
EXO,211112067,,,,,,,,,,,SAFE,-5.466,-1.648,1.148,0.745,-0.122,-0.0,0.0,0.0,0.009,0.0,0.0,0.0,0.0,0.0,0.0
EXO,211212067,,,,,,,,,,,SAFE,-5.466,-1.648,1.148,0.745,-0.122,-0.0,0.0,0.0,0.009,0.0,0.0,0.0,0.0,0.0,0.0
EXO,211312067,,,,,,,,,,,SAFE,-5.466,-1.648,1.148,0.745,-0.122,-0.0,0.0,0.0,0.009,0.0,0.0,0.0,0.0,0.0,0.0
EXO,211412068,,,,,,,,,,,SAFE,-5.466,-1.648,1.148,0.745,-0.122,-0.0,0.0,0.0,0.009,0.0,0.0,0.0,0.0,0.0,0.0
EXO,211512067,,,,,,,,,,,SAFE,-5.466,-1.648,1.148,0.745,-0.122,-0.0,0.0,0.0,0.009,0.0,0.0,0.0,0.0,0.0,0.0
EXO,211612067,,,,,,,,,,,SAFE,-5.466,-1.648,1.148,0.745,-0.122,-0.0,0.0,0.0,0.009,0.0,0.0,0.0,0.0,0.0,0.0
EXO,211712067,,,,,,,,,,,SAFE,-5.466,-1.648,1.148,0.745,-0.122,-0.0,0.0,0.0,0.009,0.0,0.0,0.0,0.0,0.0,0.0
EXO,211812067,,,,,,,,,,,SAFE,-5.466,-1.648,1.148,0.745,-0.122,-0.0,0.0,0.0,0.009,0.0,0.0,0.0,0.0,0.0,0.0
EXO,211912068,,,,,,,,,,,SAFE,-5.466,-1.648,1.148,0.745,-0.122,-0.0,0.0,0.0,0.009,0.0,0.0,0.0,0.0,0.0,0.0
EXO,212012067,,,,,,,,,,,SAFE,-5.466,-1.648,1.148,0.745,-0.122,-0.0,0.0,0.0,0.009,0.0,0.0,0.0,0.0,0.0,0.0
EXO,212112067,,,,,,,,,,,SAFE,-5.466,-1.648,1.148,0.745,-0.122,-0.0,0.0,0.0,0.009,0.0,0.0,0.0,0.0,0.0,0.0
EXO,212212067,,,,,,,,,,,SAFE,-5.466,-1.648,1.148,0.745,-0.122,-0.0,0.0,0.0,0.009,0.0,0.0,0.0,0.0,0.0,0.0
EXO,212312067,,,,,,,,,,,SAFE,-5.466,-1.648,1.148,0.745,-0.122,-0.0,0.0,0.0,0.009,0.0,0.0,0.0,0.0,0.0,0.0
EXO,212412068,,,,,,,,,,,SAFE,-5.466,-1.648,1.148,0.745,-0.122,-0.0,0.0,0.0,0.009,0.0,0.0,0.0,0.0,0.0,0.0
EXO,212512067,,,,,,,,,,,SAFE,-5.466,-1.648,1.148,0.745,-0.122,-0.0,0.0,0.0,0.009,0.0,0.0,0.0,0.0,0.0,0.0
EXO,212612067,,,,,,,,,,,SAFE,-5.466,-1.648,1.148,0.745,-0.122,-0.0,0.0,0.0,0.009,0.0,0.0,0.0,0.0,0.0,0.0
EXO,212712067,,,,,,,,,,,SAFE,-5.466,-1.648,1.148,0.745,-0.122,-0.0,0.0,0.0,0.009,0.0,0.0,0.0,0.0,0.0,0.0
EXO,212812067,,,,,,,,,,,SAFE,-5.466,-1.648,1.148,0.745,-0.122,-0.0,0.0,0.0,0.009,0.0,0.0,0.0,0.0,0.0,0.0
EXO,212912068,,,,,,,,,,,SAFE,-5.466,-1.648,1.148,0.745,-0.122,-0.0,0.0,0.0,0.009,0.0,0.0,0.0,0.0,0.0,0.0
EXO,213012067,,,,,,,,,,,SAFE,-5.466,-1.648,1.148,0.745,-0.122,-0.0,0.0,0.0,0.009,0.0,0.0,0.0,0.0,0.0,0.0
EXO,213112067,,,,,,,,,,,SAFE,-5.466,-1.648,1.148,0.745,-0.122,-0.0,0.0,0.0,0.009,0.0,0.0,0.0,0.0,0.0,0.0
EXO,213212067,,,,,,,,,,,SAFE,-5.466,-1.648,1.148,0.745,-0.122,-0.0,0.0,0.0,0.009,0.0,0.0,0.0,0.0,0.0,0.0
EXO,213312067,,,,,,,,,,,SAFE,-5.466,-1.648,1.148,0.745,-0.122,-0.0,0.0,0.0,0.009,0.0,0.0,0.0,0.0,0.0,0.0
EXO,213412068,,,,,,,,,,,SAFE,-5.466,-1.648,1.148,0.745,-0.122,-0.0,0.0,0.0,0.009,0.0,0.0,0.0,0.0,0.0,0.0
EXO,213512067,,,,,,,,,,,SAFE,-5.466,-1.648,1.148,0.745,-0.122,-0.0,0.0,0.0,0.009,0.0,0.0,0.0,0.0,0.0,0.0
EXO,213612067,,,,,,,,,,,SAFE,-5.466,-1.648,1.148,0.745,-0.122,-0.0,0.0,0.0,0.009,0.0,0.0,0.0,0.0,0.0,0.0
EXO,213712067,,,,,,,,,,,SAFE,-5.466,-1.648,1.148,0.745,-0.122,-0.0,0.0,0.0,0.009,0.0,0.0,0.0,0.0,0.0,0.0
EXO,213812067,,,,,,,,,,,SAFE,-5.466,-1.648,1.148,0.745,-0.122,-0.0,0.0,0.0,0.009,0.0,0.0,0.0,0.0,0.0,0.0
EXO,213912068,,,,,,,,,,,SAFE,-5.466,-1.648,1.148,0.745,-0.122,-0.0,0.0,0.0,0.009,0.0,0.0,0.0,0.0,0.0,0.0
EXO,214012067,,,,,,,,,,,SAFE,-5.466,-1.648,1.148,0.745,-0.122,-0.0,0.0,0.0,0.009,0.0,0.0,0.0,0.0,0.0,0.0
EXO,214112067,,,,,,,,,,,SAFE,-5.466,-1.648,1.148,0.745,-0.122,-0.0,0.0,0.0,0.009,0.0,0.0,0.0,0.0,0.0,0.0
EXO,214212067,,,,,,,,,,,SAFE,-5.466,-1.648,1.148,0.745,-0.122,-0.0,0.0,0.0,0.009,0.0,0.0,0.0,0.0,0.0,0.0
EXO,214312067,,,,,,,,,,,SAFE,-5.466,-1.648,1.148,0.745,-0.122,-0.0,0.0,0.0,0.009,0.0,0.0,0.0,0.0,0.0,0.0
EXO,214412068,,,,,,,,,,,SAFE,-5.466,-1.648,1.148,0.745,-0.122,-0.0,0.0,0.0,0.009,0.0,0.0,0.0,0.0,0.0,0.0
EXO,214512067,,,,,,,,,,,SAFE,-5.466,-1.648,1.148,0.745,-0.122,-0.0,0.0,0.0,0.009,0.0,0.0,0.0,0.0,0.0,0.0
EXO,214612067,,,,,,,,,,,SAFE,-5.466,-1.648,1.148,0.745,-0.122,-0.0,0.0,0.0,0.009,0.0,0.0,0.0,0.0,0.0,0.0
EXO,214712067,,,,,,,,,,,SAFE,-5.466,-1.648,1.148,0.745,-0.122,-0.0,0.0,0.0,0.009,0.0,0.0,0.0,0.0,0.0,0.0
EXO,214812067,,,,,,,,,,,SAFE,-5.466,-1.648,1.148,0.745,-0.122,-0.0,0.0,0.0,0.009,0.0,0.0,0.0,0.0,0.0,0.0
EXO,214912068,,,,,,,,,,,SAFE,-5.466,-1.648,1.148,0.745,-0.122,-0.0,0.0,0.0,0.009,0.0,0.0,0.0,0.0,0.0,0.0
EXO,215012067,,,,,,,,,,,SAFE,-5.466,-1.648,1.148,0.745,-0.122,-0.0,0.0,0.0,0.009,0.0,0.0,0.0,0.0,0.0,0.0
EXO,215112067,,,,,,,,,,,SAFE,-5.466,-1.648,1.148,0.745,-0.122,-0.0,0.0,0.0,0.009,0.0,0.0,0.0,0.0,0.0,0.0
EXO,215212067,,,,,,,,,,,SAFE,-5.466,-1.648,1.148,0.745,-0.122,-0.0,0.0,0.0,0.009,0.0,0.0,0.0,0.0,0.0,0.0
EXO,215312067,,,,,,,,,,,SAFE,-5.466,-1.648,1.148,0.745,-0.122,-0.0,0.0,0.0,0.009,0.0,0.0,0.0,0.0,0.0,0.0
EXO,215412068,,,,,,,,,,,SAFE,-5.466,-1.648,1.148,0.745,-0.122,-0.0,0.0,0.0,0.009,0.0,0.0,0.0,0.0,0.0,0.0
EXO,215512067,,,,,,,,,,,SAFE,-5.466,-1.648,1.148,0.745,-0.122,-0.0,0.0,0.0,0.009,0.0,0.0,0.0,0.0,0.0,0.0
EXO,215612067,,,,,,,,,,,SAFE,-5.466,-1.648,1.148,0.745,-0.122,-0.0,0.0,0.0,0.009,0.0,0.0,0.0,0.0,0.0,0.0
EXO,215712067,,,,,,,,,,,SAFE,-5.466,-1.648,1.148,0.745,-0.122,-0.0,0.0,0.0,0.009,0.0,0.0,0.0,0.0,0.0,0.0
EXO,215812067,,,,,,,,,,,SAFE,-5.466,-1.648,1.148,0.745,-0.122,-0.0,0.0,0.0,0.009,0.0,0.0,0.0,0.0,0.0,0.0
EXO,215912068,,,,,,,,,,,SAFE,-5.466,-1.648,1.148,0.745,-0.122,-0.0,0.0,0.0,0.009,0.0,0.0,0.0,0.0,0.0,0.0
EXO,216012067,,,,,,,,,,,SAFE,-5.466,-1.648,1.148,0.745,-0.122,-0.0,0.0,0.0,0.009,0.0,0.0,0.0,0.0,0.0,0.0
EXO,216112067,,,,,,,,,,,SAFE,-5.466,-1.648,1.148,0.745,-0.122,-0.0,0.0,0.0,0.009,0.0,0.0,0.0,0.0,0.0,0.0
EXO,216212067,,,,,,,,,,,SAFE,-5.466,-1.648,1.148,0.745,-0.122,-0.0,0.0,0.0,0.009,0.0,0.0,0.0,0.0,0.0,0.0
EXO,216312067,,,,,,,,,,,SAFE,-5.466,-1.648,1.148,0.745,-0.122,-0.0,0.0,0.0,0.009,0.0,0.0,0.0,0.0,0.0,0.0
EXO,216412068,,,,,,,,,,,SAFE,-5.466,-1.648,1.148,0.745,-0.122,-0.0,0.0,0.0,0.009,0.0,0.0,0.0,0.0,0.0,0.0
EXO,216512067,,,,,,,,,,,SAFE,-5.466,-1.648,1.148,0.745,-0.122,-0.0,0.0,0.0,0.009,0.0,0.0,0.0,0.0,0.0,0.0
EXO,216612067,,,,,,,,,,,SAFE,-5.466,-1.648,1.148,0.745,-0.122,-0.0,0.0,0.0,0.009,0.0,0.0,0.0,0.0,0.0,0.0
EXO,216712067,,,,,,,,,,,SAFE,-5.466,-1.648,1.148,0.745,-0.122,-0.0,0.0,0.0,0.009,0.0,0.0,0.0,0.0,0.0,0.0
EXO,216812067,,,,,,,,,,,SAFE,-5.466,-1.648,1.148,0.745,-0.122,-0.0,0.0,0.0,0.009,0.0,0.0,0.0,0.0,0.0,0.0
EXO,216912068,,,,,,,,,,,SAFE,-5.466,-1.648,1.148,0.745,-0.122,-0.0,0.0,0.0,0.009,0.0,0.0,0.0,0.0,0.0,0.0
EXO,217012067,,,,,,,,,,,SAFE,-5.466,-1.648,1.148,0.745,-0.122,-0.0,0.0,0.0,0.009,0.0,0.0,0.0,0.0,0.0,0.0
EXO,217112067,,,,,,,,,,,SAFE,-5.466,-1.648,1.148,0.745,-0.122,-0.0,0.0,0.0,0.009,0.0,0.0,0.0,0.0,0.0,0.0
EXO,217212067,,,,,,,,,,,SAFE,-5.466,-1.648,1.148,0.745,-0.122,-0.0,0.0,0.0,0.009,0.0,0.0,0.0,0.0,0.0,0.0
EXO,217312067,,,,,,,,,,,SAFE,-5.466,-1.648,1.148,0.745,-0.122,-0.0,0.0,0.0,0.009,0.0,0.0,0.0,0.0,0.0,0.0
EXO,217412068,,,,,,,,,,,SAFE,-5.466,-1.648,1.148,0.745,-0.122,-0.0,0.0,0.0,0.009,0.0,0.0,0.0,0.0,0.0,0.0
EXO,217512067,,,,,,,,,,,SAFE,-5.466,-1.648,1.148,0.745,-0.122,-0.0,0.0,0.0,0.009,0.0,0.0,0.0,0.0,0.0,0.0
EXO,217612067,,,,,,,,,,,SAFE,-5.466,-1.648,1.148,0.745,-0.122,-0.0,0.0,0.0,0.009,0.0,0.0,0.0,0.0,0.0,0.0
EXO,217712067,,,,,,,,,,,SAFE,-5.466,-1.648,1.148,0.745,-0.122,-0.0,0.0,0.0,0.009,0.0,0.0,0.0,0.0,0.0,0.0
EXO,217812067,,,,,,,,,,,SAFE,-5.466,-1.648,1.148,0.745,-0.122,-0.0,0.0,0.0,0.009,0.0,0.0,0.0,0.0,0.0,0.0
EXO,217912068,,,,,,,,,,,SAFE,-5.466,-1.648,1.148,0.745,-0.122,-0.0,0.0,0.0,0.009,0.0,0.0,0.0,0.0,0.0,0.0
EXO,218012067,,,,,,,,,,,SAFE,-5.466,-1.648,1.148,0.745,-0.122,-0.0,0.0,0.0,0.009,0.0,0.0,0.0,0.0,0.0,0.0
EXO,218112067,,,,,,,,,,,SAFE,-5.466,-1.648,1.148,0.745,-0.122,-0.0,0.0,0.0,0.009,0.0,0.0,0.0,0.0,0.0,0.0
EXO,218212067,,,,,,,,,,,SAFE,-5.466,-1.648,1.148,0.745,-0.122,-0.0,0.0,0.0,0.009,0.0,0.0,0.0,0.0,0.0,0.0
EXO,218312067,,,,,,,,,,,SAFE,-5.466,-1.648,1.148,0.745,-0.122,-0.0,0.0,0.0,0.009,0.0,0.0,0.0,0.0,0.0,0.0
EXO,218412068,,,,,,,,,,,SAFE,-5.466,-1.648,1.148,0.745,-0.122,-0.0,0.0,0.0,0.009,0.0,0.0,0.0,0.0,0.0,0.0
EXO,218512067,,,,,,,,,,,SAFE,-5.466,-1.648,1.148,0.745,-0.122,-0.0,0.0,0.0,0.009,0.0,0.0,0.0,0.0,0.0,0.0
EXO,218612067,,,,,,,,,,,SAFE,-5.466,-1.648,1.148,0.745,-0.122,-0.0,0.0,0.0,0.009,0.0,0.0,0.0,0.0,0.0,0.0
EXO,218712067,,,,,,,,,,,SAFE,-5.466,-1.648,1.148,0.745,-0.122,-0.0,0.0,0.0,0.009,0.0,0.0,0.0,0.0,0.0,0.0
EXO,218812067,,,,,,,,,,,SAFE,-5.466,-1.648,1.148,0.745,-0.122,-0.0,0.0,0.0,0.009,0.0,0.0,0.0,0.0,0.0,0.0
EXO,218912068,,,,,,,,,,,SAFE,-5.466,-1.648,1.148,0.745,-0.122,-0.0,0.0,0.0,0.009,0.0,0.0,0.0,0.0,0.0,0.0
EXO,219012067,,,,,,,,,,,SAFE,-5.466,-1.648,1.148,0.745,-0.122,-0.0,0.0,0.0,0.009,0.0,0.0,0.0,0.0,0.0,0.0
EXO,219112067,,,,,,,,,,,SAFE,-5.466,-1.648,1.148,0.745,-0.122,-0.0,0.0,0.0,0.009,0.0,0.0,0.0,0.0,0.0,0.0
EXO,219212067,,,,,,,,,,,SAFE,-5.466,-1.648,1.148,0.745,-0.122,-0.0,0.0,0.0,0.009,0.0,0.0,0.0,0.0,0.0,0.0
EXO,219312067,,,,,,,,,,,SAFE,-5.466,-1.648,1.148,0.745,-0.122,-0.0,0.0,0.0,0.009,0.0,0.0,0.0,0.0,0.0,0.0
EXO,219412068,,,,,,,,,,,SAFE,-5.466,-1.648,1.148,0.745,-0.122,-0.0,0.0,0.0,0.009,0.0,0.0,0.0,0.0,0.0,0.0
EXO,219512067,,,,,,,,,,,SAFE,-5.466,-1.648,1.148,0.745,-0.122,-0.0,0.0,0.0,0.009,0.0,0.0,0.0,0.0,0.0,0.0
EXO,219612067,,,,,,,,,,,SAFE,-5.466,-1.648,1.148,0.745,-0.122,-0.0,0.0,0.0,0.009,0.0,0.0,0.0,0.0,0.0,0.0
EXO,219712067,,,,,,,,,,,SAFE,-5.466,-1.648,1.148,0.745,-0.122,-0.0,0.0,0.0,0.009,0.0,0.0,0.0,0.0,0.0,0.0
EXO,219812067,,,,,,,,,,,SAFE,-5.466,-1.648,1.148,0.745,-0.122,-0.0,0.0,0.0,0.009,0.0,0.0,0.0,0.0,0.0,0.0
EXO,219912068,,,,,,,,,,,SAFE,-5.466,-1.648,1.148,0.745,-0.122,-0.0,0.0,0.0,0.009,0.0,0.0,0.0,0.0,0.0,0.0
EXO,220012067,,,,,,,,,,,SAFE,-5.466,-1.648,1.148,0.745,-0.122,-0.0,0.0,0.0,0.009,0.0,0.0,0.0,0.0,0.0,0.0
EXO,220112067,,,,,,,,,,,SAFE,-5.466,-1.648,1.148,0.745,-0.122,-0.0,0.0,0.0,0.009,0.0,0.0,0.0,0.0,0.0,0.0
EXO,220212067,,,,,,,,,,,SAFE,-5.466,-1.648,1.148,0.745,-0.122,-0.0,0.0,0.0,0.009,0.0,0.0,0.0,0.0,0.0,0.0
EXO,220312067,,,,,,,,,,,SAFE,-5.466,-1.648,1.148,0.745,-0.122,-0.0,0.0,0.0,0.009,0.0,0.0,0.0,0.0,0.0,0.0
EXO,220412068,,,,,,,,,,,SAFE,-5.466,-1.648,1.148,0.745,-0.122,-0.0,0.0,0.0,0.009,0.0,0.0,0.0,0.0,0.0,0.0
EXO,220512067,,,,,,,,,,,SAFE,-5.466,-1.648,1.148,0.745,-0.122,-0.0,0.0,0.0,0.009,0.0,0.0,0.0,0.0,0.0,0.0
EXO,220612067,,,,,,,,,,,SAFE,-5.466,-1.648,1.148,0.745,-0.122,-0.0,0.0,0.0,0.009,0.0,0.0,0.0,0.0,0.0,0.0
EXO,220712067,,,,,,,,,,,SAFE,-5.466,-1.648,1.148,0.745,-0.122,-0.0,0.0,0.0,0.009,0.0,0.0,0.0,0.0,0.0,0.0
EXO,220812067,,,,,,,,,,,SAFE,-5.466,-1.648,1.148,0.745,-0.122,-0.0,0.0,0.0,0.009,0.0,0.0,0.0,0.0,0.0,0.0
EXO,220912068,,,,,,,,,,,SAFE,-5.466,-1.648,1.148,0.745,-0.122,-0.0,0.0,0.0,0.009,0.0,0.0,0.0,0.0,0.0,0.0
EXO,221012067,,,,,,,,,,,SAFE,-5.466,-1.648,1.148,0.745,-0.122,-0.0,0.0,0.0,0.009,0.0,0.0,0.0,0.0,0.0,0.0
EXO,221112067,,,,,,,,,,,SAFE,-5.466,-1.648,1.148,0.745,-0.122,-0.0,0.0,0.0,0.009,0.0,0.0,0.0,0.0,0.0,0.0
EXO,221212067,,,,,,,,,,,SAFE,-5.466,-1.648,1.148,0.745,-0.122,-0.0,0.0,0.0,0.009,0.0,0.0,0.0,0.0,0.0,0.0
EXO,221312067,,,,,,,,,,,SAFE,-5.466,-1.648,1.148,0.745,-0.122,-0.0,0.0,0.0,0.009,0.0,0.0,0.0,0.0,0.0,0.0
EXO,221412068,,,,,,,,,,,SAFE,-5.466,-1.648,1.148,0.745,-0.122,-0.0,0.0,0.0,0.009,0.0,0.0,0.0,0.0,0.0,0.0
EXO,221512067,,,,,,,,,,,SAFE,-5.466,-1.648,1.148,0.745,-0.122,-0.0,0.0,0.0,0.009,0.0,0.0,0.0,0.0,0.0,0.0
EXO,221612067,,,,,,,,,,,SAFE,-5.466,-1.648,1.148,0.745,-0.122,-0.0,0.0,0.0,0.009,0.0,0.0,0.0,0.0,0.0,0.0
EXO,221712067,,,,,,,,,,,SAFE,-5.466,-1.648,1.148,0.745,-0.122,-0.0,0.0,0.0,0.009,0.0,0.0,0.0,0.0,0.0,0.0
EXO,221812067,,,,,,,,,,,SAFE,-5.466,-1.648,1.148,0.745,-0.122,-0.0,0.0,0.0,0.009,0.0,0.0,0.0,0.0,0.0,0.0
EXO,221912068,,,,,,,,,,,SAFE,-5.466,-1.648,1.148,0.745,-0.122,-0.0,0.0,0.0,0.009,0.0,0.0,0.0,0.0,0.0,0.0
EXO,222012067,,,,,,,,,,,SAFE,-5.466,-1.648,1.148,0.745,-0.122,-0.0,0.0,0.0,0.009,0.0,0.0,0.0,0.0,0.0,0.0
EXO,222112067,,,,,,,,,,,SAFE,-5.466,-1.648,1.148,0.745,-0.122,-0.0,0.0,0.0,0.009,0.0,0.0,0.0,0.0,0.0,0.0
EXO,222212067,,,,,,,,,,,SAFE,-5.466,-1.648,1.148,0.745,-0.122,-0.0,0.0,0.0,0.009,0.0,0.0,0.0,0.0,0.0,0.0
EXO,222312067,,,,,,,,,,,SAFE,-5.466,-1.648,1.148,0.745,-0.122,-0.0,0.0,0.0,0.009,0.0,0.0,0.0,0.0,0.0,0.0
EXO,222412068,,,,,,,,,,,SAFE,-5.466,-1.648,1.148,0.745,-0.122,-0.0,0.0,0.0,0.009,0.0,0.0,0.0,0.0,0.0,0.0
EXO,222512067,,,,,,,,,,,SAFE,-5.466,-1.648,1.148,0.745,-0.122,-0.0,0.0,0.0,0.009,0.0,0.0,0.0,0.0,0.0,0.0
EXO,222612067,,,,,,,,,,,SAFE,-5.466,-1.648,1.148,0.745,-0.122,-0.0,0.0,0.0,0.009,0.0,0.0,0.0,0.0,0.0,0.0
EXO,222712067,,,,,,,,,,,SAFE,-5.466,-1.648,1.148,0.745,-0.122,-0.0,0.0,0.0,0.009,0.0,0.0,0.0,0.0,0.0,0.0
EXO,222812067,,,,,,,,,,,SAFE,-5.466,-1.648,1.148,0.745,-0.122,-0.0,0.0,0.0,0.009,0.0,0.0,0.0,0.0,0.0,0.0
EXO,222912068,,,,,,,,,,,SAFE,-5.466,-1.648,1.148,0.745,-0.122,-0.0,0.0,0.0,0.009,0.0,0.0,0.0,0.0,0.0,0.0
EXO,223012067,,,,,,,,,,,SAFE,-5.466,-1.648,1.148,0.745,-0.122,-0.0,0.0,0.0,0.009,0.0,0.0,0.0,0.0,0.0,0.0
EXO,223112067,,,,,,,,,,,SAFE,-5.466,-1.648,1.148,0.745,-0.122,-0.0,0.0,0.0,0.009,0.0,0.0,0.0,0.0,0.0,0.0
EXO,223212067,,,,,,,,,,,SAFE,-5.466,-1.648,1.148,0.745,-0.122,-0.0,0.0,0.0,0.009,0.0,0.0,0.0,0.0,0.0,0.0
EXO,223312067,,,,,,,,,,,SAFE,-5.466,-1.648,1.148,0.745,-0.122,-0.0,0.0,0.0,0.009,0.0,0.0,0.0,0.0,0.0,0.0
EXO,223412068,,,,,,,,,,,SAFE,-5.466,-1.648,1.148,0.745,-0.122,-0.0,0.0,0.0,0.009,0.0,0.0,0.0,0.0,0.0,0.0
EXO,223512067,,,,,,,,,,,SAFE,-5.466,-1.648,1.148,0.745,-0.122,-0.0,0.0,0.0,0.009,0.0,0.0,0.0,0.0,0.0,0.0
EXO,223612067,,,,,,,,,,,SAFE,-5.466,-1.648,1.148,0.745,-0.122,-0.0,0.0,0.0,0.009,0.0,0.0,0.0,0.0,0.0,0.0
EXO,223712067,,,,,,,,,,,SAFE,-5.466,-1.648,1.148,0.745,-0.122,-0.0,0.0,0.0,0.009,0.0,0.0,0.0,0.0,0.0,0.0
EXO,223812067,,,,,,,,,,,SAFE,-5.466,-1.648,1.148,0.745,-0.122,-0.0,0.0,0.0,0.009,0.0,0.0,0.0,0.0,0.0,0.0
EXO,223912068,,,,,,,,,,,SAFE,-5.466,-1.648,1.148,0.745,-0.122,-0.0,0.0,0.0,0.009,0.0,0.0,0.0,0.0,0.0,0.0
EXO,224012067,,,,,,,,,,,SAFE,-5.466,-1.648,1.148,0.745,-0.122,-0.0,0.0,0.0,0.009,0.0,0.0,0.0,0.0,0.0,0.0
EXO,224112067,,,,,,,,,,,SAFE,-5.466,-1.648,1.148,0.745,-0.122,-0.0,0.0,0.0,0.009,0.0,0.0,0.0,0.0,0.0,0.0
EXO,224212067,,,,,,,,,,,SAFE,-5.466,-1.648,1.148,0.745,-0.122,-0.0,0.0,0.0,0.009,0.0,0.0,0.0,0.0,0.0,0.0
EXO,224312067,,,,,,,,,,,SAFE,-5.466,-1.648,1.148,0.745,-0.122,-0.0,0.0,0.0,0.009,0.0,0.0,0.0,0.0,0.0,0.0
EXO,224412068,,,,,,,,,,,SAFE,-5.466,-1.648,1.148,0.745,-0.122,-0.0,0.0,0.0,0.009,0.0,0.0,0.0,0.0,0.0,0.0
EXO,224512067,,,,,,,,,,,SAFE,-5.466,-1.648,1.148,0.745,-0.122,-0.0,0.0,0.0,0.009,0.0,0.0,0.0,0.0,0.0,0.0
EXO,224612067,,,,,,,,,,,SAFE,-5.466,-1.648,1.148,0.745,-0.122,-0.0,0.0,0.0,0.009,0.0,0.0,0.0,0.0,0.0,0.0
EXO,224712067,,,,,,,,,,,SAFE,-5.466,-1.648,1.148,0.745,-0.122,-0.0,0.0,0.0,0.009,0.0,0.0,0.0,0.0,0.0,0.0
EXO,224812067,,,,,,,,,,,SAFE,-5.466,-1.648,1.148,0.745,-0.122,-0.0,0.0,0.0,0.009,0.0,0.0,0.0,0.0,0.0,0.0
EXO,224912068,,,,,,,,,,,SAFE,-5.466,-1.648,1.148,0.745,-0.122,-0.0,0.0,0.0,0.009,0.0,0.0,0.0,0.0,0.0,0.0
EXO,225012067,,,,,,,,,,,SAFE,-5.466,-1.648,1.148,0.745,-0.122,-0.0,0.0,0.0,0.009,0.0,0.0,0.0,0.0,0.0,0.0
EXO,225112067,,,,,,,,,,,SAFE,-5.466,-1.648,1.148,0.745,-0.122,-0.0,0.0,0.0,0.009,0.0,0.0,0.0,0.0,0.0,0.0
EXO,225212067,,,,,,,,,,,SAFE,-5.466,-1.648,1.148,0.745,-0.122,-0.0,0.0,0.0,0.009,0.0,0.0,0.0,0.0,0.0,0.0
EXO,225312067,,,,,,,,,,,SAFE,-5.466,-1.648,1.148,0.745,-0.122,-0.0,0.0,0.0,0.009,0.0,0.0,0.0,0.0,0.0,0.0
EXO,225412068,,,,,,,,,,,SAFE,-5.466,-1.648,1.148,0.745,-0.122,-0.0,0.0,0.0,0.009,0.0,0.0,0.0,0.0,0.0,0.0
EXO,225512067,,,,,,,,,,,SAFE,-5.466,-1.648,1.148,0.745,-0.122,-0.0,0.0,0.0,0.009,0.0,0.0,0.0,0.0,0.0,0.0
EXO,225612067,,,,,,,,,,,SAFE,-5.466,-1.648,1.148,0.745,-0.122,-0.0,0.0,0.0,0.009,0.0,0.0,0.0,0.0,0.0,0.0
EXO,225712067,,,,,,,,,,,SAFE,-5.466,-1.648,1.148,0.745,-0.122,-0.0,0.0,0.0,0.009,0.0,0.0,0.0,0.0,0.0,0.0
EXO,225812067,,,,,,,,,,,SAFE,-5.466,-1.648,1.148,0.745,-0.122,-0.0,0.0,0.0,0.009,0.0,0.0,0.0,0.0,0.0,0.0
EXO,225912068,,,,,,,,,,,SAFE,-5.466,-1.648,1.148,0.745,-0.122,-0.0,0.0,0.0,0.009,0.0,0.0,0.0,0.0,0.0,0.0
EXO,226012067,,,,,,,,,,,SAFE,-5.466,-1.648,1.148,0.745,-0.122,-0.0,0.0,0.0,0.009,0.0,0.0,0.0,0.0,0.0,0.0
EXO,226112067,,,,,,,,,,,SAFE,-5.466,-1.648,1.148,0.745,-0.122,-0.0,0.0,0.0,0.009,0.0,0.0,0.0,0.0,0.0,0.0
EXO,226212067,,,,,,,,,,,SAFE,-5.466,-1.648,1.148,0.745,-0.122,-0.0,0.0,0.0,0.009,0.0,0.0,0.0,0.0,0.0,0.0
EXO,226312067,,,,,,,,,,,SAFE,-5.466,-1.648,1.148,0.745,-0.122,-0.0,0.0,0.0,0.009,0.0,0.0,0.0,0.0,0.0,0.0
EXO,226412068,,,,,,,,,,,SAFE,-5.466,-1.648,1.148,0.745,-0.122,-0.0,0.0,0.0,0.009,0.0,0.0,0.0,0.0,0.0,0.0
EXO,226512067,,,,,,,,,,,SAFE,-5.466,-1.648,1.148,0.745,-0.122,-0.0,0.0,0.0,0.009,0.0,0.0,0.0,0.0,0.0,0.0
EXO,226612067,,,,,,,,,,,SAFE,-5.466,-1.648,1.148,0.745,-0.122,-0.0,0.0,0.0,0.009,0.0,0.0,0.0,0.0,0.0,0.0
EXO,226712067,,,,,,,,,,,SAFE,-5.466,-1.648,1.148,0.745,-0.122,-0.0,0.0,0.0,0.009,0.0,0.0,0.0,0.0,0.0,0.0
EXO,226812067,,,,,,,,,,,SAFE,-5.466,-1.648,1.148,0.745,-0.122,-0.0,0.0,0.0,0.009,0.0,0.0,0.0,0.0,0.0,0.0
EXO,226912068,,,,,,,,,,,SAFE,-5.466,-1.648,1.148,0.745,-0.122,-0.0,0.0,0.0,0.009,0.0,0.0,0.0,0.0,0.0,0.0
EXO,227012067,,,,,,,,,,,SAFE,-5.466,-1.648,1.148,0.745,-0.122,-0.0,0.0,0.0,0.009,0.0,0.0,0.0,0.0,0.0,0.0
EXO,227112067,,,,,,,,,,,SAFE,-5.466,-1.648,1.148,0.745,-0.122,-0.0,0.0,0.0,0.009,0.0,0.0,0.0,0.0,0.0,0.0
EXO,227212067,,,,,,,,,,,SAFE,-5.466,-1.648,1.148,0.745,-0.122,-0.0,0.0,0.0,0.009,0.0,0.0,0.0,0.0,0.0,0.0
EXO,227312067,,,,,,,,,,,SAFE,-5.466,-1.648,1.148,0.745,-0.122,-0.0,0.0,0.0,0.009,0.0,0.0,0.0,0.0,0.0,0.0
EXO,227412068,,,,,,,,,,,SAFE,-5.466,-1.648,1.148,0.745,-0.122,-0.0,0.0,0.0,0.009,0.0,0.0,0.0,0.0,0.0,0.0
EXO,227512067,,,,,,,,,,,SAFE,-5.466,-1.648,1.148,0.745,-0.122,-0.0,0.0,0.0,0.009,0.0,0.0,0.0,0.0,0.0,0.0
EXO,227612067,,,,,,,,,,,SAFE,-5.466,-1.648,1.148,0.745,-0.122,-0.0,0.0,0.0,0.009,0.0,0.0,0.0,0.0,0.0,0.0
EXO,227712067,,,,,,,,,,,SAFE,-5.466,-1.648,1.148,0.745,-0.122,-0.0,0.0,0.0,0.009,0.0,0.0,0.0,0.0,0.0,0.0
EXO,227812067,,,,,,,,,,,SAFE,-5.466,-1.648,1.148,0.745,-0.122,-0.0,0.0,0.0,0.009,0.0,0.0,0.0,0.0,0.0,0.0
EXO,227912068,,,,,,,,,,,SAFE,-5.466,-1.648,1.148,0.745,-0.122,-0.0,0.0,0.0,0.009,0.0,0.0,0.0,0.0,0.0,0.0
EXO,228012067,,,,,,,,,,,SAFE,-5.466,-1.648,1.148,0.745,-0.122,-0.0,0.0,0.0,0.009,0.0,0.0,0.0,0.0,0.0,0.0
EXO,228112067,,,,,,,,,,,SAFE,-5.466,-1.648,1.148,0.745,-0.122,-0.0,0.0,0.0,0.009,0.0,0.0,0.0,0.0,0.0,0.0
EXO,228212067,,,,,,,,,,,SAFE,-5.466,-1.648,1.148,0.745,-0.122,-0.0,0.0,0.0,0.009,0.0,0.0,0.0,0.0,0.0,0.0
EXO,228312067,,,,,,,,,,,SAFE,-5.466,-1.648,1.148,0.745,-0.122,-0.0,0.0,0.0,0.009,0.0,0.0,0.0,0.0,0.0,0.0
EXO,228412068,,,,,,,,,,,SAFE,-5.466,-1.648,1.148,0.745,-0.122,-0.0,0.0,0.0,0.009,0.0,0.0,0.0,0.0,0.0,0.0
EXO,228512067,,,,,,,,,,,SAFE,-5.466,-1.648,1.148,0.745,-0.122,-0.0,0.0,0.0,0.009,0.0,0.0,0.0,0.0,0.0,0.0
EXO,228612067,,,,,,,,,,,SAFE,-5.466,-1.648,1.148,0.745,-0.122,-0.0,0.0,0.0,0.009,0.0,0.0,0.0,0.0,0.0,0.0
EXO,228712067,,,,,,,,,,,SAFE,-5.466,-1.648,1.148,0.745,-0.122,-0.0,0.0,0.0,0.009,0.0,0.0,0.0,0.0,0.0,0.0
EXO,228812067,,,,,,,,,,,SAFE,-5.466,-1.648,1.148,0.745,-0.122,-0.0,0.0,0.0,0.009,0.0,0.0,0.0,0.0,0.0,0.0
EXO,228912068,,,,,,,,,,,SAFE,-5.466,-1.648,1.148,0.745,-0.122,-0.0,0.0,0.0,0.009,0.0,0.0,0.0,0.0,0.0,0.0
EXO,229012067,,,,,,,,,,,SAFE,-5.466,-1.648,1.148,0.745,-0.122,-0.0,0.0,0.0,0.009,0.0,0.0,0.0,0.0,0.0,0.0
EXO,229112067,,,,,,,,,,,SAFE,-5.466,-1.648,1.148,0.745,-0.122,-0.0,0.0,0.0,0.009,0.0,0.0,0.0,0.0,0.0,0.0
EXO,229212067,,,,,,,,,,,SAFE,-5.466,-1.648,1.148,0.745,-0.122,-0.0,0.0,0.0,0.009,0.0,0.0,0.0,0.0,0.0,0.0
EXO,229312067,,,,,,,,,,,SAFE,-5.466,-1.648,1.148,0.745,-0.122,-0.0,0.0,0.0,0.009,0.0,0.0,0.0,0.0,0.0,0.0
EXO,229412068,,,,,,,,,,,SAFE,-5.466,-1.648,1.148,0.745,-0.122,-0.0,0.0,0.0,0.009,0.0,0.0,0.0,0.0,0.0,0.0
EXO,229512067,,,,,,,,,,,SAFE,-5.466,-1.648,1.148,0.745,-0.122,-0.0,0.0,0.0,0.009,0.0,0.0,0.0,0.0,0.0,0.0
EXO,229612067,,,,,,,,,,,SAFE,-5.466,-1.648,1.148,0.745,-0.122,-0.0,0.0,0.0,0.009,0.0,0.0,0.0,0.0,0.0,0.0
EXO,229712067,,,,,,,,,,,SAFE,-5.466,-1.648,1.148,0.745,-0.122,-0.0,0.0,0.0,0.009,0.0,0.0,0.0,0.0,0.0,0.0
EXO,229812067,,,,,,,,,,,SAFE,-5.466,-1.648,1.148,0.745,-0.122,-0.0,0.0,0.0,0.009,0.0,0.0,0.0,0.0,0.0,0.0
EXO,229912068,,,,,,,,,,,SAFE,-5.466,-1.648,1.148,0.745,-0.122,-0.0,0.0,0.0,0.009,0.0,0.0,0.0,0.0,0.0,0.0
EXO,230012067,,,,,,,,,,,SAFE,-5.466,-1.648,1.148,0.745,-0.122,-0.0,0.0,0.0,0.009,0.0,0.0,0.0,0.0,0.0,0.0
EXO,230112067,,,,,,,,,,,SAFE,-5.466,-1.648,1.148,0.745,-0.122,-0.0,0.0,0.0,0.009,0.0,0.0,0.0,0.0,0.0,0.0
EXO,230212067,,,,,,,,,,,SAFE,-5.466,-1.648,1.148,0.745,-0.122,-0.0,0.0,0.0,0.009,0.0,0.0,0.0,0.0,0.0,0.0
EXO,230312067,,,,,,,,,,,SAFE,-5.466,-1.648,1.148,0.745,-0.122,-0.0,0.0,0.0,0.009,0.0,0.0,0.0,0.0,0.0,0.0
EXO,230412068,,,,,,,,,,,SAFE,-5.466,-1.648,1.148,0.745,-0.122,-0.0,0.0,0.0,0.009,0.0,0.0,0.0,0.0,0.0,0.0
EXO,230512067,,,,,,,,,,,SAFE,-5.466,-1.648,1.148,0.745,-0.122,-0.0,0.0,0.0,0.009,0.0,0.0,0.0,0.0,0.0,0.0
EXO,230612067,,,,,,,,,,,SAFE,-5.466,-1.648,1.148,0.745,-0.122,-0.0,0.0,0.0,0.009,0.0,0.0,0.0,0.0,0.0,0.0
EXO,230712067,,,,,,,,,,,SAFE,-5.466,-1.648,1.148,0.745,-0.122,-0.0,0.0,0.0,0.009,0.0,0.0,0.0,0.0,0.0,0.0
EXO,230812067,,,,,,,,,,,SAFE,-5.466,-1.648,1.148,0.745,-0.122,-0.0,0.0,0.0,0.009,0.0,0.0,0.0,0.0,0.0,0.0
EXO,230912068,,,,,,,,,,,SAFE,-5.466,-1.648,1.148,0.745,-0.122,-0.0,0.0,0.0,0.009,0.0,0.0,0.0,0.0,0.0,0.0
EXO,231012067,,,,,,,,,,,SAFE,-5.466,-1.648,1.148,0.745,-0.122,-0.0,0.0,0.0,0.009,0.0,0.0,0.0,0.0,0.0,0.0
EXO,231112067,,,,,,,,,,,SAFE,-5.466,-1.648,1.148,0.745,-0.122,-0.0,0.0,0.0,0.009,0.0,0.0,0.0,0.0,0.0,0.0
EXO,231212067,,,,,,,,,,,SAFE,-5.466,-1.648,1.148,0.745,-0.122,-0.0,0.0,0.0,0.009,0.0,0.0,0.0,0.0,0.0,0.0
EXO,231312067,,,,,,,,,,,SAFE,-5.466,-1.648,1.148,0.745,-0.122,-0.0,0.0,0.0,0.009,0.0,0.0,0.0,0.0,0.0,0.0
EXO,231412068,,,,,,,,,,,SAFE,-5.466,-1.648,1.148,0.745,-0.122,-0.0,0.0,0.0,0.009,0.0,0.0,0.0,0.0,0.0,0.0
EXO,231512067,,,,,,,,,,,SAFE,-5.466,-1.648,1.148,0.745,-0.122,-0.0,0.0,0.0,0.009,0.0,0.0,0.0,0.0,0.0,0.0
EXO,231612067,,,,,,,,,,,SAFE,-5.466,-1.648,1.148,0.745,-0.122,-0.0,0.0,0.0,0.009,0.0,0.0,0.0,0.0,0.0,0.0
EXO,231712067,,,,,,,,,,,SAFE,-5.466,-1.648,1.148,0.745,-0.122,-0.0,0.0,0.0,0.009,0.0,0.0,0.0,0.0,0.0,0.0
EXO,231812067,,,,,,,,,,,SAFE,-5.466,-1.648,1.148,0.745,-0.122,-0.0,0.0,0.0,0.009,0.0,0.0,0.0,0.0,0.0,0.0
EXO,231912068,,,,,,,,,,,SAFE,-5.466,-1.648,1.148,0.745,-0.122,-0.0,0.0,0.0,0.009,0.0,0.0,0.0,0.0,0.0,0.0
EXO,232012067,,,,,,,,,,,SAFE,-5.466,-1.648,1.148,0.745,-0.122,-0.0,0.0,0.0,0.009,0.0,0.0,0.0,0.0,0.0,0.0
EXO,232112067,,,,,,,,,,,SAFE,-5.466,-1.648,1.148,0.745,-0.122,-0.0,0.0,0.0,0.009,0.0,0.0,0.0,0.0,0.0,0.0
EXO,232212067,,,,,,,,,,,SAFE,-5.466,-1.648,1.148,0.745,-0.122,-0.0,0.0,0.0,0.009,0.0,0.0,0.0,0.0,0.0,0.0
EXO,232312067,,,,,,,,,,,SAFE,-5.466,-1.648,1.148,0.745,-0.122,-0.0,0.0,0.0,0.009,0.0,0.0,0.0,0.0,0.0,0.0
EXO,232412068,,,,,,,,,,,SAFE,-5.466,-1.648,1.148,0.745,-0.122,-0.0,0.0,0.0,0.009,0.0,0.0,0.0,0.0,0.0,0.0
EXO,232512067,,,,,,,,,,,SAFE,-5.466,-1.648,1.148,0.745,-0.122,-0.0,0.0,0.0,0.009,0.0,0.0,0.0,0.0,0.0,0.0
EXO,232612067,,,,,,,,,,,SAFE,-5.466,-1.648,1.148,0.745,-0.122,-0.0,0.0,0.0,0.009,0.0,0.0,0.0,0.0,0.0,0.0
EXO,232712067,,,,,,,,,,,SAFE,-5.466,-1.648,1.148,0.745,-0.122,-0.0,0.0,0.0,0.009,0.0,0.0,0.0,0.0,0.0,0.0
EXO,232812067,,,,,,,,,,,SAFE,-5.466,-1.648,1.148,0.745,-0.122,-0.0,0.0,0.0,0.009,0.0,0.0,0.0,0.0,0.0,0.0
EXO,232912068,,,,,,,,,,,SAFE,-5.466,-1.648,1.148,0.745,-0.122,-0.0,0.0,0.0,0.009,0.0,0.0,0.0,0.0,0.0,0.0
EXO,233012067,,,,,,,,,,,SAFE,-5.466,-1.648,1.148,0.745,-0.122,-0.0,0.0,0.0,0.009,0.0,0.0,0.0,0.0,0.0,0.0
EXO,233112067,,,,,,,,,,,SAFE,-5.466,-1.648,1.148,0.745,-0.122,-0.0,0.0,0.0,0.009,0.0,0.0,0.0,0.0,0.0,0.0
EXO,233212067,,,,,,,,,,,SAFE,-5.466,-1.648,1.148,0.745,-0.122,-0.0,0.0,0.0,0.009,0.0,0.0,0.0,0.0,0.0,0.0
EXO,233312067,,,,,,,,,,,SAFE,-5.466,-1.648,1.148,0.745,-0.122,-0.0,0.0,0.0,0.009,0.0,0.0,0.0,0.0,0.0,0.0
EXO,233412068,,,,,,,,,,,SAFE,-5.466,-1.648,1.148,0.745,-0.122,-0.0,0.0,0.0,0.009,0.0,0.0,0.0,0.0,0.0,0.0
EXO,233512067,,,,,,,,,,,SAFE,-5.466,-1.648,1.148,0.745,-0.122,-0.0,0.0,0.0,0.009,0.0,0.0,0.0,0.0,0.0,0.0
EXO,233612067,,,,,,,,,,,SAFE,-5.466,-1.648,1.148,0.745,-0.122,-0.0,0.0,0.0,0.009,0.0,0.0,0.0,0.0,0.0,0.0
EXO,233712067,,,,,,,,,,,SAFE,-5.466,-1.648,1.148,0.745,-0.122,-0.0,0.0,0.0,0.009,0.0,0.0,0.0,0.0,0.0,0.0
EXO,233812067,,,,,,,,,,,SAFE,-5.466,-1.648,1.148,0.745,-0.122,-0.0,0.0,0.0,0.009,0.0,0.0,0.0,0.0,0.0,0.0
EXO,233912068,,,,,,,,,,,SAFE,-5.466,-1.648,1.148,0.745,-0.122,-0.0,0.0,0.0,0.009,0.0,0.0,0.0,0.0,0.0,0.0
EXO,234012067,,,,,,,,,,,SAFE,-5.466,-1.648,1.148,0.745,-0.122,-0.0,0.0,0.0,0.009,0.0,0.0,0.0,0.0,0.0,0.0
EXO,234112067,,,,,,,,,,,SAFE,-5.466,-1.648,1.148,0.745,-0.122,-0.0,0.0,0.0,0.009,0.0,0.0,0.0,0.0,0.0,0.0
EXO,234212067,,,,,,,,,,,SAFE,-5.466,-1.648,1.148,0.745,-0.122,-0.0,0.0,0.0,0.009,0.0,0.0,0.0,0.0,0.0,0.0
EXO,234312067,,,,,,,,,,,SAFE,-5.466,-1.648,1.148,0.745,-0.122,-0.0,0.0,0.0,0.009,0.0,0.0,0.0,0.0,0.0,0.0
EXO,234412068,,,,,,,,,,,SAFE,-5.466,-1.648,1.148,0.745,-0.122,-0.0,0.0,0.0,0.009,0.0,0.0,0.0,0.0,0.0,0.0
EXO,234512067,,,,,,,,,,,SAFE,-5.466,-1.648,1.148,0.745,-0.122,-0.0,0.0,0.0,0.009,0.0,0.0,0.0,0.0,0.0,0.0
EXO,234612067,,,,,,,,,,,SAFE,-5.466,-1.648,1.148,0.745,-0.122,-0.0,0.0,0.0,0.009,0.0,0.0,0.0,0.0,0.0,0.0
EXO,234712067,,,,,,,,,,,SAFE,-5.466,-1.648,1.148,0.745,-0.122,-0.0,0.0,0.0,0.009,0.0,0.0,0.0,0.0,0.0,0.0
EXO,234812067,,,,,,,,,,,SAFE,-5.466,-1.648,1.148,0.745,-0.122,-0.0,0.0,0.0,0.009,0.0,0.0,0.0,0.0,0.0,0.0
EXO,234912068,,,,,,,,,,,SAFE,-5.466,-1.648,1.148,0.745,-0.122,-0.0,0.0,0.0,0.009,0.0,0.0,0.0,0.0,0.0,0.0
EXO,235012067,,,,,,,,,,,SAFE,-5.466,-1.648,1.148,0.745,-0.122,-0.0,0.0,0.0,0.009,0.0,0.0,0.0,0.0,0.0,0.0
EXO,235112067,,,,,,,,,,,SAFE,-5.466,-1.648,1.148,0.745,-0.122,-0.0,0.0,0.0,0.009,0.0,0.0,0.0,0.0,0.0,0.0
EXO,235212067,,,,,,,,,,,SAFE,-5.466,-1.648,1.148,0.745,-0.122,-0.0,0.0,0.0,0.009,0.0,0.0,0.0,0.0,0.0,0.0
EXO,235312067,,,,,,,,,,,SAFE,-5.466,-1.648,1.148,0.745,-0.122,-0.0,0.0,0.0,0.009,0.0,0.0,0.0,0.0,0.0,0.0
EXO,235412068,,,,,,,,,,,SAFE,-5.466,-1.648,1.148,0.745,-0.122,-0.0,0.0,0.0,0.009,0.0,0.0,0.0,0.0,0.0,0.0
EXO,235512067,,,,,,,,,,,SAFE,-5.466,-1.648,1.148,0.745,-0.122,-0.0,0.0,0.0,0.009,0.0,0.0,0.0,0.0,0.0,0.0
EXO,235612067,,,,,,,,,,,SAFE,-5.466,-1.648,1.148,0.745,-0.122,-0.0,0.0,0.0,0.009,0.0,0.0,0.0,0.0,0.0,0.0
EXO,235712067,,,,,,,,,,,SAFE,-5.466,-1.648,1.148,0.745,-0.122,-0.0,0.0,0.0,0.009,0.0,0.0,0.0,0.0,0.0,0.0
EXO,235812067,,,,,,,,,,,SAFE,-5.466,-1.648,1.148,0.745,-0.122,-0.0,0.0,0.0,0.009,0.0,0.0,0.0,0.0,0.0,0.0
EXO,235912068,,,,,,,,,,,SAFE,-5.466,-1.648,1.148,0.745,-0.122,-0.0,0.0,0.0,0.009,0.0,0.0,0.0,0.0,0.0,0.0
EXO,236012067,,,,,,,,,,,SAFE,-5.466,-1.648,1.148,0.745,-0.122,-0.0,0.0,0.0,0.009,0.0,0.0,0.0,0.0,0.0,0.0
EXO,236112067,,,,,,,,,,,SAFE,-5.466,-1.648,1.148,0.745,-0.122,-0.0,0.0,0.0,0.009,0.0,0.0,0.0,0.0,0.0,0.0
EXO,236212067,,,,,,,,,,,SAFE,-5.466,-1.648,1.148,0.745,-0.122,-0.0,0.0,0.0,0.009,0.0,0.0,0.0,0.0,0.0,0.0
EXO,236312067,,,,,,,,,,,SAFE,-5.466,-1.648,1.148,0.745,-0.122,-0.0,0.0,0.0,0.009,0.0,0.0,0.0,0.0,0.0,0.0
EXO,236412068,,,,,,,,,,,SAFE,-5.466,-1.648,1.148,0.745,-0.122,-0.0,0.0,0.0,0.009,0.0,0.0,0.0,0.0,0.0,0.0
EXO,236512067,,,,,,,,,,,SAFE,-5.466,-1.648,1.148,0.745,-0.122,-0.0,0.0,0.0,0.009,0.0,0.0,0.0,0.0,0.0,0.0
EXO,236612067,,,,,,,,,,,SAFE,-5.466,-1.648,1.148,0.745,-0.122,-0.0,0.0,0.0,0.009,0.0,0.0,0.0,0.0,0.0,0.0
EXO,236712067,,,,,,,,,,,SAFE,-5.466,-1.648,1.148,0.745,-0.122,-0.0,0.0,0.0,0.009,0.0,0.0,0.0,0.0,0.0,0.0
EXO,236812067,,,,,,,,,,,SAFE,-5.466,-1.648,1.148,0.745,-0.122,-0.0,0.0,0.0,0.009,0.0,0.0,0.0,0.0,0.0,0.0
EXO,236912068,,,,,,,,,,,SAFE,-5.466,-1.648,1.148,0.745,-0.122,-0.0,0.0,0.0,0.009,0.0,0.0,0.0,0.0,0.0,0.0
EXO,237012067,,,,,,,,,,,SAFE,-5.466,-1.648,1.148,0.745,-0.122,-0.0,0.0,0.0,0.009,0.0,0.0,0.0,0.0,0.0,0.0
EXO,237112067,,,,,,,,,,,SAFE,-5.466,-1.648,1.148,0.745,-0.122,-0.0,0.0,0.0,0.009,0.0,0.0,0.0,0.0,0.0,0.0
EXO,237212067,,,,,,,,,,,SAFE,-5.466,-1.648,1.148,0.745,-0.122,-0.0,0.0,0.0,0.009,0.0,0.0,0.0,0.0,0.0,0.0
EXO,237312067,,,,,,,,,,,SAFE,-5.466,-1.648,1.148,0.745,-0.122,-0.0,0.0,0.0,0.009,0.0,0.0,0.0,0.0,0.0,0.0
EXO,237412068,,,,,,,,,,,SAFE,-5.466,-1.648,1.148,0.745,-0.122,-0.0,0.0,0.0,0.009,0.0,0.0,0.0,0.0,0.0,0.0
EXO,237512067,,,,,,,,,,,SAFE,-5.466,-1.648,1.148,0.745,-0.122,-0.0,0.0,0.0,0.009,0.0,0.0,0.0,0.0,0.0,0.0
EXO,237612067,,,,,,,,,,,SAFE,-5.466,-1.648,1.148,0.745,-0.122,-0.0,0.0,0.0,0.009,0.0,0.0,0.0,0.0,0.0,0.0
EXO,237712067,,,,,,,,,,,SAFE,-5.466,-1.648,1.148,0.745,-0.122,-0.0,0.0,0.0,0.009,0.0,0.0,0.0,0.0,0.0,0.0
EXO,237812067,,,,,,,,,,,SAFE,-5.466,-1.648,1.148,0.745,-0.122,-0.0,0.0,0.0,0.009,0.0,0.0,0.0,0.0,0.0,0.0
EXO,237912068,,,,,,,,,,,SAFE,-5.466,-1.648,1.148,0.745,-0.122,-0.0,0.0,0.0,0.009,0.0,0.0,0.0,0.0,0.0,0.0
EXO,238012067,,,,,,,,,,,SAFE,-5.466,-1.648,1.148,0.745,-0.122,-0.0,0.0,0.0,0.009,0.0,0.0,0.0,0.0,0.0,0.0
EXO,238112067,,,,,,,,,,,SAFE,-5.466,-1.648,1.148,0.745,-0.122,-0.0,0.0,0.0,0.009,0.0,0.0,0.0,0.0,0.0,0.0
EXO,238212067,,,,,,,,,,,SAFE,-5.466,-1.648,1.148,0.745,-0.122,-0.0,0.0,0.0,0.009,0.0,0.0,0.0,0.0,0.0,0.0
EXO,238312067,,,,,,,,,,,SAFE,-5.466,-1.648,1.148,0.745,-0.122,-0.0,0.0,0.0,0.009,0.0,0.0,0.0,0.0,0.0,0.0
EXO,238412068,,,,,,,,,,,SAFE,-5.466,-1.648,1.148,0.745,-0.122,-0.0,0.0,0.0,0.009,0.0,0.0,0.0,0.0,0.0,0.0
EXO,238512067,,,,,,,,,,,SAFE,-5.466,-1.648,1.148,0.745,-0.122,-0.0,0.0,0.0,0.009,0.0,0.0,0.0,0.0,0.0,0.0
EXO,238612067,,,,,,,,,,,SAFE,-5.466,-1.648,1.148,0.745,-0.122,-0.0,0.0,0.0,0.009,0.0,0.0,0.0,0.0,0.0,0.0
EXO,238712067,,,,,,,,,,,SAFE,-5.466,-1.648,1.148,0.745,-0.122,-0.0,0.0,0.0,0.009,0.0,0.0,0.0,0.0,0.0,0.0
EXO,238812067,,,,,,,,,,,SAFE,-5.466,-1.648,1.148,0.745,-0.122,-0.0,0.0,0.0,0.009,0.0,0.0,0.0,0.0,0.0,0.0
EXO,238912068,,,,,,,,,,,SAFE,-5.466,-1.648,1.148,0.745,-0.122,-0.0,0.0,0.0,0.009,0.0,0.0,0.0,0.0,0.0,0.0
EXO,239012067,,,,,,,,,,,SAFE,-5.466,-1.648,1.148,0.745,-0.122,-0.0,0.0,0.0,0.009,0.0,0.0,0.0,0.0,0.0,0.0
EXO,239112067,,,,,,,,,,,SAFE,-5.466,-1.648,1.148,0.745,-0.122,-0.0,0.0,0.0,0.009,0.0,0.0,0.0,0.0,0.0,0.0
EXO,239212067,,,,,,,,,,,SAFE,-5.466,-1.648,1.148,0.745,-0.122,-0.0,0.0,0.0,0.009,0.0,0.0,0.0,0.0,0.0,0.0
EXO,239312067,,,,,,,,,,,SAFE,-5.466,-1.648,1.148,0.745,-0.122,-0.0,0.0,0.0,0.009,0.0,0.0,0.0,0.0,0.0,0.0
EXO,239412068,,,,,,,,,,,SAFE,-5.466,-1.648,1.148,0.745,-0.122,-0.0,0.0,0.0,0.009,0.0,0.0,0.0,0.0,0.0,0.0
EXO,239512067,,,,,,,,,,,SAFE,-5.466,-1.648,1.148,0.745,-0.122,-0.0,0.0,0.0,0.009,0.0,0.0,0.0,0.0,0.0,0.0
EXO,239612067,,,,,,,,,,,SAFE,-5.466,-1.648,1.148,0.745,-0.122,-0.0,0.0,0.0,0.009,0.0,0.0,0.0,0.0,0.0,0.0
EXO,239712067,,,,,,,,,,,SAFE,-5.466,-1.648,1.148,0.745,-0.122,-0.0,0.0,0.0,0.009,0.0,0.0,0.0,0.0,0.0,0.0
EXO,239812067,,,,,,,,,,,SAFE,-5.466,-1.648,1.148,0.745,-0.122,-0.0,0.0,0.0,0.009,0.0,0.0,0.0,0.0,0.0,0.0
EXO,239912068,,,,,,,,,,,SAFE,-5.466,-1.648,1.148,0.745,-0.122,-0.0,0.0,0.0,0.009,0.0,0.0,0.0,0.0,0.0,0.0
EXO,240012067,,,,,,,,,,,SAFE,-5.466,-1.648,1.148,0.745,-0.122,-0.0,0.0,0.0,0.009,0.0,0.0,0.0,0.0,0.0,0.0
EXO,240112067,,,,,,,,,,,SAFE,-5.466,-1.648,1.148,0.745,-0.122,-0.0,0.0,0.0,0.009,0.0,0.0,0.0,0.0,0.0,0.0
EXO,240212067,,,,,,,,,,,SAFE,-5.466,-1.648,1.148,0.745,-0.122,-0.0,0.0,0.0,0.009,0.0,0.0,0.0,0.0,0.0,0.0
EXO,240312067,,,,,,,,,,,SAFE,-5.466,-1.648,1.148,0.745,-0.122,-0.0,0.0,0.0,0.009,0.0,0.0,0.0,0.0,0.0,0.0
EXO,240412068,,,,,,,,,,,SAFE,-5.466,-1.648,1.148,0.745,-0.122,-0.0,0.0,0.0,0.009,0.0,0.0,0.0,0.0,0.0,0.0
EXO,240512067,,,,,,,,,,,SAFE,-5.466,-1.648,1.148,0.745,-0.122,-0.0,0.0,0.0,0.009,0.0,0.0,0.0,0.0,0.0,0.0
EXO,240612067,,,,,,,,,,,SAFE,-5.466,-1.648,1.148,0.745,-0.122,-0.0,0.0,0.0,0.009,0.0,0.0,0.0,0.0,0.0,0.0
EXO,240712067,,,,,,,,,,,SAFE,-5.466,-1.648,1.148,0.745,-0.122,-0.0,0.0,0.0,0.009,0.0,0.0,0.0,0.0,0.0,0.0
EXO,240812067,,,,,,,,,,,SAFE,-5.466,-1.648,1.148,0.745,-0.122,-0.0,0.0,0.0,0.009,0.0,0.0,0.0,0.0,0.0,0.0
EXO,240912068,,,,,,,,,,,SAFE,-5.466,-1.648,1.148,0.745,-0.122,-0.0,0.0,0.0,0.009,0.0,0.0,0.0,0.0,0.0,0.0
EXO,241012067,,,,,,,,,,,SAFE,-5.466,-1.648,1.148,0.745,-0.122,-0.0,0.0,0.0,0.009,0.0,0.0,0.0,0.0,0.0,0.0
EXO,241112067,,,,,,,,,,,SAFE,-5.466,-1.648,1.148,0.745,-0.122,-0.0,0.0,0.0,0.009,0.0,0.0,0.0,0.0,0.0,0.0
EXO,241212067,,,,,,,,,,,SAFE,-5.466,-1.648,1.148,0.745,-0.122,-0.0,0.0,0.0,0.009,0.0,0.0,0.0,0.0,0.0,0.0
EXO,241312067,,,,,,,,,,,SAFE,-5.466,-1.648,1.148,0.745,-0.122,-0.0,0.0,0.0,0.009,0.0,0.0,0.0,0.0,0.0,0.0
EXO,241412068,,,,,,,,,,,SAFE,-5.466,-1.648,1.148,0.745,-0.122,-0.0,0.0,0.0,0.009,0.0,0.0,0.0,0.0,0.0,0.0
EXO,241512067,,,,,,,,,,,SAFE,-5.466,-1.648,1.148,0.745,-0.122,-0.0,0.0,0.0,0.009,0.0,0.0,0.0,0.0,0.0,0.0
EXO,241612067,,,,,,,,,,,SAFE,-5.466,-1.648,1.148,0.745,-0.122,-0.0,0.0,0.0,0.009,0.0,0.0,0.0,0.0,0.0,0.0
EXO,241712067,,,,,,,,,,,SAFE,-5.466,-1.648,1.148,0.745,-0.122,-0.0,0.0,0.0,0.009,0.0,0.0,0.0,0.0,0.0,0.0
EXO,241812067,,,,,,,,,,,SAFE,-5.466,-1.648,1.148,0.745,-0.122,-0.0,0.0,0.0,0.009,0.0,0.0,0.0,0.0,0.0,0.0
EXO,241912068,,,,,,,,,,,SAFE,-5.466,-1.648,1.148,0.745,-0.122,-0.0,0.0,0.0,0.009,0.0,0.0,0.0,0.0,0.0,0.0
EXO,242012067,,,,,,,,,,,SAFE,-5.466,-1.648,1.148,0.745,-0.122,-0.0,0.0,0.0,0.009,0.0,0.0,0.0,0.0,0.0,0.0
EXO,242112067,,,,,,,,,,,SAFE,-5.466,-1.648,1.148,0.745,-0.122,-0.0,0.0,0.0,0.009,0.0,0.0,0.0,0.0,0.0,0.0
EXO,242212067,,,,,,,,,,,SAFE,-5.466,-1.648,1.148,0.745,-0.122,-0.0,0.0,0.0,0.009,0.0,0.0,0.0,0.0,0.0,0.0
EXO,242312067,,,,,,,,,,,SAFE,-5.466,-1.648,1.148,0.745,-0.122,-0.0,0.0,0.0,0.009,0.0,0.0,0.0,0.0,0.0,0.0
EXO,242412068,,,,,,,,,,,SAFE,-5.466,-1.648,1.148,0.745,-0.122,-0.0,0.0,0.0,0.009,0.0,0.0,0.0,0.0,0.0,0.0
EXO,242512067,,,,,,,,,,,SAFE,-5.466,-1.648,1.148,0.745,-0.122,-0.0,0.0,0.0,0.009,0.0,0.0,0.0,0.0,0.0,0.0
EXO,242612067,,,,,,,,,,,SAFE,-5.466,-1.648,1.148,0.745,-0.122,-0.0,0.0,0.0,0.009,0.0,0.0,0.0,0.0,0.0,0.0
EXO,242712067,,,,,,,,,,,SAFE,-5.466,-1.648,1.148,0.745,-0.122,-0.0,0.0,0.0,0.009,0.0,0.0,0.0,0.0,0.0,0.0
EXO,242812067,,,,,,,,,,,SAFE,-5.466,-1.648,1.148,0.745,-0.122,-0.0,0.0,0.0,0.009,0.0,0.0,0.0,0.0,0.0,0.0
EXO,242912068,,,,,,,,,,,SAFE,-5.466,-1.648,1.148,0.745,-0.122,-0.0,0.0,0.0,0.009,0.0,0.0,0.0,0.0,0.0,0.0
EXO,243012067,,,,,,,,,,,SAFE,-5.466,-1.648,1.148,0.745,-0.122,-0.0,0.0,0.0,0.009,0.0,0.0,0.0,0.0,0.0,0.0
EXO,243112067,,,,,,,,,,,SAFE,-5.466,-1.648,1.148,0.745,-0.122,-0.0,0.0,0.0,0.009,0.0,0.0,0.0,0.0,0.0,0.0
EXO,243212067,,,,,,,,,,,SAFE,-5.466,-1.648,1.148,0.745,-0.122,-0.0,0.0,0.0,0.009,0.0,0.0,0.0,0.0,0.0,0.0
EXO,243312067,,,,,,,,,,,SAFE,-5.466,-1.648,1.148,0.745,-0.122,-0.0,0.0,0.0,0.009,0.0,0.0,0.0,0.0,0.0,0.0
EXO,243412068,,,,,,,,,,,SAFE,-5.466,-1.648,1.148,0.745,-0.122,-0.0,0.0,0.0,0.009,0.0,0.0,0.0,0.0,0.0,0.0
EXO,243512067,,,,,,,,,,,SAFE,-5.466,-1.648,1.148,0.745,-0.122,-0.0,0.0,0.0,0.009,0.0,0.0,0.0,0.0,0.0,0.0
EXO,243612067,,,,,,,,,,,SAFE,-5.466,-1.648,1.148,0.745,-0.122,-0.0,0.0,0.0,0.009,0.0,0.0,0.0,0.0,0.0,0.0
EXO,243712067,,,,,,,,,,,SAFE,-5.466,-1.648,1.148,0.745,-0.122,-0.0,0.0,0.0,0.009,0.0,0.0,0.0,0.0,0.0,0.0
EXO,243812067,,,,,,,,,,,SAFE,-5.466,-1.648,1.148,0.745,-0.122,-0.0,0.0,0.0,0.009,0.0,0.0,0.0,0.0,0.0,0.0
EXO,243912068,,,,,,,,,,,SAFE,-5.466,-1.648,1.148,0.745,-0.122,-0.0,0.0,0.0,0.009,0.0,0.0,0.0,0.0,0.0,0.0
EXO,244012067,,,,,,,,,,,SAFE,-5.466,-1.648,1.148,0.745,-0.122,-0.0,0.0,0.0,0.009,0.0,0.0,0.0,0.0,0.0,0.0
EXO,244112067,,,,,,,,,,,SAFE,-5.466,-1.648,1.148,0.745,-0.122,-0.0,0.0,0.0,0.009,0.0,0.0,0.0,0.0,0.0,0.0
EXO,244212067,,,,,,,,,,,SAFE,-5.466,-1.648,1.148,0.745,-0.122,-0.0,0.0,0.0,0.009,0.0,0.0,0.0,0.0,0.0,0.0
EXO,244312067,,,,,,,,,,,SAFE,-5.466,-1.648,1.148,0.745,-0.122,-0.0,0.0,0.0,0.009,0.0,0.0,0.0,0.0,0.0,0.0
EXO,244412068,,,,,,,,,,,SAFE,-5.466,-1.648,1.148,0.745,-0.122,-0.0,0.0,0.0,0.009,0.0,0.0,0.0,0.0,0.0,0.0
EXO,244512067,,,,,,,,,,,SAFE,-5.466,-1.648,1.148,0.745,-0.122,-0.0,0.0,0.0,0.009,0.0,0.0,0.0,0.0,0.0,0.0
EXO,244612067,,,,,,,,,,,SAFE,-5.466,-1.648,1.148,0.745,-0.122,-0.0,0.0,0.0,0.009,0.0,0.0,0.0,0.0,0.0,0.0
EXO,244712067,,,,,,,,,,,SAFE,-5.466,-1.648,1.148,0.745,-0.122,-0.0,0.0,0.0,0.009,0.0,0.0,0.0,0.0,0.0,0.0
EXO,244812067,,,,,,,,,,,SAFE,-5.466,-1.648,1.148,0.745,-0.122,-0.0,0.0,0.0,0.009,0.0,0.0,0.0,0.0,0.0,0.0
EXO,244912068,,,,,,,,,,,SAFE,-5.466,-1.648,1.148,0.745,-0.122,-0.0,0.0,0.0,0.009,0.0,0.0,0.0,0.0,0.0,0.0
EXO,245012067,,,,,,,,,,,SAFE,-5.466,-1.648,1.148,0.745,-0.122,-0.0,0.0,0.0,0.009,0.0,0.0,0.0,0.0,0.0,0.0
EXO,245112067,,,,,,,,,,,SAFE,-5.466,-1.648,1.148,0.745,-0.122,-0.0,0.0,0.0,0.009,0.0,0.0,0.0,0.0,0.0,0.0
EXO,245212067,,,,,,,,,,,SAFE,-5.466,-1.648,1.148,0.745,-0.122,-0.0,0.0,0.0,0.009,0.0,0.0,0.0,0.0,0.0,0.0
EXO,245312067,,,,,,,,,,,SAFE,-5.466,-1.648,1.148,0.745,-0.122,-0.0,0.0,0.0,0.009,0.0,0.0,0.0,0.0,0.0,0.0
EXO,245412068,,,,,,,,,,,SAFE,-5.466,-1.648,1.148,0.745,-0.122,-0.0,0.0,0.0,0.009,0.0,0.0,0.0,0.0,0.0,0.0
EXO,245512067,,,,,,,,,,,SAFE,-5.466,-1.648,1.148,0.745,-0.122,-0.0,0.0,0.0,0.009,0.0,0.0,0.0,0.0,0.0,0.0
EXO,245612067,,,,,,,,,,,SAFE,-5.466,-1.648,1.148,0.745,-0.122,-0.0,0.0,0.0,0.009,0.0,0.0,0.0,0.0,0.0,0.0
EXO,245712067,,,,,,,,,,,SAFE,-5.466,-1.648,1.148,0.745,-0.122,-0.0,0.0,0.0,0.009,0.0,0.0,0.0,0.0,0.0,0.0
EXO,245812067,,,,,,,,,,,SAFE,-5.466,-1.648,1.148,0.745,-0.122,-0.0,0.0,0.0,0.009,0.0,0.0,0.0,0.0,0.0,0.0
EXO,245912068,,,,,,,,,,,SAFE,-5.466,-1.648,1.148,0.745,-0.122,-0.0,0.0,0.0,0.009,0.0,0.0,0.0,0.0,0.0,0.0
EXO,246012067,,,,,,,,,,,SAFE,-5.466,-1.648,1.148,0.745,-0.122,-0.0,0.0,0.0,0.009,0.0,0.0,0.0,0.0,0.0,0.0
EXO,246112067,,,,,,,,,,,SAFE,-5.466,-1.648,1.148,0.745,-0.122,-0.0,0.0,0.0,0.009,0.0,0.0,0.0,0.0,0.0,0.0
EXO,246212067,,,,,,,,,,,SAFE,-5.466,-1.648,1.148,0.745,-0.122,-0.0,0.0,0.0,0.009,0.0,0.0,0.0,0.0,0.0,0.0
EXO,246312067,,,,,,,,,,,SAFE,-5.466,-1.648,1.148,0.745,-0.122,-0.0,0.0,0.0,0.009,0.0,0.0,0.0,0.0,0.0,0.0
EXO,246412068,,,,,,,,,,,SAFE,-5.466,-1.648,1.148,0.745,-0.122,-0.0,0.0,0.0,0.009,0.0,0.0,0.0,0.0,0.0,0.0
EXO,246512067,,,,,,,,,,,SAFE,-5.466,-1.648,1.148,0.745,-0.122,-0.0,0.0,0.0,0.009,0.0,0.0,0.0,0.0,0.0,0.0
EXO,246612067,,,,,,,,,,,SAFE,-5.466,-1.648,1.148,0.745,-0.122,-0.0,0.0,0.0,0.009,0.0,0.0,0.0,0.0,0.0,0.0
EXO,246712067,,,,,,,,,,,SAFE,-5.466,-1.648,1.148,0.745,-0.122,-0.0,0.0,0.0,0.009,0.0,0.0,0.0,0.0,0.0,0.0
EXO,246812067,,,,,,,,,,,SAFE,-5.466,-1.648,1.148,0.745,-0.122,-0.0,0.0,0.0,0.009,0.0,0.0,0.0,0.0,0.0,0.0
EXO,246912068,,,,,,,,,,,SAFE,-5.466,-1.648,1.148,0.745,-0.122,-0.0,0.0,0.0,0.009,0.0,0.0,0.0,0.0,0.0,0.0
EXO,247012067,,,,,,,,,,,SAFE,-5.466,-1.648,1.148,0.745,-0.122,-0.0,0.0,0.0,0.009,0.0,0.0,0.0,0.0,0.0,0.0
EXO,247112067,,,,,,,,,,,SAFE,-5.466,-1.648,1.148,0.745,-0.122,-0.0,0.0,0.0,0.009,0.0,0.0,0.0,0.0,0.0,0.0
EXO,247212067,,,,,,,,,,,SAFE,-5.466,-1.648,1.148,0.745,-0.122,-0.0,0.0,0.0,0.009,0.0,0.0,0.0,0.0,0.0,0.0
EXO,247312067,,,,,,,,,,,SAFE,-5.466,-1.648,1.148,0.745,-0.122,-0.0,0.0,0.0,0.009,0.0,0.0,0.0,0.0,0.0,0.0
EXO,247412068,,,,,,,,,,,SAFE,-5.466,-1.648,1.148,0.745,-0.122,-0.0,0.0,0.0,0.009,0.0,0.0,0.0,0.0,0.0,0.0
EXO,247512067,,,,,,,,,,,SAFE,-5.466,-1.648,1.148,0.745,-0.122,-0.0,0.0,0.0,0.009,0.0,0.0,0.0,0.0,0.0,0.0
EXO,247612067,,,,,,,,,,,SAFE,-5.466,-1.648,1.148,0.745,-0.122,-0.0,0.0,0.0,0.009,0.0,0.0,0.0,0.0,0.0,0.0
EXO,247712067,,,,,,,,,,,SAFE,-5.466,-1.648,1.148,0.745,-0.122,-0.0,0.0,0.0,0.009,0.0,0.0,0.0,0.0,0.0,0.0
EXO,247812067,,,,,,,,,,,SAFE,-5.466,-1.648,1.148,0.745,-0.122,-0.0,0.0,0.0,0.009,0.0,0.0,0.0,0.0,0.0,0.0
EXO,247912068,,,,,,,,,,,SAFE,-5.466,-1.648,1.148,0.745,-0.122,-0.0,0.0,0.0,0.009,0.0,0.0,0.0,0.0,0.0,0.0
EXO,248012067,,,,,,,,,,,SAFE,-5.466,-1.648,1.148,0.745,-0.122,-0.0,0.0,0.0,0.009,0.0,0.0,0.0,0.0,0.0,0.0
EXO,248112067,,,,,,,,,,,SAFE,-5.466,-1.648,1.148,0.745,-0.122,-0.0,0.0,0.0,0.009,0.0,0.0,0.0,0.0,0.0,0.0
EXO,248212067,,,,,,,,,,,SAFE,-5.466,-1.648,1.148,0.745,-0.122,-0.0,0.0,0.0,0.009,0.0,0.0,0.0,0.0,0.0,0.0
EXO,248312067,,,,,,,,,,,SAFE,-5.466,-1.648,1.148,0.745,-0.122,-0.0,0.0,0.0,0.009,0.0,0.0,0.0,0.0,0.0,0.0
EXO,248412068,,,,,,,,,,,SAFE,-5.466,-1.648,1.148,0.745,-0.122,-0.0,0.0,0.0,0.009,0.0,0.0,0.0,0.0,0.0,0.0
EXO,248512067,,,,,,,,,,,SAFE,-5.466,-1.648,1.148,0.745,-0.122,-0.0,0.0,0.0,0.009,0.0,0.0,0.0,0.0,0.0,0.0
EXO,248612067,,,,,,,,,,,SAFE,-5.466,-1.648,1.148,0.745,-0.122,-0.0,0.0,0.0,0.009,0.0,0.0,0.0,0.0,0.0,0.0
EXO,248712067,,,,,,,,,,,SAFE,-5.466,-1.648,1.148,0.745,-0.122,-0.0,0.0,0.0,0.009,0.0,0.0,0.0,0.0,0.0,0.0
EXO,248812067,,,,,,,,,,,SAFE,-5.466,-1.648,1.148,0.745,-0.122,-0.0,0.0,0.0,0.009,0.0,0.0,0.0,0.0,0.0,0.0
EXO,248912068,,,,,,,,,,,SAFE,-5.466,-1.648,1.148,0.745,-0.122,-0.0,0.0,0.0,0.009,0.0,0.0,0.0,0.0,0.0,0.0
EXO,249012067,,,,,,,,,,,SAFE,-5.466,-1.648,1.148,0.745,-0.122,-0.0,0.0,0.0,0.009,0.0,0.0,0.0,0.0,0.0,0.0
EXO,249112067,,,,,,,,,,,SAFE,-5.466,-1.648,1.148,0.745,-0.122,-0.0,0.0,0.0,0.009,0.0,0.0,0.0,0.0,0.0,0.0
EXO,249212067,,,,,,,,,,,SAFE,-5.466,-1.648,1.148,0.745,-0.122,-0.0,0.0,0.0,0.009,0.0,0.0,0.0,0.0,0.0,0.0
EXO,249312067,,,,,,,,,,,SAFE,-5.466,-1.648,1.148,0.745,-0.122,-0.0,0.0,0.0,0.009,0.0,0.0,0.0,0.0,0.0,0.0
EXO,249412068,,,,,,,,,,,SAFE,-5.466,-1.648,1.148,0.745,-0.122,-0.0,0.0,0.0,0.009,0.0,0.0,0.0,0.0,0.0,0.0
EXO,249512067,,,,,,,,,,,SAFE,-5.466,-1.648,1.148,0.745,-0.122,-0.0,0.0,0.0,0.009,0.0,0.0,0.0,0.0,0.0,0.0
EXO,249612067,,,,,,,,,,,SAFE,-5.466,-1.648,1.148,0.745,-0.122,-0.0,0.0,0.0,0.009,0.0,0.0,0.0,0.0,0.0,0.0
EXO,249712067,,,,,,,,,,,SAFE,-5.466,-1.648,1.148,0.745,-0.122,-0.0,0.0,0.0,0.009,0.0,0.0,0.0,0.0,0.0,0.0
EXO,249812067,,,,,,,,,,,SAFE,-5.466,-1.648,1.148,0.745,-0.122,-0.0,0.0,0.0,0.009,0.0,0.0,0.0,0.0,0.0,0.0
EXO,249912068,,,,,,,,,,,SAFE,-5.466,-1.648,1.148,0.745,-0.122,-0.0,0.0,0.0,0.009,0.0,0.0,0.0,0.0,0.0,0.0
EXO,250012067,,,,,,,,,,,SAFE,-5.466,-1.648,1.148,0.745,-0.122,-0.0,0.0,0.0,0.009,0.0,0.0,0.0,0.0,0.0,0.0
EXO,250112067,,,,,,,,,,,SAFE,-5.466,-1.648,1.148,0.745,-0.122,-0.0,0.0,0.0,0.009,0.0,0.0,0.0,0.0,0.0,0.0
EXO,250212067,,,,,,,,,,,SAFE,-5.466,-1.648,1.148,0.745,-0.122,-0.0,0.0,0.0,0.009,0.0,0.0,0.0,0.0,0.0,0.0
EXO,250312067,,,,,,,,,,,SAFE,-5.466,-1.648,1.148,0.745,-0.122,-0.0,0.0,0.0,0.009,0.0,0.0,0.0,0.0,0.0,0.0
EXO,250412068,,,,,,,,,,,SAFE,-5.466,-1.648,1.148,0.745,-0.122,-0.0,0.0,0.0,0.009,0.0,0.0,0.0,0.0,0.0,0.0
EXO,250512067,,,,,,,,,,,SAFE,-5.466,-1.648,1.148,0.745,-0.122,-0.0,0.0,0.0,0.009,0.0,0.0,0.0,0.0,0.0,0.0
EXO,250612067,,,,,,,,,,,SAFE,-5.466,-1.648,1.148,0.745,-0.122,-0.0,0.0,0.0,0.009,0.0,0.0,0.0,0.0,0.0,0.0
EXO,250712067,,,,,,,,,,,SAFE,-5.466,-1.648,1.148,0.745,-0.122,-0.0,0.0,0.0,0.009,0.0,0.0,0.0,0.0,0.0,0.0
EXO,250812067,,,,,,,,,,,SAFE,-5.466,-1.648,1.148,0.745,-0.122,-0.0,0.0,0.0,0.009,0.0,0.0,0.0,0.0,0.0,0.0
EXO,250912068,,,,,,,,,,,SAFE,-5.466,-1.648,1.148,0.745,-0.122,-0.0,0.0,0.0,0.009,0.0,0.0,0.0,0.0,0.0,0.0
EXO,251012067,,,,,,,,,,,SAFE,-5.466,-1.648,1.148,0.745,-0.122,-0.0,0.0,0.0,0.009,0.0,0.0,0.0,0.0,0.0,0.0
EXO,251112067,,,,,,,,,,,SAFE,-5.466,-1.648,1.148,0.745,-0.122,-0.0,0.0,0.0,0.009,0.0,0.0,0.0,0.0,0.0,0.0
EXO,251212067,,,,,,,,,,,SAFE,-5.466,-1.648,1.148,0.745,-0.122,-0.0,0.0,0.0,0.009,0.0,0.0,0.0,0.0,0.0,0.0
EXO,251312067,,,,,,,,,,,SAFE,-5.466,-1.648,1.148,0.745,-0.122,-0.0,0.0,0.0,0.009,0.0,0.0,0.0,0.0,0.0,0.0
EXO,251412068,,,,,,,,,,,SAFE,-5.466,-1.648,1.148,0.745,-0.122,-0.0,0.0,0.0,0.009,0.0,0.0,0.0,0.0,0.0,0.0
EXO,251512067,,,,,,,,,,,SAFE,-5.466,-1.648,1.148,0.745,-0.122,-0.0,0.0,0.0,0.009,0.0,0.0,0.0,0.0,0.0,0.0
EXO,251612067,,,,,,,,,,,SAFE,-5.466,-1.648,1.148,0.745,-0.122,-0.0,0.0,0.0,0.009,0.0,0.0,0.0,0.0,0.0,0.0
EXO,251712067,,,,,,,,,,,SAFE,-5.466,-1.648,1.148,0.745,-0.122,-0.0,0.0,0.0,0.009,0.0,0.0,0.0,0.0,0.0,0.0
EXO,251812067,,,,,,,,,,,SAFE,-5.466,-1.648,1.148,0.745,-0.122,-0.0,0.0,0.0,0.009,0.0,0.0,0.0,0.0,0.0,0.0
EXO,251912068,,,,,,,,,,,SAFE,-5.466,-1.648,1.148,0.745,-0.122,-0.0,0.0,0.0,0.009,0.0,0.0,0.0,0.0,0.0,0.0
EXO,252012067,,,,,,,,,,,SAFE,-5.466,-1.648,1.148,0.745,-0.122,-0.0,0.0,0.0,0.009,0.0,0.0,0.0,0.0,0.0,0.0
EXO,252112067,,,,,,,,,,,SAFE,-5.466,-1.648,1.148,0.745,-0.122,-0.0,0.0,0.0,0.009,0.0,0.0,0.0,0.0,0.0,0.0
EXO,252212067,,,,,,,,,,,SAFE,-5.466,-1.648,1.148,0.745,-0.122,-0.0,0.0,0.0,0.009,0.0,0.0,0.0,0.0,0.0,0.0
EXO,252312067,,,,,,,,,,,SAFE,-5.466,-1.648,1.148,0.745,-0.122,-0.0,0.0,0.0,0.009,0.0,0.0,0.0,0.0,0.0,0.0
EXO,252412068,,,,,,,,,,,SAFE,-5.466,-1.648,1.148,0.745,-0.122,-0.0,0.0,0.0,0.009,0.0,0.0,0.0,0.0,0.0,0.0
EXO,252512067,,,,,,,,,,,SAFE,-5.466,-1.648,1.148,0.745,-0.122,-0.0,0.0,0.0,0.009,0.0,0.0,0.0,0.0,0.0,0.0
EXO,252612067,,,,,,,,,,,SAFE,-5.466,-1.648,1.148,0.745,-0.122,-0.0,0.0,0.0,0.009,0.0,0.0,0.0,0.0,0.0,0.0
EXO,252712067,,,,,,,,,,,SAFE,-5.466,-1.648,1.148,0.745,-0.122,-0.0,0.0,0.0,0.009,0.0,0.0,0.0,0.0,0.0,0.0
EXO,252812067,,,,,,,,,,,SAFE,-5.466,-1.648,1.148,0.745,-0.122,-0.0,0.0,0.0,0.009,0.0,0.0,0.0,0.0,0.0,0.0
EXO,252912068,,,,,,,,,,,SAFE,-5.466,-1.648,1.148,0.745,-0.122,-0.0,0.0,0.0,0.009,0.0,0.0,0.0,0.0,0.0,0.0
EXO,253012067,,,,,,,,,,,SAFE,-5.466,-1.648,1.148,0.745,-0.122,-0.0,0.0,0.0,0.009,0.0,0.0,0.0,0.0,0.0,0.0
EXO,253112067,,,,,,,,,,,SAFE,-5.466,-1.648,1.148,0.745,-0.122,-0.0,0.0,0.0,0.009,0.0,0.0,0.0,0.0,0.0,0.0
EXO,253212067,,,,,,,,,,,SAFE,-5.466,-1.648,1.148,0.745,-0.122,-0.0,0.0,0.0,0.009,0.0,0.0,0.0,0.0,0.0,0.0
EXO,253312067,,,,,,,,,,,SAFE,-5.466,-1.648,1.148,0.745,-0.122,-0.0,0.0,0.0,0.009,0.0,0.0,0.0,0.0,0.0,0.0
EXO,253412068,,,,,,,,,,,SAFE,-5.466,-1.648,1.148,0.745,-0.122,-0.0,0.0,0.0,0.009,0.0,0.0,0.0,0.0,0.0,0.0
EXO,253512067,,,,,,,,,,,SAFE,-5.466,-1.648,1.148,0.745,-0.122,-0.0,0.0,0.0,0.009,0.0,0.0,0.0,0.0,0.0,0.0
EXO,253612067,,,,,,,,,,,SAFE,-5.466,-1.648,1.148,0.745,-0.122,-0.0,0.0,0.0,0.009,0.0,0.0,0.0,0.0,0.0,0.0
EXO,253712067,,,,,,,,,,,SAFE,-5.466,-1.648,1.148,0.745,-0.122,-0.0,0.0,0.0,0.009,0.0,0.0,0.0,0.0,0.0,0.0
EXO,253812067,,,,,,,,,,,SAFE,-5.466,-1.648,1.148,0.745,-0.122,-0.0,0.0,0.0,0.009,0.0,0.0,0.0,0.0,0.0,0.0
EXO,253912068,,,,,,,,,,,SAFE,-5.466,-1.648,1.148,0.745,-0.122,-0.0,0.0,0.0,0.009,0.0,0.0,0.0,0.0,0.0,0.0
EXO,254012067,,,,,,,,,,,SAFE,-5.466,-1.648,1.148,0.745,-0.122,-0.0,0.0,0.0,0.009,0.0,0.0,0.0,0.0,0.0,0.0
EXO,254112067,,,,,,,,,,,SAFE,-5.466,-1.648,1.148,0.745,-0.122,-0.0,0.0,0.0,0.009,0.0,0.0,0.0,0.0,0.0,0.0
EXO,254212067,,,,,,,,,,,SAFE,-5.466,-1.648,1.148,0.745,-0.122,-0.0,0.0,0.0,0.009,0.0,0.0,0.0,0.0,0.0,0.0
EXO,254312067,,,,,,,,,,,SAFE,-5.466,-1.648,1.148,0.745,-0.122,-0.0,0.0,0.0,0.009,0.0,0.0,0.0,0.0,0.0,0.0
EXO,254412068,,,,,,,,,,,SAFE,-5.466,-1.648,1.148,0.745,-0.122,-0.0,0.0,0.0,0.009,0.0,0.0,0.0,0.0,0.0,0.0
EXO,254512067,,,,,,,,,,,SAFE,-5.466,-1.648,1.148,0.745,-0.122,-0.0,0.0,0.0,0.009,0.0,0.0,0.0,0.0,0.0,0.0
EXO,254612067,,,,,,,,,,,SAFE,-5.466,-1.648,1.148,0.745,-0.122,-0.0,0.0,0.0,0.009,0.0,0.0,0.0,0.0,0.0,0.0
EXO,254712067,,,,,,,,,,,SAFE,-5.466,-1.648,1.148,0.745,-0.122,-0.0,0.0,0.0,0.009,0.0,0.0,0.0,0.0,0.0,0.0
EXO,254812067,,,,,,,,,,,SAFE,-5.466,-1.648,1.148,0.745,-0.122,-0.0,0.0,0.0,0.009,0.0,0.0,0.0,0.0,0.0,0.0
EXO,254912068,,,,,,,,,,,SAFE,-5.466,-1.648,1.148,0.745,-0.122,-0.0,0.0,0.0,0.009,0.0,0.0,0.0,0.0,0.0,0.0
EXO,255012067,,,,,,,,,,,SAFE,-5.466,-1.648,1.148,0.745,-0.122,-0.0,0.0,0.0,0.009,0.0,0.0,0.0,0.0,0.0,0.0
EXO,255112067,,,,,,,,,,,SAFE,-5.466,-1.648,1.148,0.745,-0.122,-0.0,0.0,0.0,0.009,0.0,0.0,0.0,0.0,0.0,0.0
EXO,255212067,,,,,,,,,,,SAFE,-5.466,-1.648,1.148,0.745,-0.122,-0.0,0.0,0.0,0.009,0.0,0.0,0.0,0.0,0.0,0.0
EXO,255312067,,,,,,,,,,,SAFE,-5.466,-1.648,1.148,0.745,-0.122,-0.0,0.0,0.0,0.009,0.0,0.0,0.0,0.0,0.0,0.0
EXO,255412068,,,,,,,,,,,SAFE,-5.466,-1.648,1.148,0.745,-0.122,-0.0,0.0,0.0,0.009,0.0,0.0,0.0,0.0,0.0,0.0
EXO,255512067,,,,,,,,,,,SAFE,-5.466,-1.648,1.148,0.745,-0.122,-0.0,0.0,0.0,0.009,0.0,0.0,0.0,0.0,0.0,0.0
EXO,255612067,,,,,,,,,,,SAFE,-5.466,-1.648,1.148,0.745,-0.122,-0.0,0.0,0.0,0.009,0.0,0.0,0.0,0.0,0.0,0.0
EXO,255712067,,,,,,,,,,,SAFE,-5.466,-1.648,1.148,0.745,-0.122,-0.0,0.0,0.0,0.009,0.0,0.0,0.0,0.0,0.0,0.0
EXO,255812067,,,,,,,,,,,SAFE,-5.466,-1.648,1.148,0.745,-0.122,-0.0,0.0,0.0,0.009,0.0,0.0,0.0,0.0,0.0,0.0
EXO,255912068,,,,,,,,,,,SAFE,-5.466,-1.648,1.148,0.745,-0.122,-0.0,0.0,0.0,0.009,0.0,0.0,0.0,0.0,0.0,0.0
EXO,256012067,,,,,,,,,,,SAFE,-5.466,-1.648,1.148,0.745,-0.122,-0.0,0.0,0.0,0.009,0.0,0.0,0.0,0.0,0.0,0.0
EXO,256112067,,,,,,,,,,,SAFE,-5.466,-1.648,1.148,0.745,-0.122,-0.0,0.0,0.0,0.009,0.0,0.0,0.0,0.0,0.0,0.0
EXO,256212067,,,,,,,,,,,SAFE,-5.466,-1.648,1.148,0.745,-0.122,-0.0,0.0,0.0,0.009,0.0,0.0,0.0,0.0,0.0,0.0
EXO,256312067,,,,,,,,,,,SAFE,-5.466,-1.648,1.148,0.745,-0.122,-0.0,0.0,0.0,0.009,0.0,0.0,0.0,0.0,0.0,0.0
EXO,256412068,,,,,,,,,,,SAFE,-5.466,-1.648,1.148,0.745,-0.122,-0.0,0.0,0.0,0.009,0.0,0.0,0.0,0.0,0.0,0.0
EXO,256512067,,,,,,,,,,,SAFE,-5.466,-1.648,1.148,0.745,-0.122,-0.0,0.0,0.0,0.009,0.0,0.0,0.0,0.0,0.0,0.0
EXO,256612067,,,,,,,,,,,SAFE,-5.466,-1.648,1.148,0.745,-0.122,-0.0,0.0,0.0,0.009,0.0,0.0,0.0,0.0,0.0,0.0
EXO,256712067,,,,,,,,,,,SAFE,-5.466,-1.648,1.148,0.745,-0.122,-0.0,0.0,0.0,0.009,0.0,0.0,0.0,0.0,0.0,0.0
EXO,256812067,,,,,,,,,,,SAFE,-5.466,-1.648,1.148,0.745,-0.122,-0.0,0.0,0.0,0.009,0.0,0.0,0.0,0.0,0.0,0.0
EXO,256912068,,,,,,,,,,,SAFE,-5.466,-1.648,1.148,0.745,-0.122,-0.0,0.0,0.0,0.009,0.0,0.0,0.0,0.0,0.0,0.0
EXO,257012067,,,,,,,,,,,SAFE,-5.466,-1.648,1.148,0.745,-0.122,-0.0,0.0,0.0,0.009,0.0,0.0,0.0,0.0,0.0,0.0
EXO,257112067,,,,,,,,,,,SAFE,-5.466,-1.648,1.148,0.745,-0.122,-0.0,0.0,0.0,0.009,0.0,0.0,0.0,0.0,0.0,0.0
EXO,257212067,,,,,,,,,,,SAFE,-5.466,-1.648,1.148,0.745,-0.122,-0.0,0.0,0.0,0.009,0.0,0.0,0.0,0.0,0.0,0.0
EXO,257312067,,,,,,,,,,,SAFE,-5.466,-1.648,1.148,0.745,-0.122,-0.0,0.0,0.0,0.009,0.0,0.0,0.0,0.0,0.0,0.0
EXO,257412068,,,,,,,,,,,SAFE,-5.466,-1.648,1.148,0.745,-0.122,-0.0,0.0,0.0,0.009,0.0,0.0,0.0,0.0,0.0,0.0
EXO,257512067,,,,,,,,,,,SAFE,-5.466,-1.648,1.148,0.745,-0.122,-0.0,0.0,0.0,0.009,0.0,0.0,0.0,0.0,0.0,0.0
EXO,257612067,,,,,,,,,,,SAFE,-5.466,-1.648,1.148,0.745,-0.122,-0.0,0.0,0.0,0.009,0.0,0.0,0.0,0.0,0.0,0.0
EXO,257712067,,,,,,,,,,,SAFE,-5.466,-1.648,1.148,0.745,-0.122,-0.0,0.0,0.0,0.009,0.0,0.0,0.0,0.0,0.0,0.0
EXO,257812067,,,,,,,,,,,SAFE,-5.466,-1.648,1.148,0.745,-0.122,-0.0,0.0,0.0,0.009,0.0,0.0,0.0,0.0,0.0,0.0
EXO,257912068,,,,,,,,,,,SAFE,-5.466,-1.648,1.148,0.745,-0.122,-0.0,0.0,0.0,0.009,0.0,0.0,0.0,0.0,0.0,0.0
EXO,258012067,,,,,,,,,,,SAFE,-5.466,-1.648,1.148,0.745,-0.122,-0.0,0.0,0.0,0.009,0.0,0.0,0.0,0.0,0.0,0.0
EXO,258112067,,,,,,,,,,,SAFE,-5.466,-1.648,1.148,0.745,-0.122,-0.0,0.0,0.0,0.009,0.0,0.0,0.0,0.0,0.0,0.0
EXO,258212067,,,,,,,,,,,SAFE,-5.466,-1.648,1.148,0.745,-0.122,-0.0,0.0,0.0,0.009,0.0,0.0,0.0,0.0,0.0,0.0
EXO,258312067,,,,,,,,,,,SAFE,-5.466,-1.648,1.148,0.745,-0.122,-0.0,0.0,0.0,0.009,0.0,0.0,0.0,0.0,0.0,0.0
EXO,258412068,,,,,,,,,,,SAFE,-5.466,-1.648,1.148,0.745,-0.122,-0.0,0.0,0.0,0.009,0.0,0.0,0.0,0.0,0.0,0.0
EXO,258512067,,,,,,,,,,,SAFE,-5.466,-1.648,1.148,0.745,-0.122,-0.0,0.0,0.0,0.009,0.0,0.0,0.0,0.0,0.0,0.0
EXO,258612067,,,,,,,,,,,SAFE,-5.466,-1.648,1.148,0.745,-0.122,-0.0,0.0,0.0,0.009,0.0,0.0,0.0,0.0,0.0,0.0
EXO,258712067,,,,,,,,,,,SAFE,-5.466,-1.648,1.148,0.745,-0.122,-0.0,0.0,0.0,0.009,0.0,0.0,0.0,0.0,0.0,0.0
EXO,258812067,,,,,,,,,,,SAFE,-5.466,-1.648,1.148,0.745,-0.122,-0.0,0.0,0.0,0.009,0.0,0.0,0.0,0.0,0.0,0.0
EXO,258912068,,,,,,,,,,,SAFE,-5.466,-1.648,1.148,0.745,-0.122,-0.0,0.0,0.0,0.009,0.0,0.0,0.0,0.0,0.0,0.0
EXO,259012067,,,,,,,,,,,SAFE,-5.466,-1.648,1.148,0.745,-0.122,-0.0,0.0,0.0,0.009,0.0,0.0,0.0,0.0,0.0,0.0
EXO,259112067,,,,,,,,,,,SAFE,-5.466,-1.648,1.148,0.745,-0.122,-0.0,0.0,0.0,0.009,0.0,0.0,0.0,0.0,0.0,0.0
EXO,259212067,,,,,,,,,,,SAFE,-5.466,-1.648,1.148,0.745,-0.122,-0.0,0.0,0.0,0.009,0.0,0.0,0.0,0.0,0.0,0.0
EXO,259312067,,,,,,,,,,,SAFE,-5.466,-1.648,1.148,0.745,-0.122,-0.0,0.0,0.0,0.009,0.0,0.0,0.0,0.0,0.0,0.0
EXO,259412068,,,,,,,,,,,SAFE,-5.466,-1.648,1.148,0.745,-0.122,-0.0,0.0,0.0,0.009,0.0,0.0,0.0,0.0,0.0,0.0
EXO,259512067,,,,,,,,,,,SAFE,-5.466,-1.648,1.148,0.745,-0.122,-0.0,0.0,0.0,0.009,0.0,0.0,0.0,0.0,0.0,0.0
EXO,259612067,,,,,,,,,,,SAFE,-5.466,-1.648,1.148,0.745,-0.122,-0.0,0.0,0.0,0.009,0.0,0.0,0.0,0.0,0.0,0.0
EXO,259712067,,,,,,,,,,,SAFE,-5.466,-1.648,1.148,0.745,-0.122,-0.0,0.0,0.0,0.009,0.0,0.0,0.0,0.0,0.0,0.0
EXO,259812067,,,,,,,,,,,SAFE,-5.466,-1.648,1.148,0.745,-0.122,-0.0,0.0,0.0,0.009,0.0,0.0,0.0,0.0,0.0,0.0
EXO,259912068,,,,,,,,,,,SAFE,-5.466,-1.648,1.148,0.745,-0.122,-0.0,0.0,0.0,0.009,0.0,0.0,0.0,0.0,0.0,0.0
EXO,260012067,,,,,,,,,,,SAFE,-5.466,-1.648,1.148,0.745,-0.122,-0.0,0.0,0.0,0.009,0.0,0.0,0.0,0.0,0.0,0.0
EXO,260112067,,,,,,,,,,,SAFE,-5.466,-1.648,1.148,0.745,-0.122,-0.0,0.0,0.0,0.009,0.0,0.0,0.0,0.0,0.0,0.0
EXO,260212067,,,,,,,,,,,SAFE,-5.466,-1.648,1.148,0.745,-0.122,-0.0,0.0,0.0,0.009,0.0,0.0,0.0,0.0,0.0,0.0
EXO,260312067,,,,,,,,,,,SAFE,-5.466,-1.648,1.148,0.745,-0.122,-0.0,0.0,0.0,0.009,0.0,0.0,0.0,0.0,0.0,0.0
EXO,260412068,,,,,,,,,,,SAFE,-5.466,-1.648,1.148,0.745,-0.122,-0.0,0.0,0.0,0.009,0.0,0.0,0.0,0.0,0.0,0.0
EXO,260512067,,,,,,,,,,,SAFE,-5.466,-1.648,1.148,0.745,-0.122,-0.0,0.0,0.0,0.009,0.0,0.0,0.0,0.0,0.0,0.0
EXO,260612067,,,,,,,,,,,SAFE,-5.466,-1.648,1.148,0.745,-0.122,-0.0,0.0,0.0,0.009,0.0,0.0,0.0,0.0,0.0,0.0
EXO,260712067,,,,,,,,,,,SAFE,-5.466,-1.648,1.148,0.745,-0.122,-0.0,0.0,0.0,0.009,0.0,0.0,0.0,0.0,0.0,0.0
EXO,260812067,,,,,,,,,,,SAFE,-5.466,-1.648,1.148,0.745,-0.122,-0.0,0.0,0.0,0.009,0.0,0.0,0.0,0.0,0.0,0.0
EXO,260912068,,,,,,,,,,,SAFE,-5.466,-1.648,1.148,0.745,-0.122,-0.0,0.0,0.0,0.009,0.0,0.0,0.0,0.0,0.0,0.0
EXO,261012067,,,,,,,,,,,SAFE,-5.466,-1.648,1.148,0.745,-0.122,-0.0,0.0,0.0,0.009,0.0,0.0,0.0,0.0,0.0,0.0
EXO,261112067,,,,,,,,,,,SAFE,-5.466,-1.648,1.148,0.745,-0.122,-0.0,0.0,0.0,0.009,0.0,0.0,0.0,0.0,0.0,0.0
EXO,261212067,,,,,,,,,,,SAFE,-5.466,-1.648,1.148,0.745,-0.122,-0.0,0.0,0.0,0.009,0.0,0.0,0.0,0.0,0.0,0.0
EXO,261312067,,,,,,,,,,,SAFE,-5.466,-1.648,1.148,0.745,-0.122,-0.0,0.0,0.0,0.009,0.0,0.0,0.0,0.0,0.0,0.0
EXO,261412068,,,,,,,,,,,SAFE,-5.466,-1.648,1.148,0.745,-0.122,-0.0,0.0,0.0,0.009,0.0,0.0,0.0,0.0,0.0,0.0
EXO,261512067,,,,,,,,,,,SAFE,-5.466,-1.648,1.148,0.745,-0.122,-0.0,0.0,0.0,0.009,0.0,0.0,0.0,0.0,0.0,0.0
EXO,261612067,,,,,,,,,,,SAFE,-5.466,-1.648,1.148,0.745,-0.122,-0.0,0.0,0.0,0.009,0.0,0.0,0.0,0.0,0.0,0.0
EXO,261712067,,,,,,,,,,,SAFE,-5.466,-1.648,1.148,0.745,-0.122,-0.0,0.0,0.0,0.009,0.0,0.0,0.0,0.0,0.0,0.0
EXO,261812067,,,,,,,,,,,SAFE,-5.466,-1.648,1.148,0.745,-0.122,-0.0,0.0,0.0,0.009,0.0,0.0,0.0,0.0,0.0,0.0
EXO,261912068,,,,,,,,,,,SAFE,-5.466,-1.648,1.148,0.745,-0.122,-0.0,0.0,0.0,0.009,0.0,0.0,0.0,0.0,0.0,0.0
EXO,262012067,,,,,,,,,,,SAFE,-5.466,-1.648,1.148,0.745,-0.122,-0.0,0.0,0.0,0.009,0.0,0.0,0.0,0.0,0.0,0.0
EXO,262112067,,,,,,,,,,,SAFE,-5.466,-1.648,1.148,0.745,-0.122,-0.0,0.0,0.0,0.009,0.0,0.0,0.0,0.0,0.0,0.0
EXO,262212067,,,,,,,,,,,SAFE,-5.466,-1.648,1.148,0.745,-0.122,-0.0,0.0,0.0,0.009,0.0,0.0,0.0,0.0,0.0,0.0
EXO,262312067,,,,,,,,,,,SAFE,-5.466,-1.648,1.148,0.745,-0.122,-0.0,0.0,0.0,0.009,0.0,0.0,0.0,0.0,0.0,0.0
EXO,262412068,,,,,,,,,,,SAFE,-5.466,-1.648,1.148,0.745,-0.122,-0.0,0.0,0.0,0.009,0.0,0.0,0.0,0.0,0.0,0.0
EXO,262512067,,,,,,,,,,,SAFE,-5.466,-1.648,1.148,0.745,-0.122,-0.0,0.0,0.0,0.009,0.0,0.0,0.0,0.0,0.0,0.0
EXO,262612067,,,,,,,,,,,SAFE,-5.466,-1.648,1.148,0.745,-0.122,-0.0,0.0,0.0,0.009,0.0,0.0,0.0,0.0,0.0,0.0
EXO,262712067,,,,,,,,,,,SAFE,-5.466,-1.648,1.148,0.745,-0.122,-0.0,0.0,0.0,0.009,0.0,0.0,0.0,0.0,0.0,0.0
EXO,262812067,,,,,,,,,,,SAFE,-5.466,-1.648,1.148,0.745,-0.122,-0.0,0.0,0.0,0.009,0.0,0.0,0.0,0.0,0.0,0.0
EXO,262912068,,,,,,,,,,,SAFE,-5.466,-1.648,1.148,0.745,-0.122,-0.0,0.0,0.0,0.009,0.0,0.0,0.0,0.0,0.0,0.0
EXO,263012067,,,,,,,,,,,SAFE,-5.466,-1.648,1.148,0.745,-0.122,-0.0,0.0,0.0,0.009,0.0,0.0,0.0,0.0,0.0,0.0
EXO,263112067,,,,,,,,,,,SAFE,-5.466,-1.648,1.148,0.745,-0.122,-0.0,0.0,0.0,0.009,0.0,0.0,0.0,0.0,0.0,0.0
EXO,263212067,,,,,,,,,,,SAFE,-5.466,-1.648,1.148,0.745,-0.122,-0.0,0.0,0.0,0.009,0.0,0.0,0.0,0.0,0.0,0.0
EXO,263312067,,,,,,,,,,,SAFE,-5.466,-1.648,1.148,0.745,-0.122,-0.0,0.0,0.0,0.009,0.0,0.0,0.0,0.0,0.0,0.0
EXO,263412068,,,,,,,,,,,SAFE,-5.466,-1.648,1.148,0.745,-0.122,-0.0,0.0,0.0,0.009,0.0,0.0,0.0,0.0,0.0,0.0
EXO,263512067,,,,,,,,,,,SAFE,-5.466,-1.648,1.148,0.745,-0.122,-0.0,0.0,0.0,0.009,0.0,0.0,0.0,0.0,0.0,0.0
EXO,263612067,,,,,,,,,,,SAFE,-5.466,-1.648,1.148,0.745,-0.122,-0.0,0.0,0.0,0.009,0.0,0.0,0.0,0.0,0.0,0.0
EXO,263712067,,,,,,,,,,,SAFE,-5.466,-1.648,1.148,0.745,-0.122,-0.0,0.0,0.0,0.009,0.0,0.0,0.0,0.0,0.0,0.0
EXO,263812067,,,,,,,,,,,SAFE,-5.466,-1.648,1.148,0.745,-0.122,-0.0,0.0,0.0,0.009,0.0,0.0,0.0,0.0,0.0,0.0
EXO,263912068,,,,,,,,,,,SAFE,-5.466,-1.648,1.148,0.745,-0.122,-0.0,0.0,0.0,0.009,0.0,0.0,0.0,0.0,0.0,0.0
EXO,264012067,,,,,,,,,,,SAFE,-5.466,-1.648,1.148,0.745,-0.122,-0.0,0.0,0.0,0.009,0.0,0.0,0.0,0.0,0.0,0.0
EXO,264112067,,,,,,,,,,,SAFE,-5.466,-1.648,1.148,0.745,-0.122,-0.0,0.0,0.0,0.009,0.0,0.0,0.0,0.0,0.0,0.0
EXO,264212067,,,,,,,,,,,SAFE,-5.466,-1.648,1.148,0.745,-0.122,-0.0,0.0,0.0,0.009,0.0,0.0,0.0,0.0,0.0,0.0
EXO,264312067,,,,,,,,,,,SAFE,-5.466,-1.648,1.148,0.745,-0.122,-0.0,0.0,0.0,0.009,0.0,0.0,0.0,0.0,0.0,0.0
EXO,264412068,,,,,,,,,,,SAFE,-5.466,-1.648,1.148,0.745,-0.122,-0.0,0.0,0.0,0.009,0.0,0.0,0.0,0.0,0.0,0.0
EXO,264512067,,,,,,,,,,,SAFE,-5.466,-1.648,1.148,0.745,-0.122,-0.0,0.0,0.0,0.009,0.0,0.0,0.0,0.0,0.0,0.0
EXO,264612067,,,,,,,,,,,SAFE,-5.466,-1.648,1.148,0.745,-0.122,-0.0,0.0,0.0,0.009,0.0,0.0,0.0,0.0,0.0,0.0
EXO,264712067,,,,,,,,,,,SAFE,-5.466,-1.648,1.148,0.745,-0.122,-0.0,0.0,0.0,0.009,0.0,0.0,0.0,0.0,0.0,0.0
EXO,264812067,,,,,,,,,,,SAFE,-5.466,-1.648,1.148,0.745,-0.122,-0.0,0.0,0.0,0.009,0.0,0.0,0.0,0.0,0.0,0.0
EXO,264912068,,,,,,,,,,,SAFE,-5.466,-1.648,1.148,0.745,-0.122,-0.0,0.0,0.0,0.009,0.0,0.0,0.0,0.0,0.0,0.0
EXO,265012067,,,,,,,,,,,SAFE,-5.466,-1.648,1.148,0.745,-0.122,-0.0,0.0,0.0,0.009,0.0,0.0,0.0,0.0,0.0,0.0
EXO,265112067,,,,,,,,,,,SAFE,-5.466,-1.648,1.148,0.745,-0.122,-0.0,0.0,0.0,0.009,0.0,0.0,0.0,0.0,0.0,0.0
EXO,265212067,,,,,,,,,,,SAFE,-5.466,-1.648,1.148,0.745,-0.122,-0.0,0.0,0.0,0.009,0.0,0.0,0.0,0.0,0.0,0.0
EXO,265312067,,,,,,,,,,,SAFE,-5.466,-1.648,1.148,0.745,-0.122,-0.0,0.0,0.0,0.009,0.0,0.0,0.0,0.0,0.0,0.0
EXO,265412068,,,,,,,,,,,SAFE,-5.466,-1.648,1.148,0.745,-0.122,-0.0,0.0,0.0,0.009,0.0,0.0,0.0,0.0,0.0,0.0
EXO,265512067,,,,,,,,,,,SAFE,-5.466,-1.648,1.148,0.745,-0.122,-0.0,0.0,0.0,0.009,0.0,0.0,0.0,0.0,0.0,0.0
EXO,265612067,,,,,,,,,,,SAFE,-5.466,-1.648,1.148,0.745,-0.122,-0.0,0.0,0.0,0.009,0.0,0.0,0.0,0.0,0.0,0.0
EXO,265712067,,,,,,,,,,,SAFE,-5.466,-1.648,1.148,0.745,-0.122,-0.0,0.0,0.0,0.009,0.0,0.0,0.0,0.0,0.0,0.0
EXO,265812067,,,,,,,,,,,SAFE,-5.466,-1.648,1.148,0.745,-0.122,-0.0,0.0,0.0,0.009,0.0,0.0,0.0,0.0,0.0,0.0
EXO,265912068,,,,,,,,,,,SAFE,-5.466,-1.648,1.148,0.745,-0.122,-0.0,0.0,0.0,0.009,0.0,0.0,0.0,0.0,0.0,0.0
EXO,266012067,,,,,,,,,,,SAFE,-5.466,-1.648,1.148,0.745,-0.122,-0.0,0.0,0.0,0.009,0.0,0.0,0.0,0.0,0.0,0.0
EXO,266112067,,,,,,,,,,,SAFE,-5.466,-1.648,1.148,0.745,-0.122,-0.0,0.0,0.0,0.009,0.0,0.0,0.0,0.0,0.0,0.0
EXO,266212067,,,,,,,,,,,SAFE,-5.466,-1.648,1.148,0.745,-0.122,-0.0,0.0,0.0,0.009,0.0,0.0,0.0,0.0,0.0,0.0
EXO,266312067,,,,,,,,,,,SAFE,-5.466,-1.648,1.148,0.745,-0.122,-0.0,0.0,0.0,0.009,0.0,0.0,0.0,0.0,0.0,0.0
EXO,266412068,,,,,,,,,,,SAFE,-5.466,-1.648,1.148,0.745,-0.122,-0.0,0.0,0.0,0.009,0.0,0.0,0.0,0.0,0.0,0.0
EXO,266512067,,,,,,,,,,,SAFE,-5.466,-1.648,1.148,0.745,-0.122,-0.0,0.0,0.0,0.009,0.0,0.0,0.0,0.0,0.0,0.0
EXO,266612067,,,,,,,,,,,SAFE,-5.466,-1.648,1.148,0.745,-0.122,-0.0,0.0,0.0,0.009,0.0,0.0,0.0,0.0,0.0,0.0
EXO,266712067,,,,,,,,,,,SAFE,-5.466,-1.648,1.148,0.745,-0.122,-0.0,0.0,0.0,0.009,0.0,0.0,0.0,0.0,0.0,0.0
EXO,266812067,,,,,,,,,,,SAFE,-5.466,-1.648,1.148,0.745,-0.122,-0.0,0.0,0.0,0.009,0.0,0.0,0.0,0.0,0.0,0.0
EXO,266912068,,,,,,,,,,,SAFE,-5.466,-1.648,1.148,0.745,-0.122,-0.0,0.0,0.0,0.009,0.0,0.0,0.0,0.0,0.0,0.0
EXO,267012067,,,,,,,,,,,SAFE,-5.466,-1.648,1.148,0.745,-0.122,-0.0,0.0,0.0,0.009,0.0,0.0,0.0,0.0,0.0,0.0
EXO,267112067,,,,,,,,,,,SAFE,-5.466,-1.648,1.148,0.745,-0.122,-0.0,0.0,0.0,0.009,0.0,0.0,0.0,0.0,0.0,0.0
EXO,267212067,,,,,,,,,,,SAFE,-5.466,-1.648,1.148,0.745,-0.122,-0.0,0.0,0.0,0.009,0.0,0.0,0.0,0.0,0.0,0.0
EXO,267312067,,,,,,,,,,,SAFE,-5.466,-1.648,1.148,0.745,-0.122,-0.0,0.0,0.0,0.009,0.0,0.0,0.0,0.0,0.0,0.0
EXO,267412068,,,,,,,,,,,SAFE,-5.466,-1.648,1.148,0.745,-0.122,-0.0,0.0,0.0,0.009,0.0,0.0,0.0,0.0,0.0,0.0
EXO,267512067,,,,,,,,,,,SAFE,-5.466,-1.648,1.148,0.745,-0.122,-0.0,0.0,0.0,0.009,0.0,0.0,0.0,0.0,0.0,0.0
EXO,267612067,,,,,,,,,,,SAFE,-5.466,-1.648,1.148,0.745,-0.122,-0.0,0.0,0.0,0.009,0.0,0.0,0.0,0.0,0.0,0.0
EXO,267712067,,,,,,,,,,,SAFE,-5.466,-1.648,1.148,0.745,-0.122,-0.0,0.0,0.0,0.009,0.0,0.0,0.0,0.0,0.0,0.0
EXO,267812067,,,,,,,,,,,SAFE,-5.466,-1.648,1.148,0.745,-0.122,-0.0,0.0,0.0,0.009,0.0,0.0,0.0,0.0,0.0,0.0
EXO,267912068,,,,,,,,,,,SAFE,-5.466,-1.648,1.148,0.745,-0.122,-0.0,0.0,0.0,0.009,0.0,0.0,0.0,0.0,0.0,0.0
EXO,268012067,,,,,,,,,,,SAFE,-5.466,-1.648,1.148,0.745,-0.122,-0.0,0.0,0.0,0.009,0.0,0.0,0.0,0.0,0.0,0.0
EXO,268112067,,,,,,,,,,,SAFE,-5.466,-1.648,1.148,0.745,-0.122,-0.0,0.0,0.0,0.009,0.0,0.0,0.0,0.0,0.0,0.0
EXO,268212067,,,,,,,,,,,SAFE,-5.466,-1.648,1.148,0.745,-0.122,-0.0,0.0,0.0,0.009,0.0,0.0,0.0,0.0,0.0,0.0
EXO,268312067,,,,,,,,,,,SAFE,-5.466,-1.648,1.148,0.745,-0.122,-0.0,0.0,0.0,0.009,0.0,0.0,0.0,0.0,0.0,0.0
EXO,268412068,,,,,,,,,,,SAFE,-5.466,-1.648,1.148,0.745,-0.122,-0.0,0.0,0.0,0.009,0.0,0.0,0.0,0.0,0.0,0.0
EXO,268512067,,,,,,,,,,,SAFE,-5.466,-1.648,1.148,0.745,-0.122,-0.0,0.0,0.0,0.009,0.0,0.0,0.0,0.0,0.0,0.0
EXO,268612067,,,,,,,,,,,SAFE,-5.466,-1.648,1.148,0.745,-0.122,-0.0,0.0,0.0,0.009,0.0,0.0,0.0,0.0,0.0,0.0
EXO,268712067,,,,,,,,,,,SAFE,-5.466,-1.648,1.148,0.745,-0.122,-0.0,0.0,0.0,0.009,0.0,0.0,0.0,0.0,0.0,0.0
EXO,268812067,,,,,,,,,,,SAFE,-5.466,-1.648,1.148,0.745,-0.122,-0.0,0.0,0.0,0.009,0.0,0.0,0.0,0.0,0.0,0.0
EXO,268912068,,,,,,,,,,,SAFE,-5.466,-1.648,1.148,0.745,-0.122,-0.0,0.0,0.0,0.009,0.0,0.0,0.0,0.0,0.0,0.0
EXO,269012067,,,,,,,,,,,SAFE,-5.466,-1.648,1.148,0.745,-0.122,-0.0,0.0,0.0,0.009,0.0,0.0,0.0,0.0,0.0,0.0
EXO,269112067,,,,,,,,,,,SAFE,-5.466,-1.648,1.148,0.745,-0.122,-0.0,0.0,0.0,0.009,0.0,0.0,0.0,0.0,0.0,0.0
EXO,269212067,,,,,,,,,,,SAFE,-5.466,-1.648,1.148,0.745,-0.122,-0.0,0.0,0.0,0.009,0.0,0.0,0.0,0.0,0.0,0.0
EXO,269312067,,,,,,,,,,,SAFE,-5.466,-1.648,1.148,0.745,-0.122,-0.0,0.0,0.0,0.009,0.0,0.0,0.0,0.0,0.0,0.0
EXO,269412068,,,,,,,,,,,SAFE,-5.466,-1.648,1.148,0.745,-0.122,-0.0,0.0,0.0,0.009,0.0,0.0,0.0,0.0,0.0,0.0
EXO,269512067,,,,,,,,,,,SAFE,-5.466,-1.648,1.148,0.745,-0.122,-0.0,0.0,0.0,0.009,0.0,0.0,0.0,0.0,0.0,0.0
EXO,269612067,,,,,,,,,,,SAFE,-5.466,-1.648,1.148,0.745,-0.122,-0.0,0.0,0.0,0.009,0.0,0.0,0.0,0.0,0.0,0.0
EXO,269712067,,,,,,,,,,,SAFE,-5.466,-1.648,1.148,0.745,-0.122,-0.0,0.0,0.0,0.009,0.0,0.0,0.0,0.0,0.0,0.0
EXO,269812067,,,,,,,,,,,SAFE,-5.466,-1.648,1.148,0.745,-0.122,-0.0,0.0,0.0,0.009,0.0,0.0,0.0,0.0,0.0,0.0
EXO,269912068,,,,,,,,,,,SAFE,-5.466,-1.648,1.148,0.745,-0.122,-0.0,0.0,0.0,0.009,0.0,0.0,0.0,0.0,0.0,0.0
EXO,270012067,,,,,,,,,,,SAFE,-5.466,-1.648,1.148,0.745,-0.122,-0.0,0.0,0.0,0.009,0.0,0.0,0.0,0.0,0.0,0.0
EXO,270112067,,,,,,,,,,,SAFE,-5.466,-1.648,1.148,0.745,-0.122,-0.0,0.0,0.0,0.009,0.0,0.0,0.0,0.0,0.0,0.0
EXO,270212067,,,,,,,,,,,SAFE,-5.466,-1.648,1.148,0.745,-0.122,-0.0,0.0,0.0,0.009,0.0,0.0,0.0,0.0,0.0,0.0
EXO,270312067,,,,,,,,,,,SAFE,-5.466,-1.648,1.148,0.745,-0.122,-0.0,0.0,0.0,0.009,0.0,0.0,0.0,0.0,0.0,0.0
EXO,270412068,,,,,,,,,,,SAFE,-5.466,-1.648,1.148,0.745,-0.122,-0.0,0.0,0.0,0.009,0.0,0.0,0.0,0.0,0.0,0.0
EXO,270512067,,,,,,,,,,,SAFE,-5.466,-1.648,1.148,0.745,-0.122,-0.0,0.0,0.0,0.009,0.0,0.0,0.0,0.0,0.0,0.0
EXO,270612067,,,,,,,,,,,SAFE,-5.466,-1.648,1.148,0.745,-0.122,-0.0,0.0,0.0,0.009,0.0,0.0,0.0,0.0,0.0,0.0
EXO,270712067,,,,,,,,,,,SAFE,-5.466,-1.648,1.148,0.745,-0.122,-0.0,0.0,0.0,0.009,0.0,0.0,0.0,0.0,0.0,0.0
EXO,270812067,,,,,,,,,,,SAFE,-5.466,-1.648,1.148,0.745,-0.122,-0.0,0.0,0.0,0.009,0.0,0.0,0.0,0.0,0.0,0.0
EXO,270912068,,,,,,,,,,,SAFE,-5.466,-1.648,1.148,0.745,-0.122,-0.0,0.0,0.0,0.009,0.0,0.0,0.0,0.0,0.0,0.0
EXO,271012067,,,,,,,,,,,SAFE,-5.466,-1.648,1.148,0.745,-0.122,-0.0,0.0,0.0,0.009,0.0,0.0,0.0,0.0,0.0,0.0
EXO,271112067,,,,,,,,,,,SAFE,-5.466,-1.648,1.148,0.745,-0.122,-0.0,0.0,0.0,0.009,0.0,0.0,0.0,0.0,0.0,0.0
EXO,271212067,,,,,,,,,,,SAFE,-5.466,-1.648,1.148,0.745,-0.122,-0.0,0.0,0.0,0.009,0.0,0.0,0.0,0.0,0.0,0.0
EXO,271312067,,,,,,,,,,,SAFE,-5.466,-1.648,1.148,0.745,-0.122,-0.0,0.0,0.0,0.009,0.0,0.0,0.0,0.0,0.0,0.0
EXO,271412068,,,,,,,,,,,SAFE,-5.466,-1.648,1.148,0.745,-0.122,-0.0,0.0,0.0,0.009,0.0,0.0,0.0,0.0,0.0,0.0
EXO,271512067,,,,,,,,,,,SAFE,-5.466,-1.648,1.148,0.745,-0.122,-0.0,0.0,0.0,0.009,0.0,0.0,0.0,0.0,0.0,0.0
EXO,271612067,,,,,,,,,,,SAFE,-5.466,-1.648,1.148,0.745,-0.122,-0.0,0.0,0.0,0.009,0.0,0.0,0.0,0.0,0.0,0.0
EXO,271712067,,,,,,,,,,,SAFE,-5.466,-1.648,1.148,0.745,-0.122,-0.0,0.0,0.0,0.009,0.0,0.0,0.0,0.0,0.0,0.0
EXO,271812067,,,,,,,,,,,SAFE,-5.466,-1.648,1.148,0.745,-0.122,-0.0,0.0,0.0,0.009,0.0,0.0,0.0,0.0,0.0,0.0
EXO,271912068,,,,,,,,,,,SAFE,-5.466,-1.648,1.148,0.745,-0.122,-0.0,0.0,0.0,0.009,0.0,0.0,0.0,0.0,0.0,0.0
EXO,272012067,,,,,,,,,,,SAFE,-5.466,-1.648,1.148,0.745,-0.122,-0.0,0.0,0.0,0.009,0.0,0.0,0.0,0.0,0.0,0.0
EXO,272112067,,,,,,,,,,,SAFE,-5.466,-1.648,1.148,0.745,-0.122,-0.0,0.0,0.0,0.009,0.0,0.0,0.0,0.0,0.0,0.0
EXO,272212067,,,,,,,,,,,SAFE,-5.466,-1.648,1.148,0.745,-0.122,-0.0,0.0,0.0,0.009,0.0,0.0,0.0,0.0,0.0,0.0
EXO,272312067,,,,,,,,,,,SAFE,-5.466,-1.648,1.148,0.745,-0.122,-0.0,0.0,0.0,0.009,0.0,0.0,0.0,0.0,0.0,0.0
EXO,272412068,,,,,,,,,,,SAFE,-5.466,-1.648,1.148,0.745,-0.122,-0.0,0.0,0.0,0.009,0.0,0.0,0.0,0.0,0.0,0.0
EXO,272512067,,,,,,,,,,,SAFE,-5.466,-1.648,1.148,0.745,-0.122,-0.0,0.0,0.0,0.009,0.0,0.0,0.0,0.0,0.0,0.0
EXO,272612067,,,,,,,,,,,SAFE,-5.466,-1.648,1.148,0.745,-0.122,-0.0,0.0,0.0,0.009,0.0,0.0,0.0,0.0,0.0,0.0
EXO,272712067,,,,,,,,,,,SAFE,-5.466,-1.648,1.148,0.745,-0.122,-0.0,0.0,0.0,0.009,0.0,0.0,0.0,0.0,0.0,0.0
EXO,272812067,,,,,,,,,,,SAFE,-5.466,-1.648,1.148,0.745,-0.122,-0.0,0.0,0.0,0.009,0.0,0.0,0.0,0.0,0.0,0.0
EXO,272912068,,,,,,,,,,,SAFE,-5.466,-1.648,1.148,0.745,-0.122,-0.0,0.0,0.0,0.009,0.0,0.0,0.0,0.0,0.0,0.0
EXO,273012067,,,,,,,,,,,SAFE,-5.466,-1.648,1.148,0.745,-0.122,-0.0,0.0,0.0,0.009,0.0,0.0,0.0,0.0,0.0,0.0
EXO,273112067,,,,,,,,,,,SAFE,-5.466,-1.648,1.148,0.745,-0.122,-0.0,0.0,0.0,0.009,0.0,0.0,0.0,0.0,0.0,0.0
EXO,273212067,,,,,,,,,,,SAFE,-5.466,-1.648,1.148,0.745,-0.122,-0.0,0.0,0.0,0.009,0.0,0.0,0.0,0.0,0.0,0.0
EXO,273312067,,,,,,,,,,,SAFE,-5.466,-1.648,1.148,0.745,-0.122,-0.0,0.0,0.0,0.009,0.0,0.0,0.0,0.0,0.0,0.0
EXO,273412068,,,,,,,,,,,SAFE,-5.466,-1.648,1.148,0.745,-0.122,-0.0,0.0,0.0,0.009,0.0,0.0,0.0,0.0,0.0,0.0
EXO,273512067,,,,,,,,,,,SAFE,-5.466,-1.648,1.148,0.745,-0.122,-0.0,0.0,0.0,0.009,0.0,0.0,0.0,0.0,0.0,0.0
EXO,273612067,,,,,,,,,,,SAFE,-5.466,-1.648,1.148,0.745,-0.122,-0.0,0.0,0.0,0.009,0.0,0.0,0.0,0.0,0.0,0.0
EXO,273712067,,,,,,,,,,,SAFE,-5.466,-1.648,1.148,0.745,-0.122,-0.0,0.0,0.0,0.009,0.0,0.0,0.0,0.0,0.0,0.0
EXO,273812067,,,,,,,,,,,SAFE,-5.466,-1.648,1.148,0.745,-0.122,-0.0,0.0,0.0,0.009,0.0,0.0,0.0,0.0,0.0,0.0
EXO,273912068,,,,,,,,,,,SAFE,-5.466,-1.648,1.148,0.745,-0.122,-0.0,0.0,0.0,0.009,0.0,0.0,0.0,0.0,0.0,0.0
EXO,274012067,,,,,,,,,,,SAFE,-5.466,-1.648,1.148,0.745,-0.122,-0.0,0.0,0.0,0.009,0.0,0.0,0.0,0.0,0.0,0.0
EXO,274112067,,,,,,,,,,,SAFE,-5.466,-1.648,1.148,0.745,-0.122,-0.0,0.0,0.0,0.009,0.0,0.0,0.0,0.0,0.0,0.0
EXO,274212067,,,,,,,,,,,SAFE,-5.466,-1.648,1.148,0.745,-0.122,-0.0,0.0,0.0,0.009,0.0,0.0,0.0,0.0,0.0,0.0
EXO,274312067,,,,,,,,,,,SAFE,-5.466,-1.648,1.148,0.745,-0.122,-0.0,0.0,0.0,0.009,0.0,0.0,0.0,0.0,0.0,0.0
EXO,274412068,,,,,,,,,,,SAFE,-5.466,-1.648,1.148,0.745,-0.122,-0.0,0.0,0.0,0.009,0.0,0.0,0.0,0.0,0.0,0.0
EXO,274512067,,,,,,,,,,,SAFE,-5.466,-1.648,1.148,0.745,-0.122,-0.0,0.0,0.0,0.009,0.0,0.0,0.0,0.0,0.0,0.0
EXO,274612067,,,,,,,,,,,SAFE,-5.466,-1.648,1.148,0.745,-0.122,-0.0,0.0,0.0,0.009,0.0,0.0,0.0,0.0,0.0,0.0
EXO,274712067,,,,,,,,,,,SAFE,-5.466,-1.648,1.148,0.745,-0.122,-0.0,0.0,0.0,0.009,0.0,0.0,0.0,0.0,0.0,0.0
EXO,274812067,,,,,,,,,,,SAFE,-5.466,-1.648,1.148,0.745,-0.122,-0.0,0.0,0.0,0.009,0.0,0.0,0.0,0.0,0.0,0.0
EXO,274912068,,,,,,,,,,,SAFE,-5.466,-1.648,1.148,0.745,-0.122,-0.0,0.0,0.0,0.009,0.0,0.0,0.0,0.0,0.0,0.0
EXO,275012067,,,,,,,,,,,SAFE,-5.466,-1.648,1.148,0.745,-0.122,-0.0,0.0,0.0,0.009,0.0,0.0,0.0,0.0,0.0,0.0
EXO,275112067,,,,,,,,,,,SAFE,-5.466,-1.648,1.148,0.745,-0.122,-0.0,0.0,0.0,0.009,0.0,0.0,0.0,0.0,0.0,0.0
EXO,275212067,,,,,,,,,,,SAFE,-5.466,-1.648,1.148,0.745,-0.122,-0.0,0.0,0.0,0.009,0.0,0.0,0.0,0.0,0.0,0.0
EXO,275312067,,,,,,,,,,,SAFE,-5.466,-1.648,1.148,0.745,-0.122,-0.0,0.0,0.0,0.009,0.0,0.0,0.0,0.0,0.0,0.0
EXO,275412068,,,,,,,,,,,SAFE,-5.466,-1.648,1.148,0.745,-0.122,-0.0,0.0,0.0,0.009,0.0,0.0,0.0,0.0,0.0,0.0
EXO,275512067,,,,,,,,,,,SAFE,-5.466,-1.648,1.148,0.745,-0.122,-0.0,0.0,0.0,0.009,0.0,0.0,0.0,0.0,0.0,0.0
EXO,275612067,,,,,,,,,,,SAFE,-5.466,-1.648,1.148,0.745,-0.122,-0.0,0.0,0.0,0.009,0.0,0.0,0.0,0.0,0.0,0.0
EXO,275712067,,,,,,,,,,,SAFE,-5.466,-1.648,1.148,0.745,-0.122,-0.0,0.0,0.0,0.009,0.0,0.0,0.0,0.0,0.0,0.0
EXO,275812067,,,,,,,,,,,SAFE,-5.466,-1.648,1.148,0.745,-0.122,-0.0,0.0,0.0,0.009,0.0,0.0,0.0,0.0,0.0,0.0
EXO,275912068,,,,,,,,,,,SAFE,-5.466,-1.648,1.148,0.745,-0.122,-0.0,0.0,0.0,0.009,0.0,0.0,0.0,0.0,0.0,0.0
EXO,276012067,,,,,,,,,,,SAFE,-5.466,-1.648,1.148,0.745,-0.122,-0.0,0.0,0.0,0.009,0.0,0.0,0.0,0.0,0.0,0.0
EXO,276112067,,,,,,,,,,,SAFE,-5.466,-1.648,1.148,0.745,-0.122,-0.0,0.0,0.0,0.009,0.0,0.0,0.0,0.0,0.0,0.0
EXO,276212067,,,,,,,,,,,SAFE,-5.466,-1.648,1.148,0.745,-0.122,-0.0,0.0,0.0,0.009,0.0,0.0,0.0,0.0,0.0,0.0
EXO,276312067,,,,,,,,,,,SAFE,-5.466,-1.648,1.148,0.745,-0.122,-0.0,0.0,0.0,0.009,0.0,0.0,0.0,0.0,0.0,0.0
EXO,276412068,,,,,,,,,,,SAFE,-5.466,-1.648,1.148,0.745,-0.122,-0.0,0.0,0.0,0.009,0.0,0.0,0.0,0.0,0.0,0.0
EXO,276512067,,,,,,,,,,,SAFE,-5.466,-1.648,1.148,0.745,-0.122,-0.0,0.0,0.0,0.009,0.0,0.0,0.0,0.0,0.0,0.0
EXO,276612067,,,,,,,,,,,SAFE,-5.466,-1.648,1.148,0.745,-0.122,-0.0,0.0,0.0,0.009,0.0,0.0,0.0,0.0,0.0,0.0
EXO,276712067,,,,,,,,,,,SAFE,-5.466,-1.648,1.148,0.745,-0.122,-0.0,0.0,0.0,0.009,0.0,0.0,0.0,0.0,0.0,0.0
EXO,276812067,,,,,,,,,,,SAFE,-5.466,-1.648,1.148,0.745,-0.122,-0.0,0.0,0.0,0.009,0.0,0.0,0.0,0.0,0.0,0.0
EXO,276912068,,,,,,,,,,,SAFE,-5.466,-1.648,1.148,0.745,-0.122,-0.0,0.0,0.0,0.009,0.0,0.0,0.0,0.0,0.0,0.0
EXO,277012067,,,,,,,,,,,SAFE,-5.466,-1.648,1.148,0.745,-0.122,-0.0,0.0,0.0,0.009,0.0,0.0,0.0,0.0,0.0,0.0
EXO,277112067,,,,,,,,,,,SAFE,-5.466,-1.648,1.148,0.745,-0.122,-0.0,0.0,0.0,0.009,0.0,0.0,0.0,0.0,0.0,0.0
EXO,277212067,,,,,,,,,,,SAFE,-5.466,-1.648,1.148,0.745,-0.122,-0.0,0.0,0.0,0.009,0.0,0.0,0.0,0.0,0.0,0.0
EXO,277312067,,,,,,,,,,,SAFE,-5.466,-1.648,1.148,0.745,-0.122,-0.0,0.0,0.0,0.009,0.0,0.0,0.0,0.0,0.0,0.0
EXO,277412068,,,,,,,,,,,SAFE,-5.466,-1.648,1.148,0.745,-0.122,-0.0,0.0,0.0,0.009,0.0,0.0,0.0,0.0,0.0,0.0
EXO,277512067,,,,,,,,,,,SAFE,-5.466,-1.648,1.148,0.745,-0.122,-0.0,0.0,0.0,0.009,0.0,0.0,0.0,0.0,0.0,0.0
EXO,277612067,,,,,,,,,,,SAFE,-5.466,-1.648,1.148,0.745,-0.122,-0.0,0.0,0.0,0.009,0.0,0.0,0.0,0.0,0.0,0.0
EXO,277712067,,,,,,,,,,,SAFE,-5.466,-1.648,1.148,0.745,-0.122,-0.0,0.0,0.0,0.009,0.0,0.0,0.0,0.0,0.0,0.0
EXO,277812067,,,,,,,,,,,SAFE,-5.466,-1.648,1.148,0.745,-0.122,-0.0,0.0,0.0,0.009,0.0,0.0,0.0,0.0,0.0,0.0
EXO,277912068,,,,,,,,,,,SAFE,-5.466,-1.648,1.148,0.745,-0.122,-0.0,0.0,0.0,0.009,0.0,0.0,0.0,0.0,0.0,0.0
EXO,278012067,,,,,,,,,,,SAFE,-5.466,-1.648,1.148,0.745,-0.122,-0.0,0.0,0.0,0.009,0.0,0.0,0.0,0.0,0.0,0.0
EXO,278112067,,,,,,,,,,,SAFE,-5.466,-1.648,1.148,0.745,-0.122,-0.0,0.0,0.0,0.009,0.0,0.0,0.0,0.0,0.0,0.0
EXO,278212067,,,,,,,,,,,SAFE,-5.466,-1.648,1.148,0.745,-0.122,-0.0,0.0,0.0,0.009,0.0,0.0,0.0,0.0,0.0,0.0
EXO,278312067,,,,,,,,,,,SAFE,-5.466,-1.648,1.148,0.745,-0.122,-0.0,0.0,0.0,0.009,0.0,0.0,0.0,0.0,0.0,0.0
EXO,278412068,,,,,,,,,,,SAFE,-5.466,-1.648,1.148,0.745,-0.122,-0.0,0.0,0.0,0.009,0.0,0.0,0.0,0.0,0.0,0.0
EXO,278512067,,,,,,,,,,,SAFE,-5.466,-1.648,1.148,0.745,-0.122,-0.0,0.0,0.0,0.009,0.0,0.0,0.0,0.0,0.0,0.0
EXO,278612067,,,,,,,,,,,SAFE,-5.466,-1.648,1.148,0.745,-0.122,-0.0,0.0,0.0,0.009,0.0,0.0,0.0,0.0,0.0,0.0
EXO,278712067,,,,,,,,,,,SAFE,-5.466,-1.648,1.148,0.745,-0.122,-0.0,0.0,0.0,0.009,0.0,0.0,0.0,0.0,0.0,0.0
EXO,278812067,,,,,,,,,,,SAFE,-5.466,-1.648,1.148,0.745,-0.122,-0.0,0.0,0.0,0.009,0.0,0.0,0.0,0.0,0.0,0.0
EXO,278912068,,,,,,,,,,,SAFE,-5.466,-1.648,1.148,0.745,-0.122,-0.0,0.0,0.0,0.009,0.0,0.0,0.0,0.0,0.0,0.0
EXO,279012067,,,,,,,,,,,SAFE,-5.466,-1.648,1.148,0.745,-0.122,-0.0,0.0,0.0,0.009,0.0,0.0,0.0,0.0,0.0,0.0
EXO,279112067,,,,,,,,,,,SAFE,-5.466,-1.648,1.148,0.745,-0.122,-0.0,0.0,0.0,0.009,0.0,0.0,0.0,0.0,0.0,0.0
EXO,279212067,,,,,,,,,,,SAFE,-5.466,-1.648,1.148,0.745,-0.122,-0.0,0.0,0.0,0.009,0.0,0.0,0.0,0.0,0.0,0.0
EXO,279312067,,,,,,,,,,,SAFE,-5.466,-1.648,1.148,0.745,-0.122,-0.0,0.0,0.0,0.009,0.0,0.0,0.0,0.0,0.0,0.0
EXO,279412068,,,,,,,,,,,SAFE,-5.466,-1.648,1.148,0.745,-0.122,-0.0,0.0,0.0,0.009,0.0,0.0,0.0,0.0,0.0,0.0
EXO,279512067,,,,,,,,,,,SAFE,-5.466,-1.648,1.148,0.745,-0.122,-0.0,0.0,0.0,0.009,0.0,0.0,0.0,0.0,0.0,0.0
EXO,279612067,,,,,,,,,,,SAFE,-5.466,-1.648,1.148,0.745,-0.122,-0.0,0.0,0.0,0.009,0.0,0.0,0.0,0.0,0.0,0.0
EXO,279712067,,,,,,,,,,,SAFE,-5.466,-1.648,1.148,0.745,-0.122,-0.0,0.0,0.0,0.009,0.0,0.0,0.0,0.0,0.0,0.0
EXO,279812067,,,,,,,,,,,SAFE,-5.466,-1.648,1.148,0.745,-0.122,-0.0,0.0,0.0,0.009,0.0,0.0,0.0,0.0,0.0,0.0
EXO,279912068,,,,,,,,,,,SAFE,-5.466,-1.648,1.148,0.745,-0.122,-0.0,0.0,0.0,0.009,0.0,0.0,0.0,0.0,0.0,0.0
EXO,280012067,,,,,,,,,,,SAFE,-5.466,-1.648,1.148,0.745,-0.122,-0.0,0.0,0.0,0.009,0.0,0.0,0.0,0.0,0.0,0.0
EXO,280112067,,,,,,,,,,,SAFE,-5.466,-1.648,1.148,0.745,-0.122,-0.0,0.0,0.0,0.009,0.0,0.0,0.0,0.0,0.0,0.0
EXO,280212067,,,,,,,,,,,SAFE,-5.466,-1.648,1.148,0.745,-0.122,-0.0,0.0,0.0,0.009,0.0,0.0,0.0,0.0,0.0,0.0
EXO,280312067,,,,,,,,,,,SAFE,-5.466,-1.648,1.148,0.745,-0.122,-0.0,0.0,0.0,0.009,0.0,0.0,0.0,0.0,0.0,0.0
EXO,280412068,,,,,,,,,,,SAFE,-5.466,-1.648,1.148,0.745,-0.122,-0.0,0.0,0.0,0.009,0.0,0.0,0.0,0.0,0.0,0.0
EXO,280512067,,,,,,,,,,,SAFE,-5.466,-1.648,1.148,0.745,-0.122,-0.0,0.0,0.0,0.009,0.0,0.0,0.0,0.0,0.0,0.0
EXO,280612067,,,,,,,,,,,SAFE,-5.466,-1.648,1.148,0.745,-0.122,-0.0,0.0,0.0,0.009,0.0,0.0,0.0,0.0,0.0,0.0
EXO,280712067,,,,,,,,,,,SAFE,-5.466,-1.648,1.148,0.745,-0.122,-0.0,0.0,0.0,0.009,0.0,0.0,0.0,0.0,0.0,0.0
EXO,280812067,,,,,,,,,,,SAFE,-5.466,-1.648,1.148,0.745,-0.122,-0.0,0.0,0.0,0.009,0.0,0.0,0.0,0.0,0.0,0.0
EXO,280912068,,,,,,,,,,,SAFE,-5.466,-1.648,1.148,0.745,-0.122,-0.0,0.0,0.0,0.009,0.0,0.0,0.0,0.0,0.0,0.0
EXO,281012067,,,,,,,,,,,SAFE,-5.466,-1.648,1.148,0.745,-0.122,-0.0,0.0,0.0,0.009,0.0,0.0,0.0,0.0,0.0,0.0
EXO,281112067,,,,,,,,,,,SAFE,-5.466,-1.648,1.148,0.745,-0.122,-0.0,0.0,0.0,0.009,0.0,0.0,0.0,0.0,0.0,0.0
EXO,281212067,,,,,,,,,,,SAFE,-5.466,-1.648,1.148,0.745,-0.122,-0.0,0.0,0.0,0.009,0.0,0.0,0.0,0.0,0.0,0.0
EXO,281312067,,,,,,,,,,,SAFE,-5.466,-1.648,1.148,0.745,-0.122,-0.0,0.0,0.0,0.009,0.0,0.0,0.0,0.0,0.0,0.0
EXO,281412068,,,,,,,,,,,SAFE,-5.466,-1.648,1.148,0.745,-0.122,-0.0,0.0,0.0,0.009,0.0,0.0,0.0,0.0,0.0,0.0
EXO,281512067,,,,,,,,,,,SAFE,-5.466,-1.648,1.148,0.745,-0.122,-0.0,0.0,0.0,0.009,0.0,0.0,0.0,0.0,0.0,0.0
EXO,281612067,,,,,,,,,,,SAFE,-5.466,-1.648,1.148,0.745,-0.122,-0.0,0.0,0.0,0.009,0.0,0.0,0.0,0.0,0.0,0.0
EXO,281712067,,,,,,,,,,,SAFE,-5.466,-1.648,1.148,0.745,-0.122,-0.0,0.0,0.0,0.009,0.0,0.0,0.0,0.0,0.0,0.0
EXO,281812067,,,,,,,,,,,SAFE,-5.466,-1.648,1.148,0.745,-0.122,-0.0,0.0,0.0,0.009,0.0,0.0,0.0,0.0,0.0,0.0
EXO,281912068,,,,,,,,,,,SAFE,-5.466,-1.648,1.148,0.745,-0.122,-0.0,0.0,0.0,0.009,0.0,0.0,0.0,0.0,0.0,0.0
EXO,282012067,,,,,,,,,,,SAFE,-5.466,-1.648,1.148,0.745,-0.122,-0.0,0.0,0.0,0.009,0.0,0.0,0.0,0.0,0.0,0.0
EXO,282112067,,,,,,,,,,,SAFE,-5.466,-1.648,1.148,0.745,-0.122,-0.0,0.0,0.0,0.009,0.0,0.0,0.0,0.0,0.0,0.0
EXO,282212067,,,,,,,,,,,SAFE,-5.466,-1.648,1.148,0.745,-0.122,-0.0,0.0,0.0,0.009,0.0,0.0,0.0,0.0,0.0,0.0
EXO,282312067,,,,,,,,,,,SAFE,-5.466,-1.648,1.148,0.745,-0.122,-0.0,0.0,0.0,0.009,0.0,0.0,0.0,0.0,0.0,0.0
EXO,282412068,,,,,,,,,,,SAFE,-5.466,-1.648,1.148,0.745,-0.122,-0.0,0.0,0.0,0.009,0.0,0.0,0.0,0.0,0.0,0.0
EXO,282512067,,,,,,,,,,,SAFE,-5.466,-1.648,1.148,0.745,-0.122,-0.0,0.0,0.0,0.009,0.0,0.0,0.0,0.0,0.0,0.0
EXO,282612067,,,,,,,,,,,SAFE,-5.466,-1.648,1.148,0.745,-0.122,-0.0,0.0,0.0,0.009,0.0,0.0,0.0,0.0,0.0,0.0
EXO,282712067,,,,,,,,,,,SAFE,-5.466,-1.648,1.148,0.745,-0.122,-0.0,0.0,0.0,0.009,0.0,0.0,0.0,0.0,0.0,0.0
EXO,282812067,,,,,,,,,,,SAFE,-5.466,-1.648,1.148,0.745,-0.122,-0.0,0.0,0.0,0.009,0.0,0.0,0.0,0.0,0.0,0.0
EXO,282912068,,,,,,,,,,,SAFE,-5.466,-1.648,1.148,0.745,-0.122,-0.0,0.0,0.0,0.009,0.0,0.0,0.0,0.0,0.0,0.0
EXO,283012067,,,,,,,,,,,SAFE,-5.466,-1.648,1.148,0.745,-0.122,-0.0,0.0,0.0,0.009,0.0,0.0,0.0,0.0,0.0,0.0
EXO,283112067,,,,,,,,,,,SAFE,-5.466,-1.648,1.148,0.745,-0.122,-0.0,0.0,0.0,0.009,0.0,0.0,0.0,0.0,0.0,0.0
EXO,283212067,,,,,,,,,,,SAFE,-5.466,-1.648,1.148,0.745,-0.122,-0.0,0.0,0.0,0.009,0.0,0.0,0.0,0.0,0.0,0.0
EXO,283312067,,,,,,,,,,,SAFE,-5.466,-1.648,1.148,0.745,-0.122,-0.0,0.0,0.0,0.009,0.0,0.0,0.0,0.0,0.0,0.0
EXO,283412068,,,,,,,,,,,SAFE,-5.466,-1.648,1.148,0.745,-0.122,-0.0,0.0,0.0,0.009,0.0,0.0,0.0,0.0,0.0,0.0
EXO,283512067,,,,,,,,,,,SAFE,-5.466,-1.648,1.148,0.745,-0.122,-0.0,0.0,0.0,0.009,0.0,0.0,0.0,0.0,0.0,0.0
EXO,283612067,,,,,,,,,,,SAFE,-5.466,-1.648,1.148,0.745,-0.122,-0.0,0.0,0.0,0.009,0.0,0.0,0.0,0.0,0.0,0.0
EXO,283712067,,,,,,,,,,,SAFE,-5.466,-1.648,1.148,0.745,-0.122,-0.0,0.0,0.0,0.009,0.0,0.0,0.0,0.0,0.0,0.0
EXO,283812067,,,,,,,,,,,SAFE,-5.466,-1.648,1.148,0.745,-0.122,-0.0,0.0,0.0,0.009,0.0,0.0,0.0,0.0,0.0,0.0
EXO,283912068,,,,,,,,,,,SAFE,-5.466,-1.648,1.148,0.745,-0.122,-0.0,0.0,0.0,0.009,0.0,0.0,0.0,0.0,0.0,0.0
EXO,284012067,,,,,,,,,,,SAFE,-5.466,-1.648,1.148,0.745,-0.122,-0.0,0.0,0.0,0.009,0.0,0.0,0.0,0.0,0.0,0.0
EXO,284112067,,,,,,,,,,,SAFE,-5.466,-1.648,1.148,0.745,-0.122,-0.0,0.0,0.0,0.009,0.0,0.0,0.0,0.0,0.0,0.0
EXO,284212067,,,,,,,,,,,SAFE,-5.466,-1.648,1.148,0.745,-0.122,-0.0,0.0,0.0,0.009,0.0,0.0,0.0,0.0,0.0,0.0
EXO,284312067,,,,,,,,,,,SAFE,-5.466,-1.648,1.148,0.745,-0.122,-0.0,0.0,0.0,0.009,0.0,0.0,0.0,0.0,0.0,0.0
EXO,284412068,,,,,,,,,,,SAFE,-5.466,-1.648,1.148,0.745,-0.122,-0.0,0.0,0.0,0.009,0.0,0.0,0.0,0.0,0.0,0.0
EXO,284512067,,,,,,,,,,,SAFE,-5.466,-1.648,1.148,0.745,-0.122,-0.0,0.0,0.0,0.009,0.0,0.0,0.0,0.0,0.0,0.0
EXO,284612067,,,,,,,,,,,SAFE,-5.466,-1.648,1.148,0.745,-0.122,-0.0,0.0,0.0,0.009,0.0,0.0,0.0,0.0,0.0,0.0
EXO,284712067,,,,,,,,,,,SAFE,-5.466,-1.648,1.148,0.745,-0.122,-0.0,0.0,0.0,0.009,0.0,0.0,0.0,0.0,0.0,0.0
EXO,284812067,,,,,,,,,,,SAFE,-5.466,-1.648,1.148,0.745,-0.122,-0.0,0.0,0.0,0.009,0.0,0.0,0.0,0.0,0.0,0.0
EXO,284912068,,,,,,,,,,,SAFE,-5.466,-1.648,1.148,0.745,-0.122,-0.0,0.0,0.0,0.009,0.0,0.0,0.0,0.0,0.0,0.0
EXO,285012067,,,,,,,,,,,SAFE,-5.466,-1.648,1.148,0.745,-0.122,-0.0,0.0,0.0,0.009,0.0,0.0,0.0,0.0,0.0,0.0
EXO,285112067,,,,,,,,,,,SAFE,-5.466,-1.648,1.148,0.745,-0.122,-0.0,0.0,0.0,0.009,0.0,0.0,0.0,0.0,0.0,0.0
EXO,285212067,,,,,,,,,,,SAFE,-5.466,-1.648,1.148,0.745,-0.122,-0.0,0.0,0.0,0.009,0.0,0.0,0.0,0.0,0.0,0.0
EXO,285312067,,,,,,,,,,,SAFE,-5.466,-1.648,1.148,0.745,-0.122,-0.0,0.0,0.0,0.009,0.0,0.0,0.0,0.0,0.0,0.0
EXO,285412068,,,,,,,,,,,SAFE,-5.466,-1.648,1.148,0.745,-0.122,-0.0,0.0,0.0,0.009,0.0,0.0,0.0,0.0,0.0,0.0
EXO,285512067,,,,,,,,,,,SAFE,-5.466,-1.648,1.148,0.745,-0.122,-0.0,0.0,0.0,0.009,0.0,0.0,0.0,0.0,0.0,0.0
EXO,285612067,,,,,,,,,,,SAFE,-5.466,-1.648,1.148,0.745,-0.122,-0.0,0.0,0.0,0.009,0.0,0.0,0.0,0.0,0.0,0.0
EXO,285712067,,,,,,,,,,,SAFE,-5.466,-1.648,1.148,0.745,-0.122,-0.0,0.0,0.0,0.009,0.0,0.0,0.0,0.0,0.0,0.0
EXO,285812067,,,,,,,,,,,SAFE,-5.466,-1.648,1.148,0.745,-0.122,-0.0,0.0,0.0,0.009,0.0,0.0,0.0,0.0,0.0,0.0
EXO,285912068,,,,,,,,,,,SAFE,-5.466,-1.648,1.148,0.745,-0.122,-0.0,0.0,0.0,0.009,0.0,0.0,0.0,0.0,0.0,0.0
EXO,286012067,,,,,,,,,,,SAFE,-5.466,-1.648,1.148,0.745,-0.122,-0.0,0.0,0.0,0.009,0.0,0.0,0.0,0.0,0.0,0.0
EXO,286112067,,,,,,,,,,,SAFE,-5.466,-1.648,1.148,0.745,-0.122,-0.0,0.0,0.0,0.009,0.0,0.0,0.0,0.0,0.0,0.0
EXO,286212067,,,,,,,,,,,SAFE,-5.466,-1.648,1.148,0.745,-0.122,-0.0,0.0,0.0,0.009,0.0,0.0,0.0,0.0,0.0,0.0
EXO,286312067,,,,,,,,,,,SAFE,-5.466,-1.648,1.148,0.745,-0.122,-0.0,0.0,0.0,0.009,0.0,0.0,0.0,0.0,0.0,0.0
EXO,286412068,,,,,,,,,,,SAFE,-5.466,-1.648,1.148,0.745,-0.122,-0.0,0.0,0.0,0.009,0.0,0.0,0.0,0.0,0.0,0.0
EXO,286512067,,,,,,,,,,,SAFE,-5.466,-1.648,1.148,0.745,-0.122,-0.0,0.0,0.0,0.009,0.0,0.0,0.0,0.0,0.0,0.0
EXO,286612067,,,,,,,,,,,SAFE,-5.466,-1.648,1.148,0.745,-0.122,-0.0,0.0,0.0,0.009,0.0,0.0,0.0,0.0,0.0,0.0
EXO,286712067,,,,,,,,,,,SAFE,-5.466,-1.648,1.148,0.745,-0.122,-0.0,0.0,0.0,0.009,0.0,0.0,0.0,0.0,0.0,0.0
EXO,286812067,,,,,,,,,,,SAFE,-5.466,-1.648,1.148,0.745,-0.122,-0.0,0.0,0.0,0.009,0.0,0.0,0.0,0.0,0.0,0.0
EXO,286912068,,,,,,,,,,,SAFE,-5.466,-1.648,1.148,0.745,-0.122,-0.0,0.0,0.0,0.009,0.0,0.0,0.0,0.0,0.0,0.0
EXO,287012067,,,,,,,,,,,SAFE,-5.466,-1.648,1.148,0.745,-0.122,-0.0,0.0,0.0,0.009,0.0,0.0,0.0,0.0,0.0,0.0
EXO,287112067,,,,,,,,,,,SAFE,-5.466,-1.648,1.148,0.745,-0.122,-0.0,0.0,0.0,0.009,0.0,0.0,0.0,0.0,0.0,0.0
EXO,287212067,,,,,,,,,,,SAFE,-5.466,-1.648,1.148,0.745,-0.122,-0.0,0.0,0.0,0.009,0.0,0.0,0.0,0.0,0.0,0.0
EXO,287312067,,,,,,,,,,,SAFE,-5.466,-1.648,1.148,0.745,-0.122,-0.0,0.0,0.0,0.009,0.0,0.0,0.0,0.0,0.0,0.0
EXO,287412068,,,,,,,,,,,SAFE,-5.466,-1.648,1.148,0.745,-0.122,-0.0,0.0,0.0,0.009,0.0,0.0,0.0,0.0,0.0,0.0
EXO,287512067,,,,,,,,,,,SAFE,-5.466,-1.648,1.148,0.745,-0.122,-0.0,0.0,0.0,0.009,0.0,0.0,0.0,0.0,0.0,0.0
EXO,287612067,,,,,,,,,,,SAFE,-5.466,-1.648,1.148,0.745,-0.122,-0.0,0.0,0.0,0.009,0.0,0.0,0.0,0.0,0.0,0.0
EXO,287712067,,,,,,,,,,,SAFE,-5.466,-1.648,1.148,0.745,-0.122,-0.0,0.0,0.0,0.009,0.0,0.0,0.0,0.0,0.0,0.0
EXO,287812067,,,,,,,,,,,SAFE,-5.466,-1.648,1.148,0.745,-0.122,-0.0,0.0,0.0,0.009,0.0,0.0,0.0,0.0,0.0,0.0
EXO,287912068,,,,,,,,,,,SAFE,-5.466,-1.648,1.148,0.745,-0.122,-0.0,0.0,0.0,0.009,0.0,0.0,0.0,0.0,0.0,0.0
EXO,288012067,,,,,,,,,,,SAFE,-5.466,-1.648,1.148,0.745,-0.122,-0.0,0.0,0.0,0.009,0.0,0.0,0.0,0.0,0.0,0.0
EXO,288112067,,,,,,,,,,,SAFE,-5.466,-1.648,1.148,0.745,-0.122,-0.0,0.0,0.0,0.009,0.0,0.0,0.0,0.0,0.0,0.0
EXO,288212067,,,,,,,,,,,SAFE,-5.466,-1.648,1.148,0.745,-0.122,-0.0,0.0,0.0,0.009,0.0,0.0,0.0,0.0,0.0,0.0
EXO,288312067,,,,,,,,,,,SAFE,-5.466,-1.648,1.148,0.745,-0.122,-0.0,0.0,0.0,0.009,0.0,0.0,0.0,0.0,0.0,0.0
EXO,288412068,,,,,,,,,,,SAFE,-5.466,-1.648,1.148,0.745,-0.122,-0.0,0.0,0.0,0.009,0.0,0.0,0.0,0.0,0.0,0.0
EXO,288512067,,,,,,,,,,,SAFE,-5.466,-1.648,1.148,0.745,-0.122,-0.0,0.0,0.0,0.009,0.0,0.0,0.0,0.0,0.0,0.0
EXO,288612067,,,,,,,,,,,SAFE,-5.466,-1.648,1.148,0.745,-0.122,-0.0,0.0,0.0,0.009,0.0,0.0,0.0,0.0,0.0,0.0
EXO,288712067,,,,,,,,,,,SAFE,-5.466,-1.648,1.148,0.745,-0.122,-0.0,0.0,0.0,0.009,0.0,0.0,0.0,0.0,0.0,0.0
EXO,288812067,,,,,,,,,,,SAFE,-5.466,-1.648,1.148,0.745,-0.122,-0.0,0.0,0.0,0.009,0.0,0.0,0.0,0.0,0.0,0.0
EXO,288912068,,,,,,,,,,,SAFE,-5.466,-1.648,1.148,0.745,-0.122,-0.0,0.0,0.0,0.009,0.0,0.0,0.0,0.0,0.0,0.0
EXO,289012067,,,,,,,,,,,SAFE,-5.466,-1.648,1.148,0.745,-0.122,-0.0,0.0,0.0,0.009,0.0,0.0,0.0,0.0,0.0,0.0
EXO,289112067,,,,,,,,,,,SAFE,-5.466,-1.648,1.148,0.745,-0.122,-0.0,0.0,0.0,0.009,0.0,0.0,0.0,0.0,0.0,0.0
EXO,289212067,,,,,,,,,,,SAFE,-5.466,-1.648,1.148,0.745,-0.122,-0.0,0.0,0.0,0.009,0.0,0.0,0.0,0.0,0.0,0.0
EXO,289312067,,,,,,,,,,,SAFE,-5.466,-1.648,1.148,0.745,-0.122,-0.0,0.0,0.0,0.009,0.0,0.0,0.0,0.0,0.0,0.0
EXO,289412068,,,,,,,,,,,SAFE,-5.466,-1.648,1.148,0.745,-0.122,-0.0,0.0,0.0,0.009,0.0,0.0,0.0,0.0,0.0,0.0
EXO,289512067,,,,,,,,,,,SAFE,-5.466,-1.648,1.148,0.745,-0.122,-0.0,0.0,0.0,0.009,0.0,0.0,0.0,0.0,0.0,0.0
EXO,289612067,,,,,,,,,,,SAFE,-5.466,-1.648,1.148,0.745,-0.122,-0.0,0.0,0.0,0.009,0.0,0.0,0.0,0.0,0.0,0.0
EXO,289712067,,,,,,,,,,,SAFE,-5.466,-1.648,1.148,0.745,-0.122,-0.0,0.0,0.0,0.009,0.0,0.0,0.0,0.0,0.0,0.0
EXO,289812067,,,,,,,,,,,SAFE,-5.466,-1.648,1.148,0.745,-0.122,-0.0,0.0,0.0,0.009,0.0,0.0,0.0,0.0,0.0,0.0
EXO,289912068,,,,,,,,,,,SAFE,-5.466,-1.648,1.148,0.745,-0.122,-0.0,0.0,0.0,0.009,0.0,0.0,0.0,0.0,0.0,0.0
EXO,290012067,,,,,,,,,,,SAFE,-5.466,-1.648,1.148,0.745,-0.122,-0.0,0.0,0.0,0.009,0.0,0.0,0.0,0.0,0.0,0.0
EXO,290112067,,,,,,,,,,,SAFE,-5.466,-1.648,1.148,0.745,-0.122,-0.0,0.0,0.0,0.009,0.0,0.0,0.0,0.0,0.0,0.0
EXO,290212067,,,,,,,,,,,SAFE,-5.466,-1.648,1.148,0.745,-0.122,-0.0,0.0,0.0,0.009,0.0,0.0,0.0,0.0,0.0,0.0
EXO,290312067,,,,,,,,,,,SAFE,-5.466,-1.648,1.148,0.745,-0.122,-0.0,0.0,0.0,0.009,0.0,0.0,0.0,0.0,0.0,0.0
EXO,290412068,,,,,,,,,,,SAFE,-5.466,-1.648,1.148,0.745,-0.122,-0.0,0.0,0.0,0.009,0.0,0.0,0.0,0.0,0.0,0.0
EXO,290512067,,,,,,,,,,,SAFE,-5.466,-1.648,1.148,0.745,-0.122,-0.0,0.0,0.0,0.009,0.0,0.0,0.0,0.0,0.0,0.0
EXO,290612067,,,,,,,,,,,SAFE,-5.466,-1.648,1.148,0.745,-0.122,-0.0,0.0,0.0,0.009,0.0,0.0,0.0,0.0,0.0,0.0
EXO,290712067,,,,,,,,,,,SAFE,-5.466,-1.648,1.148,0.745,-0.122,-0.0,0.0,0.0,0.009,0.0,0.0,0.0,0.0,0.0,0.0
EXO,290812067,,,,,,,,,,,SAFE,-5.466,-1.648,1.148,0.745,-0.122,-0.0,0.0,0.0,0.009,0.0,0.0,0.0,0.0,0.0,0.0
EXO,290912068,,,,,,,,,,,SAFE,-5.466,-1.648,1.148,0.745,-0.122,-0.0,0.0,0.0,0.009,0.0,0.0,0.0,0.0,0.0,0.0
EXO,291012067,,,,,,,,,,,SAFE,-5.466,-1.648,1.148,0.745,-0.122,-0.0,0.0,0.0,0.009,0.0,0.0,0.0,0.0,0.0,0.0
EXO,291112067,,,,,,,,,,,SAFE,-5.466,-1.648,1.148,0.745,-0.122,-0.0,0.0,0.0,0.009,0.0,0.0,0.0,0.0,0.0,0.0
EXO,291212067,,,,,,,,,,,SAFE,-5.466,-1.648,1.148,0.745,-0.122,-0.0,0.0,0.0,0.009,0.0,0.0,0.0,0.0,0.0,0.0
EXO,291312067,,,,,,,,,,,SAFE,-5.466,-1.648,1.148,0.745,-0.122,-0.0,0.0,0.0,0.009,0.0,0.0,0.0,0.0,0.0,0.0
EXO,291412068,,,,,,,,,,,SAFE,-5.466,-1.648,1.148,0.745,-0.122,-0.0,0.0,0.0,0.009,0.0,0.0,0.0,0.0,0.0,0.0
EXO,291512067,,,,,,,,,,,SAFE,-5.466,-1.648,1.148,0.745,-0.122,-0.0,0.0,0.0,0.009,0.0,0.0,0.0,0.0,0.0,0.0
EXO,291612067,,,,,,,,,,,SAFE,-5.466,-1.648,1.148,0.745,-0.122,-0.0,0.0,0.0,0.009,0.0,0.0,0.0,0.0,0.0,0.0
EXO,291712067,,,,,,,,,,,SAFE,-5.466,-1.648,1.148,0.745,-0.122,-0.0,0.0,0.0,0.009,0.0,0.0,0.0,0.0,0.0,0.0
EXO,291812067,,,,,,,,,,,SAFE,-5.466,-1.648,1.148,0.745,-0.122,-0.0,0.0,0.0,0.009,0.0,0.0,0.0,0.0,0.0,0.0
EXO,291912068,,,,,,,,,,,SAFE,-5.466,-1.648,1.148,0.745,-0.122,-0.0,0.0,0.0,0.009,0.0,0.0,0.0,0.0,0.0,0.0
EXO,292012067,,,,,,,,,,,SAFE,-5.466,-1.648,1.148,0.745,-0.122,-0.0,0.0,0.0,0.009,0.0,0.0,0.0,0.0,0.0,0.0
EXO,292112067,,,,,,,,,,,SAFE,-5.466,-1.648,1.148,0.745,-0.122,-0.0,0.0,0.0,0.009,0.0,0.0,0.0,0.0,0.0,0.0
EXO,292212067,,,,,,,,,,,SAFE,-5.466,-1.648,1.148,0.745,-0.122,-0.0,0.0,0.0,0.009,0.0,0.0,0.0,0.0,0.0,0.0
EXO,292312067,,,,,,,,,,,SAFE,-5.466,-1.648,1.148,0.745,-0.122,-0.0,0.0,0.0,0.009,0.0,0.0,0.0,0.0,0.0,0.0
EXO,292412068,,,,,,,,,,,SAFE,-5.466,-1.648,1.148,0.745,-0.122,-0.0,0.0,0.0,0.009,0.0,0.0,0.0,0.0,0.0,0.0
EXO,292512067,,,,,,,,,,,SAFE,-5.466,-1.648,1.148,0.745,-0.122,-0.0,0.0,0.0,0.009,0.0,0.0,0.0,0.0,0.0,0.0
EXO,292612067,,,,,,,,,,,SAFE,-5.466,-1.648,1.148,0.745,-0.122,-0.0,0.0,0.0,0.009,0.0,0.0,0.0,0.0,0.0,0.0
EXO,292712067,,,,,,,,,,,SAFE,-5.466,-1.648,1.148,0.745,-0.122,-0.0,0.0,0.0,0.009,0.0,0.0,0.0,0.0,0.0,0.0
EXO,292812067,,,,,,,,,,,SAFE,-5.466,-1.648,1.148,0.745,-0.122,-0.0,0.0,0.0,0.009,0.0,0.0,0.0,0.0,0.0,0.0
EXO,292912068,,,,,,,,,,,SAFE,-5.466,-1.648,1.148,0.745,-0.122,-0.0,0.0,0.0,0.009,0.0,0.0,0.0,0.0,0.0,0.0
EXO,293012067,,,,,,,,,,,SAFE,-5.466,-1.648,1.148,0.745,-0.122,-0.0,0.0,0.0,0.009,0.0,0.0,0.0,0.0,0.0,0.0
EXO,293112067,,,,,,,,,,,SAFE,-5.466,-1.648,1.148,0.745,-0.122,-0.0,0.0,0.0,0.009,0.0,0.0,0.0,0.0,0.0,0.0
EXO,293212067,,,,,,,,,,,SAFE,-5.466,-1.648,1.148,0.745,-0.122,-0.0,0.0,0.0,0.009,0.0,0.0,0.0,0.0,0.0,0.0
EXO,293312067,,,,,,,,,,,SAFE,-5.466,-1.648,1.148,0.745,-0.122,-0.0,0.0,0.0,0.009,0.0,0.0,0.0,0.0,0.0,0.0
EXO,293412068,,,,,,,,,,,SAFE,-5.466,-1.648,1.148,0.745,-0.122,-0.0,0.0,0.0,0.009,0.0,0.0,0.0,0.0,0.0,0.0
EXO,293512067,,,,,,,,,,,SAFE,-5.466,-1.648,1.148,0.745,-0.122,-0.0,0.0,0.0,0.009,0.0,0.0,0.0,0.0,0.0,0.0
EXO,293612067,,,,,,,,,,,SAFE,-5.466,-1.648,1.148,0.745,-0.122,-0.0,0.0,0.0,0.009,0.0,0.0,0.0,0.0,0.0,0.0
EXO,293712067,,,,,,,,,,,SAFE,-5.466,-1.648,1.148,0.745,-0.122,-0.0,0.0,0.0,0.009,0.0,0.0,0.0,0.0,0.0,0.0
EXO,293812067,,,,,,,,,,,SAFE,-5.466,-1.648,1.148,0.745,-0.122,-0.0,0.0,0.0,0.009,0.0,0.0,0.0,0.0,0.0,0.0
EXO,293912068,,,,,,,,,,,SAFE,-5.466,-1.648,1.148,0.745,-0.122,-0.0,0.0,0.0,0.009,0.0,0.0,0.0,0.0,0.0,0.0
EXO,294012067,,,,,,,,,,,SAFE,-5.466,-1.648,1.148,0.745,-0.122,-0.0,0.0,0.0,0.009,0.0,0.0,0.0,0.0,0.0,0.0
EXO,294112067,,,,,,,,,,,SAFE,-5.466,-1.648,1.148,0.745,-0.122,-0.0,0.0,0.0,0.009,0.0,0.0,0.0,0.0,0.0,0.0
EXO,294212067,,,,,,,,,,,SAFE,-5.466,-1.648,1.148,0.745,-0.122,-0.0,0.0,0.0,0.009,0.0,0.0,0.0,0.0,0.0,0.0
EXO,294312067,,,,,,,,,,,SAFE,-5.466,-1.648,1.148,0.745,-0.122,-0.0,0.0,0.0,0.009,0.0,0.0,0.0,0.0,0.0,0.0
EXO,294412068,,,,,,,,,,,SAFE,-5.466,-1.648,1.148,0.745,-0.122,-0.0,0.0,0.0,0.009,0.0,0.0,0.0,0.0,0.0,0.0
EXO,294512067,,,,,,,,,,,SAFE,-5.466,-1.648,1.148,0.745,-0.122,-0.0,0.0,0.0,0.009,0.0,0.0,0.0,0.0,0.0,0.0
EXO,294612067,,,,,,,,,,,SAFE,-5.466,-1.648,1.148,0.745,-0.122,-0.0,0.0,0.0,0.009,0.0,0.0,0.0,0.0,0.0,0.0
EXO,294712067,,,,,,,,,,,SAFE,-5.466,-1.648,1.148,0.745,-0.122,-0.0,0.0,0.0,0.009,0.0,0.0,0.0,0.0,0.0,0.0
EXO,294812067,,,,,,,,,,,SAFE,-5.466,-1.648,1.148,0.745,-0.122,-0.0,0.0,0.0,0.009,0.0,0.0,0.0,0.0,0.0,0.0
EXO,294912068,,,,,,,,,,,SAFE,-5.466,-1.648,1.148,0.745,-0.122,-0.0,0.0,0.0,0.009,0.0,0.0,0.0,0.0,0.0,0.0
EXO,295012067,,,,,,,,,,,SAFE,-5.466,-1.648,1.148,0.745,-0.122,-0.0,0.0,0.0,0.009,0.0,0.0,0.0,0.0,0.0,0.0
EXO,295112067,,,,,,,,,,,SAFE,-5.466,-1.648,1.148,0.745,-0.122,-0.0,0.0,0.0,0.009,0.0,0.0,0.0,0.0,0.0,0.0
EXO,295212067,,,,,,,,,,,SAFE,-5.466,-1.648,1.148,0.745,-0.122,-0.0,0.0,0.0,0.009,0.0,0.0,0.0,0.0,0.0,0.0
EXO,295312067,,,,,,,,,,,SAFE,-5.466,-1.648,1.148,0.745,-0.122,-0.0,0.0,0.0,0.009,0.0,0.0,0.0,0.0,0.0,0.0
EXO,295412068,,,,,,,,,,,SAFE,-5.466,-1.648,1.148,0.745,-0.122,-0.0,0.0,0.0,0.009,0.0,0.0,0.0,0.0,0.0,0.0
EXO,295512067,,,,,,,,,,,SAFE,-5.466,-1.648,1.148,0.745,-0.122,-0.0,0.0,0.0,0.009,0.0,0.0,0.0,0.0,0.0,0.0
EXO,295612067,,,,,,,,,,,SAFE,-5.466,-1.648,1.148,0.745,-0.122,-0.0,0.0,0.0,0.009,0.0,0.0,0.0,0.0,0.0,0.0
EXO,295712067,,,,,,,,,,,SAFE,-5.466,-1.648,1.148,0.745,-0.122,-0.0,0.0,0.0,0.009,0.0,0.0,0.0,0.0,0.0,0.0
EXO,295812067,,,,,,,,,,,SAFE,-5.466,-1.648,1.148,0.745,-0.122,-0.0,0.0,0.0,0.009,0.0,0.0,0.0,0.0,0.0,0.0
EXO,295912068,,,,,,,,,,,SAFE,-5.466,-1.648,1.148,0.745,-0.122,-0.0,0.0,0.0,0.009,0.0,0.0,0.0,0.0,0.0,0.0
EXO,296012067,,,,,,,,,,,SAFE,-5.466,-1.648,1.148,0.745,-0.122,-0.0,0.0,0.0,0.009,0.0,0.0,0.0,0.0,0.0,0.0
EXO,296112067,,,,,,,,,,,SAFE,-5.466,-1.648,1.148,0.745,-0.122,-0.0,0.0,0.0,0.009,0.0,0.0,0.0,0.0,0.0,0.0
EXO,296212067,,,,,,,,,,,SAFE,-5.466,-1.648,1.148,0.745,-0.122,-0.0,0.0,0.0,0.009,0.0,0.0,0.0,0.0,0.0,0.0
EXO,296312067,,,,,,,,,,,SAFE,-5.466,-1.648,1.148,0.745,-0.122,-0.0,0.0,0.0,0.009,0.0,0.0,0.0,0.0,0.0,0.0
EXO,296412068,,,,,,,,,,,SAFE,-5.466,-1.648,1.148,0.745,-0.122,-0.0,0.0,0.0,0.009,0.0,0.0,0.0,0.0,0.0,0.0
EXO,296512067,,,,,,,,,,,SAFE,-5.466,-1.648,1.148,0.745,-0.122,-0.0,0.0,0.0,0.009,0.0,0.0,0.0,0.0,0.0,0.0
EXO,296612067,,,,,,,,,,,SAFE,-5.466,-1.648,1.148,0.745,-0.122,-0.0,0.0,0.0,0.009,0.0,0.0,0.0,0.0,0.0,0.0
EXO,296712067,,,,,,,,,,,SAFE,-5.466,-1.648,1.148,0.745,-0.122,-0.0,0.0,0.0,0.009,0.0,0.0,0.0,0.0,0.0,0.0
EXO,296812067,,,,,,,,,,,SAFE,-5.466,-1.648,1.148,0.745,-0.122,-0.0,0.0,0.0,0.009,0.0,0.0,0.0,0.0,0.0,0.0
EXO,296912068,,,,,,,,,,,SAFE,-5.466,-1.648,1.148,0.745,-0.122,-0.0,0.0,0.0,0.009,0.0,0.0,0.0,0.0,0.0,0.0
EXO,297012067,,,,,,,,,,,SAFE,-5.466,-1.648,1.148,0.745,-0.122,-0.0,0.0,0.0,0.009,0.0,0.0,0.0,0.0,0.0,0.0
EXO,297112067,,,,,,,,,,,SAFE,-5.466,-1.648,1.148,0.745,-0.122,-0.0,0.0,0.0,0.009,0.0,0.0,0.0,0.0,0.0,0.0
EXO,297212067,,,,,,,,,,,SAFE,-5.466,-1.648,1.148,0.745,-0.122,-0.0,0.0,0.0,0.009,0.0,0.0,0.0,0.0,0.0,0.0
EXO,297312067,,,,,,,,,,,SAFE,-5.466,-1.648,1.148,0.745,-0.122,-0.0,0.0,0.0,0.009,0.0,0.0,0.0,0.0,0.0,0.0
EXO,297412068,,,,,,,,,,,SAFE,-5.466,-1.648,1.148,0.745,-0.122,-0.0,0.0,0.0,0.009,0.0,0.0,0.0,0.0,0.0,0.0
EXO,297512067,,,,,,,,,,,SAFE,-5.466,-1.648,1.148,0.745,-0.122,-0.0,0.0,0.0,0.009,0.0,0.0,0.0,0.0,0.0,0.0
EXO,297612067,,,,,,,,,,,SAFE,-5.466,-1.648,1.148,0.745,-0.122,-0.0,0.0,0.0,0.009,0.0,0.0,0.0,0.0,0.0,0.0
EXO,297712067,,,,,,,,,,,SAFE,-5.466,-1.648,1.148,0.745,-0.122,-0.0,0.0,0.0,0.009,0.0,0.0,0.0,0.0,0.0,0.0
EXO,297812067,,,,,,,,,,,SAFE,-5.466,-1.648,1.148,0.745,-0.122,-0.0,0.0,0.0,0.009,0.0,0.0,0.0,0.0,0.0,0.0
EXO,297912068,,,,,,,,,,,SAFE,-5.466,-1.648,1.148,0.745,-0.122,-0.0,0.0,0.0,0.009,0.0,0.0,0.0,0.0,0.0,0.0
EXO,298012067,,,,,,,,,,,SAFE,-5.466,-1.648,1.148,0.745,-0.122,-0.0,0.0,0.0,0.009,0.0,0.0,0.0,0.0,0.0,0.0
EXO,298112067,,,,,,,,,,,SAFE,-5.466,-1.648,1.148,0.745,-0.122,-0.0,0.0,0.0,0.009,0.0,0.0,0.0,0.0,0.0,0.0
EXO,298212067,,,,,,,,,,,SAFE,-5.466,-1.648,1.148,0.745,-0.122,-0.0,0.0,0.0,0.009,0.0,0.0,0.0,0.0,0.0,0.0
EXO,298312067,,,,,,,,,,,SAFE,-5.466,-1.648,1.148,0.745,-0.122,-0.0,0.0,0.0,0.009,0.0,0.0,0.0,0.0,0.0,0.0
EXO,298412068,,,,,,,,,,,SAFE,-5.466,-1.648,1.148,0.745,-0.122,-0.0,0.0,0.0,0.009,0.0,0.0,0.0,0.0,0.0,0.0
EXO,298512067,,,,,,,,,,,SAFE,-5.466,-1.648,1.148,0.745,-0.122,-0.0,0.0,0.0,0.009,0.0,0.0,0.0,0.0,0.0,0.0
EXO,298612067,,,,,,,,,,,SAFE,-5.466,-1.648,1.148,0.745,-0.122,-0.0,0.0,0.0,0.009,0.0,0.0,0.0,0.0,0.0,0.0
EXO,298712067,,,,,,,,,,,SAFE,-5.466,-1.648,1.148,0.745,-0.122,-0.0,0.0,0.0,0.009,0.0,0.0,0.0,0.0,0.0,0.0
EXO,298812067,,,,,,,,,,,SAFE,-5.466,-1.648,1.148,0.745,-0.122,-0.0,0.0,0.0,0.009,0.0,0.0,0.0,0.0,0.0,0.0
EXO,298912068,,,,,,,,,,,SAFE,-5.466,-1.648,1.148,0.745,-0.122,-0.0,0.0,0.0,0.009,0.0,0.0,0.0,0.0,0.0,0.0
EXO,299012067,,,,,,,,,,,SAFE,-5.466,-1.648,1.148,0.745,-0.122,-0.0,0.0,0.0,0.009,0.0,0.0,0.0,0.0,0.0,0.0
EXO,299112067,,,,,,,,,,,SAFE,-5.466,-1.648,1.148,0.745,-0.122,-0.0,0.0,0.0,0.009,0.0,0.0,0.0,0.0,0.0,0.0
EXO,299212067,,,,,,,,,,,SAFE,-5.466,-1.648,1.148,0.745,-0.122,-0.0,0.0,0.0,0.009,0.0,0.0,0.0,0.0,0.0,0.0
EXO,299312067,,,,,,,,,,,SAFE,-5.466,-1.648,1.148,0.745,-0.122,-0.0,0.0,0.0,0.009,0.0,0.0,0.0,0.0,0.0,0.0
EXO,299412068,,,,,,,,,,,SAFE,-5.466,-1.648,1.148,0.745,-0.122,-0.0,0.0,0.0,0.009,0.0,0.0,0.0,0.0,0.0,0.0
EXO,299512067,,,,,,,,,,,SAFE,-5.466,-1.648,1.148,0.745,-0.122,-0.0,0.0,0.0,0.009,0.0,0.0,0.0,0.0,0.0,0.0
EXO,299612067,,,,,,,,,,,SAFE,-5.466,-1.648,1.148,0.745,-0.122,-0.0,0.0,0.0,0.009,0.0,0.0,0.0,0.0,0.0,0.0
EXO,299712067,,,,,,,,,,,SAFE,-5.466,-1.648,1.148,0.745,-0.122,-0.0,0.0,0.0,0.009,0.0,0.0,0.0,0.0,0.0,0.0
EXO,299812067,,,,,,,,,,,SAFE,-5.466,-1.648,1.148,0.745,-0.122,-0.0,0.0,0.0,0.009,0.0,0.0,0.0,0.0,0.0,0.0
EXO,299912068,,,,,,,,,,,SAFE,-5.466,-1.648,1.148,0.745,-0.122,-0.0,0.0,0.0,0.009,0.0,0.0,0.0,0.0,0.0,0.0
EXO,300012067,,,,,,,,,,,SAFE,-5.466,-1.648,1.148,0.745,-0.122,-0.0,0.0,0.0,0.009,0.0,0.0,0.0,0.0,0.0,0.0
EXO,300112067,,,,,,,,,,,SAFE,-5.466,-1.648,1.148,0.745,-0.122,-0.0,0.0,0.0,0.009,0.0,0.0,0.0,0.0,0.0,0.0
EXO,300212067,,,,,,,,,,,SAFE,-5.466,-1.648,1.148,0.745,-0.122,-0.0,0.0,0.0,0.009,0.0,0.0,0.0,0.0,0.0,0.0
EXO,300312067,,,,,,,,,,,SAFE,-5.466,-1.648,1.148,0.745,-0.122,-0.0,0.0,0.0,0.009,0.0,0.0,0.0,0.0,0.0,0.0
EXO,300412068,,,,,,,,,,,SAFE,-5.466,-1.648,1.148,0.745,-0.122,-0.0,0.0,0.0,0.009,0.0,0.0,0.0,0.0,0.0,0.0
EXO,300512067,,,,,,,,,,,SAFE,-5.466,-1.648,1.148,0.745,-0.122,-0.0,0.0,0.0,0.009,0.0,0.0,0.0,0.0,0.0,0.0
EXO,300612067,,,,,,,,,,,SAFE,-5.466,-1.648,1.148,0.745,-0.122,-0.0,0.0,0.0,0.009,0.0,0.0,0.0,0.0,0.0,0.0
EXO,300712067,,,,,,,,,,,SAFE,-5.466,-1.648,1.148,0.745,-0.122,-0.0,0.0,0.0,0.009,0.0,0.0,0.0,0.0,0.0,0.0
EXO,300812067,,,,,,,,,,,SAFE,-5.466,-1.648,1.148,0.745,-0.122,-0.0,0.0,0.0,0.009,0.0,0.0,0.0,0.0,0.0,0.0
EXO,300912068,,,,,,,,,,,SAFE,-5.466,-1.648,1.148,0.745,-0.122,-0.0,0.0,0.0,0.009,0.0,0.0,0.0,0.0,0.0,0.0
EXO,301012067,,,,,,,,,,,SAFE,-5.466,-1.648,1.148,0.745,-0.122,-0.0,0.0,0.0,0.009,0.0,0.0,0.0,0.0,0.0,0.0
EXO,301112067,,,,,,,,,,,SAFE,-5.466,-1.648,1.148,0.745,-0.122,-0.0,0.0,0.0,0.009,0.0,0.0,0.0,0.0,0.0,0.0
EXO,301212067,,,,,,,,,,,SAFE,-5.466,-1.648,1.148,0.745,-0.122,-0.0,0.0,0.0,0.009,0.0,0.0,0.0,0.0,0.0,0.0
EXO,301312067,,,,,,,,,,,SAFE,-5.466,-1.648,1.148,0.745,-0.122,-0.0,0.0,0.0,0.009,0.0,0.0,0.0,0.0,0.0,0.0
EXO,301412068,,,,,,,,,,,SAFE,-5.466,-1.648,1.148,0.745,-0.122,-0.0,0.0,0.0,0.009,0.0,0.0,0.0,0.0,0.0,0.0
EXO,301512067,,,,,,,,,,,SAFE,-5.466,-1.648,1.148,0.745,-0.122,-0.0,0.0,0.0,0.009,0.0,0.0,0.0,0.0,0.0,0.0
EXO,301612067,,,,,,,,,,,SAFE,-5.466,-1.648,1.148,0.745,-0.122,-0.0,0.0,0.0,0.009,0.0,0.0,0.0,0.0,0.0,0.0
EXO,301712067,,,,,,,,,,,SAFE,-5.466,-1.648,1.148,0.745,-0.122,-0.0,0.0,0.0,0.009,0.0,0.0,0.0,0.0,0.0,0.0
EXO,301812067,,,,,,,,,,,SAFE,-5.466,-1.648,1.148,0.745,-0.122,-0.0,0.0,0.0,0.009,0.0,0.0,0.0,0.0,0.0,0.0
EXO,301912068,,,,,,,,,,,SAFE,-5.466,-1.648,1.148,0.745,-0.122,-0.0,0.0,0.0,0.009,0.0,0.0,0.0,0.0,0.0,0.0
EXO,302012067,,,,,,,,,,,SAFE,-5.466,-1.648,1.148,0.745,-0.122,-0.0,0.0,0.0,0.009,0.0,0.0,0.0,0.0,0.0,0.0
EXO,302112067,,,,,,,,,,,SAFE,-5.466,-1.648,1.148,0.745,-0.122,-0.0,0.0,0.0,0.009,0.0,0.0,0.0,0.0,0.0,0.0
EXO,302212067,,,,,,,,,,,SAFE,-5.466,-1.648,1.148,0.745,-0.122,-0.0,0.0,0.0,0.009,0.0,0.0,0.0,0.0,0.0,0.0
EXO,302312067,,,,,,,,,,,SAFE,-5.466,-1.648,1.148,0.745,-0.122,-0.0,0.0,0.0,0.009,0.0,0.0,0.0,0.0,0.0,0.0
EXO,302412068,,,,,,,,,,,SAFE,-5.466,-1.648,1.148,0.745,-0.122,-0.0,0.0,0.0,0.009,0.0,0.0,0.0,0.0,0.0,0.0
EXO,302512067,,,,,,,,,,,SAFE,-5.466,-1.648,1.148,0.745,-0.122,-0.0,0.0,0.0,0.009,0.0,0.0,0.0,0.0,0.0,0.0
EXO,302612067,,,,,,,,,,,SAFE,-5.466,-1.648,1.148,0.745,-0.122,-0.0,0.0,0.0,0.009,0.0,0.0,0.0,0.0,0.0,0.0
EXO,302712067,,,,,,,,,,,SAFE,-5.466,-1.648,1.148,0.745,-0.122,-0.0,0.0,0.0,0.009,0.0,0.0,0.0,0.0,0.0,0.0
EXO,302812067,,,,,,,,,,,SAFE,-5.466,-1.648,1.148,0.745,-0.122,-0.0,0.0,0.0,0.009,0.0,0.0,0.0,0.0,0.0,0.0
EXO,302912068,,,,,,,,,,,SAFE,-5.466,-1.648,1.148,0.745,-0.122,-0.0,0.0,0.0,0.009,0.0,0.0,0.0,0.0,0.0,0.0
EXO,303012067,,,,,,,,,,,SAFE,-5.466,-1.648,1.148,0.745,-0.122,-0.0,0.0,0.0,0.009,0.0,0.0,0.0,0.0,0.0,0.0
EXO,303112067,,,,,,,,,,,SAFE,-5.466,-1.648,1.148,0.745,-0.122,-0.0,0.0,0.0,0.009,0.0,0.0,0.0,0.0,0.0,0.0
EXO,303212067,,,,,,,,,,,SAFE,-5.466,-1.648,1.148,0.745,-0.122,-0.0,0.0,0.0,0.009,0.0,0.0,0.0,0.0,0.0,0.0
EXO,303312067,,,,,,,,,,,SAFE,-5.466,-1.648,1.148,0.745,-0.122,-0.0,0.0,0.0,0.009,0.0,0.0,0.0,0.0,0.0,0.0
EXO,303412068,,,,,,,,,,,SAFE,-5.466,-1.648,1.148,0.745,-0.122,-0.0,0.0,0.0,0.009,0.0,0.0,0.0,0.0,0.0,0.0
EXO,303512067,,,,,,,,,,,SAFE,-5.466,-1.648,1.148,0.745,-0.122,-0.0,0.0,0.0,0.009,0.0,0.0,0.0,0.0,0.0,0.0
EXO,303612067,,,,,,,,,,,SAFE,-5.466,-1.648,1.148,0.745,-0.122,-0.0,0.0,0.0,0.009,0.0,0.0,0.0,0.0,0.0,0.0
EXO,303712067,,,,,,,,,,,SAFE,-5.466,-1.648,1.148,0.745,-0.122,-0.0,0.0,0.0,0.009,0.0,0.0,0.0,0.0,0.0,0.0
EXO,303812067,,,,,,,,,,,SAFE,-5.466,-1.648,1.148,0.745,-0.122,-0.0,0.0,0.0,0.009,0.0,0.0,0.0,0.0,0.0,0.0
EXO,303912068,,,,,,,,,,,SAFE,-5.466,-1.648,1.148,0.745,-0.122,-0.0,0.0,0.0,0.009,0.0,0.0,0.0,0.0,0.0,0.0
EXO,304012067,,,,,,,,,,,SAFE,-5.466,-1.648,1.148,0.745,-0.122,-0.0,0.0,0.0,0.009,0.0,0.0,0.0,0.0,0.0,0.0
EXO,304112067,,,,,,,,,,,SAFE,-5.466,-1.648,1.148,0.745,-0.122,-0.0,0.0,0.0,0.009,0.0,0.0,0.0,0.0,0.0,0.0
EXO,304212067,,,,,,,,,,,SAFE,-5.466,-1.648,1.148,0.745,-0.122,-0.0,0.0,0.0,0.009,0.0,0.0,0.0,0.0,0.0,0.0
EXO,304312067,,,,,,,,,,,SAFE,-5.466,-1.648,1.148,0.745,-0.122,-0.0,0.0,0.0,0.009,0.0,0.0,0.0,0.0,0.0,0.0
EXO,304412068,,,,,,,,,,,SAFE,-5.466,-1.648,1.148,0.745,-0.122,-0.0,0.0,0.0,0.009,0.0,0.0,0.0,0.0,0.0,0.0
EXO,304512067,,,,,,,,,,,SAFE,-5.466,-1.648,1.148,0.745,-0.122,-0.0,0.0,0.0,0.009,0.0,0.0,0.0,0.0,0.0,0.0
EXO,304612067,,,,,,,,,,,SAFE,-5.466,-1.648,1.148,0.745,-0.122,-0.0,0.0,0.0,0.009,0.0,0.0,0.0,0.0,0.0,0.0
EXO,304712067,,,,,,,,,,,SAFE,-5.466,-1.648,1.148,0.745,-0.122,-0.0,0.0,0.0,0.009,0.0,0.0,0.0,0.0,0.0,0.0
EXO,304812067,,,,,,,,,,,SAFE,-5.466,-1.648,1.148,0.745,-0.122,-0.0,0.0,0.0,0.009,0.0,0.0,0.0,0.0,0.0,0.0
EXO,304912068,,,,,,,,,,,SAFE,-5.466,-1.648,1.148,0.745,-0.122,-0.0,0.0,0.0,0.009,0.0,0.0,0.0,0.0,0.0,0.0
EXO,305012067,,,,,,,,,,,SAFE,-5.466,-1.648,1.148,0.745,-0.122,-0.0,0.0,0.0,0.009,0.0,0.0,0.0,0.0,0.0,0.0
EXO,305112067,,,,,,,,,,,SAFE,-5.466,-1.648,1.148,0.745,-0.122,-0.0,0.0,0.0,0.009,0.0,0.0,0.0,0.0,0.0,0.0
EXO,305212067,,,,,,,,,,,SAFE,-5.466,-1.648,1.148,0.745,-0.122,-0.0,0.0,0.0,0.009,0.0,0.0,0.0,0.0,0.0,0.0
EXO,305312067,,,,,,,,,,,SAFE,-5.466,-1.648,1.148,0.745,-0.122,-0.0,0.0,0.0,0.009,0.0,0.0,0.0,0.0,0.0,0.0
EXO,305412068,,,,,,,,,,,SAFE,-5.466,-1.648,1.148,0.745,-0.122,-0.0,0.0,0.0,0.009,0.0,0.0,0.0,0.0,0.0,0.0
EXO,305512067,,,,,,,,,,,SAFE,-5.466,-1.648,1.148,0.745,-0.122,-0.0,0.0,0.0,0.009,0.0,0.0,0.0,0.0,0.0,0.0
EXO,305612067,,,,,,,,,,,SAFE,-5.466,-1.648,1.148,0.745,-0.122,-0.0,0.0,0.0,0.009,0.0,0.0,0.0,0.0,0.0,0.0
EXO,305712067,,,,,,,,,,,SAFE,-5.466,-1.648,1.148,0.745,-0.122,-0.0,0.0,0.0,0.009,0.0,0.0,0.0,0.0,0.0,0.0
EXO,305812067,,,,,,,,,,,SAFE,-5.466,-1.648,1.148,0.745,-0.122,-0.0,0.0,0.0,0.009,0.0,0.0,0.0,0.0,0.0,0.0
EXO,305912068,,,,,,,,,,,SAFE,-5.466,-1.648,1.148,0.745,-0.122,-0.0,0.0,0.0,0.009,0.0,0.0,0.0,0.0,0.0,0.0
EXO,306012067,,,,,,,,,,,SAFE,-5.466,-1.648,1.148,0.745,-0.122,-0.0,0.0,0.0,0.009,0.0,0.0,0.0,0.0,0.0,0.0
EXO,306112067,,,,,,,,,,,SAFE,-5.466,-1.648,1.148,0.745,-0.122,-0.0,0.0,0.0,0.009,0.0,0.0,0.0,0.0,0.0,0.0
EXO,306212067,,,,,,,,,,,SAFE,-5.466,-1.648,1.148,0.745,-0.122,-0.0,0.0,0.0,0.009,0.0,0.0,0.0,0.0,0.0,0.0
EXO,306312067,,,,,,,,,,,SAFE,-5.466,-1.648,1.148,0.745,-0.122,-0.0,0.0,0.0,0.009,0.0,0.0,0.0,0.0,0.0,0.0
EXO,306412068,,,,,,,,,,,SAFE,-5.466,-1.648,1.148,0.745,-0.122,-0.0,0.0,0.0,0.009,0.0,0.0,0.0,0.0,0.0,0.0
EXO,306512067,,,,,,,,,,,SAFE,-5.466,-1.648,1.148,0.745,-0.122,-0.0,0.0,0.0,0.009,0.0,0.0,0.0,0.0,0.0,0.0
EXO,306612067,,,,,,,,,,,SAFE,-5.466,-1.648,1.148,0.745,-0.122,-0.0,0.0,0.0,0.009,0.0,0.0,0.0,0.0,0.0,0.0
EXO,306712067,,,,,,,,,,,SAFE,-5.466,-1.648,1.148,0.745,-0.122,-0.0,0.0,0.0,0.009,0.0,0.0,0.0,0.0,0.0,0.0
EXO,306812067,,,,,,,,,,,SAFE,-5.466,-1.648,1.148,0.745,-0.122,-0.0,0.0,0.0,0.009,0.0,0.0,0.0,0.0,0.0,0.0
EXO,306912068,,,,,,,,,,,SAFE,-5.466,-1.648,1.148,0.745,-0.122,-0.0,0.0,0.0,0.009,0.0,0.0,0.0,0.0,0.0,0.0
EXO,307012067,,,,,,,,,,,SAFE,-5.466,-1.648,1.148,0.745,-0.122,-0.0,0.0,0.0,0.009,0.0,0.0,0.0,0.0,0.0,0.0
EXO,307112067,,,,,,,,,,,SAFE,-5.466,-1.648,1.148,0.745,-0.122,-0.0,0.0,0.0,0.009,0.0,0.0,0.0,0.0,0.0,0.0
EXO,307212067,,,,,,,,,,,SAFE,-5.466,-1.648,1.148,0.745,-0.122,-0.0,0.0,0.0,0.009,0.0,0.0,0.0,0.0,0.0,0.0
EXO,307312067,,,,,,,,,,,SAFE,-5.466,-1.648,1.148,0.745,-0.122,-0.0,0.0,0.0,0.009,0.0,0.0,0.0,0.0,0.0,0.0
EXO,307412068,,,,,,,,,,,SAFE,-5.466,-1.648,1.148,0.745,-0.122,-0.0,0.0,0.0,0.009,0.0,0.0,0.0,0.0,0.0,0.0
EXO,307512067,,,,,,,,,,,SAFE,-5.466,-1.648,1.148,0.745,-0.122,-0.0,0.0,0.0,0.009,0.0,0.0,0.0,0.0,0.0,0.0
EXO,307612067,,,,,,,,,,,SAFE,-5.466,-1.648,1.148,0.745,-0.122,-0.0,0.0,0.0,0.009,0.0,0.0,0.0,0.0,0.0,0.0
EXO,307712067,,,,,,,,,,,SAFE,-5.466,-1.648,1.148,0.745,-0.122,-0.0,0.0,0.0,0.009,0.0,0.0,0.0,0.0,0.0,0.0
EXO,307812067,,,,,,,,,,,SAFE,-5.466,-1.648,1.148,0.745,-0.122,-0.0,0.0,0.0,0.009,0.0,0.0,0.0,0.0,0.0,0.0
EXO,307912068,,,,,,,,,,,SAFE,-5.466,-1.648,1.148,0.745,-0.122,-0.0,0.0,0.0,0.009,0.0,0.0,0.0,0.0,0.0,0.0
EXO,308012067,,,,,,,,,,,SAFE,-5.466,-1.648,1.148,0.745,-0.122,-0.0,0.0,0.0,0.009,0.0,0.0,0.0,0.0,0.0,0.0
EXO,308112067,,,,,,,,,,,SAFE,-5.466,-1.648,1.148,0.745,-0.122,-0.0,0.0,0.0,0.009,0.0,0.0,0.0,0.0,0.0,0.0
EXO,308212067,,,,,,,,,,,SAFE,-5.466,-1.648,1.148,0.745,-0.122,-0.0,0.0,0.0,0.009,0.0,0.0,0.0,0.0,0.0,0.0
EXO,308312067,,,,,,,,,,,SAFE,-5.466,-1.648,1.148,0.745,-0.122,-0.0,0.0,0.0,0.009,0.0,0.0,0.0,0.0,0.0,0.0
EXO,308412068,,,,,,,,,,,SAFE,-5.466,-1.648,1.148,0.745,-0.122,-0.0,0.0,0.0,0.009,0.0,0.0,0.0,0.0,0.0,0.0
EXO,308512067,,,,,,,,,,,SAFE,-5.466,-1.648,1.148,0.745,-0.122,-0.0,0.0,0.0,0.009,0.0,0.0,0.0,0.0,0.0,0.0
EXO,308612067,,,,,,,,,,,SAFE,-5.466,-1.648,1.148,0.745,-0.122,-0.0,0.0,0.0,0.009,0.0,0.0,0.0,0.0,0.0,0.0
EXO,308712067,,,,,,,,,,,SAFE,-5.466,-1.648,1.148,0.745,-0.122,-0.0,0.0,0.0,0.009,0.0,0.0,0.0,0.0,0.0,0.0
EXO,308812067,,,,,,,,,,,SAFE,-5.466,-1.648,1.148,0.745,-0.122,-0.0,0.0,0.0,0.009,0.0,0.0,0.0,0.0,0.0,0.0
EXO,308912068,,,,,,,,,,,SAFE,-5.466,-1.648,1.148,0.745,-0.122,-0.0,0.0,0.0,0.009,0.0,0.0,0.0,0.0,0.0,0.0
EXO,309012067,,,,,,,,,,,SAFE,-5.466,-1.648,1.148,0.745,-0.122,-0.0,0.0,0.0,0.009,0.0,0.0,0.0,0.0,0.0,0.0
EXO,309112067,,,,,,,,,,,SAFE,-5.466,-1.648,1.148,0.745,-0.122,-0.0,0.0,0.0,0.009,0.0,0.0,0.0,0.0,0.0,0.0
EXO,309212067,,,,,,,,,,,SAFE,-5.466,-1.648,1.148,0.745,-0.122,-0.0,0.0,0.0,0.009,0.0,0.0,0.0,0.0,0.0,0.0
EXO,309312067,,,,,,,,,,,SAFE,-5.466,-1.648,1.148,0.745,-0.122,-0.0,0.0,0.0,0.009,0.0,0.0,0.0,0.0,0.0,0.0
EXO,309412068,,,,,,,,,,,SAFE,-5.466,-1.648,1.148,0.745,-0.122,-0.0,0.0,0.0,0.009,0.0,0.0,0.0,0.0,0.0,0.0
EXO,309512067,,,,,,,,,,,SAFE,-5.466,-1.648,1.148,0.745,-0.122,-0.0,0.0,0.0,0.009,0.0,0.0,0.0,0.0,0.0,0.0
EXO,309612067,,,,,,,,,,,SAFE,-5.466,-1.648,1.148,0.745,-0.122,-0.0,0.0,0.0,0.009,0.0,0.0,0.0,0.0,0.0,0.0
EXO,309712067,,,,,,,,,,,SAFE,-5.466,-1.648,1.148,0.745,-0.122,-0.0,0.0,0.0,0.009,0.0,0.0,0.0,0.0,0.0,0.0
EXO,309812067,,,,,,,,,,,SAFE,-5.466,-1.648,1.148,0.745,-0.122,-0.0,0.0,0.0,0.009,0.0,0.0,0.0,0.0,0.0,0.0
EXO,309912068,,,,,,,,,,,SAFE,-5.466,-1.648,1.148,0.745,-0.122,-0.0,0.0,0.0,0.009,0.0,0.0,0.0,0.0,0.0,0.0
EXO,310012067,,,,,,,,,,,SAFE,-5.466,-1.648,1.148,0.745,-0.122,-0.0,0.0,0.0,0.009,0.0,0.0,0.0,0.0,0.0,0.0
EXO,310112067,,,,,,,,,,,SAFE,-5.466,-1.648,1.148,0.745,-0.122,-0.0,0.0,0.0,0.009,0.0,0.0,0.0,0.0,0.0,0.0
EXO,310212067,,,,,,,,,,,SAFE,-5.466,-1.648,1.148,0.745,-0.122,-0.0,0.0,0.0,0.009,0.0,0.0,0.0,0.0,0.0,0.0
EXO,310312067,,,,,,,,,,,SAFE,-5.466,-1.648,1.148,0.745,-0.122,-0.0,0.0,0.0,0.009,0.0,0.0,0.0,0.0,0.0,0.0
EXO,310412068,,,,,,,,,,,SAFE,-5.466,-1.648,1.148,0.745,-0.122,-0.0,0.0,0.0,0.009,0.0,0.0,0.0,0.0,0.0,0.0
EXO,310512067,,,,,,,,,,,SAFE,-5.466,-1.648,1.148,0.745,-0.122,-0.0,0.0,0.0,0.009,0.0,0.0,0.0,0.0,0.0,0.0
EXO,310612067,,,,,,,,,,,SAFE,-5.466,-1.648,1.148,0.745,-0.122,-0.0,0.0,0.0,0.009,0.0,0.0,0.0,0.0,0.0,0.0
EXO,310712067,,,,,,,,,,,SAFE,-5.466,-1.648,1.148,0.745,-0.122,-0.0,0.0,0.0,0.009,0.0,0.0,0.0,0.0,0.0,0.0
EXO,310812067,,,,,,,,,,,SAFE,-5.466,-1.648,1.148,0.745,-0.122,-0.0,0.0,0.0,0.009,0.0,0.0,0.0,0.0,0.0,0.0
EXO,310912068,,,,,,,,,,,SAFE,-5.466,-1.648,1.148,0.745,-0.122,-0.0,0.0,0.0,0.009,0.0,0.0,0.0,0.0,0.0,0.0
EXO,311012067,,,,,,,,,,,SAFE,-5.466,-1.648,1.148,0.745,-0.122,-0.0,0.0,0.0,0.009,0.0,0.0,0.0,0.0,0.0,0.0
EXO,311112067,,,,,,,,,,,SAFE,-5.466,-1.648,1.148,0.745,-0.122,-0.0,0.0,0.0,0.009,0.0,0.0,0.0,0.0,0.0,0.0
EXO,311212067,,,,,,,,,,,SAFE,-5.466,-1.648,1.148,0.745,-0.122,-0.0,0.0,0.0,0.009,0.0,0.0,0.0,0.0,0.0,0.0
EXO,311312067,,,,,,,,,,,SAFE,-5.466,-1.648,1.148,0.745,-0.122,-0.0,0.0,0.0,0.009,0.0,0.0,0.0,0.0,0.0,0.0
EXO,311412068,,,,,,,,,,,SAFE,-5.466,-1.648,1.148,0.745,-0.122,-0.0,0.0,0.0,0.009,0.0,0.0,0.0,0.0,0.0,0.0
EXO,311512067,,,,,,,,,,,SAFE,-5.466,-1.648,1.148,0.745,-0.122,-0.0,0.0,0.0,0.009,0.0,0.0,0.0,0.0,0.0,0.0
EXO,311612067,,,,,,,,,,,SAFE,-5.466,-1.648,1.148,0.745,-0.122,-0.0,0.0,0.0,0.009,0.0,0.0,0.0,0.0,0.0,0.0
EXO,311712067,,,,,,,,,,,SAFE,-5.466,-1.648,1.148,0.745,-0.122,-0.0,0.0,0.0,0.009,0.0,0.0,0.0,0.0,0.0,0.0
EXO,311812067,,,,,,,,,,,SAFE,-5.466,-1.648,1.148,0.745,-0.122,-0.0,0.0,0.0,0.009,0.0,0.0,0.0,0.0,0.0,0.0
EXO,311912068,,,,,,,,,,,SAFE,-5.466,-1.648,1.148,0.745,-0.122,-0.0,0.0,0.0,0.009,0.0,0.0,0.0,0.0,0.0,0.0
EXO,312012067,,,,,,,,,,,SAFE,-5.466,-1.648,1.148,0.745,-0.122,-0.0,0.0,0.0,0.009,0.0,0.0,0.0,0.0,0.0,0.0
EXO,312112067,,,,,,,,,,,SAFE,-5.466,-1.648,1.148,0.745,-0.122,-0.0,0.0,0.0,0.009,0.0,0.0,0.0,0.0,0.0,0.0
EXO,312212067,,,,,,,,,,,SAFE,-5.466,-1.648,1.148,0.745,-0.122,-0.0,0.0,0.0,0.009,0.0,0.0,0.0,0.0,0.0,0.0
EXO,312312067,,,,,,,,,,,SAFE,-5.466,-1.648,1.148,0.745,-0.122,-0.0,0.0,0.0,0.009,0.0,0.0,0.0,0.0,0.0,0.0
EXO,312412068,,,,,,,,,,,SAFE,-5.466,-1.648,1.148,0.745,-0.122,-0.0,0.0,0.0,0.009,0.0,0.0,0.0,0.0,0.0,0.0
EXO,312512067,,,,,,,,,,,SAFE,-5.466,-1.648,1.148,0.745,-0.122,-0.0,0.0,0.0,0.009,0.0,0.0,0.0,0.0,0.0,0.0
EXO,312612067,,,,,,,,,,,SAFE,-5.466,-1.648,1.148,0.745,-0.122,-0.0,0.0,0.0,0.009,0.0,0.0,0.0,0.0,0.0,0.0
EXO,312712067,,,,,,,,,,,SAFE,-5.466,-1.648,1.148,0.745,-0.122,-0.0,0.0,0.0,0.009,0.0,0.0,0.0,0.0,0.0,0.0
EXO,312812067,,,,,,,,,,,SAFE,-5.466,-1.648,1.148,0.745,-0.122,-0.0,0.0,0.0,0.009,0.0,0.0,0.0,0.0,0.0,0.0
EXO,312912068,,,,,,,,,,,SAFE,-5.466,-1.648,1.148,0.745,-0.122,-0.0,0.0,0.0,0.009,0.0,0.0,0.0,0.0,0.0,0.0
EXO,313012067,,,,,,,,,,,SAFE,-5.466,-1.648,1.148,0.745,-0.122,-0.0,0.0,0.0,0.009,0.0,0.0,0.0,0.0,0.0,0.0
EXO,313112067,,,,,,,,,,,SAFE,-5.466,-1.648,1.148,0.745,-0.122,-0.0,0.0,0.0,0.009,0.0,0.0,0.0,0.0,0.0,0.0
EXO,313212067,,,,,,,,,,,SAFE,-5.466,-1.648,1.148,0.745,-0.122,-0.0,0.0,0.0,0.009,0.0,0.0,0.0,0.0,0.0,0.0
EXO,313312067,,,,,,,,,,,SAFE,-5.466,-1.648,1.148,0.745,-0.122,-0.0,0.0,0.0,0.009,0.0,0.0,0.0,0.0,0.0,0.0
EXO,313412068,,,,,,,,,,,SAFE,-5.466,-1.648,1.148,0.745,-0.122,-0.0,0.0,0.0,0.009,0.0,0.0,0.0,0.0,0.0,0.0
EXO,313512067,,,,,,,,,,,SAFE,-5.466,-1.648,1.148,0.745,-0.122,-0.0,0.0,0.0,0.009,0.0,0.0,0.0,0.0,0.0,0.0
EXO,313612067,,,,,,,,,,,SAFE,-5.466,-1.648,1.148,0.745,-0.122,-0.0,0.0,0.0,0.009,0.0,0.0,0.0,0.0,0.0,0.0
EXO,313712067,,,,,,,,,,,SAFE,-5.466,-1.648,1.148,0.745,-0.122,-0.0,0.0,0.0,0.009,0.0,0.0,0.0,0.0,0.0,0.0
EXO,313812067,,,,,,,,,,,SAFE,-5.466,-1.648,1.148,0.745,-0.122,-0.0,0.0,0.0,0.009,0.0,0.0,0.0,0.0,0.0,0.0
EXO,313912068,,,,,,,,,,,SAFE,-5.466,-1.648,1.148,0.745,-0.122,-0.0,0.0,0.0,0.009,0.0,0.0,0.0,0.0,0.0,0.0
EXO,314012067,,,,,,,,,,,SAFE,-5.466,-1.648,1.148,0.745,-0.122,-0.0,0.0,0.0,0.009,0.0,0.0,0.0,0.0,0.0,0.0
EXO,314112067,,,,,,,,,,,SAFE,-5.466,-1.648,1.148,0.745,-0.122,-0.0,0.0,0.0,0.009,0.0,0.0,0.0,0.0,0.0,0.0
EXO,314212067,,,,,,,,,,,SAFE,-5.466,-1.648,1.148,0.745,-0.122,-0.0,0.0,0.0,0.009,0.0,0.0,0.0,0.0,0.0,0.0
EXO,314312067,,,,,,,,,,,SAFE,-5.466,-1.648,1.148,0.745,-0.122,-0.0,0.0,0.0,0.009,0.0,0.0,0.0,0.0,0.0,0.0
EXO,314412068,,,,,,,,,,,SAFE,-5.466,-1.648,1.148,0.745,-0.122,-0.0,0.0,0.0,0.009,0.0,0.0,0.0,0.0,0.0,0.0
EXO,314512067,,,,,,,,,,,SAFE,-5.466,-1.648,1.148,0.745,-0.122,-0.0,0.0,0.0,0.009,0.0,0.0,0.0,0.0,0.0,0.0
EXO,314612067,,,,,,,,,,,SAFE,-5.466,-1.648,1.148,0.745,-0.122,-0.0,0.0,0.0,0.009,0.0,0.0,0.0,0.0,0.0,0.0
EXO,314712067,,,,,,,,,,,SAFE,-5.466,-1.648,1.148,0.745,-0.122,-0.0,0.0,0.0,0.009,0.0,0.0,0.0,0.0,0.0,0.0
EXO,314812067,,,,,,,,,,,SAFE,-5.466,-1.648,1.148,0.745,-0.122,-0.0,0.0,0.0,0.009,0.0,0.0,0.0,0.0,0.0,0.0
EXO,314912068,,,,,,,,,,,SAFE,-5.466,-1.648,1.148,0.745,-0.122,-0.0,0.0,0.0,0.009,0.0,0.0,0.0,0.0,0.0,0.0
EXO,315012067,,,,,,,,,,,SAFE,-5.466,-1.648,1.148,0.745,-0.122,-0.0,0.0,0.0,0.009,0.0,0.0,0.0,0.0,0.0,0.0
EXO,315112067,,,,,,,,,,,SAFE,-5.466,-1.648,1.148,0.745,-0.122,-0.0,0.0,0.0,0.009,0.0,0.0,0.0,0.0,0.0,0.0
EXO,315212067,,,,,,,,,,,SAFE,-5.466,-1.648,1.148,0.745,-0.122,-0.0,0.0,0.0,0.009,0.0,0.0,0.0,0.0,0.0,0.0
EXO,315312067,,,,,,,,,,,SAFE,-5.466,-1.648,1.148,0.745,-0.122,-0.0,0.0,0.0,0.009,0.0,0.0,0.0,0.0,0.0,0.0
EXO,315412068,,,,,,,,,,,SAFE,-5.466,-1.648,1.148,0.745,-0.122,-0.0,0.0,0.0,0.009,0.0,0.0,0.0,0.0,0.0,0.0
EXO,315512067,,,,,,,,,,,SAFE,-5.466,-1.648,1.148,0.745,-0.122,-0.0,0.0,0.0,0.009,0.0,0.0,0.0,0.0,0.0,0.0
EXO,315612067,,,,,,,,,,,SAFE,-5.466,-1.648,1.148,0.745,-0.122,-0.0,0.0,0.0,0.009,0.0,0.0,0.0,0.0,0.0,0.0
EXO,315712067,,,,,,,,,,,SAFE,-5.466,-1.648,1.148,0.745,-0.122,-0.0,0.0,0.0,0.009,0.0,0.0,0.0,0.0,0.0,0.0
EXO,315812067,,,,,,,,,,,SAFE,-5.466,-1.648,1.148,0.745,-0.122,-0.0,0.0,0.0,0.009,0.0,0.0,0.0,0.0,0.0,0.0
EXO,315912068,,,,,,,,,,,SAFE,-5.466,-1.648,1.148,0.745,-0.122,-0.0,0.0,0.0,0.009,0.0,0.0,0.0,0.0,0.0,0.0
EXO,316012067,,,,,,,,,,,SAFE,-5.466,-1.648,1.148,0.745,-0.122,-0.0,0.0,0.0,0.009,0.0,0.0,0.0,0.0,0.0,0.0
EXO,316112067,,,,,,,,,,,SAFE,-5.466,-1.648,1.148,0.745,-0.122,-0.0,0.0,0.0,0.009,0.0,0.0,0.0,0.0,0.0,0.0
EXO,316212067,,,,,,,,,,,SAFE,-5.466,-1.648,1.148,0.745,-0.122,-0.0,0.0,0.0,0.009,0.0,0.0,0.0,0.0,0.0,0.0
EXO,316312067,,,,,,,,,,,SAFE,-5.466,-1.648,1.148,0.745,-0.122,-0.0,0.0,0.0,0.009,0.0,0.0,0.0,0.0,0.0,0.0
EXO,316412068,,,,,,,,,,,SAFE,-5.466,-1.648,1.148,0.745,-0.122,-0.0,0.0,0.0,0.009,0.0,0.0,0.0,0.0,0.0,0.0
EXO,316512067,,,,,,,,,,,SAFE,-5.466,-1.648,1.148,0.745,-0.122,-0.0,0.0,0.0,0.009,0.0,0.0,0.0,0.0,0.0,0.0
EXO,316612067,,,,,,,,,,,SAFE,-5.466,-1.648,1.148,0.745,-0.122,-0.0,0.0,0.0,0.009,0.0,0.0,0.0,0.0,0.0,0.0
EXO,316712067,,,,,,,,,,,SAFE,-5.466,-1.648,1.148,0.745,-0.122,-0.0,0.0,0.0,0.009,0.0,0.0,0.0,0.0,0.0,0.0
EXO,316812067,,,,,,,,,,,SAFE,-5.466,-1.648,1.148,0.745,-0.122,-0.0,0.0,0.0,0.009,0.0,0.0,0.0,0.0,0.0,0.0
EXO,316912068,,,,,,,,,,,SAFE,-5.466,-1.648,1.148,0.745,-0.122,-0.0,0.0,0.0,0.009,0.0,0.0,0.0,0.0,0.0,0.0
EXO,317012067,,,,,,,,,,,SAFE,-5.466,-1.648,1.148,0.745,-0.122,-0.0,0.0,0.0,0.009,0.0,0.0,0.0,0.0,0.0,0.0
EXO,317112067,,,,,,,,,,,SAFE,-5.466,-1.648,1.148,0.745,-0.122,-0.0,0.0,0.0,0.009,0.0,0.0,0.0,0.0,0.0,0.0
EXO,317212067,,,,,,,,,,,SAFE,-5.466,-1.648,1.148,0.745,-0.122,-0.0,0.0,0.0,0.009,0.0,0.0,0.0,0.0,0.0,0.0
EXO,317312067,,,,,,,,,,,SAFE,-5.466,-1.648,1.148,0.745,-0.122,-0.0,0.0,0.0,0.009,0.0,0.0,0.0,0.0,0.0,0.0
EXO,317412068,,,,,,,,,,,SAFE,-5.466,-1.648,1.148,0.745,-0.122,-0.0,0.0,0.0,0.009,0.0,0.0,0.0,0.0,0.0,0.0
EXO,317512067,,,,,,,,,,,SAFE,-5.466,-1.648,1.148,0.745,-0.122,-0.0,0.0,0.0,0.009,0.0,0.0,0.0,0.0,0.0,0.0
EXO,317612067,,,,,,,,,,,SAFE,-5.466,-1.648,1.148,0.745,-0.122,-0.0,0.0,0.0,0.009,0.0,0.0,0.0,0.0,0.0,0.0
EXO,317712067,,,,,,,,,,,SAFE,-5.466,-1.648,1.148,0.745,-0.122,-0.0,0.0,0.0,0.009,0.0,0.0,0.0,0.0,0.0,0.0
EXO,317812067,,,,,,,,,,,SAFE,-5.466,-1.648,1.148,0.745,-0.122,-0.0,0.0,0.0,0.009,0.0,0.0,0.0,0.0,0.0,0.0
EXO,317912068,,,,,,,,,,,SAFE,-5.466,-1.648,1.148,0.745,-0.122,-0.0,0.0,0.0,0.009,0.0,0.0,0.0,0.0,0.0,0.0
EXO,318012067,,,,,,,,,,,SAFE,-5.466,-1.648,1.148,0.745,-0.122,-0.0,0.0,0.0,0.009,0.0,0.0,0.0,0.0,0.0,0.0
EXO,318112067,,,,,,,,,,,SAFE,-5.466,-1.648,1.148,0.745,-0.122,-0.0,0.0,0.0,0.009,0.0,0.0,0.0,0.0,0.0,0.0
EXO,318212067,,,,,,,,,,,SAFE,-5.466,-1.648,1.148,0.745,-0.122,-0.0,0.0,0.0,0.009,0.0,0.0,0.0,0.0,0.0,0.0
EXO,318312067,,,,,,,,,,,SAFE,-5.466,-1.648,1.148,0.745,-0.122,-0.0,0.0,0.0,0.009,0.0,0.0,0.0,0.0,0.0,0.0
EXO,318412068,,,,,,,,,,,SAFE,-5.466,-1.648,1.148,0.745,-0.122,-0.0,0.0,0.0,0.009,0.0,0.0,0.0,0.0,0.0,0.0
EXO,318512067,,,,,,,,,,,SAFE,-5.466,-1.648,1.148,0.745,-0.122,-0.0,0.0,0.0,0.009,0.0,0.0,0.0,0.0,0.0,0.0
EXO,318612067,,,,,,,,,,,SAFE,-5.466,-1.648,1.148,0.745,-0.122,-0.0,0.0,0.0,0.009,0.0,0.0,0.0,0.0,0.0,0.0
EXO,318712067,,,,,,,,,,,SAFE,-5.466,-1.648,1.148,0.745,-0.122,-0.0,0.0,0.0,0.009,0.0,0.0,0.0,0.0,0.0,0.0
EXO,318812067,,,,,,,,,,,SAFE,-5.466,-1.648,1.148,0.745,-0.122,-0.0,0.0,0.0,0.009,0.0,0.0,0.0,0.0,0.0,0.0
EXO,318912068,,,,,,,,,,,SAFE,-5.466,-1.648,1.148,0.745,-0.122,-0.0,0.0,0.0,0.009,0.0,0.0,0.0,0.0,0.0,0.0
EXO,319012067,,,,,,,,,,,SAFE,-5.466,-1.648,1.148,0.745,-0.122,-0.0,0.0,0.0,0.009,0.0,0.0,0.0,0.0,0.0,0.0
EXO,319112067,,,,,,,,,,,SAFE,-5.466,-1.648,1.148,0.745,-0.122,-0.0,0.0,0.0,0.009,0.0,0.0,0.0,0.0,0.0,0.0
EXO,319212067,,,,,,,,,,,SAFE,-5.466,-1.648,1.148,0.745,-0.122,-0.0,0.0,0.0,0.009,0.0,0.0,0.0,0.0,0.0,0.0
EXO,319312067,,,,,,,,,,,SAFE,-5.466,-1.648,1.148,0.745,-0.122,-0.0,0.0,0.0,0.009,0.0,0.0,0.0,0.0,0.0,0.0
EXO,319412068,,,,,,,,,,,SAFE,-5.466,-1.648,1.148,0.745,-0.122,-0.0,0.0,0.0,0.009,0.0,0.0,0.0,0.0,0.0,0.0
EXO,319512067,,,,,,,,,,,SAFE,-5.466,-1.648,1.148,0.745,-0.122,-0.0,0.0,0.0,0.009,0.0,0.0,0.0,0.0,0.0,0.0
EXO,319612067,,,,,,,,,,,SAFE,-5.466,-1.648,1.148,0.745,-0.122,-0.0,0.0,0.0,0.009,0.0,0.0,0.0,0.0,0.0,0.0
EXO,319712067,,,,,,,,,,,SAFE,-5.466,-1.648,1.148,0.745,-0.122,-0.0,0.0,0.0,0.009,0.0,0.0,0.0,0.0,0.0,0.0
EXO,319812067,,,,,,,,,,,SAFE,-5.466,-1.648,1.148,0.745,-0.122,-0.0,0.0,0.0,0.009,0.0,0.0,0.0,0.0,0.0,0.0
EXO,319912068,,,,,,,,,,,SAFE,-5.466,-1.648,1.148,0.745,-0.122,-0.0,0.0,0.0,0.009,0.0,0.0,0.0,0.0,0.0,0.0
EXO,320012067,,,,,,,,,,,SAFE,-5.466,-1.648,1.148,0.745,-0.122,-0.0,0.0,0.0,0.009,0.0,0.0,0.0,0.0,0.0,0.0
EXO,320112067,,,,,,,,,,,SAFE,-5.466,-1.648,1.148,0.745,-0.122,-0.0,0.0,0.0,0.009,0.0,0.0,0.0,0.0,0.0,0.0
EXO,320212067,,,,,,,,,,,SAFE,-5.466,-1.648,1.148,0.745,-0.122,-0.0,0.0,0.0,0.009,0.0,0.0,0.0,0.0,0.0,0.0
EXO,320312067,,,,,,,,,,,SAFE,-5.466,-1.648,1.148,0.745,-0.122,-0.0,0.0,0.0,0.009,0.0,0.0,0.0,0.0,0.0,0.0
EXO,320412068,,,,,,,,,,,SAFE,-5.466,-1.648,1.148,0.745,-0.122,-0.0,0.0,0.0,0.009,0.0,0.0,0.0,0.0,0.0,0.0
EXO,320512067,,,,,,,,,,,SAFE,-5.466,-1.648,1.148,0.745,-0.122,-0.0,0.0,0.0,0.009,0.0,0.0,0.0,0.0,0.0,0.0
EXO,320612067,,,,,,,,,,,SAFE,-5.466,-1.648,1.148,0.745,-0.122,-0.0,0.0,0.0,0.009,0.0,0.0,0.0,0.0,0.0,0.0
EXO,320712067,,,,,,,,,,,SAFE,-5.466,-1.648,1.148,0.745,-0.122,-0.0,0.0,0.0,0.009,0.0,0.0,0.0,0.0,0.0,0.0
EXO,320812067,,,,,,,,,,,SAFE,-5.466,-1.648,1.148,0.745,-0.122,-0.0,0.0,0.0,0.009,0.0,0.0,0.0,0.0,0.0,0.0
EXO,320912068,,,,,,,,,,,SAFE,-5.466,-1.648,1.148,0.745,-0.122,-0.0,0.0,0.0,0.009,0.0,0.0,0.0,0.0,0.0,0.0
EXO,321012067,,,,,,,,,,,SAFE,-5.466,-1.648,1.148,0.745,-0.122,-0.0,0.0,0.0,0.009,0.0,0.0,0.0,0.0,0.0,0.0
EXO,321112067,,,,,,,,,,,SAFE,-5.466,-1.648,1.148,0.745,-0.122,-0.0,0.0,0.0,0.009,0.0,0.0,0.0,0.0,0.0,0.0
EXO,321212067,,,,,,,,,,,SAFE,-5.466,-1.648,1.148,0.745,-0.122,-0.0,0.0,0.0,0.009,0.0,0.0,0.0,0.0,0.0,0.0
EXO,321312067,,,,,,,,,,,SAFE,-5.466,-1.648,1.148,0.745,-0.122,-0.0,0.0,0.0,0.009,0.0,0.0,0.0,0.0,0.0,0.0
EXO,321412068,,,,,,,,,,,SAFE,-5.466,-1.648,1.148,0.745,-0.122,-0.0,0.0,0.0,0.009,0.0,0.0,0.0,0.0,0.0,0.0
EXO,321512067,,,,,,,,,,,SAFE,-5.466,-1.648,1.148,0.745,-0.122,-0.0,0.0,0.0,0.009,0.0,0.0,0.0,0.0,0.0,0.0
EXO,321612067,,,,,,,,,,,SAFE,-5.466,-1.648,1.148,0.745,-0.122,-0.0,0.0,0.0,0.009,0.0,0.0,0.0,0.0,0.0,0.0
EXO,321712067,,,,,,,,,,,SAFE,-5.466,-1.648,1.148,0.745,-0.122,-0.0,0.0,0.0,0.009,0.0,0.0,0.0,0.0,0.0,0.0
EXO,321812067,,,,,,,,,,,SAFE,-5.466,-1.648,1.148,0.745,-0.122,-0.0,0.0,0.0,0.009,0.0,0.0,0.0,0.0,0.0,0.0
EXO,321912068,,,,,,,,,,,SAFE,-5.466,-1.648,1.148,0.745,-0.122,-0.0,0.0,0.0,0.009,0.0,0.0,0.0,0.0,0.0,0.0
EXO,322012067,,,,,,,,,,,SAFE,-5.466,-1.648,1.148,0.745,-0.122,-0.0,0.0,0.0,0.009,0.0,0.0,0.0,0.0,0.0,0.0
EXO,322112067,,,,,,,,,,,SAFE,-5.466,-1.648,1.148,0.745,-0.122,-0.0,0.0,0.0,0.009,0.0,0.0,0.0,0.0,0.0,0.0
EXO,322212067,,,,,,,,,,,SAFE,-5.466,-1.648,1.148,0.745,-0.122,-0.0,0.0,0.0,0.009,0.0,0.0,0.0,0.0,0.0,0.0
EXO,322312067,,,,,,,,,,,SAFE,-5.466,-1.648,1.148,0.745,-0.122,-0.0,0.0,0.0,0.009,0.0,0.0,0.0,0.0,0.0,0.0
EXO,322412068,,,,,,,,,,,SAFE,-5.466,-1.648,1.148,0.745,-0.122,-0.0,0.0,0.0,0.009,0.0,0.0,0.0,0.0,0.0,0.0
EXO,322512067,,,,,,,,,,,SAFE,-5.466,-1.648,1.148,0.745,-0.122,-0.0,0.0,0.0,0.009,0.0,0.0,0.0,0.0,0.0,0.0
EXO,322612067,,,,,,,,,,,SAFE,-5.466,-1.648,1.148,0.745,-0.122,-0.0,0.0,0.0,0.009,0.0,0.0,0.0,0.0,0.0,0.0
EXO,322712067,,,,,,,,,,,SAFE,-5.466,-1.648,1.148,0.745,-0.122,-0.0,0.0,0.0,0.009,0.0,0.0,0.0,0.0,0.0,0.0
EXO,322812067,,,,,,,,,,,SAFE,-5.466,-1.648,1.148,0.745,-0.122,-0.0,0.0,0.0,0.009,0.0,0.0,0.0,0.0,0.0,0.0
EXO,322912068,,,,,,,,,,,SAFE,-5.466,-1.648,1.148,0.745,-0.122,-0.0,0.0,0.0,0.009,0.0,0.0,0.0,0.0,0.0,0.0
EXO,323012067,,,,,,,,,,,SAFE,-5.466,-1.648,1.148,0.745,-0.122,-0.0,0.0,0.0,0.009,0.0,0.0,0.0,0.0,0.0,0.0
EXO,323112067,,,,,,,,,,,SAFE,-5.466,-1.648,1.148,0.745,-0.122,-0.0,0.0,0.0,0.009,0.0,0.0,0.0,0.0,0.0,0.0
EXO,323212067,,,,,,,,,,,SAFE,-5.466,-1.648,1.148,0.745,-0.122,-0.0,0.0,0.0,0.009,0.0,0.0,0.0,0.0,0.0,0.0
EXO,323312067,,,,,,,,,,,SAFE,-5.466,-1.648,1.148,0.745,-0.122,-0.0,0.0,0.0,0.009,0.0,0.0,0.0,0.0,0.0,0.0
EXO,323412068,,,,,,,,,,,SAFE,-5.466,-1.648,1.148,0.745,-0.122,-0.0,0.0,0.0,0.009,0.0,0.0,0.0,0.0,0.0,0.0
EXO,323512067,,,,,,,,,,,SAFE,-5.466,-1.648,1.148,0.745,-0.122,-0.0,0.0,0.0,0.009,0.0,0.0,0.0,0.0,0.0,0.0
EXO,323612067,,,,,,,,,,,SAFE,-5.466,-1.648,1.148,0.745,-0.122,-0.0,0.0,0.0,0.009,0.0,0.0,0.0,0.0,0.0,0.0
EXO,323712067,,,,,,,,,,,SAFE,-5.466,-1.648,1.148,0.745,-0.122,-0.0,0.0,0.0,0.009,0.0,0.0,0.0,0.0,0.0,0.0
EXO,323812067,,,,,,,,,,,SAFE,-5.466,-1.648,1.148,0.745,-0.122,-0.0,0.0,0.0,0.009,0.0,0.0,0.0,0.0,0.0,0.0
EXO,323912068,,,,,,,,,,,SAFE,-5.466,-1.648,1.148,0.745,-0.122,-0.0,0.0,0.0,0.009,0.0,0.0,0.0,0.0,0.0,0.0
EXO,324012067,,,,,,,,,,,SAFE,-5.466,-1.648,1.148,0.745,-0.122,-0.0,0.0,0.0,0.009,0.0,0.0,0.0,0.0,0.0,0.0
EXO,324112067,,,,,,,,,,,SAFE,-5.466,-1.648,1.148,0.745,-0.122,-0.0,0.0,0.0,0.009,0.0,0.0,0.0,0.0,0.0,0.0
EXO,324212067,,,,,,,,,,,SAFE,-5.466,-1.648,1.148,0.745,-0.122,-0.0,0.0,0.0,0.009,0.0,0.0,0.0,0.0,0.0,0.0
EXO,324312067,,,,,,,,,,,SAFE,-5.466,-1.648,1.148,0.745,-0.122,-0.0,0.0,0.0,0.009,0.0,0.0,0.0,0.0,0.0,0.0
EXO,324412068,,,,,,,,,,,SAFE,-5.466,-1.648,1.148,0.745,-0.122,-0.0,0.0,0.0,0.009,0.0,0.0,0.0,0.0,0.0,0.0
EXO,324512067,,,,,,,,,,,SAFE,-5.466,-1.648,1.148,0.745,-0.122,-0.0,0.0,0.0,0.009,0.0,0.0,0.0,0.0,0.0,0.0
EXO,324612067,,,,,,,,,,,SAFE,-5.466,-1.648,1.148,0.745,-0.122,-0.0,0.0,0.0,0.009,0.0,0.0,0.0,0.0,0.0,0.0
EXO,324712067,,,,,,,,,,,SAFE,-5.466,-1.648,1.148,0.745,-0.122,-0.0,0.0,0.0,0.009,0.0,0.0,0.0,0.0,0.0,0.0
EXO,324812067,,,,,,,,,,,SAFE,-5.466,-1.648,1.148,0.745,-0.122,-0.0,0.0,0.0,0.009,0.0,0.0,0.0,0.0,0.0,0.0
EXO,324912068,,,,,,,,,,,SAFE,-5.466,-1.648,1.148,0.745,-0.122,-0.0,0.0,0.0,0.009,0.0,0.0,0.0,0.0,0.0,0.0
EXO,325012067,,,,,,,,,,,SAFE,-5.466,-1.648,1.148,0.745,-0.122,-0.0,0.0,0.0,0.009,0.0,0.0,0.0,0.0,0.0,0.0
EXO,325112067,,,,,,,,,,,SAFE,-5.466,-1.648,1.148,0.745,-0.122,-0.0,0.0,0.0,0.009,0.0,0.0,0.0,0.0,0.0,0.0
EXO,325212067,,,,,,,,,,,SAFE,-5.466,-1.648,1.148,0.745,-0.122,-0.0,0.0,0.0,0.009,0.0,0.0,0.0,0.0,0.0,0.0
EXO,325312067,,,,,,,,,,,SAFE,-5.466,-1.648,1.148,0.745,-0.122,-0.0,0.0,0.0,0.009,0.0,0.0,0.0,0.0,0.0,0.0
EXO,325412068,,,,,,,,,,,SAFE,-5.466,-1.648,1.148,0.745,-0.122,-0.0,0.0,0.0,0.009,0.0,0.0,0.0,0.0,0.0,0.0
EXO,325512067,,,,,,,,,,,SAFE,-5.466,-1.648,1.148,0.745,-0.122,-0.0,0.0,0.0,0.009,0.0,0.0,0.0,0.0,0.0,0.0
EXO,325612067,,,,,,,,,,,SAFE,-5.466,-1.648,1.148,0.745,-0.122,-0.0,0.0,0.0,0.009,0.0,0.0,0.0,0.0,0.0,0.0
EXO,325712067,,,,,,,,,,,SAFE,-5.466,-1.648,1.148,0.745,-0.122,-0.0,0.0,0.0,0.009,0.0,0.0,0.0,0.0,0.0,0.0
EXO,325812067,,,,,,,,,,,SAFE,-5.466,-1.648,1.148,0.745,-0.122,-0.0,0.0,0.0,0.009,0.0,0.0,0.0,0.0,0.0,0.0
EXO,325912068,,,,,,,,,,,SAFE,-5.466,-1.648,1.148,0.745,-0.122,-0.0,0.0,0.0,0.009,0.0,0.0,0.0,0.0,0.0,0.0
EXO,326012067,,,,,,,,,,,SAFE,-5.466,-1.648,1.148,0.745,-0.122,-0.0,0.0,0.0,0.009,0.0,0.0,0.0,0.0,0.0,0.0
EXO,326112067,,,,,,,,,,,SAFE,-5.466,-1.648,1.148,0.745,-0.122,-0.0,0.0,0.0,0.009,0.0,0.0,0.0,0.0,0.0,0.0
EXO,326212067,,,,,,,,,,,SAFE,-5.466,-1.648,1.148,0.745,-0.122,-0.0,0.0,0.0,0.009,0.0,0.0,0.0,0.0,0.0,0.0
EXO,326312067,,,,,,,,,,,SAFE,-5.466,-1.648,1.148,0.745,-0.122,-0.0,0.0,0.0,0.009,0.0,0.0,0.0,0.0,0.0,0.0
EXO,326412068,,,,,,,,,,,SAFE,-5.466,-1.648,1.148,0.745,-0.122,-0.0,0.0,0.0,0.009,0.0,0.0,0.0,0.0,0.0,0.0
EXO,326512067,,,,,,,,,,,SAFE,-5.466,-1.648,1.148,0.745,-0.122,-0.0,0.0,0.0,0.009,0.0,0.0,0.0,0.0,0.0,0.0
EXO,326612067,,,,,,,,,,,SAFE,-5.466,-1.648,1.148,0.745,-0.122,-0.0,0.0,0.0,0.009,0.0,0.0,0.0,0.0,0.0,0.0
EXO,326712067,,,,,,,,,,,SAFE,-5.466,-1.648,1.148,0.745,-0.122,-0.0,0.0,0.0,0.009,0.0,0.0,0.0,0.0,0.0,0.0
EXO,326812067,,,,,,,,,,,SAFE,-5.466,-1.648,1.148,0.745,-0.122,-0.0,0.0,0.0,0.009,0.0,0.0,0.0,0.0,0.0,0.0
EXO,326912068,,,,,,,,,,,SAFE,-5.466,-1.648,1.148,0.745,-0.122,-0.0,0.0,0.0,0.009,0.0,0.0,0.0,0.0,0.0,0.0
EXO,327012067,,,,,,,,,,,SAFE,-5.466,-1.648,1.148,0.745,-0.122,-0.0,0.0,0.0,0.009,0.0,0.0,0.0,0.0,0.0,0.0
EXO,327112067,,,,,,,,,,,SAFE,-5.466,-1.648,1.148,0.745,-0.122,-0.0,0.0,0.0,0.009,0.0,0.0,0.0,0.0,0.0,0.0
EXO,327212067,,,,,,,,,,,SAFE,-5.466,-1.648,1.148,0.745,-0.122,-0.0,0.0,0.0,0.009,0.0,0.0,0.0,0.0,0.0,0.0
EXO,327312067,,,,,,,,,,,SAFE,-5.466,-1.648,1.148,0.745,-0.122,-0.0,0.0,0.0,0.009,0.0,0.0,0.0,0.0,0.0,0.0
EXO,327412068,,,,,,,,,,,SAFE,-5.466,-1.648,1.148,0.745,-0.122,-0.0,0.0,0.0,0.009,0.0,0.0,0.0,0.0,0.0,0.0
EXO,327512067,,,,,,,,,,,SAFE,-5.466,-1.648,1.148,0.745,-0.122,-0.0,0.0,0.0,0.009,0.0,0.0,0.0,0.0,0.0,0.0
EXO,327612067,,,,,,,,,,,SAFE,-5.466,-1.648,1.148,0.745,-0.122,-0.0,0.0,0.0,0.009,0.0,0.0,0.0,0.0,0.0,0.0
EXO,327712067,,,,,,,,,,,SAFE,-5.466,-1.648,1.148,0.745,-0.122,-0.0,0.0,0.0,0.009,0.0,0.0,0.0,0.0,0.0,0.0
EXO,327812067,,,,,,,,,,,SAFE,-5.466,-1.648,1.148,0.745,-0.122,-0.0,0.0,0.0,0.009,0.0,0.0,0.0,0.0,0.0,0.0
EXO,327912068,,,,,,,,,,,SAFE,-5.466,-1.648,1.148,0.745,-0.122,-0.0,0.0,0.0,0.009,0.0,0.0,0.0,0.0,0.0,0.0
EXO,328012067,,,,,,,,,,,SAFE,-5.466,-1.648,1.148,0.745,-0.122,-0.0,0.0,0.0,0.009,0.0,0.0,0.0,0.0,0.0,0.0
EXO,328112067,,,,,,,,,,,SAFE,-5.466,-1.648,1.148,0.745,-0.122,-0.0,0.0,0.0,0.009,0.0,0.0,0.0,0.0,0.0,0.0
EXO,328212067,,,,,,,,,,,SAFE,-5.466,-1.648,1.148,0.745,-0.122,-0.0,0.0,0.0,0.009,0.0,0.0,0.0,0.0,0.0,0.0
EXO,328312067,,,,,,,,,,,SAFE,-5.466,-1.648,1.148,0.745,-0.122,-0.0,0.0,0.0,0.009,0.0,0.0,0.0,0.0,0.0,0.0
EXO,328412068,,,,,,,,,,,SAFE,-5.466,-1.648,1.148,0.745,-0.122,-0.0,0.0,0.0,0.009,0.0,0.0,0.0,0.0,0.0,0.0
EXO,328512067,,,,,,,,,,,SAFE,-5.466,-1.648,1.148,0.745,-0.122,-0.0,0.0,0.0,0.009,0.0,0.0,0.0,0.0,0.0,0.0
EXO,328612067,,,,,,,,,,,SAFE,-5.466,-1.648,1.148,0.745,-0.122,-0.0,0.0,0.0,0.009,0.0,0.0,0.0,0.0,0.0,0.0
EXO,328712067,,,,,,,,,,,SAFE,-5.466,-1.648,1.148,0.745,-0.122,-0.0,0.0,0.0,0.009,0.0,0.0,0.0,0.0,0.0,0.0
EXO,328812067,,,,,,,,,,,SAFE,-5.466,-1.648,1.148,0.745,-0.122,-0.0,0.0,0.0,0.009,0.0,0.0,0.0,0.0,0.0,0.0
EXO,328912068,,,,,,,,,,,SAFE,-5.466,-1.648,1.148,0.745,-0.122,-0.0,0.0,0.0,0.009,0.0,0.0,0.0,0.0,0.0,0.0
EXO,329012067,,,,,,,,,,,SAFE,-5.466,-1.648,1.148,0.745,-0.122,-0.0,0.0,0.0,0.009,0.0,0.0,0.0,0.0,0.0,0.0
EXO,329112067,,,,,,,,,,,SAFE,-5.466,-1.648,1.148,0.745,-0.122,-0.0,0.0,0.0,0.009,0.0,0.0,0.0,0.0,0.0,0.0
EXO,329212067,,,,,,,,,,,SAFE,-5.466,-1.648,1.148,0.745,-0.122,-0.0,0.0,0.0,0.009,0.0,0.0,0.0,0.0,0.0,0.0
EXO,329312067,,,,,,,,,,,SAFE,-5.466,-1.648,1.148,0.745,-0.122,-0.0,0.0,0.0,0.009,0.0,0.0,0.0,0.0,0.0,0.0
EXO,329412068,,,,,,,,,,,SAFE,-5.466,-1.648,1.148,0.745,-0.122,-0.0,0.0,0.0,0.009,0.0,0.0,0.0,0.0,0.0,0.0
EXO,329512067,,,,,,,,,,,SAFE,-5.466,-1.648,1.148,0.745,-0.122,-0.0,0.0,0.0,0.009,0.0,0.0,0.0,0.0,0.0,0.0
EXO,329612067,,,,,,,,,,,SAFE,-5.466,-1.648,1.148,0.745,-0.122,-0.0,0.0,0.0,0.009,0.0,0.0,0.0,0.0,0.0,0.0
EXO,329712067,,,,,,,,,,,SAFE,-5.466,-1.648,1.148,0.745,-0.122,-0.0,0.0,0.0,0.009,0.0,0.0,0.0,0.0,0.0,0.0
EXO,329812067,,,,,,,,,,,SAFE,-5.466,-1.648,1.148,0.745,-0.122,-0.0,0.0,0.0,0.009,0.0,0.0,0.0,0.0,0.0,0.0
EXO,329912068,,,,,,,,,,,SAFE,-5.466,-1.648,1.148,0.745,-0.122,-0.0,0.0,0.0,0.009,0.0,0.0,0.0,0.0,0.0,0.0
EXO,330012067,,,,,,,,,,,SAFE,-5.466,-1.648,1.148,0.745,-0.122,-0.0,0.0,0.0,0.009,0.0,0.0,0.0,0.0,0.0,0.0
EXO,330112067,,,,,,,,,,,SAFE,-5.466,-1.648,1.148,0.745,-0.122,-0.0,0.0,0.0,0.009,0.0,0.0,0.0,0.0,0.0,0.0
EXO,330212067,,,,,,,,,,,SAFE,-5.466,-1.648,1.148,0.745,-0.122,-0.0,0.0,0.0,0.009,0.0,0.0,0.0,0.0,0.0,0.0
EXO,330312067,,,,,,,,,,,SAFE,-5.466,-1.648,1.148,0.745,-0.122,-0.0,0.0,0.0,0.009,0.0,0.0,0.0,0.0,0.0,0.0
EXO,330412068,,,,,,,,,,,SAFE,-5.466,-1.648,1.148,0.745,-0.122,-0.0,0.0,0.0,0.009,0.0,0.0,0.0,0.0,0.0,0.0
EXO,330512067,,,,,,,,,,,SAFE,-5.466,-1.648,1.148,0.745,-0.122,-0.0,0.0,0.0,0.009,0.0,0.0,0.0,0.0,0.0,0.0
EXO,330612067,,,,,,,,,,,SAFE,-5.466,-1.648,1.148,0.745,-0.122,-0.0,0.0,0.0,0.009,0.0,0.0,0.0,0.0,0.0,0.0
EXO,330712067,,,,,,,,,,,SAFE,-5.466,-1.648,1.148,0.745,-0.122,-0.0,0.0,0.0,0.009,0.0,0.0,0.0,0.0,0.0,0.0
EXO,330812067,,,,,,,,,,,SAFE,-5.466,-1.648,1.148,0.745,-0.122,-0.0,0.0,0.0,0.009,0.0,0.0,0.0,0.0,0.0,0.0
EXO,330912068,,,,,,,,,,,SAFE,-5.466,-1.648,1.148,0.745,-0.122,-0.0,0.0,0.0,0.009,0.0,0.0,0.0,0.0,0.0,0.0
EXO,331012067,,,,,,,,,,,SAFE,-5.466,-1.648,1.148,0.745,-0.122,-0.0,0.0,0.0,0.009,0.0,0.0,0.0,0.0,0.0,0.0
EXO,331112067,,,,,,,,,,,SAFE,-5.466,-1.648,1.148,0.745,-0.122,-0.0,0.0,0.0,0.009,0.0,0.0,0.0,0.0,0.0,0.0
EXO,331212067,,,,,,,,,,,SAFE,-5.466,-1.648,1.148,0.745,-0.122,-0.0,0.0,0.0,0.009,0.0,0.0,0.0,0.0,0.0,0.0
EXO,331312067,,,,,,,,,,,SAFE,-5.466,-1.648,1.148,0.745,-0.122,-0.0,0.0,0.0,0.009,0.0,0.0,0.0,0.0,0.0,0.0
EXO,331412068,,,,,,,,,,,SAFE,-5.466,-1.648,1.148,0.745,-0.122,-0.0,0.0,0.0,0.009,0.0,0.0,0.0,0.0,0.0,0.0
EXO,331512067,,,,,,,,,,,SAFE,-5.466,-1.648,1.148,0.745,-0.122,-0.0,0.0,0.0,0.009,0.0,0.0,0.0,0.0,0.0,0.0
EXO,331612067,,,,,,,,,,,SAFE,-5.466,-1.648,1.148,0.745,-0.122,-0.0,0.0,0.0,0.009,0.0,0.0,0.0,0.0,0.0,0.0
EXO,331712067,,,,,,,,,,,SAFE,-5.466,-1.648,1.148,0.745,-0.122,-0.0,0.0,0.0,0.009,0.0,0.0,0.0,0.0,0.0,0.0
EXO,331812067,,,,,,,,,,,SAFE,-5.466,-1.648,1.148,0.745,-0.122,-0.0,0.0,0.0,0.009,0.0,0.0,0.0,0.0,0.0,0.0
EXO,331912068,,,,,,,,,,,SAFE,-5.466,-1.648,1.148,0.745,-0.122,-0.0,0.0,0.0,0.009,0.0,0.0,0.0,0.0,0.0,0.0
EXO,332012067,,,,,,,,,,,SAFE,-5.466,-1.648,1.148,0.745,-0.122,-0.0,0.0,0.0,0.009,0.0,0.0,0.0,0.0,0.0,0.0
EXO,332112067,,,,,,,,,,,SAFE,-5.466,-1.648,1.148,0.745,-0.122,-0.0,0.0,0.0,0.009,0.0,0.0,0.0,0.0,0.0,0.0
EXO,332212067,,,,,,,,,,,SAFE,-5.466,-1.648,1.148,0.745,-0.122,-0.0,0.0,0.0,0.009,0.0,0.0,0.0,0.0,0.0,0.0
EXO,332312067,,,,,,,,,,,SAFE,-5.466,-1.648,1.148,0.745,-0.122,-0.0,0.0,0.0,0.009,0.0,0.0,0.0,0.0,0.0,0.0
EXO,332412068,,,,,,,,,,,SAFE,-5.466,-1.648,1.148,0.745,-0.122,-0.0,0.0,0.0,0.009,0.0,0.0,0.0,0.0,0.0,0.0
EXO,332512067,,,,,,,,,,,SAFE,-5.466,-1.648,1.148,0.745,-0.122,-0.0,0.0,0.0,0.009,0.0,0.0,0.0,0.0,0.0,0.0
EXO,332612067,,,,,,,,,,,SAFE,-5.466,-1.648,1.148,0.745,-0.122,-0.0,0.0,0.0,0.009,0.0,0.0,0.0,0.0,0.0,0.0
EXO,332712067,,,,,,,,,,,SAFE,-5.466,-1.648,1.148,0.745,-0.122,-0.0,0.0,0.0,0.009,0.0,0.0,0.0,0.0,0.0,0.0
EXO,332812067,,,,,,,,,,,SAFE,-5.466,-1.648,1.148,0.745,-0.122,-0.0,0.0,0.0,0.009,0.0,0.0,0.0,0.0,0.0,0.0
EXO,332912068,,,,,,,,,,,SAFE,-5.466,-1.648,1.148,0.745,-0.122,-0.0,0.0,0.0,0.009,0.0,0.0,0.0,0.0,0.0,0.0
EXO,333012067,,,,,,,,,,,SAFE,-5.466,-1.648,1.148,0.745,-0.122,-0.0,0.0,0.0,0.009,0.0,0.0,0.0,0.0,0.0,0.0
EXO,333112067,,,,,,,,,,,SAFE,-5.466,-1.648,1.148,0.745,-0.122,-0.0,0.0,0.0,0.009,0.0,0.0,0.0,0.0,0.0,0.0
EXO,333212067,,,,,,,,,,,SAFE,-5.466,-1.648,1.148,0.745,-0.122,-0.0,0.0,0.0,0.009,0.0,0.0,0.0,0.0,0.0,0.0
EXO,333312067,,,,,,,,,,,SAFE,-5.466,-1.648,1.148,0.745,-0.122,-0.0,0.0,0.0,0.009,0.0,0.0,0.0,0.0,0.0,0.0
EXO,333412068,,,,,,,,,,,SAFE,-5.466,-1.648,1.148,0.745,-0.122,-0.0,0.0,0.0,0.009,0.0,0.0,0.0,0.0,0.0,0.0
EXO,333512067,,,,,,,,,,,SAFE,-5.466,-1.648,1.148,0.745,-0.122,-0.0,0.0,0.0,0.009,0.0,0.0,0.0,0.0,0.0,0.0
EXO,333612067,,,,,,,,,,,SAFE,-5.466,-1.648,1.148,0.745,-0.122,-0.0,0.0,0.0,0.009,0.0,0.0,0.0,0.0,0.0,0.0
EXO,333712067,,,,,,,,,,,SAFE,-5.466,-1.648,1.148,0.745,-0.122,-0.0,0.0,0.0,0.009,0.0,0.0,0.0,0.0,0.0,0.0
EXO,333812067,,,,,,,,,,,SAFE,-5.466,-1.648,1.148,0.745,-0.122,-0.0,0.0,0.0,0.009,0.0,0.0,0.0,0.0,0.0,0.0
EXO,333912068,,,,,,,,,,,SAFE,-5.466,-1.648,1.148,0.745,-0.122,-0.0,0.0,0.0,0.009,0.0,0.0,0.0,0.0,0.0,0.0
EXO,334012067,,,,,,,,,,,SAFE,-5.466,-1.648,1.148,0.745,-0.122,-0.0,0.0,0.0,0.009,0.0,0.0,0.0,0.0,0.0,0.0
EXO,334112067,,,,,,,,,,,SAFE,-5.466,-1.648,1.148,0.745,-0.122,-0.0,0.0,0.0,0.009,0.0,0.0,0.0,0.0,0.0,0.0
EXO,334212067,,,,,,,,,,,SAFE,-5.466,-1.648,1.148,0.745,-0.122,-0.0,0.0,0.0,0.009,0.0,0.0,0.0,0.0,0.0,0.0
EXO,334312067,,,,,,,,,,,SAFE,-5.466,-1.648,1.148,0.745,-0.122,-0.0,0.0,0.0,0.009,0.0,0.0,0.0,0.0,0.0,0.0
EXO,334412068,,,,,,,,,,,SAFE,-5.466,-1.648,1.148,0.745,-0.122,-0.0,0.0,0.0,0.009,0.0,0.0,0.0,0.0,0.0,0.0
EXO,334512067,,,,,,,,,,,SAFE,-5.466,-1.648,1.148,0.745,-0.122,-0.0,0.0,0.0,0.009,0.0,0.0,0.0,0.0,0.0,0.0
EXO,334612067,,,,,,,,,,,SAFE,-5.466,-1.648,1.148,0.745,-0.122,-0.0,0.0,0.0,0.009,0.0,0.0,0.0,0.0,0.0,0.0
EXO,334712067,,,,,,,,,,,SAFE,-5.466,-1.648,1.148,0.745,-0.122,-0.0,0.0,0.0,0.009,0.0,0.0,0.0,0.0,0.0,0.0
EXO,334812067,,,,,,,,,,,SAFE,-5.466,-1.648,1.148,0.745,-0.122,-0.0,0.0,0.0,0.009,0.0,0.0,0.0,0.0,0.0,0.0
EXO,334912068,,,,,,,,,,,SAFE,-5.466,-1.648,1.148,0.745,-0.122,-0.0,0.0,0.0,0.009,0.0,0.0,0.0,0.0,0.0,0.0
EXO,335012067,,,,,,,,,,,SAFE,-5.466,-1.648,1.148,0.745,-0.122,-0.0,0.0,0.0,0.009,0.0,0.0,0.0,0.0,0.0,0.0
EXO,335112067,,,,,,,,,,,SAFE,-5.466,-1.648,1.148,0.745,-0.122,-0.0,0.0,0.0,0.009,0.0,0.0,0.0,0.0,0.0,0.0
EXO,335212067,,,,,,,,,,,SAFE,-5.466,-1.648,1.148,0.745,-0.122,-0.0,0.0,0.0,0.009,0.0,0.0,0.0,0.0,0.0,0.0
EXO,335312067,,,,,,,,,,,SAFE,-5.466,-1.648,1.148,0.745,-0.122,-0.0,0.0,0.0,0.009,0.0,0.0,0.0,0.0,0.0,0.0
EXO,335412068,,,,,,,,,,,SAFE,-5.466,-1.648,1.148,0.745,-0.122,-0.0,0.0,0.0,0.009,0.0,0.0,0.0,0.0,0.0,0.0
EXO,335512067,,,,,,,,,,,SAFE,-5.466,-1.648,1.148,0.745,-0.122,-0.0,0.0,0.0,0.009,0.0,0.0,0.0,0.0,0.0,0.0
EXO,335612067,,,,,,,,,,,SAFE,-5.466,-1.648,1.148,0.745,-0.122,-0.0,0.0,0.0,0.009,0.0,0.0,0.0,0.0,0.0,0.0
EXO,335712067,,,,,,,,,,,SAFE,-5.466,-1.648,1.148,0.745,-0.122,-0.0,0.0,0.0,0.009,0.0,0.0,0.0,0.0,0.0,0.0
EXO,335812067,,,,,,,,,,,SAFE,-5.466,-1.648,1.148,0.745,-0.122,-0.0,0.0,0.0,0.009,0.0,0.0,0.0,0.0,0.0,0.0
EXO,335912068,,,,,,,,,,,SAFE,-5.466,-1.648,1.148,0.745,-0.122,-0.0,0.0,0.0,0.009,0.0,0.0,0.0,0.0,0.0,0.0
EXO,336012067,,,,,,,,,,,SAFE,-5.466,-1.648,1.148,0.745,-0.122,-0.0,0.0,0.0,0.009,0.0,0.0,0.0,0.0,0.0,0.0
EXO,336112067,,,,,,,,,,,SAFE,-5.466,-1.648,1.148,0.745,-0.122,-0.0,0.0,0.0,0.009,0.0,0.0,0.0,0.0,0.0,0.0
EXO,336212067,,,,,,,,,,,SAFE,-5.466,-1.648,1.148,0.745,-0.122,-0.0,0.0,0.0,0.009,0.0,0.0,0.0,0.0,0.0,0.0
EXO,336312067,,,,,,,,,,,SAFE,-5.466,-1.648,1.148,0.745,-0.122,-0.0,0.0,0.0,0.009,0.0,0.0,0.0,0.0,0.0,0.0
EXO,336412068,,,,,,,,,,,SAFE,-5.466,-1.648,1.148,0.745,-0.122,-0.0,0.0,0.0,0.009,0.0,0.0,0.0,0.0,0.0,0.0
EXO,336512067,,,,,,,,,,,SAFE,-5.466,-1.648,1.148,0.745,-0.122,-0.0,0.0,0.0,0.009,0.0,0.0,0.0,0.0,0.0,0.0
EXO,336612067,,,,,,,,,,,SAFE,-5.466,-1.648,1.148,0.745,-0.122,-0.0,0.0,0.0,0.009,0.0,0.0,0.0,0.0,0.0,0.0
EXO,336712067,,,,,,,,,,,SAFE,-5.466,-1.648,1.148,0.745,-0.122,-0.0,0.0,0.0,0.009,0.0,0.0,0.0,0.0,0.0,0.0
EXO,336812067,,,,,,,,,,,SAFE,-5.466,-1.648,1.148,0.745,-0.122,-0.0,0.0,0.0,0.009,0.0,0.0,0.0,0.0,0.0,0.0
EXO,336912068,,,,,,,,,,,SAFE,-5.466,-1.648,1.148,0.745,-0.122,-0.0,0.0,0.0,0.009,0.0,0.0,0.0,0.0,0.0,0.0
EXO,337012067,,,,,,,,,,,SAFE,-5.466,-1.648,1.148,0.745,-0.122,-0.0,0.0,0.0,0.009,0.0,0.0,0.0,0.0,0.0,0.0
EXO,337112067,,,,,,,,,,,SAFE,-5.466,-1.648,1.148,0.745,-0.122,-0.0,0.0,0.0,0.009,0.0,0.0,0.0,0.0,0.0,0.0
EXO,337212067,,,,,,,,,,,SAFE,-5.466,-1.648,1.148,0.745,-0.122,-0.0,0.0,0.0,0.009,0.0,0.0,0.0,0.0,0.0,0.0
EXO,337312067,,,,,,,,,,,SAFE,-5.466,-1.648,1.148,0.745,-0.122,-0.0,0.0,0.0,0.009,0.0,0.0,0.0,0.0,0.0,0.0
EXO,337412068,,,,,,,,,,,SAFE,-5.466,-1.648,1.148,0.745,-0.122,-0.0,0.0,0.0,0.009,0.0,0.0,0.0,0.0,0.0,0.0
EXO,337512067,,,,,,,,,,,SAFE,-5.466,-1.648,1.148,0.745,-0.122,-0.0,0.0,0.0,0.009,0.0,0.0,0.0,0.0,0.0,0.0
EXO,337612067,,,,,,,,,,,SAFE,-5.466,-1.648,1.148,0.745,-0.122,-0.0,0.0,0.0,0.009,0.0,0.0,0.0,0.0,0.0,0.0
EXO,337712067,,,,,,,,,,,SAFE,-5.466,-1.648,1.148,0.745,-0.122,-0.0,0.0,0.0,0.009,0.0,0.0,0.0,0.0,0.0,0.0
EXO,337812067,,,,,,,,,,,SAFE,-5.466,-1.648,1.148,0.745,-0.122,-0.0,0.0,0.0,0.009,0.0,0.0,0.0,0.0,0.0,0.0
EXO,337912068,,,,,,,,,,,SAFE,-5.466,-1.648,1.148,0.745,-0.122,-0.0,0.0,0.0,0.009,0.0,0.0,0.0,0.0,0.0,0.0
EXO,338012067,,,,,,,,,,,SAFE,-5.466,-1.648,1.148,0.745,-0.122,-0.0,0.0,0.0,0.009,0.0,0.0,0.0,0.0,0.0,0.0
EXO,338112067,,,,,,,,,,,SAFE,-5.466,-1.648,1.148,0.745,-0.122,-0.0,0.0,0.0,0.009,0.0,0.0,0.0,0.0,0.0,0.0
EXO,338212067,,,,,,,,,,,SAFE,-5.466,-1.648,1.148,0.745,-0.122,-0.0,0.0,0.0,0.009,0.0,0.0,0.0,0.0,0.0,0.0
EXO,338312067,,,,,,,,,,,SAFE,-5.466,-1.648,1.148,0.745,-0.122,-0.0,0.0,0.0,0.009,0.0,0.0,0.0,0.0,0.0,0.0
EXO,338412068,,,,,,,,,,,SAFE,-5.466,-1.648,1.148,0.745,-0.122,-0.0,0.0,0.0,0.009,0.0,0.0,0.0,0.0,0.0,0.0
EXO,338512067,,,,,,,,,,,SAFE,-5.466,-1.648,1.148,0.745,-0.122,-0.0,0.0,0.0,0.009,0.0,0.0,0.0,0.0,0.0,0.0
EXO,338612067,,,,,,,,,,,SAFE,-5.466,-1.648,1.148,0.745,-0.122,-0.0,0.0,0.0,0.009,0.0,0.0,0.0,0.0,0.0,0.0
EXO,338712067,,,,,,,,,,,SAFE,-5.466,-1.648,1.148,0.745,-0.122,-0.0,0.0,0.0,0.009,0.0,0.0,0.0,0.0,0.0,0.0
EXO,338812067,,,,,,,,,,,SAFE,-5.466,-1.648,1.148,0.745,-0.122,-0.0,0.0,0.0,0.009,0.0,0.0,0.0,0.0,0.0,0.0
EXO,338912068,,,,,,,,,,,SAFE,-5.466,-1.648,1.148,0.745,-0.122,-0.0,0.0,0.0,0.009,0.0,0.0,0.0,0.0,0.0,0.0
EXO,339012067,,,,,,,,,,,SAFE,-5.466,-1.648,1.148,0.745,-0.122,-0.0,0.0,0.0,0.009,0.0,0.0,0.0,0.0,0.0,0.0
EXO,339112067,,,,,,,,,,,SAFE,-5.466,-1.648,1.148,0.745,-0.122,-0.0,0.0,0.0,0.009,0.0,0.0,0.0,0.0,0.0,0.0
EXO,339212067,,,,,,,,,,,SAFE,-5.466,-1.648,1.148,0.745,-0.122,-0.0,0.0,0.0,0.009,0.0,0.0,0.0,0.0,0.0,0.0
EXO,339312067,,,,,,,,,,,SAFE,-5.466,-1.648,1.148,0.745,-0.122,-0.0,0.0,0.0,0.009,0.0,0.0,0.0,0.0,0.0,0.0
EXO,339412068,,,,,,,,,,,SAFE,-5.466,-1.648,1.148,0.745,-0.122,-0.0,0.0,0.0,0.009,0.0,0.0,0.0,0.0,0.0,0.0
EXO,339512067,,,,,,,,,,,SAFE,-5.466,-1.648,1.148,0.745,-0.122,-0.0,0.0,0.0,0.009,0.0,0.0,0.0,0.0,0.0,0.0
EXO,339612067,,,,,,,,,,,SAFE,-5.466,-1.648,1.148,0.745,-0.122,-0.0,0.0,0.0,0.009,0.0,0.0,0.0,0.0,0.0,0.0
EXO,339712067,,,,,,,,,,,SAFE,-5.466,-1.648,1.148,0.745,-0.122,-0.0,0.0,0.0,0.009,0.0,0.0,0.0,0.0,0.0,0.0
EXO,339812067,,,,,,,,,,,SAFE,-5.466,-1.648,1.148,0.745,-0.122,-0.0,0.0,0.0,0.009,0.0,0.0,0.0,0.0,0.0,0.0
EXO,339912068,,,,,,,,,,,SAFE,-5.466,-1.648,1.148,0.745,-0.122,-0.0,0.0,0.0,0.009,0.0,0.0,0.0,0.0,0.0,0.0
EXO,340012067,,,,,,,,,,,SAFE,-5.466,-1.648,1.148,0.745,-0.122,-0.0,0.0,0.0,0.009,0.0,0.0,0.0,0.0,0.0,0.0
EXO,340112067,,,,,,,,,,,SAFE,-5.466,-1.648,1.148,0.745,-0.122,-0.0,0.0,0.0,0.009,0.0,0.0,0.0,0.0,0.0,0.0
EXO,340212067,,,,,,,,,,,SAFE,-5.466,-1.648,1.148,0.745,-0.122,-0.0,0.0,0.0,0.009,0.0,0.0,0.0,0.0,0.0,0.0
EXO,340312067,,,,,,,,,,,SAFE,-5.466,-1.648,1.148,0.745,-0.122,-0.0,0.0,0.0,0.009,0.0,0.0,0.0,0.0,0.0,0.0
EXO,340412068,,,,,,,,,,,SAFE,-5.466,-1.648,1.148,0.745,-0.122,-0.0,0.0,0.0,0.009,0.0,0.0,0.0,0.0,0.0,0.0
EXO,340512067,,,,,,,,,,,SAFE,-5.466,-1.648,1.148,0.745,-0.122,-0.0,0.0,0.0,0.009,0.0,0.0,0.0,0.0,0.0,0.0
EXO,340612067,,,,,,,,,,,SAFE,-5.466,-1.648,1.148,0.745,-0.122,-0.0,0.0,0.0,0.009,0.0,0.0,0.0,0.0,0.0,0.0
EXO,340712067,,,,,,,,,,,SAFE,-5.466,-1.648,1.148,0.745,-0.122,-0.0,0.0,0.0,0.009,0.0,0.0,0.0,0.0,0.0,0.0
EXO,340812067,,,,,,,,,,,SAFE,-5.466,-1.648,1.148,0.745,-0.122,-0.0,0.0,0.0,0.009,0.0,0.0,0.0,0.0,0.0,0.0
EXO,340912068,,,,,,,,,,,SAFE,-5.466,-1.648,1.148,0.745,-0.122,-0.0,0.0,0.0,0.009,0.0,0.0,0.0,0.0,0.0,0.0
EXO,341012067,,,,,,,,,,,SAFE,-5.466,-1.648,1.148,0.745,-0.122,-0.0,0.0,0.0,0.009,0.0,0.0,0.0,0.0,0.0,0.0
EXO,341112067,,,,,,,,,,,SAFE,-5.466,-1.648,1.148,0.745,-0.122,-0.0,0.0,0.0,0.009,0.0,0.0,0.0,0.0,0.0,0.0
EXO,341212067,,,,,,,,,,,SAFE,-5.466,-1.648,1.148,0.745,-0.122,-0.0,0.0,0.0,0.009,0.0,0.0,0.0,0.0,0.0,0.0
EXO,341312067,,,,,,,,,,,SAFE,-5.466,-1.648,1.148,0.745,-0.122,-0.0,0.0,0.0,0.009,0.0,0.0,0.0,0.0,0.0,0.0
EXO,341412068,,,,,,,,,,,SAFE,-5.466,-1.648,1.148,0.745,-0.122,-0.0,0.0,0.0,0.009,0.0,0.0,0.0,0.0,0.0,0.0
EXO,341512067,,,,,,,,,,,SAFE,-5.466,-1.648,1.148,0.745,-0.122,-0.0,0.0,0.0,0.009,0.0,0.0,0.0,0.0,0.0,0.0
EXO,341612067,,,,,,,,,,,SAFE,-5.466,-1.648,1.148,0.745,-0.122,-0.0,0.0,0.0,0.009,0.0,0.0,0.0,0.0,0.0,0.0
EXO,341712067,,,,,,,,,,,SAFE,-5.466,-1.648,1.148,0.745,-0.122,-0.0,0.0,0.0,0.009,0.0,0.0,0.0,0.0,0.0,0.0
EXO,341812067,,,,,,,,,,,SAFE,-5.466,-1.648,1.148,0.745,-0.122,-0.0,0.0,0.0,0.009,0.0,0.0,0.0,0.0,0.0,0.0
EXO,341912068,,,,,,,,,,,SAFE,-5.466,-1.648,1.148,0.745,-0.122,-0.0,0.0,0.0,0.009,0.0,0.0,0.0,0.0,0.0,0.0
EXO,342012067,,,,,,,,,,,SAFE,-5.466,-1.648,1.148,0.745,-0.122,-0.0,0.0,0.0,0.009,0.0,0.0,0.0,0.0,0.0,0.0
EXO,342112067,,,,,,,,,,,SAFE,-5.466,-1.648,1.148,0.745,-0.122,-0.0,0.0,0.0,0.009,0.0,0.0,0.0,0.0,0.0,0.0
EXO,342212067,,,,,,,,,,,SAFE,-5.466,-1.648,1.148,0.745,-0.122,-0.0,0.0,0.0,0.009,0.0,0.0,0.0,0.0,0.0,0.0
EXO,342312067,,,,,,,,,,,SAFE,-5.466,-1.648,1.148,0.745,-0.122,-0.0,0.0,0.0,0.009,0.0,0.0,0.0,0.0,0.0,0.0
EXO,342412068,,,,,,,,,,,SAFE,-5.466,-1.648,1.148,0.745,-0.122,-0.0,0.0,0.0,0.009,0.0,0.0,0.0,0.0,0.0,0.0
EXO,342512067,,,,,,,,,,,SAFE,-5.466,-1.648,1.148,0.745,-0.122,-0.0,0.0,0.0,0.009,0.0,0.0,0.0,0.0,0.0,0.0
EXO,342612067,,,,,,,,,,,SAFE,-5.466,-1.648,1.148,0.745,-0.122,-0.0,0.0,0.0,0.009,0.0,0.0,0.0,0.0,0.0,0.0
EXO,342712067,,,,,,,,,,,SAFE,-5.466,-1.648,1.148,0.745,-0.122,-0.0,0.0,0.0,0.009,0.0,0.0,0.0,0.0,0.0,0.0
EXO,342812067,,,,,,,,,,,SAFE,-5.466,-1.648,1.148,0.745,-0.122,-0.0,0.0,0.0,0.009,0.0,0.0,0.0,0.0,0.0,0.0
EXO,342912068,,,,,,,,,,,SAFE,-5.466,-1.648,1.148,0.745,-0.122,-0.0,0.0,0.0,0.009,0.0,0.0,0.0,0.0,0.0,0.0
EXO,343012067,,,,,,,,,,,SAFE,-5.466,-1.648,1.148,0.745,-0.122,-0.0,0.0,0.0,0.009,0.0,0.0,0.0,0.0,0.0,0.0
EXO,343112067,,,,,,,,,,,SAFE,-5.466,-1.648,1.148,0.745,-0.122,-0.0,0.0,0.0,0.009,0.0,0.0,0.0,0.0,0.0,0.0
EXO,343212067,,,,,,,,,,,SAFE,-5.466,-1.648,1.148,0.745,-0.122,-0.0,0.0,0.0,0.009,0.0,0.0,0.0,0.0,0.0,0.0
EXO,343312067,,,,,,,,,,,SAFE,-5.466,-1.648,1.148,0.745,-0.122,-0.0,0.0,0.0,0.009,0.0,0.0,0.0,0.0,0.0,0.0
EXO,343412068,,,,,,,,,,,SAFE,-5.466,-1.648,1.148,0.745,-0.122,-0.0,0.0,0.0,0.009,0.0,0.0,0.0,0.0,0.0,0.0
EXO,343512067,,,,,,,,,,,SAFE,-5.466,-1.648,1.148,0.745,-0.122,-0.0,0.0,0.0,0.009,0.0,0.0,0.0,0.0,0.0,0.0
EXO,343612067,,,,,,,,,,,SAFE,-5.466,-1.648,1.148,0.745,-0.122,-0.0,0.0,0.0,0.009,0.0,0.0,0.0,0.0,0.0,0.0
EXO,343712067,,,,,,,,,,,SAFE,-5.466,-1.648,1.148,0.745,-0.122,-0.0,0.0,0.0,0.009,0.0,0.0,0.0,0.0,0.0,0.0
EXO,343812067,,,,,,,,,,,SAFE,-5.466,-1.648,1.148,0.745,-0.122,-0.0,0.0,0.0,0.009,0.0,0.0,0.0,0.0,0.0,0.0
EXO,343912068,,,,,,,,,,,SAFE,-5.466,-1.648,1.148,0.745,-0.122,-0.0,0.0,0.0,0.009,0.0,0.0,0.0,0.0,0.0,0.0
EXO,344012067,,,,,,,,,,,SAFE,-5.466,-1.648,1.148,0.745,-0.122,-0.0,0.0,0.0,0.009,0.0,0.0,0.0,0.0,0.0,0.0
EXO,344112067,,,,,,,,,,,SAFE,-5.466,-1.648,1.148,0.745,-0.122,-0.0,0.0,0.0,0.009,0.0,0.0,0.0,0.0,0.0,0.0
EXO,344212067,,,,,,,,,,,SAFE,-5.466,-1.648,1.148,0.745,-0.122,-0.0,0.0,0.0,0.009,0.0,0.0,0.0,0.0,0.0,0.0
EXO,344312067,,,,,,,,,,,SAFE,-5.466,-1.648,1.148,0.745,-0.122,-0.0,0.0,0.0,0.009,0.0,0.0,0.0,0.0,0.0,0.0
EXO,344412068,,,,,,,,,,,SAFE,-5.466,-1.648,1.148,0.745,-0.122,-0.0,0.0,0.0,0.009,0.0,0.0,0.0,0.0,0.0,0.0
EXO,344512067,,,,,,,,,,,SAFE,-5.466,-1.648,1.148,0.745,-0.122,-0.0,0.0,0.0,0.009,0.0,0.0,0.0,0.0,0.0,0.0
EXO,344612067,,,,,,,,,,,SAFE,-5.466,-1.648,1.148,0.745,-0.122,-0.0,0.0,0.0,0.009,0.0,0.0,0.0,0.0,0.0,0.0
EXO,344712067,,,,,,,,,,,SAFE,-5.466,-1.648,1.148,0.745,-0.122,-0.0,0.0,0.0,0.009,0.0,0.0,0.0,0.0,0.0,0.0
EXO,344812067,,,,,,,,,,,SAFE,-5.466,-1.648,1.148,0.745,-0.122,-0.0,0.0,0.0,0.009,0.0,0.0,0.0,0.0,0.0,0.0
EXO,344912068,,,,,,,,,,,SAFE,-5.466,-1.648,1.148,0.745,-0.122,-0.0,0.0,0.0,0.009,0.0,0.0,0.0,0.0,0.0,0.0
EXO,345012067,,,,,,,,,,,SAFE,-5.466,-1.648,1.148,0.745,-0.122,-0.0,0.0,0.0,0.009,0.0,0.0,0.0,0.0,0.0,0.0
EXO,345112067,,,,,,,,,,,SAFE,-5.466,-1.648,1.148,0.745,-0.122,-0.0,0.0,0.0,0.009,0.0,0.0,0.0,0.0,0.0,0.0
EXO,345212067,,,,,,,,,,,SAFE,-5.466,-1.648,1.148,0.745,-0.122,-0.0,0.0,0.0,0.009,0.0,0.0,0.0,0.0,0.0,0.0
EXO,345312067,,,,,,,,,,,SAFE,-5.466,-1.648,1.148,0.745,-0.122,-0.0,0.0,0.0,0.009,0.0,0.0,0.0,0.0,0.0,0.0
EXO,345412068,,,,,,,,,,,SAFE,-5.466,-1.648,1.148,0.745,-0.122,-0.0,0.0,0.0,0.009,0.0,0.0,0.0,0.0,0.0,0.0
EXO,345512067,,,,,,,,,,,SAFE,-5.466,-1.648,1.148,0.745,-0.122,-0.0,0.0,0.0,0.009,0.0,0.0,0.0,0.0,0.0,0.0
EXO,345612067,,,,,,,,,,,SAFE,-5.466,-1.648,1.148,0.745,-0.122,-0.0,0.0,0.0,0.009,0.0,0.0,0.0,0.0,0.0,0.0
EXO,345712067,,,,,,,,,,,SAFE,-5.466,-1.648,1.148,0.745,-0.122,-0.0,0.0,0.0,0.009,0.0,0.0,0.0,0.0,0.0,0.0
EXO,345812067,,,,,,,,,,,SAFE,-5.466,-1.648,1.148,0.745,-0.122,-0.0,0.0,0.0,0.009,0.0,0.0,0.0,0.0,0.0,0.0
EXO,345912068,,,,,,,,,,,SAFE,-5.466,-1.648,1.148,0.745,-0.122,-0.0,0.0,0.0,0.009,0.0,0.0,0.0,0.0,0.0,0.0
EXO,346012067,,,,,,,,,,,SAFE,-5.466,-1.648,1.148,0.745,-0.122,-0.0,0.0,0.0,0.009,0.0,0.0,0.0,0.0,0.0,0.0
EXO,346112067,,,,,,,,,,,SAFE,-5.466,-1.648,1.148,0.745,-0.122,-0.0,0.0,0.0,0.009,0.0,0.0,0.0,0.0,0.0,0.0
EXO,346212067,,,,,,,,,,,SAFE,-5.466,-1.648,1.148,0.745,-0.122,-0.0,0.0,0.0,0.009,0.0,0.0,0.0,0.0,0.0,0.0
EXO,346312067,,,,,,,,,,,SAFE,-5.466,-1.648,1.148,0.745,-0.122,-0.0,0.0,0.0,0.009,0.0,0.0,0.0,0.0,0.0,0.0
EXO,346412068,,,,,,,,,,,SAFE,-5.466,-1.648,1.148,0.745,-0.122,-0.0,0.0,0.0,0.009,0.0,0.0,0.0,0.0,0.0,0.0
EXO,346512067,,,,,,,,,,,SAFE,-5.466,-1.648,1.148,0.745,-0.122,-0.0,0.0,0.0,0.009,0.0,0.0,0.0,0.0,0.0,0.0
EXO,346612067,,,,,,,,,,,SAFE,-5.466,-1.648,1.148,0.745,-0.122,-0.0,0.0,0.0,0.009,0.0,0.0,0.0,0.0,0.0,0.0
EXO,346712067,,,,,,,,,,,SAFE,-5.466,-1.648,1.148,0.745,-0.122,-0.0,0.0,0.0,0.009,0.0,0.0,0.0,0.0,0.0,0.0
EXO,346812067,,,,,,,,,,,SAFE,-5.466,-1.648,1.148,0.745,-0.122,-0.0,0.0,0.0,0.009,0.0,0.0,0.0,0.0,0.0,0.0
EXO,346912068,,,,,,,,,,,SAFE,-5.466,-1.648,1.148,0.745,-0.122,-0.0,0.0,0.0,0.009,0.0,0.0,0.0,0.0,0.0,0.0
EXO,347012067,,,,,,,,,,,SAFE,-5.466,-1.648,1.148,0.745,-0.122,-0.0,0.0,0.0,0.009,0.0,0.0,0.0,0.0,0.0,0.0
EXO,347112067,,,,,,,,,,,SAFE,-5.466,-1.648,1.148,0.745,-0.122,-0.0,0.0,0.0,0.009,0.0,0.0,0.0,0.0,0.0,0.0
EXO,347212067,,,,,,,,,,,SAFE,-5.466,-1.648,1.148,0.745,-0.122,-0.0,0.0,0.0,0.009,0.0,0.0,0.0,0.0,0.0,0.0
EXO,347312067,,,,,,,,,,,SAFE,-5.466,-1.648,1.148,0.745,-0.122,-0.0,0.0,0.0,0.009,0.0,0.0,0.0,0.0,0.0,0.0
EXO,347412068,,,,,,,,,,,SAFE,-5.466,-1.648,1.148,0.745,-0.122,-0.0,0.0,0.0,0.009,0.0,0.0,0.0,0.0,0.0,0.0
EXO,347512067,,,,,,,,,,,SAFE,-5.466,-1.648,1.148,0.745,-0.122,-0.0,0.0,0.0,0.009,0.0,0.0,0.0,0.0,0.0,0.0
EXO,347612067,,,,,,,,,,,SAFE,-5.466,-1.648,1.148,0.745,-0.122,-0.0,0.0,0.0,0.009,0.0,0.0,0.0,0.0,0.0,0.0
EXO,347712067,,,,,,,,,,,SAFE,-5.466,-1.648,1.148,0.745,-0.122,-0.0,0.0,0.0,0.009,0.0,0.0,0.0,0.0,0.0,0.0
EXO,347812067,,,,,,,,,,,SAFE,-5.466,-1.648,1.148,0.745,-0.122,-0.0,0.0,0.0,0.009,0.0,0.0,0.0,0.0,0.0,0.0
EXO,347912068,,,,,,,,,,,SAFE,-5.466,-1.648,1.148,0.745,-0.122,-0.0,0.0,0.0,0.009,0.0,0.0,0.0,0.0,0.0,0.0
EXO,348012067,,,,,,,,,,,SAFE,-5.466,-1.648,1.148,0.745,-0.122,-0.0,0.0,0.0,0.009,0.0,0.0,0.0,0.0,0.0,0.0
EXO,348112067,,,,,,,,,,,SAFE,-5.466,-1.648,1.148,0.745,-0.122,-0.0,0.0,0.0,0.009,0.0,0.0,0.0,0.0,0.0,0.0
EXO,348212067,,,,,,,,,,,SAFE,-5.466,-1.648,1.148,0.745,-0.122,-0.0,0.0,0.0,0.009,0.0,0.0,0.0,0.0,0.0,0.0
EXO,348312067,,,,,,,,,,,SAFE,-5.466,-1.648,1.148,0.745,-0.122,-0.0,0.0,0.0,0.009,0.0,0.0,0.0,0.0,0.0,0.0
EXO,348412068,,,,,,,,,,,SAFE,-5.466,-1.648,1.148,0.745,-0.122,-0.0,0.0,0.0,0.009,0.0,0.0,0.0,0.0,0.0,0.0
EXO,348512067,,,,,,,,,,,SAFE,-5.466,-1.648,1.148,0.745,-0.122,-0.0,0.0,0.0,0.009,0.0,0.0,0.0,0.0,0.0,0.0
EXO,348612067,,,,,,,,,,,SAFE,-5.466,-1.648,1.148,0.745,-0.122,-0.0,0.0,0.0,0.009,0.0,0.0,0.0,0.0,0.0,0.0
EXO,348712067,,,,,,,,,,,SAFE,-5.466,-1.648,1.148,0.745,-0.122,-0.0,0.0,0.0,0.009,0.0,0.0,0.0,0.0,0.0,0.0
EXO,348812067,,,,,,,,,,,SAFE,-5.466,-1.648,1.148,0.745,-0.122,-0.0,0.0,0.0,0.009,0.0,0.0,0.0,0.0,0.0,0.0
EXO,348912068,,,,,,,,,,,SAFE,-5.466,-1.648,1.148,0.745,-0.122,-0.0,0.0,0.0,0.009,0.0,0.0,0.0,0.0,0.0,0.0
EXO,349012067,,,,,,,,,,,SAFE,-5.466,-1.648,1.148,0.745,-0.122,-0.0,0.0,0.0,0.009,0.0,0.0,0.0,0.0,0.0,0.0
EXO,349112067,,,,,,,,,,,SAFE,-5.466,-1.648,1.148,0.745,-0.122,-0.0,0.0,0.0,0.009,0.0,0.0,0.0,0.0,0.0,0.0
EXO,349212067,,,,,,,,,,,SAFE,-5.466,-1.648,1.148,0.745,-0.122,-0.0,0.0,0.0,0.009,0.0,0.0,0.0,0.0,0.0,0.0
EXO,349312067,,,,,,,,,,,SAFE,-5.466,-1.648,1.148,0.745,-0.122,-0.0,0.0,0.0,0.009,0.0,0.0,0.0,0.0,0.0,0.0
EXO,349412068,,,,,,,,,,,SAFE,-5.466,-1.648,1.148,0.745,-0.122,-0.0,0.0,0.0,0.009,0.0,0.0,0.0,0.0,0.0,0.0
EXO,349512067,,,,,,,,,,,SAFE,-5.466,-1.648,1.148,0.745,-0.122,-0.0,0.0,0.0,0.009,0.0,0.0,0.0,0.0,0.0,0.0
EXO,349612067,,,,,,,,,,,SAFE,-5.466,-1.648,1.148,0.745,-0.122,-0.0,0.0,0.0,0.009,0.0,0.0,0.0,0.0,0.0,0.0
EXO,349712067,,,,,,,,,,,SAFE,-5.466,-1.648,1.148,0.745,-0.122,-0.0,0.0,0.0,0.009,0.0,0.0,0.0,0.0,0.0,0.0
EXO,349812067,,,,,,,,,,,SAFE,-5.466,-1.648,1.148,0.745,-0.122,-0.0,0.0,0.0,0.009,0.0,0.0,0.0,0.0,0.0,0.0
EXO,349912068,,,,,,,,,,,SAFE,-5.466,-1.648,1.148,0.745,-0.122,-0.0,0.0,0.0,0.009,0.0,0.0,0.0,0.0,0.0,0.0
EXO,350012067,,,,,,,,,,,SAFE,-5.466,-1.648,1.148,0.745,-0.122,-0.0,0.0,0.0,0.009,0.0,0.0,0.0,0.0,0.0,0.0
EXO,350112067,,,,,,,,,,,SAFE,-5.466,-1.648,1.148,0.745,-0.122,-0.0,0.0,0.0,0.009,0.0,0.0,0.0,0.0,0.0,0.0
EXO,350212067,,,,,,,,,,,SAFE,-5.466,-1.648,1.148,0.745,-0.122,-0.0,0.0,0.0,0.009,0.0,0.0,0.0,0.0,0.0,0.0
EXO,350312067,,,,,,,,,,,SAFE,-5.466,-1.648,1.148,0.745,-0.122,-0.0,0.0,0.0,0.009,0.0,0.0,0.0,0.0,0.0,0.0
EXO,350412068,,,,,,,,,,,SAFE,-5.466,-1.648,1.148,0.745,-0.122,-0.0,0.0,0.0,0.009,0.0,0.0,0.0,0.0,0.0,0.0
EXO,350512067,,,,,,,,,,,SAFE,-5.466,-1.648,1.148,0.745,-0.122,-0.0,0.0,0.0,0.009,0.0,0.0,0.0,0.0,0.0,0.0
EXO,350612067,,,,,,,,,,,SAFE,-5.466,-1.648,1.148,0.745,-0.122,-0.0,0.0,0.0,0.009,0.0,0.0,0.0,0.0,0.0,0.0
EXO,350712067,,,,,,,,,,,SAFE,-5.466,-1.648,1.148,0.745,-0.122,-0.0,0.0,0.0,0.009,0.0,0.0,0.0,0.0,0.0,0.0
EXO,350812067,,,,,,,,,,,SAFE,-5.466,-1.648,1.148,0.745,-0.122,-0.0,0.0,0.0,0.009,0.0,0.0,0.0,0.0,0.0,0.0
EXO,350912068,,,,,,,,,,,SAFE,-5.466,-1.648,1.148,0.745,-0.122,-0.0,0.0,0.0,0.009,0.0,0.0,0.0,0.0,0.0,0.0
EXO,351012067,,,,,,,,,,,SAFE,-5.466,-1.648,1.148,0.745,-0.122,-0.0,0.0,0.0,0.009,0.0,0.0,0.0,0.0,0.0,0.0
EXO,351112067,,,,,,,,,,,SAFE,-5.466,-1.648,1.148,0.745,-0.122,-0.0,0.0,0.0,0.009,0.0,0.0,0.0,0.0,0.0,0.0
EXO,351212067,,,,,,,,,,,SAFE,-5.466,-1.648,1.148,0.745,-0.122,-0.0,0.0,0.0,0.009,0.0,0.0,0.0,0.0,0.0,0.0
EXO,351312067,,,,,,,,,,,SAFE,-5.466,-1.648,1.148,0.745,-0.122,-0.0,0.0,0.0,0.009,0.0,0.0,0.0,0.0,0.0,0.0
EXO,351412068,,,,,,,,,,,SAFE,-5.466,-1.648,1.148,0.745,-0.122,-0.0,0.0,0.0,0.009,0.0,0.0,0.0,0.0,0.0,0.0
EXO,351512067,,,,,,,,,,,SAFE,-5.466,-1.648,1.148,0.745,-0.122,-0.0,0.0,0.0,0.009,0.0,0.0,0.0,0.0,0.0,0.0
EXO,351612067,,,,,,,,,,,SAFE,-5.466,-1.648,1.148,0.745,-0.122,-0.0,0.0,0.0,0.009,0.0,0.0,0.0,0.0,0.0,0.0
EXO,351712067,,,,,,,,,,,SAFE,-5.466,-1.648,1.148,0.745,-0.122,-0.0,0.0,0.0,0.009,0.0,0.0,0.0,0.0,0.0,0.0
EXO,351812067,,,,,,,,,,,SAFE,-5.466,-1.648,1.148,0.745,-0.122,-0.0,0.0,0.0,0.009,0.0,0.0,0.0,0.0,0.0,0.0
EXO,351912068,,,,,,,,,,,SAFE,-5.466,-1.648,1.148,0.745,-0.122,-0.0,0.0,0.0,0.009,0.0,0.0,0.0,0.0,0.0,0.0
EXO,352012067,,,,,,,,,,,SAFE,-5.466,-1.648,1.148,0.745,-0.122,-0.0,0.0,0.0,0.009,0.0,0.0,0.0,0.0,0.0,0.0
EXO,352112067,,,,,,,,,,,SAFE,-5.466,-1.648,1.148,0.745,-0.122,-0.0,0.0,0.0,0.009,0.0,0.0,0.0,0.0,0.0,0.0
EXO,352212067,,,,,,,,,,,SAFE,-5.466,-1.648,1.148,0.745,-0.122,-0.0,0.0,0.0,0.009,0.0,0.0,0.0,0.0,0.0,0.0
EXO,352312067,,,,,,,,,,,SAFE,-5.466,-1.648,1.148,0.745,-0.122,-0.0,0.0,0.0,0.009,0.0,0.0,0.0,0.0,0.0,0.0
EXO,352412068,,,,,,,,,,,SAFE,-5.466,-1.648,1.148,0.745,-0.122,-0.0,0.0,0.0,0.009,0.0,0.0,0.0,0.0,0.0,0.0
EXO,352512067,,,,,,,,,,,SAFE,-5.466,-1.648,1.148,0.745,-0.122,-0.0,0.0,0.0,0.009,0.0,0.0,0.0,0.0,0.0,0.0
EXO,352612067,,,,,,,,,,,SAFE,-5.466,-1.648,1.148,0.745,-0.122,-0.0,0.0,0.0,0.009,0.0,0.0,0.0,0.0,0.0,0.0
EXO,352712067,,,,,,,,,,,SAFE,-5.466,-1.648,1.148,0.745,-0.122,-0.0,0.0,0.0,0.009,0.0,0.0,0.0,0.0,0.0,0.0
EXO,352812067,,,,,,,,,,,SAFE,-5.466,-1.648,1.148,0.745,-0.122,-0.0,0.0,0.0,0.009,0.0,0.0,0.0,0.0,0.0,0.0
EXO,352912068,,,,,,,,,,,SAFE,-5.466,-1.648,1.148,0.745,-0.122,-0.0,0.0,0.0,0.009,0.0,0.0,0.0,0.0,0.0,0.0
EXO,353012067,,,,,,,,,,,SAFE,-5.466,-1.648,1.148,0.745,-0.122,-0.0,0.0,0.0,0.009,0.0,0.0,0.0,0.0,0.0,0.0
EXO,353112067,,,,,,,,,,,SAFE,-5.466,-1.648,1.148,0.745,-0.122,-0.0,0.0,0.0,0.009,0.0,0.0,0.0,0.0,0.0,0.0
EXO,353212067,,,,,,,,,,,SAFE,-5.466,-1.648,1.148,0.745,-0.122,-0.0,0.0,0.0,0.009,0.0,0.0,0.0,0.0,0.0,0.0
EXO,353312067,,,,,,,,,,,SAFE,-5.466,-1.648,1.148,0.745,-0.122,-0.0,0.0,0.0,0.009,0.0,0.0,0.0,0.0,0.0,0.0
EXO,353412068,,,,,,,,,,,SAFE,-5.466,-1.648,1.148,0.745,-0.122,-0.0,0.0,0.0,0.009,0.0,0.0,0.0,0.0,0.0,0.0
EXO,353512067,,,,,,,,,,,SAFE,-5.466,-1.648,1.148,0.745,-0.122,-0.0,0.0,0.0,0.009,0.0,0.0,0.0,0.0,0.0,0.0
EXO,353612067,,,,,,,,,,,SAFE,-5.466,-1.648,1.148,0.745,-0.122,-0.0,0.0,0.0,0.009,0.0,0.0,0.0,0.0,0.0,0.0
EXO,353712067,,,,,,,,,,,SAFE,-5.466,-1.648,1.148,0.745,-0.122,-0.0,0.0,0.0,0.009,0.0,0.0,0.0,0.0,0.0,0.0
EXO,353812067,,,,,,,,,,,SAFE,-5.466,-1.648,1.148,0.745,-0.122,-0.0,0.0,0.0,0.009,0.0,0.0,0.0,0.0,0.0,0.0
EXO,353912068,,,,,,,,,,,SAFE,-5.466,-1.648,1.148,0.745,-0.122,-0.0,0.0,0.0,0.009,0.0,0.0,0.0,0.0,0.0,0.0
EXO,354012067,,,,,,,,,,,SAFE,-5.466,-1.648,1.148,0.745,-0.122,-0.0,0.0,0.0,0.009,0.0,0.0,0.0,0.0,0.0,0.0
EXO,354112067,,,,,,,,,,,SAFE,-5.466,-1.648,1.148,0.745,-0.122,-0.0,0.0,0.0,0.009,0.0,0.0,0.0,0.0,0.0,0.0
EXO,354212067,,,,,,,,,,,SAFE,-5.466,-1.648,1.148,0.745,-0.122,-0.0,0.0,0.0,0.009,0.0,0.0,0.0,0.0,0.0,0.0
EXO,354312067,,,,,,,,,,,SAFE,-5.466,-1.648,1.148,0.745,-0.122,-0.0,0.0,0.0,0.009,0.0,0.0,0.0,0.0,0.0,0.0
EXO,354412068,,,,,,,,,,,SAFE,-5.466,-1.648,1.148,0.745,-0.122,-0.0,0.0,0.0,0.009,0.0,0.0,0.0,0.0,0.0,0.0
EXO,354512067,,,,,,,,,,,SAFE,-5.466,-1.648,1.148,0.745,-0.122,-0.0,0.0,0.0,0.009,0.0,0.0,0.0,0.0,0.0,0.0
EXO,354612067,,,,,,,,,,,SAFE,-5.466,-1.648,1.148,0.745,-0.122,-0.0,0.0,0.0,0.009,0.0,0.0,0.0,0.0,0.0,0.0
EXO,354712067,,,,,,,,,,,SAFE,-5.466,-1.648,1.148,0.745,-0.122,-0.0,0.0,0.0,0.009,0.0,0.0,0.0,0.0,0.0,0.0
EXO,354812067,,,,,,,,,,,SAFE,-5.466,-1.648,1.148,0.745,-0.122,-0.0,0.0,0.0,0.009,0.0,0.0,0.0,0.0,0.0,0.0
EXO,354912068,,,,,,,,,,,SAFE,-5.466,-1.648,1.148,0.745,-0.122,-0.0,0.0,0.0,0.009,0.0,0.0,0.0,0.0,0.0,0.0
EXO,355012067,,,,,,,,,,,SAFE,-5.466,-1.648,1.148,0.745,-0.122,-0.0,0.0,0.0,0.009,0.0,0.0,0.0,0.0,0.0,0.0
EXO,355112067,,,,,,,,,,,SAFE,-5.466,-1.648,1.148,0.745,-0.122,-0.0,0.0,0.0,0.009,0.0,0.0,0.0,0.0,0.0,0.0
EXO,355212067,,,,,,,,,,,SAFE,-5.466,-1.648,1.148,0.745,-0.122,-0.0,0.0,0.0,0.009,0.0,0.0,0.0,0.0,0.0,0.0
EXO,355312067,,,,,,,,,,,SAFE,-5.466,-1.648,1.148,0.745,-0.122,-0.0,0.0,0.0,0.009,0.0,0.0,0.0,0.0,0.0,0.0
EXO,355412068,,,,,,,,,,,SAFE,-5.466,-1.648,1.148,0.745,-0.122,-0.0,0.0,0.0,0.009,0.0,0.0,0.0,0.0,0.0,0.0
EXO,355512067,,,,,,,,,,,SAFE,-5.466,-1.648,1.148,0.745,-0.122,-0.0,0.0,0.0,0.009,0.0,0.0,0.0,0.0,0.0,0.0
EXO,355612067,,,,,,,,,,,SAFE,-5.466,-1.648,1.148,0.745,-0.122,-0.0,0.0,0.0,0.009,0.0,0.0,0.0,0.0,0.0,0.0
EXO,355712067,,,,,,,,,,,SAFE,-5.466,-1.648,1.148,0.745,-0.122,-0.0,0.0,0.0,0.009,0.0,0.0,0.0,0.0,0.0,0.0
EXO,355812067,,,,,,,,,,,SAFE,-5.466,-1.648,1.148,0.745,-0.122,-0.0,0.0,0.0,0.009,0.0,0.0,0.0,0.0,0.0,0.0
EXO,355912068,,,,,,,,,,,SAFE,-5.466,-1.648,1.148,0.745,-0.122,-0.0,0.0,0.0,0.009,0.0,0.0,0.0,0.0,0.0,0.0
EXO,356012067,,,,,,,,,,,SAFE,-5.466,-1.648,1.148,0.745,-0.122,-0.0,0.0,0.0,0.009,0.0,0.0,0.0,0.0,0.0,0.0
EXO,356112067,,,,,,,,,,,SAFE,-5.466,-1.648,1.148,0.745,-0.122,-0.0,0.0,0.0,0.009,0.0,0.0,0.0,0.0,0.0,0.0
EXO,356212067,,,,,,,,,,,SAFE,-5.466,-1.648,1.148,0.745,-0.122,-0.0,0.0,0.0,0.009,0.0,0.0,0.0,0.0,0.0,0.0
EXO,356312067,,,,,,,,,,,SAFE,-5.466,-1.648,1.148,0.745,-0.122,-0.0,0.0,0.0,0.009,0.0,0.0,0.0,0.0,0.0,0.0
EXO,356412068,,,,,,,,,,,SAFE,-5.466,-1.648,1.148,0.745,-0.122,-0.0,0.0,0.0,0.009,0.0,0.0,0.0,0.0,0.0,0.0
EXO,356512067,,,,,,,,,,,SAFE,-5.466,-1.648,1.148,0.745,-0.122,-0.0,0.0,0.0,0.009,0.0,0.0,0.0,0.0,0.0,0.0
EXO,356612067,,,,,,,,,,,SAFE,-5.466,-1.648,1.148,0.745,-0.122,-0.0,0.0,0.0,0.009,0.0,0.0,0.0,0.0,0.0,0.0
EXO,356712067,,,,,,,,,,,SAFE,-5.466,-1.648,1.148,0.745,-0.122,-0.0,0.0,0.0,0.009,0.0,0.0,0.0,0.0,0.0,0.0
EXO,356812067,,,,,,,,,,,SAFE,-5.466,-1.648,1.148,0.745,-0.122,-0.0,0.0,0.0,0.009,0.0,0.0,0.0,0.0,0.0,0.0
EXO,356912068,,,,,,,,,,,SAFE,-5.466,-1.648,1.148,0.745,-0.122,-0.0,0.0,0.0,0.009,0.0,0.0,0.0,0.0,0.0,0.0
EXO,357012067,,,,,,,,,,,SAFE,-5.466,-1.648,1.148,0.745,-0.122,-0.0,0.0,0.0,0.009,0.0,0.0,0.0,0.0,0.0,0.0
EXO,357112067,,,,,,,,,,,SAFE,-5.466,-1.648,1.148,0.745,-0.122,-0.0,0.0,0.0,0.009,0.0,0.0,0.0,0.0,0.0,0.0
EXO,357212067,,,,,,,,,,,SAFE,-5.466,-1.648,1.148,0.745,-0.122,-0.0,0.0,0.0,0.009,0.0,0.0,0.0,0.0,0.0,0.0
EXO,357312067,,,,,,,,,,,SAFE,-5.466,-1.648,1.148,0.745,-0.122,-0.0,0.0,0.0,0.009,0.0,0.0,0.0,0.0,0.0,0.0
EXO,357412068,,,,,,,,,,,SAFE,-5.466,-1.648,1.148,0.745,-0.122,-0.0,0.0,0.0,0.009,0.0,0.0,0.0,0.0,0.0,0.0
EXO,357512067,,,,,,,,,,,SAFE,-5.466,-1.648,1.148,0.745,-0.122,-0.0,0.0,0.0,0.009,0.0,0.0,0.0,0.0,0.0,0.0
EXO,357612067,,,,,,,,,,,SAFE,-5.466,-1.648,1.148,0.745,-0.122,-0.0,0.0,0.0,0.009,0.0,0.0,0.0,0.0,0.0,0.0
EXO,357712067,,,,,,,,,,,SAFE,-5.466,-1.648,1.148,0.745,-0.122,-0.0,0.0,0.0,0.009,0.0,0.0,0.0,0.0,0.0,0.0
EXO,357812067,,,,,,,,,,,SAFE,-5.466,-1.648,1.148,0.745,-0.122,-0.0,0.0,0.0,0.009,0.0,0.0,0.0,0.0,0.0,0.0
EXO,357912068,,,,,,,,,,,SAFE,-5.466,-1.648,1.148,0.745,-0.122,-0.0,0.0,0.0,0.009,0.0,0.0,0.0,0.0,0.0,0.0
EXO,358012067,,,,,,,,,,,SAFE,-5.466,-1.648,1.148,0.745,-0.122,-0.0,0.0,0.0,0.009,0.0,0.0,0.0,0.0,0.0,0.0
EXO,358112067,,,,,,,,,,,SAFE,-5.466,-1.648,1.148,0.745,-0.122,-0.0,0.0,0.0,0.009,0.0,0.0,0.0,0.0,0.0,0.0
EXO,358212067,,,,,,,,,,,SAFE,-5.466,-1.648,1.148,0.745,-0.122,-0.0,0.0,0.0,0.009,0.0,0.0,0.0,0.0,0.0,0.0
EXO,358312067,,,,,,,,,,,SAFE,-5.466,-1.648,1.148,0.745,-0.122,-0.0,0.0,0.0,0.009,0.0,0.0,0.0,0.0,0.0,0.0
EXO,358412068,,,,,,,,,,,SAFE,-5.466,-1.648,1.148,0.745,-0.122,-0.0,0.0,0.0,0.009,0.0,0.0,0.0,0.0,0.0,0.0
EXO,358512067,,,,,,,,,,,SAFE,-5.466,-1.648,1.148,0.745,-0.122,-0.0,0.0,0.0,0.009,0.0,0.0,0.0,0.0,0.0,0.0
EXO,358612067,,,,,,,,,,,SAFE,-5.466,-1.648,1.148,0.745,-0.122,-0.0,0.0,0.0,0.009,0.0,0.0,0.0,0.0,0.0,0.0
EXO,358712067,,,,,,,,,,,SAFE,-5.466,-1.648,1.148,0.745,-0.122,-0.0,0.0,0.0,0.009,0.0,0.0,0.0,0.0,0.0,0.0
EXO,358812067,,,,,,,,,,,SAFE,-5.466,-1.648,1.148,0.745,-0.122,-0.0,0.0,0.0,0.009,0.0,0.0,0.0,0.0,0.0,0.0
EXO,358912068,,,,,,,,,,,SAFE,-5.466,-1.648,1.148,0.745,-0.122,-0.0,0.0,0.0,0.009,0.0,0.0,0.0,0.0,0.0,0.0
EXO,359012067,,,,,,,,,,,SAFE,-5.466,-1.648,1.148,0.745,-0.122,-0.0,0.0,0.0,0.009,0.0,0.0,0.0,0.0,0.0,0.0
EXO,359112067,,,,,,,,,,,SAFE,-5.466,-1.648,1.148,0.745,-0.122,-0.0,0.0,0.0,0.009,0.0,0.0,0.0,0.0,0.0,0.0
EXO,359212067,,,,,,,,,,,SAFE,-5.466,-1.648,1.148,0.745,-0.122,-0.0,0.0,0.0,0.009,0.0,0.0,0.0,0.0,0.0,0.0
EXO,359312067,,,,,,,,,,,SAFE,-5.466,-1.648,1.148,0.745,-0.122,-0.0,0.0,0.0,0.009,0.0,0.0,0.0,0.0,0.0,0.0
EXO,359412068,,,,,,,,,,,SAFE,-5.466,-1.648,1.148,0.745,-0.122,-0.0,0.0,0.0,0.009,0.0,0.0,0.0,0.0,0.0,0.0
EXO,359512067,,,,,,,,,,,SAFE,-5.466,-1.648,1.148,0.745,-0.122,-0.0,0.0,0.0,0.009,0.0,0.0,0.0,0.0,0.0,0.0
EXO,359612067,,,,,,,,,,,SAFE,-5.466,-1.648,1.148,0.745,-0.122,-0.0,0.0,0.0,0.009,0.0,0.0,0.0,0.0,0.0,0.0
EXO,359712067,,,,,,,,,,,SAFE,-5.466,-1.648,1.148,0.745,-0.122,-0.0,0.0,0.0,0.009,0.0,0.0,0.0,0.0,0.0,0.0
EXO,359812067,,,,,,,,,,,SAFE,-5.466,-1.648,1.148,0.745,-0.122,-0.0,0.0,0.0,0.009,0.0,0.0,0.0,0.0,0.0,0.0
EXO,359912068,,,,,,,,,,,SAFE,-5.466,-1.648,1.148,0.745,-0.122,-0.0,0.0,0.0,0.009,0.0,0.0,0.0,0.0,0.0,0.0
EXO,360012067,,,,,,,,,,,SAFE,-5.466,-1.648,1.148,0.745,-0.122,-0.0,0.0,0.0,0.009,0.0,0.0,0.0,0.0,0.0,0.0
EXO,360112067,,,,,,,,,,,SAFE,-5.466,-1.648,1.148,0.745,-0.122,-0.0,0.0,0.0,0.009,0.0,0.0,0.0,0.0,0.0,0.0
EXO,360212067,,,,,,,,,,,SAFE,-5.466,-1.648,1.148,0.745,-0.122,-0.0,0.0,0.0,0.009,0.0,0.0,0.0,0.0,0.0,0.0
EXO,360312067,,,,,,,,,,,SAFE,-5.466,-1.648,1.148,0.745,-0.122,-0.0,0.0,0.0,0.009,0.0,0.0,0.0,0.0,0.0,0.0
EXO,360412068,,,,,,,,,,,SAFE,-5.466,-1.648,1.148,0.745,-0.122,-0.0,0.0,0.0,0.009,0.0,0.0,0.0,0.0,0.0,0.0
EXO,360512067,,,,,,,,,,,SAFE,-5.466,-1.648,1.148,0.745,-0.122,-0.0,0.0,0.0,0.009,0.0,0.0,0.0,0.0,0.0,0.0
EXO,360612067,,,,,,,,,,,SAFE,-5.466,-1.648,1.148,0.745,-0.122,-0.0,0.0,0.0,0.009,0.0,0.0,0.0,0.0,0.0,0.0
EXO,360712067,,,,,,,,,,,SAFE,-5.466,-1.648,1.148,0.745,-0.122,-0.0,0.0,0.0,0.009,0.0,0.0,0.0,0.0,0.0,0.0
EXO,360812067,,,,,,,,,,,SAFE,-5.466,-1.648,1.148,0.745,-0.122,-0.0,0.0,0.0,0.009,0.0,0.0,0.0,0.0,0.0,0.0
EXO,360912068,,,,,,,,,,,SAFE,-5.466,-1.648,1.148,0.745,-0.122,-0.0,0.0,0.0,0.009,0.0,0.0,0.0,0.0,0.0,0.0
EXO,361012067,,,,,,,,,,,SAFE,-5.466,-1.648,1.148,0.745,-0.122,-0.0,0.0,0.0,0.009,0.0,0.0,0.0,0.0,0.0,0.0
EXO,361112067,,,,,,,,,,,SAFE,-5.466,-1.648,1.148,0.745,-0.122,-0.0,0.0,0.0,0.009,0.0,0.0,0.0,0.0,0.0,0.0
EXO,361212067,,,,,,,,,,,SAFE,-5.466,-1.648,1.148,0.745,-0.122,-0.0,0.0,0.0,0.009,0.0,0.0,0.0,0.0,0.0,0.0
EXO,361312067,,,,,,,,,,,SAFE,-5.466,-1.648,1.148,0.745,-0.122,-0.0,0.0,0.0,0.009,0.0,0.0,0.0,0.0,0.0,0.0
EXO,361412068,,,,,,,,,,,SAFE,-5.466,-1.648,1.148,0.745,-0.122,-0.0,0.0,0.0,0.009,0.0,0.0,0.0,0.0,0.0,0.0
EXO,361512067,,,,,,,,,,,SAFE,-5.466,-1.648,1.148,0.745,-0.122,-0.0,0.0,0.0,0.009,0.0,0.0,0.0,0.0,0.0,0.0
EXO,361612067,,,,,,,,,,,SAFE,-5.466,-1.648,1.148,0.745,-0.122,-0.0,0.0,0.0,0.009,0.0,0.0,0.0,0.0,0.0,0.0
EXO,361712067,,,,,,,,,,,SAFE,-5.466,-1.648,1.148,0.745,-0.122,-0.0,0.0,0.0,0.009,0.0,0.0,0.0,0.0,0.0,0.0
EXO,361812067,,,,,,,,,,,SAFE,-5.466,-1.648,1.148,0.745,-0.122,-0.0,0.0,0.0,0.009,0.0,0.0,0.0,0.0,0.0,0.0
EXO,361912068,,,,,,,,,,,SAFE,-5.466,-1.648,1.148,0.745,-0.122,-0.0,0.0,0.0,0.009,0.0,0.0,0.0,0.0,0.0,0.0
EXO,362012067,,,,,,,,,,,SAFE,-5.466,-1.648,1.148,0.745,-0.122,-0.0,0.0,0.0,0.009,0.0,0.0,0.0,0.0,0.0,0.0
EXO,362112067,,,,,,,,,,,SAFE,-5.466,-1.648,1.148,0.745,-0.122,-0.0,0.0,0.0,0.009,0.0,0.0,0.0,0.0,0.0,0.0
EXO,362212067,,,,,,,,,,,SAFE,-5.466,-1.648,1.148,0.745,-0.122,-0.0,0.0,0.0,0.009,0.0,0.0,0.0,0.0,0.0,0.0
EXO,362312067,,,,,,,,,,,SAFE,-5.466,-1.648,1.148,0.745,-0.122,-0.0,0.0,0.0,0.009,0.0,0.0,0.0,0.0,0.0,0.0
EXO,362412068,,,,,,,,,,,SAFE,-5.466,-1.648,1.148,0.745,-0.122,-0.0,0.0,0.0,0.009,0.0,0.0,0.0,0.0,0.0,0.0
EXO,362512067,,,,,,,,,,,SAFE,-5.466,-1.648,1.148,0.745,-0.122,-0.0,0.0,0.0,0.009,0.0,0.0,0.0,0.0,0.0,0.0
EXO,362612067,,,,,,,,,,,SAFE,-5.466,-1.648,1.148,0.745,-0.122,-0.0,0.0,0.0,0.009,0.0,0.0,0.0,0.0,0.0,0.0
EXO,362712067,,,,,,,,,,,SAFE,-5.466,-1.648,1.148,0.745,-0.122,-0.0,0.0,0.0,0.009,0.0,0.0,0.0,0.0,0.0,0.0
EXO,362812067,,,,,,,,,,,SAFE,-5.466,-1.648,1.148,0.745,-0.122,-0.0,0.0,0.0,0.009,0.0,0.0,0.0,0.0,0.0,0.0
EXO,362912068,,,,,,,,,,,SAFE,-5.466,-1.648,1.148,0.745,-0.122,-0.0,0.0,0.0,0.009,0.0,0.0,0.0,0.0,0.0,0.0
EXO,363012067,,,,,,,,,,,SAFE,-5.466,-1.648,1.148,0.745,-0.122,-0.0,0.0,0.0,0.009,0.0,0.0,0.0,0.0,0.0,0.0
EXO,363112067,,,,,,,,,,,SAFE,-5.466,-1.648,1.148,0.745,-0.122,-0.0,0.0,0.0,0.009,0.0,0.0,0.0,0.0,0.0,0.0
EXO,363212067,,,,,,,,,,,SAFE,-5.466,-1.648,1.148,0.745,-0.122,-0.0,0.0,0.0,0.009,0.0,0.0,0.0,0.0,0.0,0.0
EXO,363312067,,,,,,,,,,,SAFE,-5.466,-1.648,1.148,0.745,-0.122,-0.0,0.0,0.0,0.009,0.0,0.0,0.0,0.0,0.0,0.0
EXO,363412068,,,,,,,,,,,SAFE,-5.466,-1.648,1.148,0.745,-0.122,-0.0,0.0,0.0,0.009,0.0,0.0,0.0,0.0,0.0,0.0
EXO,363512067,,,,,,,,,,,SAFE,-5.466,-1.648,1.148,0.745,-0.122,-0.0,0.0,0.0,0.009,0.0,0.0,0.0,0.0,0.0,0.0
EXO,363612067,,,,,,,,,,,SAFE,-5.466,-1.648,1.148,0.745,-0.122,-0.0,0.0,0.0,0.009,0.0,0.0,0.0,0.0,0.0,0.0
EXO,363712067,,,,,,,,,,,SAFE,-5.466,-1.648,1.148,0.745,-0.122,-0.0,0.0,0.0,0.009,0.0,0.0,0.0,0.0,0.0,0.0
EXO,363812067,,,,,,,,,,,SAFE,-5.466,-1.648,1.148,0.745,-0.122,-0.0,0.0,0.0,0.009,0.0,0.0,0.0,0.0,0.0,0.0
EXO,363912068,,,,,,,,,,,SAFE,-5.466,-1.648,1.148,0.745,-0.122,-0.0,0.0,0.0,0.009,0.0,0.0,0.0,0.0,0.0,0.0
EXO,364012067,,,,,,,,,,,SAFE,-5.466,-1.648,1.148,0.745,-0.122,-0.0,0.0,0.0,0.009,0.0,0.0,0.0,0.0,0.0,0.0
EXO,364112067,,,,,,,,,,,SAFE,-5.466,-1.648,1.148,0.745,-0.122,-0.0,0.0,0.0,0.009,0.0,0.0,0.0,0.0,0.0,0.0
EXO,364212067,,,,,,,,,,,SAFE,-5.466,-1.648,1.148,0.745,-0.122,-0.0,0.0,0.0,0.009,0.0,0.0,0.0,0.0,0.0,0.0
EXO,364312067,,,,,,,,,,,SAFE,-5.466,-1.648,1.148,0.745,-0.122,-0.0,0.0,0.0,0.009,0.0,0.0,0.0,0.0,0.0,0.0
EXO,364412068,,,,,,,,,,,SAFE,-5.466,-1.648,1.148,0.745,-0.122,-0.0,0.0,0.0,0.009,0.0,0.0,0.0,0.0,0.0,0.0
EXO,364512067,,,,,,,,,,,SAFE,-5.466,-1.648,1.148,0.745,-0.122,-0.0,0.0,0.0,0.009,0.0,0.0,0.0,0.0,0.0,0.0
EXO,364612067,,,,,,,,,,,SAFE,-5.466,-1.648,1.148,0.745,-0.122,-0.0,0.0,0.0,0.009,0.0,0.0,0.0,0.0,0.0,0.0
EXO,364712067,,,,,,,,,,,SAFE,-5.466,-1.648,1.148,0.745,-0.122,-0.0,0.0,0.0,0.009,0.0,0.0,0.0,0.0,0.0,0.0
EXO,364812067,,,,,,,,,,,SAFE,-5.466,-1.648,1.148,0.745,-0.122,-0.0,0.0,0.0,0.009,0.0,0.0,0.0,0.0,0.0,0.0
EXO,364912068,,,,,,,,,,,SAFE,-5.466,-1.648,1.148,0.745,-0.122,-0.0,0.0,0.0,0.009,0.0,0.0,0.0,0.0,0.0,0.0
EXO,365012067,,,,,,,,,,,SAFE,-5.466,-1.648,1.148,0.745,-0.122,-0.0,0.0,0.0,0.009,0.0,0.0,0.0,0.0,0.0,0.0
EXO,365112067,,,,,,,,,,,SAFE,-5.466,-1.648,1.148,0.745,-0.122,-0.0,0.0,0.0,0.009,0.0,0.0,0.0,0.0,0.0,0.0
EXO,365212067,,,,,,,,,,,SAFE,-5.466,-1.648,1.148,0.745,-0.122,-0.0,0.0,0.0,0.009,0.0,0.0,0.0,0.0,0.0,0.0
EXO,365312067,,,,,,,,,,,SAFE,-5.466,-1.648,1.148,0.745,-0.122,-0.0,0.0,0.0,0.009,0.0,0.0,0.0,0.0,0.0,0.0
EXO,365412068,,,,,,,,,,,SAFE,-5.466,-1.648,1.148,0.745,-0.122,-0.0,0.0,0.0,0.009,0.0,0.0,0.0,0.0,0.0,0.0
EXO,365512067,,,,,,,,,,,SAFE,-5.466,-1.648,1.148,0.745,-0.122,-0.0,0.0,0.0,0.009,0.0,0.0,0.0,0.0,0.0,0.0
EXO,365612067,,,,,,,,,,,SAFE,-5.466,-1.648,1.148,0.745,-0.122,-0.0,0.0,0.0,0.009,0.0,0.0,0.0,0.0,0.0,0.0
EXO,365712067,,,,,,,,,,,SAFE,-5.466,-1.648,1.148,0.745,-0.122,-0.0,0.0,0.0,0.009,0.0,0.0,0.0,0.0,0.0,0.0
EXO,365812067,,,,,,,,,,,SAFE,-5.466,-1.648,1.148,0.745,-0.122,-0.0,0.0,0.0,0.009,0.0,0.0,0.0,0.0,0.0,0.0
EXO,365912068,,,,,,,,,,,SAFE,-5.466,-1.648,1.148,0.745,-0.122,-0.0,0.0,0.0,0.009,0.0,0.0,0.0,0.0,0.0,0.0
EXO,366012067,,,,,,,,,,,SAFE,-5.466,-1.648,1.148,0.745,-0.122,-0.0,0.0,0.0,0.009,0.0,0.0,0.0,0.0,0.0,0.0
EXO,366112067,,,,,,,,,,,SAFE,-5.466,-1.648,1.148,0.745,-0.122,-0.0,0.0,0.0,0.009,0.0,0.0,0.0,0.0,0.0,0.0
EXO,366212067,,,,,,,,,,,SAFE,-5.466,-1.648,1.148,0.745,-0.122,-0.0,0.0,0.0,0.009,0.0,0.0,0.0,0.0,0.0,0.0
EXO,366312067,,,,,,,,,,,SAFE,-5.466,-1.648,1.148,0.745,-0.122,-0.0,0.0,0.0,0.009,0.0,0.0,0.0,0.0,0.0,0.0
EXO,366412068,,,,,,,,,,,SAFE,-5.466,-1.648,1.148,0.745,-0.122,-0.0,0.0,0.0,0.009,0.0,0.0,0.0,0.0,0.0,0.0
EXO,366512067,,,,,,,,,,,SAFE,-5.466,-1.648,1.148,0.745,-0.122,-0.0,0.0,0.0,0.009,0.0,0.0,0.0,0.0,0.0,0.0
EXO,366612067,,,,,,,,,,,SAFE,-5.466,-1.648,1.148,0.745,-0.122,-0.0,0.0,0.0,0.009,0.0,0.0,0.0,0.0,0.0,0.0
EXO,366712067,,,,,,,,,,,SAFE,-5.466,-1.648,1.148,0.745,-0.122,-0.0,0.0,0.0,0.009,0.0,0.0,0.0,0.0,0.0,0.0
EXO,366812067,,,,,,,,,,,SAFE,-5.466,-1.648,1.148,0.745,-0.122,-0.0,0.0,0.0,0.009,0.0,0.0,0.0,0.0,0.0,0.0
EXO,366912068,,,,,,,,,,,SAFE,-5.466,-1.648,1.148,0.745,-0.122,-0.0,0.0,0.0,0.009,0.0,0.0,0.0,0.0,0.0,0.0
EXO,367012067,,,,,,,,,,,SAFE,-5.466,-1.648,1.148,0.745,-0.122,-0.0,0.0,0.0,0.009,0.0,0.0,0.0,0.0,0.0,0.0
EXO,367112067,,,,,,,,,,,SAFE,-5.466,-1.648,1.148,0.745,-0.122,-0.0,0.0,0.0,0.009,0.0,0.0,0.0,0.0,0.0,0.0
EXO,367212067,,,,,,,,,,,SAFE,-5.466,-1.648,1.148,0.745,-0.122,-0.0,0.0,0.0,0.009,0.0,0.0,0.0,0.0,0.0,0.0
EXO,367312067,,,,,,,,,,,SAFE,-5.466,-1.648,1.148,0.745,-0.122,-0.0,0.0,0.0,0.009,0.0,0.0,0.0,0.0,0.0,0.0
EXO,367412068,,,,,,,,,,,SAFE,-5.466,-1.648,1.148,0.745,-0.122,-0.0,0.0,0.0,0.009,0.0,0.0,0.0,0.0,0.0,0.0
EXO,367512067,,,,,,,,,,,SAFE,-5.466,-1.648,1.148,0.745,-0.122,-0.0,0.0,0.0,0.009,0.0,0.0,0.0,0.0,0.0,0.0
EXO,367612067,,,,,,,,,,,SAFE,-5.466,-1.648,1.148,0.745,-0.122,-0.0,0.0,0.0,0.009,0.0,0.0,0.0,0.0,0.0,0.0
EXO,367712067,,,,,,,,,,,SAFE,-5.466,-1.648,1.148,0.745,-0.122,-0.0,0.0,0.0,0.009,0.0,0.0,0.0,0.0,0.0,0.0
EXO,367812067,,,,,,,,,,,SAFE,-5.466,-1.648,1.148,0.745,-0.122,-0.0,0.0,0.0,0.009,0.0,0.0,0.0,0.0,0.0,0.0
EXO,367912068,,,,,,,,,,,SAFE,-5.466,-1.648,1.148,0.745,-0.122,-0.0,0.0,0.0,0.009,0.0,0.0,0.0,0.0,0.0,0.0
EXO,368012067,,,,,,,,,,,SAFE,-5.466,-1.648,1.148,0.745,-0.122,-0.0,0.0,0.0,0.009,0.0,0.0,0.0,0.0,0.0,0.0
EXO,368112067,,,,,,,,,,,SAFE,-5.466,-1.648,1.148,0.745,-0.122,-0.0,0.0,0.0,0.009,0.0,0.0,0.0,0.0,0.0,0.0
EXO,368212067,,,,,,,,,,,SAFE,-5.466,-1.648,1.148,0.745,-0.122,-0.0,0.0,0.0,0.009,0.0,0.0,0.0,0.0,0.0,0.0
EXO,368312067,,,,,,,,,,,SAFE,-5.466,-1.648,1.148,0.745,-0.122,-0.0,0.0,0.0,0.009,0.0,0.0,0.0,0.0,0.0,0.0
EXO,368412068,,,,,,,,,,,SAFE,-5.466,-1.648,1.148,0.745,-0.122,-0.0,0.0,0.0,0.009,0.0,0.0,0.0,0.0,0.0,0.0
EXO,368512067,,,,,,,,,,,SAFE,-5.466,-1.648,1.148,0.745,-0.122,-0.0,0.0,0.0,0.009,0.0,0.0,0.0,0.0,0.0,0.0
EXO,368612067,,,,,,,,,,,SAFE,-5.466,-1.648,1.148,0.745,-0.122,-0.0,0.0,0.0,0.009,0.0,0.0,0.0,0.0,0.0,0.0
EXO,368712067,,,,,,,,,,,SAFE,-5.466,-1.648,1.148,0.745,-0.122,-0.0,0.0,0.0,0.009,0.0,0.0,0.0,0.0,0.0,0.0
EXO,368812067,,,,,,,,,,,SAFE,-5.466,-1.648,1.148,0.745,-0.122,-0.0,0.0,0.0,0.009,0.0,0.0,0.0,0.0,0.0,0.0
EXO,368912068,,,,,,,,,,,SAFE,-5.466,-1.648,1.148,0.745,-0.122,-0.0,0.0,0.0,0.009,0.0,0.0,0.0,0.0,0.0,0.0
EXO,369012067,,,,,,,,,,,SAFE,-5.466,-1.648,1.148,0.745,-0.122,-0.0,0.0,0.0,0.009,0.0,0.0,0.0,0.0,0.0,0.0
EXO,369112067,,,,,,,,,,,SAFE,-5.466,-1.648,1.148,0.745,-0.122,-0.0,0.0,0.0,0.009,0.0,0.0,0.0,0.0,0.0,0.0
EXO,369212067,,,,,,,,,,,SAFE,-5.466,-1.648,1.148,0.745,-0.122,-0.0,0.0,0.0,0.009,0.0,0.0,0.0,0.0,0.0,0.0
EXO,369312067,,,,,,,,,,,SAFE,-5.466,-1.648,1.148,0.745,-0.122,-0.0,0.0,0.0,0.009,0.0,0.0,0.0,0.0,0.0,0.0
EXO,369412068,,,,,,,,,,,SAFE,-5.466,-1.648,1.148,0.745,-0.122,-0.0,0.0,0.0,0.009,0.0,0.0,0.0,0.0,0.0,0.0
EXO,369512067,,,,,,,,,,,SAFE,-5.466,-1.648,1.148,0.745,-0.122,-0.0,0.0,0.0,0.009,0.0,0.0,0.0,0.0,0.0,0.0
EXO,369612067,,,,,,,,,,,SAFE,-5.466,-1.648,1.148,0.745,-0.122,-0.0,0.0,0.0,0.009,0.0,0.0,0.0,0.0,0.0,0.0
EXO,369712067,,,,,,,,,,,SAFE,-5.466,-1.648,1.148,0.745,-0.122,-0.0,0.0,0.0,0.009,0.0,0.0,0.0,0.0,0.0,0.0
EXO,369812067,,,,,,,,,,,SAFE,-5.466,-1.648,1.148,0.745,-0.122,-0.0,0.0,0.0,0.009,0.0,0.0,0.0,0.0,0.0,0.0
EXO,369912068,,,,,,,,,,,SAFE,-5.466,-1.648,1.148,0.745,-0.122,-0.0,0.0,0.0,0.009,0.0,0.0,0.0,0.0,0.0,0.0
EXO,370012067,,,,,,,,,,,SAFE,-5.466,-1.648,1.148,0.745,-0.122,-0.0,0.0,0.0,0.009,0.0,0.0,0.0,0.0,0.0,0.0
EXO,370112067,,,,,,,,,,,SAFE,-5.466,-1.648,1.148,0.745,-0.122,-0.0,0.0,0.0,0.009,0.0,0.0,0.0,0.0,0.0,0.0
EXO,370212067,,,,,,,,,,,SAFE,-5.466,-1.648,1.148,0.745,-0.122,-0.0,0.0,0.0,0.009,0.0,0.0,0.0,0.0,0.0,0.0
EXO,370312067,,,,,,,,,,,SAFE,-5.466,-1.648,1.148,0.745,-0.122,-0.0,0.0,0.0,0.009,0.0,0.0,0.0,0.0,0.0,0.0
EXO,370412068,,,,,,,,,,,SAFE,-5.466,-1.648,1.148,0.745,-0.122,-0.0,0.0,0.0,0.009,0.0,0.0,0.0,0.0,0.0,0.0
EXO,370512067,,,,,,,,,,,SAFE,-5.466,-1.648,1.148,0.745,-0.122,-0.0,0.0,0.0,0.009,0.0,0.0,0.0,0.0,0.0,0.0
EXO,370612067,,,,,,,,,,,SAFE,-5.466,-1.648,1.148,0.745,-0.122,-0.0,0.0,0.0,0.009,0.0,0.0,0.0,0.0,0.0,0.0
EXO,370712067,,,,,,,,,,,SAFE,-5.466,-1.648,1.148,0.745,-0.122,-0.0,0.0,0.0,0.009,0.0,0.0,0.0,0.0,0.0,0.0
EXO,370812067,,,,,,,,,,,SAFE,-5.466,-1.648,1.148,0.745,-0.122,-0.0,0.0,0.0,0.009,0.0,0.0,0.0,0.0,0.0,0.0
EXO,370912068,,,,,,,,,,,SAFE,-5.466,-1.648,1.148,0.745,-0.122,-0.0,0.0,0.0,0.009,0.0,0.0,0.0,0.0,0.0,0.0
EXO,371012067,,,,,,,,,,,SAFE,-5.466,-1.648,1.148,0.745,-0.122,-0.0,0.0,0.0,0.009,0.0,0.0,0.0,0.0,0.0,0.0
EXO,371112067,,,,,,,,,,,SAFE,-5.466,-1.648,1.148,0.745,-0.122,-0.0,0.0,0.0,0.009,0.0,0.0,0.0,0.0,0.0,0.0
EXO,371212067,,,,,,,,,,,SAFE,-5.466,-1.648,1.148,0.745,-0.122,-0.0,0.0,0.0,0.009,0.0,0.0,0.0,0.0,0.0,0.0
EXO,371312067,,,,,,,,,,,SAFE,-5.466,-1.648,1.148,0.745,-0.122,-0.0,0.0,0.0,0.009,0.0,0.0,0.0,0.0,0.0,0.0
EXO,371412068,,,,,,,,,,,SAFE,-5.466,-1.648,1.148,0.745,-0.122,-0.0,0.0,0.0,0.009,0.0,0.0,0.0,0.0,0.0,0.0
EXO,371512067,,,,,,,,,,,SAFE,-5.466,-1.648,1.148,0.745,-0.122,-0.0,0.0,0.0,0.009,0.0,0.0,0.0,0.0,0.0,0.0
EXO,371612067,,,,,,,,,,,SAFE,-5.466,-1.648,1.148,0.745,-0.122,-0.0,0.0,0.0,0.009,0.0,0.0,0.0,0.0,0.0,0.0
EXO,371712067,,,,,,,,,,,SAFE,-5.466,-1.648,1.148,0.745,-0.122,-0.0,0.0,0.0,0.009,0.0,0.0,0.0,0.0,0.0,0.0
EXO,371812067,,,,,,,,,,,SAFE,-5.466,-1.648,1.148,0.745,-0.122,-0.0,0.0,0.0,0.009,0.0,0.0,0.0,0.0,0.0,0.0
EXO,371912068,,,,,,,,,,,SAFE,-5.466,-1.648,1.148,0.745,-0.122,-0.0,0.0,0.0,0.009,0.0,0.0,0.0,0.0,0.0,0.0
EXO,372012067,,,,,,,,,,,SAFE,-5.466,-1.648,1.148,0.745,-0.122,-0.0,0.0,0.0,0.009,0.0,0.0,0.0,0.0,0.0,0.0
EXO,372112067,,,,,,,,,,,SAFE,-5.466,-1.648,1.148,0.745,-0.122,-0.0,0.0,0.0,0.009,0.0,0.0,0.0,0.0,0.0,0.0
EXO,372212067,,,,,,,,,,,SAFE,-5.466,-1.648,1.148,0.745,-0.122,-0.0,0.0,0.0,0.009,0.0,0.0,0.0,0.0,0.0,0.0
EXO,372312067,,,,,,,,,,,SAFE,-5.466,-1.648,1.148,0.745,-0.122,-0.0,0.0,0.0,0.009,0.0,0.0,0.0,0.0,0.0,0.0
EXO,372412068,,,,,,,,,,,SAFE,-5.466,-1.648,1.148,0.745,-0.122,-0.0,0.0,0.0,0.009,0.0,0.0,0.0,0.0,0.0,0.0
EXO,372512067,,,,,,,,,,,SAFE,-5.466,-1.648,1.148,0.745,-0.122,-0.0,0.0,0.0,0.009,0.0,0.0,0.0,0.0,0.0,0.0
EXO,372612067,,,,,,,,,,,SAFE,-5.466,-1.648,1.148,0.745,-0.122,-0.0,0.0,0.0,0.009,0.0,0.0,0.0,0.0,0.0,0.0
EXO,372712067,,,,,,,,,,,SAFE,-5.466,-1.648,1.148,0.745,-0.122,-0.0,0.0,0.0,0.009,0.0,0.0,0.0,0.0,0.0,0.0
EXO,372812067,,,,,,,,,,,SAFE,-5.466,-1.648,1.148,0.745,-0.122,-0.0,0.0,0.0,0.009,0.0,0.0,0.0,0.0,0.0,0.0
EXO,372912068,,,,,,,,,,,SAFE,-5.466,-1.648,1.148,0.745,-0.122,-0.0,0.0,0.0,0.009,0.0,0.0,0.0,0.0,0.0,0.0
EXO,373012067,,,,,,,,,,,SAFE,-5.466,-1.648,1.148,0.745,-0.122,-0.0,0.0,0.0,0.009,0.0,0.0,0.0,0.0,0.0,0.0
EXO,373112067,,,,,,,,,,,SAFE,-5.466,-1.648,1.148,0.745,-0.122,-0.0,0.0,0.0,0.009,0.0,0.0,0.0,0.0,0.0,0.0
EXO,373212067,,,,,,,,,,,SAFE,-5.466,-1.648,1.148,0.745,-0.122,-0.0,0.0,0.0,0.009,0.0,0.0,0.0,0.0,0.0,0.0
EXO,373312067,,,,,,,,,,,SAFE,-5.466,-1.648,1.148,0.745,-0.122,-0.0,0.0,0.0,0.009,0.0,0.0,0.0,0.0,0.0,0.0
EXO,373412068,,,,,,,,,,,SAFE,-5.466,-1.648,1.148,0.745,-0.122,-0.0,0.0,0.0,0.009,0.0,0.0,0.0,0.0,0.0,0.0
EXO,373512067,,,,,,,,,,,SAFE,-5.466,-1.648,1.148,0.745,-0.122,-0.0,0.0,0.0,0.009,0.0,0.0,0.0,0.0,0.0,0.0
EXO,373612067,,,,,,,,,,,SAFE,-5.466,-1.648,1.148,0.745,-0.122,-0.0,0.0,0.0,0.009,0.0,0.0,0.0,0.0,0.0,0.0
EXO,373712067,,,,,,,,,,,SAFE,-5.466,-1.648,1.148,0.745,-0.122,-0.0,0.0,0.0,0.009,0.0,0.0,0.0,0.0,0.0,0.0
EXO,373812067,,,,,,,,,,,SAFE,-5.466,-1.648,1.148,0.745,-0.122,-0.0,0.0,0.0,0.009,0.0,0.0,0.0,0.0,0.0,0.0
EXO,373912068,,,,,,,,,,,SAFE,-5.466,-1.648,1.148,0.745,-0.122,-0.0,0.0,0.0,0.009,0.0,0.0,0.0,0.0,0.0,0.0
EXO,374012067,,,,,,,,,,,SAFE,-5.466,-1.648,1.148,0.745,-0.122,-0.0,0.0,0.0,0.009,0.0,0.0,0.0,0.0,0.0,0.0
EXO,374112067,,,,,,,,,,,SAFE,-5.466,-1.648,1.148,0.745,-0.122,-0.0,0.0,0.0,0.009,0.0,0.0,0.0,0.0,0.0,0.0
EXO,374212067,,,,,,,,,,,SAFE,-5.466,-1.648,1.148,0.745,-0.122,-0.0,0.0,0.0,0.009,0.0,0.0,0.0,0.0,0.0,0.0
EXO,374312067,,,,,,,,,,,SAFE,-5.466,-1.648,1.148,0.745,-0.122,-0.0,0.0,0.0,0.009,0.0,0.0,0.0,0.0,0.0,0.0
EXO,374412068,,,,,,,,,,,SAFE,-5.466,-1.648,1.148,0.745,-0.122,-0.0,0.0,0.0,0.009,0.0,0.0,0.0,0.0,0.0,0.0
EXO,374512067,,,,,,,,,,,SAFE,-5.466,-1.648,1.148,0.745,-0.122,-0.0,0.0,0.0,0.009,0.0,0.0,0.0,0.0,0.0,0.0
EXO,374612067,,,,,,,,,,,SAFE,-5.466,-1.648,1.148,0.745,-0.122,-0.0,0.0,0.0,0.009,0.0,0.0,0.0,0.0,0.0,0.0
EXO,374712067,,,,,,,,,,,SAFE,-5.466,-1.648,1.148,0.745,-0.122,-0.0,0.0,0.0,0.009,0.0,0.0,0.0,0.0,0.0,0.0
EXO,374812067,,,,,,,,,,,SAFE,-5.466,-1.648,1.148,0.745,-0.122,-0.0,0.0,0.0,0.009,0.0,0.0,0.0,0.0,0.0,0.0
EXO,374912068,,,,,,,,,,,SAFE,-5.466,-1.648,1.148,0.745,-0.122,-0.0,0.0,0.0,0.009,0.0,0.0,0.0,0.0,0.0,0.0
EXO,375012067,,,,,,,,,,,SAFE,-5.466,-1.648,1.148,0.745,-0.122,-0.0,0.0,0.0,0.009,0.0,0.0,0.0,0.0,0.0,0.0
EXO,375112067,,,,,,,,,,,SAFE,-5.466,-1.648,1.148,0.745,-0.122,-0.0,0.0,0.0,0.009,0.0,0.0,0.0,0.0,0.0,0.0
EXO,375212067,,,,,,,,,,,SAFE,-5.466,-1.648,1.148,0.745,-0.122,-0.0,0.0,0.0,0.009,0.0,0.0,0.0,0.0,0.0,0.0
EXO,375312067,,,,,,,,,,,SAFE,-5.466,-1.648,1.148,0.745,-0.122,-0.0,0.0,0.0,0.009,0.0,0.0,0.0,0.0,0.0,0.0
EXO,375412068,,,,,,,,,,,SAFE,-5.466,-1.648,1.148,0.745,-0.122,-0.0,0.0,0.0,0.009,0.0,0.0,0.0,0.0,0.0,0.0
EXO,375512067,,,,,,,,,,,SAFE,-5.466,-1.648,1.148,0.745,-0.122,-0.0,0.0,0.0,0.009,0.0,0.0,0.0,0.0,0.0,0.0
EXO,375612067,,,,,,,,,,,SAFE,-5.466,-1.648,1.148,0.745,-0.122,-0.0,0.0,0.0,0.009,0.0,0.0,0.0,0.0,0.0,0.0
EXO,375712067,,,,,,,,,,,SAFE,-5.466,-1.648,1.148,0.745,-0.122,-0.0,0.0,0.0,0.009,0.0,0.0,0.0,0.0,0.0,0.0
EXO,375812067,,,,,,,,,,,SAFE,-5.466,-1.648,1.148,0.745,-0.122,-0.0,0.0,0.0,0.009,0.0,0.0,0.0,0.0,0.0,0.0
EXO,375912068,,,,,,,,,,,SAFE,-5.466,-1.648,1.148,0.745,-0.122,-0.0,0.0,0.0,0.009,0.0,0.0,0.0,0.0,0.0,0.0
EXO,376012067,,,,,,,,,,,SAFE,-5.466,-1.648,1.148,0.745,-0.122,-0.0,0.0,0.0,0.009,0.0,0.0,0.0,0.0,0.0,0.0
EXO,376112067,,,,,,,,,,,SAFE,-5.466,-1.648,1.148,0.745,-0.122,-0.0,0.0,0.0,0.009,0.0,0.0,0.0,0.0,0.0,0.0
EXO,376212067,,,,,,,,,,,SAFE,-5.466,-1.648,1.148,0.745,-0.122,-0.0,0.0,0.0,0.009,0.0,0.0,0.0,0.0,0.0,0.0
EXO,376312067,,,,,,,,,,,SAFE,-5.466,-1.648,1.148,0.745,-0.122,-0.0,0.0,0.0,0.009,0.0,0.0,0.0,0.0,0.0,0.0
EXO,376412068,,,,,,,,,,,SAFE,-5.466,-1.648,1.148,0.745,-0.122,-0.0,0.0,0.0,0.009,0.0,0.0,0.0,0.0,0.0,0.0
EXO,376512067,,,,,,,,,,,SAFE,-5.466,-1.648,1.148,0.745,-0.122,-0.0,0.0,0.0,0.009,0.0,0.0,0.0,0.0,0.0,0.0
EXO,376612067,,,,,,,,,,,SAFE,-5.466,-1.648,1.148,0.745,-0.122,-0.0,0.0,0.0,0.009,0.0,0.0,0.0,0.0,0.0,0.0
EXO,376712067,,,,,,,,,,,SAFE,-5.466,-1.648,1.148,0.745,-0.122,-0.0,0.0,0.0,0.009,0.0,0.0,0.0,0.0,0.0,0.0
EXO,376812067,,,,,,,,,,,SAFE,-5.466,-1.648,1.148,0.745,-0.122,-0.0,0.0,0.0,0.009,0.0,0.0,0.0,0.0,0.0,0.0
EXO,376912068,,,,,,,,,,,SAFE,-5.466,-1.648,1.148,0.745,-0.122,-0.0,0.0,0.0,0.009,0.0,0.0,0.0,0.0,0.0,0.0
EXO,377012067,,,,,,,,,,,SAFE,-5.466,-1.648,1.148,0.745,-0.122,-0.0,0.0,0.0,0.009,0.0,0.0,0.0,0.0,0.0,0.0
EXO,377112067,,,,,,,,,,,SAFE,-5.466,-1.648,1.148,0.745,-0.122,-0.0,0.0,0.0,0.009,0.0,0.0,0.0,0.0,0.0,0.0
EXO,377212067,,,,,,,,,,,SAFE,-5.466,-1.648,1.148,0.745,-0.122,-0.0,0.0,0.0,0.009,0.0,0.0,0.0,0.0,0.0,0.0
EXO,377312067,,,,,,,,,,,SAFE,-5.466,-1.648,1.148,0.745,-0.122,-0.0,0.0,0.0,0.009,0.0,0.0,0.0,0.0,0.0,0.0
EXO,377412068,,,,,,,,,,,SAFE,-5.466,-1.648,1.148,0.745,-0.122,-0.0,0.0,0.0,0.009,0.0,0.0,0.0,0.0,0.0,0.0
EXO,377512067,,,,,,,,,,,SAFE,-5.466,-1.648,1.148,0.745,-0.122,-0.0,0.0,0.0,0.009,0.0,0.0,0.0,0.0,0.0,0.0
EXO,377612067,,,,,,,,,,,SAFE,-5.466,-1.648,1.148,0.745,-0.122,-0.0,0.0,0.0,0.009,0.0,0.0,0.0,0.0,0.0,0.0
EXO,377712067,,,,,,,,,,,SAFE,-5.466,-1.648,1.148,0.745,-0.122,-0.0,0.0,0.0,0.009,0.0,0.0,0.0,0.0,0.0,0.0
EXO,377812067,,,,,,,,,,,SAFE,-5.466,-1.648,1.148,0.745,-0.122,-0.0,0.0,0.0,0.009,0.0,0.0,0.0,0.0,0.0,0.0
EXO,377912068,,,,,,,,,,,SAFE,-5.466,-1.648,1.148,0.745,-0.122,-0.0,0.0,0.0,0.009,0.0,0.0,0.0,0.0,0.0,0.0
EXO,378012067,,,,,,,,,,,SAFE,-5.466,-1.648,1.148,0.745,-0.122,-0.0,0.0,0.0,0.009,0.0,0.0,0.0,0.0,0.0,0.0
EXO,378112067,,,,,,,,,,,SAFE,-5.466,-1.648,1.148,0.745,-0.122,-0.0,0.0,0.0,0.009,0.0,0.0,0.0,0.0,0.0,0.0
EXO,378212067,,,,,,,,,,,SAFE,-5.466,-1.648,1.148,0.745,-0.122,-0.0,0.0,0.0,0.009,0.0,0.0,0.0,0.0,0.0,0.0
EXO,378312067,,,,,,,,,,,SAFE,-5.466,-1.648,1.148,0.745,-0.122,-0.0,0.0,0.0,0.009,0.0,0.0,0.0,0.0,0.0,0.0
EXO,378412068,,,,,,,,,,,SAFE,-5.466,-1.648,1.148,0.745,-0.122,-0.0,0.0,0.0,0.009,0.0,0.0,0.0,0.0,0.0,0.0
EXO,378512067,,,,,,,,,,,SAFE,-5.466,-1.648,1.148,0.745,-0.122,-0.0,0.0,0.0,0.009,0.0,0.0,0.0,0.0,0.0,0.0
EXO,378612067,,,,,,,,,,,SAFE,-5.466,-1.648,1.148,0.745,-0.122,-0.0,0.0,0.0,0.009,0.0,0.0,0.0,0.0,0.0,0.0
EXO,378712067,,,,,,,,,,,SAFE,-5.466,-1.648,1.148,0.745,-0.122,-0.0,0.0,0.0,0.009,0.0,0.0,0.0,0.0,0.0,0.0
EXO,378812067,,,,,,,,,,,SAFE,-5.466,-1.648,1.148,0.745,-0.122,-0.0,0.0,0.0,0.009,0.0,0.0,0.0,0.0,0.0,0.0
EXO,378912068,,,,,,,,,,,SAFE,-5.466,-1.648,1.148,0.745,-0.122,-0.0,0.0,0.0,0.009,0.0,0.0,0.0,0.0,0.0,0.0
EXO,379012067,,,,,,,,,,,SAFE,-5.466,-1.648,1.148,0.745,-0.122,-0.0,0.0,0.0,0.009,0.0,0.0,0.0,0.0,0.0,0.0
EXO,379112067,,,,,,,,,,,SAFE,-5.466,-1.648,1.148,0.745,-0.122,-0.0,0.0,0.0,0.009,0.0,0.0,0.0,0.0,0.0,0.0
EXO,379212067,,,,,,,,,,,SAFE,-5.466,-1.648,1.148,0.745,-0.122,-0.0,0.0,0.0,0.009,0.0,0.0,0.0,0.0,0.0,0.0
EXO,379312067,,,,,,,,,,,SAFE,-5.466,-1.648,1.148,0.745,-0.122,-0.0,0.0,0.0,0.009,0.0,0.0,0.0,0.0,0.0,0.0
EXO,379412068,,,,,,,,,,,SAFE,-5.466,-1.648,1.148,0.745,-0.122,-0.0,0.0,0.0,0.009,0.0,0.0,0.0,0.0,0.0,0.0
EXO,379512067,,,,,,,,,,,SAFE,-5.466,-1.648,1.148,0.745,-0.122,-0.0,0.0,0.0,0.009,0.0,0.0,0.0,0.0,0.0,0.0
EXO,379612067,,,,,,,,,,,SAFE,-5.466,-1.648,1.148,0.745,-0.122,-0.0,0.0,0.0,0.009,0.0,0.0,0.0,0.0,0.0,0.0
EXO,379712067,,,,,,,,,,,SAFE,-5.466,-1.648,1.148,0.745,-0.122,-0.0,0.0,0.0,0.009,0.0,0.0,0.0,0.0,0.0,0.0
EXO,379812067,,,,,,,,,,,SAFE,-5.466,-1.648,1.148,0.745,-0.122,-0.0,0.0,0.0,0.009,0.0,0.0,0.0,0.0,0.0,0.0
EXO,379912068,,,,,,,,,,,SAFE,-5.466,-1.648,1.148,0.745,-0.122,-0.0,0.0,0.0,0.009,0.0,0.0,0.0,0.0,0.0,0.0
EXO,380012067,,,,,,,,,,,SAFE,-5.466,-1.648,1.148,0.745,-0.122,-0.0,0.0,0.0,0.009,0.0,0.0,0.0,0.0,0.0,0.0
EXO,380112067,,,,,,,,,,,SAFE,-5.466,-1.648,1.148,0.745,-0.122,-0.0,0.0,0.0,0.009,0.0,0.0,0.0,0.0,0.0,0.0
EXO,380212067,,,,,,,,,,,SAFE,-5.466,-1.648,1.148,0.745,-0.122,-0.0,0.0,0.0,0.009,0.0,0.0,0.0,0.0,0.0,0.0
EXO,380312067,,,,,,,,,,,SAFE,-5.466,-1.648,1.148,0.745,-0.122,-0.0,0.0,0.0,0.009,0.0,0.0,0.0,0.0,0.0,0.0
EXO,380412068,,,,,,,,,,,SAFE,-5.466,-1.648,1.148,0.745,-0.122,-0.0,0.0,0.0,0.009,0.0,0.0,0.0,0.0,0.0,0.0
EXO,380512067,,,,,,,,,,,SAFE,-5.466,-1.648,1.148,0.745,-0.122,-0.0,0.0,0.0,0.009,0.0,0.0,0.0,0.0,0.0,0.0
EXO,380612067,,,,,,,,,,,SAFE,-5.466,-1.648,1.148,0.745,-0.122,-0.0,0.0,0.0,0.009,0.0,0.0,0.0,0.0,0.0,0.0
EXO,380712067,,,,,,,,,,,SAFE,-5.466,-1.648,1.148,0.745,-0.122,-0.0,0.0,0.0,0.009,0.0,0.0,0.0,0.0,0.0,0.0
EXO,380812067,,,,,,,,,,,SAFE,-5.466,-1.648,1.148,0.745,-0.122,-0.0,0.0,0.0,0.009,0.0,0.0,0.0,0.0,0.0,0.0
EXO,380912068,,,,,,,,,,,SAFE,-5.466,-1.648,1.148,0.745,-0.122,-0.0,0.0,0.0,0.009,0.0,0.0,0.0,0.0,0.0,0.0
EXO,381012067,,,,,,,,,,,SAFE,-5.466,-1.648,1.148,0.745,-0.122,-0.0,0.0,0.0,0.009,0.0,0.0,0.0,0.0,0.0,0.0
EXO,381112067,,,,,,,,,,,SAFE,-5.466,-1.648,1.148,0.745,-0.122,-0.0,0.0,0.0,0.009,0.0,0.0,0.0,0.0,0.0,0.0
EXO,381212067,,,,,,,,,,,SAFE,-5.466,-1.648,1.148,0.745,-0.122,-0.0,0.0,0.0,0.009,0.0,0.0,0.0,0.0,0.0,0.0
EXO,381312067,,,,,,,,,,,SAFE,-5.466,-1.648,1.148,0.745,-0.122,-0.0,0.0,0.0,0.009,0.0,0.0,0.0,0.0,0.0,0.0
EXO,381412068,,,,,,,,,,,SAFE,-5.466,-1.648,1.148,0.745,-0.122,-0.0,0.0,0.0,0.009,0.0,0.0,0.0,0.0,0.0,0.0
EXO,381512067,,,,,,,,,,,SAFE,-5.466,-1.648,1.148,0.745,-0.122,-0.0,0.0,0.0,0.009,0.0,0.0,0.0,0.0,0.0,0.0
EXO,381612067,,,,,,,,,,,SAFE,-5.466,-1.648,1.148,0.745,-0.122,-0.0,0.0,0.0,0.009,0.0,0.0,0.0,0.0,0.0,0.0
EXO,381712067,,,,,,,,,,,SAFE,-5.466,-1.648,1.148,0.745,-0.122,-0.0,0.0,0.0,0.009,0.0,0.0,0.0,0.0,0.0,0.0
EXO,381812067,,,,,,,,,,,SAFE,-5.466,-1.648,1.148,0.745,-0.122,-0.0,0.0,0.0,0.009,0.0,0.0,0.0,0.0,0.0,0.0
EXO,381912068,,,,,,,,,,,SAFE,-5.466,-1.648,1.148,0.745,-0.122,-0.0,0.0,0.0,0.009,0.0,0.0,0.0,0.0,0.0,0.0
EXO,382012067,,,,,,,,,,,SAFE,-5.466,-1.648,1.148,0.745,-0.122,-0.0,0.0,0.0,0.009,0.0,0.0,0.0,0.0,0.0,0.0
EXO,382112067,,,,,,,,,,,SAFE,-5.466,-1.648,1.148,0.745,-0.122,-0.0,0.0,0.0,0.009,0.0,0.0,0.0,0.0,0.0,0.0
EXO,382212067,,,,,,,,,,,SAFE,-5.466,-1.648,1.148,0.745,-0.122,-0.0,0.0,0.0,0.009,0.0,0.0,0.0,0.0,0.0,0.0
EXO,382312067,,,,,,,,,,,SAFE,-5.466,-1.648,1.148,0.745,-0.122,-0.0,0.0,0.0,0.009,0.0,0.0,0.0,0.0,0.0,0.0
EXO,382412068,,,,,,,,,,,SAFE,-5.466,-1.648,1.148,0.745,-0.122,-0.0,0.0,0.0,0.009,0.0,0.0,0.0,0.0,0.0,0.0
EXO,382512067,,,,,,,,,,,SAFE,-5.466,-1.648,1.148,0.745,-0.122,-0.0,0.0,0.0,0.009,0.0,0.0,0.0,0.0,0.0,0.0
EXO,382612067,,,,,,,,,,,SAFE,-5.466,-1.648,1.148,0.745,-0.122,-0.0,0.0,0.0,0.009,0.0,0.0,0.0,0.0,0.0,0.0
EXO,382712067,,,,,,,,,,,SAFE,-5.466,-1.648,1.148,0.745,-0.122,-0.0,0.0,0.0,0.009,0.0,0.0,0.0,0.0,0.0,0.0
EXO,382812067,,,,,,,,,,,SAFE,-5.466,-1.648,1.148,0.745,-0.122,-0.0,0.0,0.0,0.009,0.0,0.0,0.0,0.0,0.0,0.0
EXO,382912068,,,,,,,,,,,SAFE,-5.466,-1.648,1.148,0.745,-0.122,-0.0,0.0,0.0,0.009,0.0,0.0,0.0,0.0,0.0,0.0
EXO,383012067,,,,,,,,,,,SAFE,-5.466,-1.648,1.148,0.745,-0.122,-0.0,0.0,0.0,0.009,0.0,0.0,0.0,0.0,0.0,0.0
EXO,383112067,,,,,,,,,,,SAFE,-5.466,-1.648,1.148,0.745,-0.122,-0.0,0.0,0.0,0.009,0.0,0.0,0.0,0.0,0.0,0.0
EXO,383212067,,,,,,,,,,,SAFE,-5.466,-1.648,1.148,0.745,-0.122,-0.0,0.0,0.0,0.009,0.0,0.0,0.0,0.0,0.0,0.0
EXO,383312067,,,,,,,,,,,SAFE,-5.466,-1.648,1.148,0.745,-0.122,-0.0,0.0,0.0,0.009,0.0,0.0,0.0,0.0,0.0,0.0
EXO,383412068,,,,,,,,,,,SAFE,-5.466,-1.648,1.148,0.745,-0.122,-0.0,0.0,0.0,0.009,0.0,0.0,0.0,0.0,0.0,0.0
EXO,383512067,,,,,,,,,,,SAFE,-5.466,-1.648,1.148,0.745,-0.122,-0.0,0.0,0.0,0.009,0.0,0.0,0.0,0.0,0.0,0.0
EXO,383612067,,,,,,,,,,,SAFE,-5.466,-1.648,1.148,0.745,-0.122,-0.0,0.0,0.0,0.009,0.0,0.0,0.0,0.0,0.0,0.0
EXO,383712067,,,,,,,,,,,SAFE,-5.466,-1.648,1.148,0.745,-0.122,-0.0,0.0,0.0,0.009,0.0,0.0,0.0,0.0,0.0,0.0
EXO,383812067,,,,,,,,,,,SAFE,-5.466,-1.648,1.148,0.745,-0.122,-0.0,0.0,0.0,0.009,0.0,0.0,0.0,0.0,0.0,0.0
EXO,383912068,,,,,,,,,,,SAFE,-5.466,-1.648,1.148,0.745,-0.122,-0.0,0.0,0.0,0.009,0.0,0.0,0.0,0.0,0.0,0.0
EXO,384012067,,,,,,,,,,,SAFE,-5.466,-1.648,1.148,0.745,-0.122,-0.0,0.0,0.0,0.009,0.0,0.0,0.0,0.0,0.0,0.0
EXO,384112067,,,,,,,,,,,SAFE,-5.466,-1.648,1.148,0.745,-0.122,-0.0,0.0,0.0,0.009,0.0,0.0,0.0,0.0,0.0,0.0
EXO,384212067,,,,,,,,,,,SAFE,-5.466,-1.648,1.148,0.745,-0.122,-0.0,0.0,0.0,0.009,0.0,0.0,0.0,0.0,0.0,0.0
EXO,384312067,,,,,,,,,,,SAFE,-5.466,-1.648,1.148,0.745,-0.122,-0.0,0.0,0.0,0.009,0.0,0.0,0.0,0.0,0.0,0.0
EXO,384412068,,,,,,,,,,,SAFE,-5.466,-1.648,1.148,0.745,-0.122,-0.0,0.0,0.0,0.009,0.0,0.0,0.0,0.0,0.0,0.0
EXO,384512067,,,,,,,,,,,SAFE,-5.466,-1.648,1.148,0.745,-0.122,-0.0,0.0,0.0,0.009,0.0,0.0,0.0,0.0,0.0,0.0
EXO,384612067,,,,,,,,,,,SAFE,-5.466,-1.648,1.148,0.745,-0.122,-0.0,0.0,0.0,0.009,0.0,0.0,0.0,0.0,0.0,0.0
EXO,384712067,,,,,,,,,,,SAFE,-5.466,-1.648,1.148,0.745,-0.122,-0.0,0.0,0.0,0.009,0.0,0.0,0.0,0.0,0.0,0.0
EXO,384812067,,,,,,,,,,,SAFE,-5.466,-1.648,1.148,0.745,-0.122,-0.0,0.0,0.0,0.009,0.0,0.0,0.0,0.0,0.0,0.0
EXO,384912068,,,,,,,,,,,SAFE,-5.466,-1.648,1.148,0.745,-0.122,-0.0,0.0,0.0,0.009,0.0,0.0,0.0,0.0,0.0,0.0
EXO,385012067,,,,,,,,,,,SAFE,-5.466,-1.648,1.148,0.745,-0.122,-0.0,0.0,0.0,0.009,0.0,0.0,0.0,0.0,0.0,0.0
EXO,385112067,,,,,,,,,,,SAFE,-5.466,-1.648,1.148,0.745,-0.122,-0.0,0.0,0.0,0.009,0.0,0.0,0.0,0.0,0.0,0.0
EXO,385212067,,,,,,,,,,,SAFE,-5.466,-1.648,1.148,0.745,-0.122,-0.0,0.0,0.0,0.009,0.0,0.0,0.0,0.0,0.0,0.0
EXO,385312067,,,,,,,,,,,SAFE,-5.466,-1.648,1.148,0.745,-0.122,-0.0,0.0,0.0,0.009,0.0,0.0,0.0,0.0,0.0,0.0
EXO,385412068,,,,,,,,,,,SAFE,-5.466,-1.648,1.148,0.745,-0.122,-0.0,0.0,0.0,0.009,0.0,0.0,0.0,0.0,0.0,0.0
EXO,385512067,,,,,,,,,,,SAFE,-5.466,-1.648,1.148,0.745,-0.122,-0.0,0.0,0.0,0.009,0.0,0.0,0.0,0.0,0.0,0.0
EXO,385612067,,,,,,,,,,,SAFE,-5.466,-1.648,1.148,0.745,-0.122,-0.0,0.0,0.0,0.009,0.0,0.0,0.0,0.0,0.0,0.0
EXO,385712067,,,,,,,,,,,SAFE,-5.466,-1.648,1.148,0.745,-0.122,-0.0,0.0,0.0,0.009,0.0,0.0,0.0,0.0,0.0,0.0
EXO,385812067,,,,,,,,,,,SAFE,-5.466,-1.648,1.148,0.745,-0.122,-0.0,0.0,0.0,0.009,0.0,0.0,0.0,0.0,0.0,0.0
EXO,385912068,,,,,,,,,,,SAFE,-5.466,-1.648,1.148,0.745,-0.122,-0.0,0.0,0.0,0.009,0.0,0.0,0.0,0.0,0.0,0.0
EXO,386012067,,,,,,,,,,,SAFE,-5.466,-1.648,1.148,0.745,-0.122,-0.0,0.0,0.0,0.009,0.0,0.0,0.0,0.0,0.0,0.0
EXO,386112067,,,,,,,,,,,SAFE,-5.466,-1.648,1.148,0.745,-0.122,-0.0,0.0,0.0,0.009,0.0,0.0,0.0,0.0,0.0,0.0
EXO,386212067,,,,,,,,,,,SAFE,-5.466,-1.648,1.148,0.745,-0.122,-0.0,0.0,0.0,0.009,0.0,0.0,0.0,0.0,0.0,0.0
EXO,386312067,,,,,,,,,,,SAFE,-5.466,-1.648,1.148,0.745,-0.122,-0.0,0.0,0.0,0.009,0.0,0.0,0.0,0.0,0.0,0.0
EXO,386412068,,,,,,,,,,,SAFE,-5.466,-1.648,1.148,0.745,-0.122,-0.0,0.0,0.0,0.009,0.0,0.0,0.0,0.0,0.0,0.0
EXO,386512067,,,,,,,,,,,SAFE,-5.466,-1.648,1.148,0.745,-0.122,-0.0,0.0,0.0,0.009,0.0,0.0,0.0,0.0,0.0,0.0
EXO,386612067,,,,,,,,,,,SAFE,-5.466,-1.648,1.148,0.745,-0.122,-0.0,0.0,0.0,0.009,0.0,0.0,0.0,0.0,0.0,0.0
EXO,386712067,,,,,,,,,,,SAFE,-5.466,-1.648,1.148,0.745,-0.122,-0.0,0.0,0.0,0.009,0.0,0.0,0.0,0.0,0.0,0.0
EXO,386812067,,,,,,,,,,,SAFE,-5.466,-1.648,1.148,0.745,-0.122,-0.0,0.0,0.0,0.009,0.0,0.0,0.0,0.0,0.0,0.0
EXO,386912068,,,,,,,,,,,SAFE,-5.466,-1.648,1.148,0.745,-0.122,-0.0,0.0,0.0,0.009,0.0,0.0,0.0,0.0,0.0,0.0
EXO,387012067,,,,,,,,,,,SAFE,-5.466,-1.648,1.148,0.745,-0.122,-0.0,0.0,0.0,0.009,0.0,0.0,0.0,0.0,0.0,0.0
EXO,387112067,,,,,,,,,,,SAFE,-5.466,-1.648,1.148,0.745,-0.122,-0.0,0.0,0.0,0.009,0.0,0.0,0.0,0.0,0.0,0.0
EXO,387212067,,,,,,,,,,,SAFE,-5.466,-1.648,1.148,0.745,-0.122,-0.0,0.0,0.0,0.009,0.0,0.0,0.0,0.0,0.0,0.0
EXO,387312067,,,,,,,,,,,SAFE,-5.466,-1.648,1.148,0.745,-0.122,-0.0,0.0,0.0,0.009,0.0,0.0,0.0,0.0,0.0,0.0
EXO,387412068,,,,,,,,,,,SAFE,-5.466,-1.648,1.148,0.745,-0.122,-0.0,0.0,0.0,0.009,0.0,0.0,0.0,0.0,0.0,0.0
EXO,387512067,,,,,,,,,,,SAFE,-5.466,-1.648,1.148,0.745,-0.122,-0.0,0.0,0.0,0.009,0.0,0.0,0.0,0.0,0.0,0.0
EXO,387612067,,,,,,,,,,,SAFE,-5.466,-1.648,1.148,0.745,-0.122,-0.0,0.0,0.0,0.009,0.0,0.0,0.0,0.0,0.0,0.0
EXO,387712067,,,,,,,,,,,SAFE,-5.466,-1.648,1.148,0.745,-0.122,-0.0,0.0,0.0,0.009,0.0,0.0,0.0,0.0,0.0,0.0
EXO,387812067,,,,,,,,,,,SAFE,-5.466,-1.648,1.148,0.745,-0.122,-0.0,0.0,0.0,0.009,0.0,0.0,0.0,0.0,0.0,0.0
EXO,387912068,,,,,,,,,,,SAFE,-5.466,-1.648,1.148,0.745,-0.122,-0.0,0.0,0.0,0.009,0.0,0.0,0.0,0.0,0.0,0.0
EXO,388012067,,,,,,,,,,,SAFE,-5.466,-1.648,1.148,0.745,-0.122,-0.0,0.0,0.0,0.009,0.0,0.0,0.0,0.0,0.0,0.0
EXO,388112067,,,,,,,,,,,SAFE,-5.466,-1.648,1.148,0.745,-0.122,-0.0,0.0,0.0,0.009,0.0,0.0,0.0,0.0,0.0,0.0
EXO,388212067,,,,,,,,,,,SAFE,-5.466,-1.648,1.148,0.745,-0.122,-0.0,0.0,0.0,0.009,0.0,0.0,0.0,0.0,0.0,0.0
EXO,388312067,,,,,,,,,,,SAFE,-5.466,-1.648,1.148,0.745,-0.122,-0.0,0.0,0.0,0.009,0.0,0.0,0.0,0.0,0.0,0.0
EXO,388412068,,,,,,,,,,,SAFE,-5.466,-1.648,1.148,0.745,-0.122,-0.0,0.0,0.0,0.009,0.0,0.0,0.0,0.0,0.0,0.0
EXO,388512067,,,,,,,,,,,SAFE,-5.466,-1.648,1.148,0.745,-0.122,-0.0,0.0,0.0,0.009,0.0,0.0,0.0,0.0,0.0,0.0
EXO,388612067,,,,,,,,,,,SAFE,-5.466,-1.648,1.148,0.745,-0.122,-0.0,0.0,0.0,0.009,0.0,0.0,0.0,0.0,0.0,0.0
EXO,388712067,,,,,,,,,,,SAFE,-5.466,-1.648,1.148,0.745,-0.122,-0.0,0.0,0.0,0.009,0.0,0.0,0.0,0.0,0.0,0.0
EXO,388812067,,,,,,,,,,,SAFE,-5.466,-1.648,1.148,0.745,-0.122,-0.0,0.0,0.0,0.009,0.0,0.0,0.0,0.0,0.0,0.0
EXO,388912068,,,,,,,,,,,SAFE,-5.466,-1.648,1.148,0.745,-0.122,-0.0,0.0,0.0,0.009,0.0,0.0,0.0,0.0,0.0,0.0
EXO,389012067,,,,,,,,,,,SAFE,-5.466,-1.648,1.148,0.745,-0.122,-0.0,0.0,0.0,0.009,0.0,0.0,0.0,0.0,0.0,0.0
EXO,389112067,,,,,,,,,,,SAFE,-5.466,-1.648,1.148,0.745,-0.122,-0.0,0.0,0.0,0.009,0.0,0.0,0.0,0.0,0.0,0.0
EXO,389212067,,,,,,,,,,,SAFE,-5.466,-1.648,1.148,0.745,-0.122,-0.0,0.0,0.0,0.009,0.0,0.0,0.0,0.0,0.0,0.0
EXO,389312067,,,,,,,,,,,SAFE,-5.466,-1.648,1.148,0.745,-0.122,-0.0,0.0,0.0,0.009,0.0,0.0,0.0,0.0,0.0,0.0
EXO,389412068,,,,,,,,,,,SAFE,-5.466,-1.648,1.148,0.745,-0.122,-0.0,0.0,0.0,0.009,0.0,0.0,0.0,0.0,0.0,0.0
EXO,389512067,,,,,,,,,,,SAFE,-5.466,-1.648,1.148,0.745,-0.122,-0.0,0.0,0.0,0.009,0.0,0.0,0.0,0.0,0.0,0.0
EXO,389612067,,,,,,,,,,,SAFE,-5.466,-1.648,1.148,0.745,-0.122,-0.0,0.0,0.0,0.009,0.0,0.0,0.0,0.0,0.0,0.0
EXO,389712067,,,,,,,,,,,SAFE,-5.466,-1.648,1.148,0.745,-0.122,-0.0,0.0,0.0,0.009,0.0,0.0,0.0,0.0,0.0,0.0
EXO,389812067,,,,,,,,,,,SAFE,-5.466,-1.648,1.148,0.745,-0.122,-0.0,0.0,0.0,0.009,0.0,0.0,0.0,0.0,0.0,0.0
EXO,389912068,,,,,,,,,,,SAFE,-5.466,-1.648,1.148,0.745,-0.122,-0.0,0.0,0.0,0.009,0.0,0.0,0.0,0.0,0.0,0.0
EXO,390012067,,,,,,,,,,,SAFE,-5.466,-1.648,1.148,0.745,-0.122,-0.0,0.0,0.0,0.009,0.0,0.0,0.0,0.0,0.0,0.0
EXO,390112067,,,,,,,,,,,SAFE,-5.466,-1.648,1.148,0.745,-0.122,-0.0,0.0,0.0,0.009,0.0,0.0,0.0,0.0,0.0,0.0
EXO,390212067,,,,,,,,,,,SAFE,-5.466,-1.648,1.148,0.745,-0.122,-0.0,0.0,0.0,0.009,0.0,0.0,0.0,0.0,0.0,0.0
EXO,390312067,,,,,,,,,,,SAFE,-5.466,-1.648,1.148,0.745,-0.122,-0.0,0.0,0.0,0.009,0.0,0.0,0.0,0.0,0.0,0.0
EXO,390412068,,,,,,,,,,,SAFE,-5.466,-1.648,1.148,0.745,-0.122,-0.0,0.0,0.0,0.009,0.0,0.0,0.0,0.0,0.0,0.0
EXO,390512067,,,,,,,,,,,SAFE,-5.466,-1.648,1.148,0.745,-0.122,-0.0,0.0,0.0,0.009,0.0,0.0,0.0,0.0,0.0,0.0
EXO,390612067,,,,,,,,,,,SAFE,-5.466,-1.648,1.148,0.745,-0.122,-0.0,0.0,0.0,0.009,0.0,0.0,0.0,0.0,0.0,0.0
EXO,390712067,,,,,,,,,,,SAFE,-5.466,-1.648,1.148,0.745,-0.122,-0.0,0.0,0.0,0.009,0.0,0.0,0.0,0.0,0.0,0.0
EXO,390812067,,,,,,,,,,,SAFE,-5.466,-1.648,1.148,0.745,-0.122,-0.0,0.0,0.0,0.009,0.0,0.0,0.0,0.0,0.0,0.0
EXO,390912068,,,,,,,,,,,SAFE,-5.466,-1.648,1.148,0.745,-0.122,-0.0,0.0,0.0,0.009,0.0,0.0,0.0,0.0,0.0,0.0
EXO,391012067,,,,,,,,,,,SAFE,-5.466,-1.648,1.148,0.745,-0.122,-0.0,0.0,0.0,0.009,0.0,0.0,0.0,0.0,0.0,0.0
EXO,391112067,,,,,,,,,,,SAFE,-5.466,-1.648,1.148,0.745,-0.122,-0.0,0.0,0.0,0.009,0.0,0.0,0.0,0.0,0.0,0.0
EXO,391212067,,,,,,,,,,,SAFE,-5.466,-1.648,1.148,0.745,-0.122,-0.0,0.0,0.0,0.009,0.0,0.0,0.0,0.0,0.0,0.0
EXO,391312067,,,,,,,,,,,SAFE,-5.466,-1.648,1.148,0.745,-0.122,-0.0,0.0,0.0,0.009,0.0,0.0,0.0,0.0,0.0,0.0
EXO,391412068,,,,,,,,,,,SAFE,-5.466,-1.648,1.148,0.745,-0.122,-0.0,0.0,0.0,0.009,0.0,0.0,0.0,0.0,0.0,0.0
EXO,391512067,,,,,,,,,,,SAFE,-5.466,-1.648,1.148,0.745,-0.122,-0.0,0.0,0.0,0.009,0.0,0.0,0.0,0.0,0.0,0.0
EXO,391612067,,,,,,,,,,,SAFE,-5.466,-1.648,1.148,0.745,-0.122,-0.0,0.0,0.0,0.009,0.0,0.0,0.0,0.0,0.0,0.0
EXO,391712067,,,,,,,,,,,SAFE,-5.466,-1.648,1.148,0.745,-0.122,-0.0,0.0,0.0,0.009,0.0,0.0,0.0,0.0,0.0,0.0
EXO,391812067,,,,,,,,,,,SAFE,-5.466,-1.648,1.148,0.745,-0.122,-0.0,0.0,0.0,0.009,0.0,0.0,0.0,0.0,0.0,0.0
EXO,391912068,,,,,,,,,,,SAFE,-5.466,-1.648,1.148,0.745,-0.122,-0.0,0.0,0.0,0.009,0.0,0.0,0.0,0.0,0.0,0.0
EXO,392012067,,,,,,,,,,,SAFE,-5.466,-1.648,1.148,0.745,-0.122,-0.0,0.0,0.0,0.009,0.0,0.0,0.0,0.0,0.0,0.0
EXO,392112067,,,,,,,,,,,SAFE,-5.466,-1.648,1.148,0.745,-0.122,-0.0,0.0,0.0,0.009,0.0,0.0,0.0,0.0,0.0,0.0
EXO,392212067,,,,,,,,,,,SAFE,-5.466,-1.648,1.148,0.745,-0.122,-0.0,0.0,0.0,0.009,0.0,0.0,0.0,0.0,0.0,0.0
EXO,392312067,,,,,,,,,,,SAFE,-5.466,-1.648,1.148,0.745,-0.122,-0.0,0.0,0.0,0.009,0.0,0.0,0.0,0.0,0.0,0.0
EXO,392412068,,,,,,,,,,,SAFE,-5.466,-1.648,1.148,0.745,-0.122,-0.0,0.0,0.0,0.009,0.0,0.0,0.0,0.0,0.0,0.0
EXO,392512067,,,,,,,,,,,SAFE,-5.466,-1.648,1.148,0.745,-0.122,-0.0,0.0,0.0,0.009,0.0,0.0,0.0,0.0,0.0,0.0
EXO,392612067,,,,,,,,,,,SAFE,-5.466,-1.648,1.148,0.745,-0.122,-0.0,0.0,0.0,0.009,0.0,0.0,0.0,0.0,0.0,0.0
EXO,392712067,,,,,,,,,,,SAFE,-5.466,-1.648,1.148,0.745,-0.122,-0.0,0.0,0.0,0.009,0.0,0.0,0.0,0.0,0.0,0.0
EXO,392812067,,,,,,,,,,,SAFE,-5.466,-1.648,1.148,0.745,-0.122,-0.0,0.0,0.0,0.009,0.0,0.0,0.0,0.0,0.0,0.0
EXO,392912068,,,,,,,,,,,SAFE,-5.466,-1.648,1.148,0.745,-0.122,-0.0,0.0,0.0,0.009,0.0,0.0,0.0,0.0,0.0,0.0
EXO,393012067,,,,,,,,,,,SAFE,-5.466,-1.648,1.148,0.745,-0.122,-0.0,0.0,0.0,0.009,0.0,0.0,0.0,0.0,0.0,0.0
EXO,393112067,,,,,,,,,,,SAFE,-5.466,-1.648,1.148,0.745,-0.122,-0.0,0.0,0.0,0.009,0.0,0.0,0.0,0.0,0.0,0.0
EXO,393212067,,,,,,,,,,,SAFE,-5.466,-1.648,1.148,0.745,-0.122,-0.0,0.0,0.0,0.009,0.0,0.0,0.0,0.0,0.0,0.0
EXO,393312067,,,,,,,,,,,SAFE,-5.466,-1.648,1.148,0.745,-0.122,-0.0,0.0,0.0,0.009,0.0,0.0,0.0,0.0,0.0,0.0
EXO,393412068,,,,,,,,,,,SAFE,-5.466,-1.648,1.148,0.745,-0.122,-0.0,0.0,0.0,0.009,0.0,0.0,0.0,0.0,0.0,0.0
EXO,393512067,,,,,,,,,,,SAFE,-5.466,-1.648,1.148,0.745,-0.122,-0.0,0.0,0.0,0.009,0.0,0.0,0.0,0.0,0.0,0.0
EXO,393612067,,,,,,,,,,,SAFE,-5.466,-1.648,1.148,0.745,-0.122,-0.0,0.0,0.0,0.009,0.0,0.0,0.0,0.0,0.0,0.0
EXO,393712067,,,,,,,,,,,SAFE,-5.466,-1.648,1.148,0.745,-0.122,-0.0,0.0,0.0,0.009,0.0,0.0,0.0,0.0,0.0,0.0
EXO,393812067,,,,,,,,,,,SAFE,-5.466,-1.648,1.148,0.745,-0.122,-0.0,0.0,0.0,0.009,0.0,0.0,0.0,0.0,0.0,0.0
EXO,393912068,,,,,,,,,,,SAFE,-5.466,-1.648,1.148,0.745,-0.122,-0.0,0.0,0.0,0.009,0.0,0.0,0.0,0.0,0.0,0.0
EXO,394012067,,,,,,,,,,,SAFE,-5.466,-1.648,1.148,0.745,-0.122,-0.0,0.0,0.0,0.009,0.0,0.0,0.0,0.0,0.0,0.0
EXO,394112067,,,,,,,,,,,SAFE,-5.466,-1.648,1.148,0.745,-0.122,-0.0,0.0,0.0,0.009,0.0,0.0,0.0,0.0,0.0,0.0
EXO,394212067,,,,,,,,,,,SAFE,-5.466,-1.648,1.148,0.745,-0.122,-0.0,0.0,0.0,0.009,0.0,0.0,0.0,0.0,0.0,0.0
EXO,394312067,,,,,,,,,,,SAFE,-5.466,-1.648,1.148,0.745,-0.122,-0.0,0.0,0.0,0.009,0.0,0.0,0.0,0.0,0.0,0.0
EXO,394412068,,,,,,,,,,,SAFE,-5.466,-1.648,1.148,0.745,-0.122,-0.0,0.0,0.0,0.009,0.0,0.0,0.0,0.0,0.0,0.0
EXO,394512067,,,,,,,,,,,SAFE,-5.466,-1.648,1.148,0.745,-0.122,-0.0,0.0,0.0,0.009,0.0,0.0,0.0,0.0,0.0,0.0
EXO,394612067,,,,,,,,,,,SAFE,-5.466,-1.648,1.148,0.745,-0.122,-0.0,0.0,0.0,0.009,0.0,0.0,0.0,0.0,0.0,0.0
EXO,394712067,,,,,,,,,,,SAFE,-5.466,-1.648,1.148,0.745,-0.122,-0.0,0.0,0.0,0.009,0.0,0.0,0.0,0.0,0.0,0.0
EXO,394812067,,,,,,,,,,,SAFE,-5.466,-1.648,1.148,0.745,-0.122,-0.0,0.0,0.0,0.009,0.0,0.0,0.0,0.0,0.0,0.0
EXO,394912068,,,,,,,,,,,SAFE,-5.466,-1.648,1.148,0.745,-0.122,-0.0,0.0,0.0,0.009,0.0,0.0,0.0,0.0,0.0,0.0
EXO,395012067,,,,,,,,,,,SAFE,-5.466,-1.648,1.148,0.745,-0.122,-0.0,0.0,0.0,0.009,0.0,0.0,0.0,0.0,0.0,0.0
EXO,395112067,,,,,,,,,,,SAFE,-5.466,-1.648,1.148,0.745,-0.122,-0.0,0.0,0.0,0.009,0.0,0.0,0.0,0.0,0.0,0.0
EXO,395212067,,,,,,,,,,,SAFE,-5.466,-1.648,1.148,0.745,-0.122,-0.0,0.0,0.0,0.009,0.0,0.0,0.0,0.0,0.0,0.0
EXO,395312067,,,,,,,,,,,SAFE,-5.466,-1.648,1.148,0.745,-0.122,-0.0,0.0,0.0,0.009,0.0,0.0,0.0,0.0,0.0,0.0
EXO,395412068,,,,,,,,,,,SAFE,-5.466,-1.648,1.148,0.745,-0.122,-0.0,0.0,0.0,0.009,0.0,0.0,0.0,0.0,0.0,0.0
EXO,395512067,,,,,,,,,,,SAFE,-5.466,-1.648,1.148,0.745,-0.122,-0.0,0.0,0.0,0.009,0.0,0.0,0.0,0.0,0.0,0.0
EXO,395612067,,,,,,,,,,,SAFE,-5.466,-1.648,1.148,0.745,-0.122,-0.0,0.0,0.0,0.009,0.0,0.0,0.0,0.0,0.0,0.0
EXO,395712067,,,,,,,,,,,SAFE,-5.466,-1.648,1.148,0.745,-0.122,-0.0,0.0,0.0,0.009,0.0,0.0,0.0,0.0,0.0,0.0
EXO,395812067,,,,,,,,,,,SAFE,-5.466,-1.648,1.148,0.745,-0.122,-0.0,0.0,0.0,0.009,0.0,0.0,0.0,0.0,0.0,0.0
EXO,395912068,,,,,,,,,,,SAFE,-5.466,-1.648,1.148,0.745,-0.122,-0.0,0.0,0.0,0.009,0.0,0.0,0.0,0.0,0.0,0.0
EXO,396012067,,,,,,,,,,,SAFE,-5.466,-1.648,1.148,0.745,-0.122,-0.0,0.0,0.0,0.009,0.0,0.0,0.0,0.0,0.0,0.0
EXO,396112067,,,,,,,,,,,SAFE,-5.466,-1.648,1.148,0.745,-0.122,-0.0,0.0,0.0,0.009,0.0,0.0,0.0,0.0,0.0,0.0
EXO,396212067,,,,,,,,,,,SAFE,-5.466,-1.648,1.148,0.745,-0.122,-0.0,0.0,0.0,0.009,0.0,0.0,0.0,0.0,0.0,0.0
EXO,396312067,,,,,,,,,,,SAFE,-5.466,-1.648,1.148,0.745,-0.122,-0.0,0.0,0.0,0.009,0.0,0.0,0.0,0.0,0.0,0.0
EXO,396412068,,,,,,,,,,,SAFE,-5.466,-1.648,1.148,0.745,-0.122,-0.0,0.0,0.0,0.009,0.0,0.0,0.0,0.0,0.0,0.0
EXO,396512067,,,,,,,,,,,SAFE,-5.466,-1.648,1.148,0.745,-0.122,-0.0,0.0,0.0,0.009,0.0,0.0,0.0,0.0,0.0,0.0
EXO,396612067,,,,,,,,,,,SAFE,-5.466,-1.648,1.148,0.745,-0.122,-0.0,0.0,0.0,0.009,0.0,0.0,0.0,0.0,0.0,0.0
EXO,396712067,,,,,,,,,,,SAFE,-5.466,-1.648,1.148,0.745,-0.122,-0.0,0.0,0.0,0.009,0.0,0.0,0.0,0.0,0.0,0.0
EXO,396812067,,,,,,,,,,,SAFE,-5.466,-1.648,1.148,0.745,-0.122,-0.0,0.0,0.0,0.009,0.0,0.0,0.0,0.0,0.0,0.0
EXO,396912068,,,,,,,,,,,SAFE,-5.466,-1.648,1.148,0.745,-0.122,-0.0,0.0,0.0,0.009,0.0,0.0,0.0,0.0,0.0,0.0
EXO,397012067,,,,,,,,,,,SAFE,-5.466,-1.648,1.148,0.745,-0.122,-0.0,0.0,0.0,0.009,0.0,0.0,0.0,0.0,0.0,0.0
EXO,397112067,,,,,,,,,,,SAFE,-5.466,-1.648,1.148,0.745,-0.122,-0.0,0.0,0.0,0.009,0.0,0.0,0.0,0.0,0.0,0.0
EXO,397212067,,,,,,,,,,,SAFE,-5.466,-1.648,1.148,0.745,-0.122,-0.0,0.0,0.0,0.009,0.0,0.0,0.0,0.0,0.0,0.0
EXO,397312067,,,,,,,,,,,SAFE,-5.466,-1.648,1.148,0.745,-0.122,-0.0,0.0,0.0,0.009,0.0,0.0,0.0,0.0,0.0,0.0
EXO,397412068,,,,,,,,,,,SAFE,-5.466,-1.648,1.148,0.745,-0.122,-0.0,0.0,0.0,0.009,0.0,0.0,0.0,0.0,0.0,0.0
EXO,397512067,,,,,,,,,,,SAFE,-5.466,-1.648,1.148,0.745,-0.122,-0.0,0.0,0.0,0.009,0.0,0.0,0.0,0.0,0.0,0.0
EXO,397612067,,,,,,,,,,,SAFE,-5.466,-1.648,1.148,0.745,-0.122,-0.0,0.0,0.0,0.009,0.0,0.0,0.0,0.0,0.0,0.0
EXO,397712067,,,,,,,,,,,SAFE,-5.466,-1.648,1.148,0.745,-0.122,-0.0,0.0,0.0,0.009,0.0,0.0,0.0,0.0,0.0,0.0
EXO,397812067,,,,,,,,,,,SAFE,-5.466,-1.648,1.148,0.745,-0.122,-0.0,0.0,0.0,0.009,0.0,0.0,0.0,0.0,0.0,0.0
EXO,397912068,,,,,,,,,,,SAFE,-5.466,-1.648,1.148,0.745,-0.122,-0.0,0.0,0.0,0.009,0.0,0.0,0.0,0.0,0.0,0.0
EXO,398012067,,,,,,,,,,,SAFE,-5.466,-1.648,1.148,0.745,-0.122,-0.0,0.0,0.0,0.009,0.0,0.0,0.0,0.0,0.0,0.0
EXO,398112067,,,,,,,,,,,SAFE,-5.466,-1.648,1.148,0.745,-0.122,-0.0,0.0,0.0,0.009,0.0,0.0,0.0,0.0,0.0,0.0
EXO,398212067,,,,,,,,,,,SAFE,-5.466,-1.648,1.148,0.745,-0.122,-0.0,0.0,0.0,0.009,0.0,0.0,0.0,0.0,0.0,0.0
EXO,398312067,,,,,,,,,,,SAFE,-5.466,-1.648,1.148,0.745,-0.122,-0.0,0.0,0.0,0.009,0.0,0.0,0.0,0.0,0.0,0.0
EXO,398412068,,,,,,,,,,,SAFE,-5.466,-1.648,1.148,0.745,-0.122,-0.0,0.0,0.0,0.009,0.0,0.0,0.0,0.0,0.0,0.0
EXO,398512067,,,,,,,,,,,SAFE,-5.466,-1.648,1.148,0.745,-0.122,-0.0,0.0,0.0,0.009,0.0,0.0,0.0,0.0,0.0,0.0
EXO,398612067,,,,,,,,,,,SAFE,-5.466,-1.648,1.148,0.745,-0.122,-0.0,0.0,0.0,0.009,0.0,0.0,0.0,0.0,0.0,0.0
EXO,398712067,,,,,,,,,,,SAFE,-5.466,-1.648,1.148,0.745,-0.122,-0.0,0.0,0.0,0.009,0.0,0.0,0.0,0.0,0.0,0.0
EXO,398812067,,,,,,,,,,,SAFE,-5.466,-1.648,1.148,0.745,-0.122,-0.0,0.0,0.0,0.009,0.0,0.0,0.0,0.0,0.0,0.0
EXO,398912068,,,,,,,,,,,SAFE,-5.466,-1.648,1.148,0.745,-0.122,-0.0,0.0,0.0,0.009,0.0,0.0,0.0,0.0,0.0,0.0
EXO,399012067,,,,,,,,,,,SAFE,-5.466,-1.648,1.148,0.745,-0.122,-0.0,0.0,0.0,0.009,0.0,0.0,0.0,0.0,0.0,0.0
EXO,399112067,,,,,,,,,,,SAFE,-5.466,-1.648,1.148,0.745,-0.122,-0.0,0.0,0.0,0.009,0.0,0.0,0.0,0.0,0.0,0.0
EXO,399212067,,,,,,,,,,,SAFE,-5.466,-1.648,1.148,0.745,-0.122,-0.0,0.0,0.0,0.009,0.0,0.0,0.0,0.0,0.0,0.0
EXO,399312067,,,,,,,,,,,SAFE,-5.466,-1.648,1.148,0.745,-0.122,-0.0,0.0,0.0,0.009,0.0,0.0,0.0,0.0,0.0,0.0
EXO,399412068,,,,,,,,,,,SAFE,-5.466,-1.648,1.148,0.745,-0.122,-0.0,0.0,0.0,0.009,0.0,0.0,0.0,0.0,0.0,0.0
EXO,399512067,,,,,,,,,,,SAFE,-5.466,-1.648,1.148,0.745,-0.122,-0.0,0.0,0.0,0.009,0.0,0.0,0.0,0.0,0.0,0.0
EXO,399612067,,,,,,,,,,,SAFE,-5.466,-1.648,1.148,0.745,-0.122,-0.0,0.0,0.0,0.009,0.0,0.0,0.0,0.0,0.0,0.0
EXO,399712067,,,,,,,,,,,SAFE,-5.466,-1.648,1.148,0.745,-0.122,-0.0,0.0,0.0,0.009,0.0,0.0,0.0,0.0,0.0,0.0
EXO,399812067,,,,,,,,,,,SAFE,-5.466,-1.648,1.148,0.745,-0.122,-0.0,0.0,0.0,0.009,0.0,0.0,0.0,0.0,0.0,0.0
EXO,399912068,,,,,,,,,,,SAFE,-5.466,-1.648,1.148,0.745,-0.122,-0.0,0.0,0.0,0.009,0.0,0.0,0.0,0.0,0.0,0.0
EXO,400012067,,,,,,,,,,,SAFE,-5.466,-1.648,1.148,0.745,-0.122,-0.0,0.0,0.0,0.009,0.0,0.0,0.0,0.0,0.0,0.0
EXO,400112067,,,,,,,,,,,SAFE,-5.466,-1.648,1.148,0.745,-0.122,-0.0,0.0,0.0,0.009,0.0,0.0,0.0,0.0,0.0,0.0
EXO,400212067,,,,,,,,,,,SAFE,-5.466,-1.648,1.148,0.745,-0.122,-0.0,0.0,0.0,0.009,0.0,0.0,0.0,0.0,0.0,0.0
EXO,400312067,,,,,,,,,,,SAFE,-5.466,-1.648,1.148,0.745,-0.122,-0.0,0.0,0.0,0.009,0.0,0.0,0.0,0.0,0.0,0.0
EXO,400412068,,,,,,,,,,,SAFE,-5.466,-1.648,1.148,0.745,-0.122,-0.0,0.0,0.0,0.009,0.0,0.0,0.0,0.0,0.0,0.0
EXO,400512067,,,,,,,,,,,SAFE,-5.466,-1.648,1.148,0.745,-0.122,-0.0,0.0,0.0,0.009,0.0,0.0,0.0,0.0,0.0,0.0
EXO,400612067,,,,,,,,,,,SAFE,-5.466,-1.648,1.148,0.745,-0.122,-0.0,0.0,0.0,0.009,0.0,0.0,0.0,0.0,0.0,0.0
EXO,400712067,,,,,,,,,,,SAFE,-5.466,-1.648,1.148,0.745,-0.122,-0.0,0.0,0.0,0.009,0.0,0.0,0.0,0.0,0.0,0.0
EXO,400812067,,,,,,,,,,,SAFE,-5.466,-1.648,1.148,0.745,-0.122,-0.0,0.0,0.0,0.009,0.0,0.0,0.0,0.0,0.0,0.0
EXO,400912068,,,,,,,,,,,SAFE,-5.466,-1.648,1.148,0.745,-0.122,-0.0,0.0,0.0,0.009,0.0,0.0,0.0,0.0,0.0,0.0
EXO,401012067,,,,,,,,,,,SAFE,-5.466,-1.648,1.148,0.745,-0.122,-0.0,0.0,0.0,0.009,0.0,0.0,0.0,0.0,0.0,0.0
EXO,401112067,,,,,,,,,,,SAFE,-5.466,-1.648,1.148,0.745,-0.122,-0.0,0.0,0.0,0.009,0.0,0.0,0.0,0.0,0.0,0.0
EXO,401212067,,,,,,,,,,,SAFE,-5.466,-1.648,1.148,0.745,-0.122,-0.0,0.0,0.0,0.009,0.0,0.0,0.0,0.0,0.0,0.0
EXO,401312067,,,,,,,,,,,SAFE,-5.466,-1.648,1.148,0.745,-0.122,-0.0,0.0,0.0,0.009,0.0,0.0,0.0,0.0,0.0,0.0
EXO,401412068,,,,,,,,,,,SAFE,-5.466,-1.648,1.148,0.745,-0.122,-0.0,0.0,0.0,0.009,0.0,0.0,0.0,0.0,0.0,0.0
EXO,401512067,,,,,,,,,,,SAFE,-5.466,-1.648,1.148,0.745,-0.122,-0.0,0.0,0.0,0.009,0.0,0.0,0.0,0.0,0.0,0.0
EXO,401612067,,,,,,,,,,,SAFE,-5.466,-1.648,1.148,0.745,-0.122,-0.0,0.0,0.0,0.009,0.0,0.0,0.0,0.0,0.0,0.0
EXO,401712067,,,,,,,,,,,SAFE,-5.466,-1.648,1.148,0.745,-0.122,-0.0,0.0,0.0,0.009,0.0,0.0,0.0,0.0,0.0,0.0
EXO,401812067,,,,,,,,,,,SAFE,-5.466,-1.648,1.148,0.745,-0.122,-0.0,0.0,0.0,0.009,0.0,0.0,0.0,0.0,0.0,0.0
EXO,401912068,,,,,,,,,,,SAFE,-5.466,-1.648,1.148,0.745,-0.122,-0.0,0.0,0.0,0.009,0.0,0.0,0.0,0.0,0.0,0.0
EXO,402012067,,,,,,,,,,,SAFE,-5.466,-1.648,1.148,0.745,-0.122,-0.0,0.0,0.0,0.009,0.0,0.0,0.0,0.0,0.0,0.0
EXO,402112067,,,,,,,,,,,SAFE,-5.466,-1.648,1.148,0.745,-0.122,-0.0,0.0,0.0,0.009,0.0,0.0,0.0,0.0,0.0,0.0
EXO,402212067,,,,,,,,,,,SAFE,-5.466,-1.648,1.148,0.745,-0.122,-0.0,0.0,0.0,0.009,0.0,0.0,0.0,0.0,0.0,0.0
EXO,402312067,,,,,,,,,,,SAFE,-5.466,-1.648,1.148,0.745,-0.122,-0.0,0.0,0.0,0.009,0.0,0.0,0.0,0.0,0.0,0.0
EXO,402412068,,,,,,,,,,,SAFE,-5.466,-1.648,1.148,0.745,-0.122,-0.0,0.0,0.0,0.009,0.0,0.0,0.0,0.0,0.0,0.0
EXO,402512067,,,,,,,,,,,SAFE,-5.466,-1.648,1.148,0.745,-0.122,-0.0,0.0,0.0,0.009,0.0,0.0,0.0,0.0,0.0,0.0
EXO,402612067,,,,,,,,,,,SAFE,-5.466,-1.648,1.148,0.745,-0.122,-0.0,0.0,0.0,0.009,0.0,0.0,0.0,0.0,0.0,0.0
EXO,402712067,,,,,,,,,,,SAFE,-5.466,-1.648,1.148,0.745,-0.122,-0.0,0.0,0.0,0.009,0.0,0.0,0.0,0.0,0.0,0.0
EXO,402812067,,,,,,,,,,,SAFE,-5.466,-1.648,1.148,0.745,-0.122,-0.0,0.0,0.0,0.009,0.0,0.0,0.0,0.0,0.0,0.0
EXO,402912068,,,,,,,,,,,SAFE,-5.466,-1.648,1.148,0.745,-0.122,-0.0,0.0,0.0,0.009,0.0,0.0,0.0,0.0,0.0,0.0
EXO,403012067,,,,,,,,,,,SAFE,-5.466,-1.648,1.148,0.745,-0.122,-0.0,0.0,0.0,0.009,0.0,0.0,0.0,0.0,0.0,0.0
EXO,403112067,,,,,,,,,,,SAFE,-5.466,-1.648,1.148,0.745,-0.122,-0.0,0.0,0.0,0.009,0.0,0.0,0.0,0.0,0.0,0.0
EXO,403212067,,,,,,,,,,,SAFE,-5.466,-1.648,1.148,0.745,-0.122,-0.0,0.0,0.0,0.009,0.0,0.0,0.0,0.0,0.0,0.0
EXO,403312067,,,,,,,,,,,SAFE,-5.466,-1.648,1.148,0.745,-0.122,-0.0,0.0,0.0,0.009,0.0,0.0,0.0,0.0,0.0,0.0
EXO,403412068,,,,,,,,,,,SAFE,-5.466,-1.648,1.148,0.745,-0.122,-0.0,0.0,0.0,0.009,0.0,0.0,0.0,0.0,0.0,0.0
EXO,403512067,,,,,,,,,,,SAFE,-5.466,-1.648,1.148,0.745,-0.122,-0.0,0.0,0.0,0.009,0.0,0.0,0.0,0.0,0.0,0.0
EXO,403612067,,,,,,,,,,,SAFE,-5.466,-1.648,1.148,0.745,-0.122,-0.0,0.0,0.0,0.009,0.0,0.0,0.0,0.0,0.0,0.0
EXO,403712067,,,,,,,,,,,SAFE,-5.466,-1.648,1.148,0.745,-0.122,-0.0,0.0,0.0,0.009,0.0,0.0,0.0,0.0,0.0,0.0
EXO,403812067,,,,,,,,,,,SAFE,-5.466,-1.648,1.148,0.745,-0.122,-0.0,0.0,0.0,0.009,0.0,0.0,0.0,0.0,0.0,0.0
EXO,403912068,,,,,,,,,,,SAFE,-5.466,-1.648,1.148,0.745,-0.122,-0.0,0.0,0.0,0.009,0.0,0.0,0.0,0.0,0.0,0.0
EXO,404012067,,,,,,,,,,,SAFE,-5.466,-1.648,1.148,0.745,-0.122,-0.0,0.0,0.0,0.009,0.0,0.0,0.0,0.0,0.0,0.0
EXO,404112067,,,,,,,,,,,SAFE,-5.466,-1.648,1.148,0.745,-0.122,-0.0,0.0,0.0,0.009,0.0,0.0,0.0,0.0,0.0,0.0
EXO,404212067,,,,,,,,,,,SAFE,-5.466,-1.648,1.148,0.745,-0.122,-0.0,0.0,0.0,0.009,0.0,0.0,0.0,0.0,0.0,0.0
EXO,404312067,,,,,,,,,,,SAFE,-5.466,-1.648,1.148,0.745,-0.122,-0.0,0.0,0.0,0.009,0.0,0.0,0.0,0.0,0.0,0.0
EXO,404412068,,,,,,,,,,,SAFE,-5.466,-1.648,1.148,0.745,-0.122,-0.0,0.0,0.0,0.009,0.0,0.0,0.0,0.0,0.0,0.0
EXO,404512067,,,,,,,,,,,SAFE,-5.466,-1.648,1.148,0.745,-0.122,-0.0,0.0,0.0,0.009,0.0,0.0,0.0,0.0,0.0,0.0
EXO,404612067,,,,,,,,,,,SAFE,-5.466,-1.648,1.148,0.745,-0.122,-0.0,0.0,0.0,0.009,0.0,0.0,0.0,0.0,0.0,0.0
EXO,404712067,,,,,,,,,,,SAFE,-5.466,-1.648,1.148,0.745,-0.122,-0.0,0.0,0.0,0.009,0.0,0.0,0.0,0.0,0.0,0.0
EXO,404812067,,,,,,,,,,,SAFE,-5.466,-1.648,1.148,0.745,-0.122,-0.0,0.0,0.0,0.009,0.0,0.0,0.0,0.0,0.0,0.0
EXO,404912068,,,,,,,,,,,SAFE,-5.466,-1.648,1.148,0.745,-0.122,-0.0,0.0,0.0,0.009,0.0,0.0,0.0,0.0,0.0,0.0
EXO,405012067,,,,,,,,,,,SAFE,-5.466,-1.648,1.148,0.745,-0.122,-0.0,0.0,0.0,0.009,0.0,0.0,0.0,0.0,0.0,0.0
EXO,405112067,,,,,,,,,,,SAFE,-5.466,-1.648,1.148,0.745,-0.122,-0.0,0.0,0.0,0.009,0.0,0.0,0.0,0.0,0.0,0.0
EXO,405212067,,,,,,,,,,,SAFE,-5.466,-1.648,1.148,0.745,-0.122,-0.0,0.0,0.0,0.009,0.0,0.0,0.0,0.0,0.0,0.0
EXO,405312067,,,,,,,,,,,SAFE,-5.466,-1.648,1.148,0.745,-0.122,-0.0,0.0,0.0,0.009,0.0,0.0,0.0,0.0,0.0,0.0
EXO,405412068,,,,,,,,,,,SAFE,-5.466,-1.648,1.148,0.745,-0.122,-0.0,0.0,0.0,0.009,0.0,0.0,0.0,0.0,0.0,0.0
EXO,405512067,,,,,,,,,,,SAFE,-5.466,-1.648,1.148,0.745,-0.122,-0.0,0.0,0.0,0.009,0.0,0.0,0.0,0.0,0.0,0.0
EXO,405612067,,,,,,,,,,,SAFE,-5.466,-1.648,1.148,0.745,-0.122,-0.0,0.0,0.0,0.009,0.0,0.0,0.0,0.0,0.0,0.0
EXO,405712067,,,,,,,,,,,SAFE,-5.466,-1.648,1.148,0.745,-0.122,-0.0,0.0,0.0,0.009,0.0,0.0,0.0,0.0,0.0,0.0
EXO,405812067,,,,,,,,,,,SAFE,-5.466,-1.648,1.148,0.745,-0.122,-0.0,0.0,0.0,0.009,0.0,0.0,0.0,0.0,0.0,0.0
EXO,405912068,,,,,,,,,,,SAFE,-5.466,-1.648,1.148,0.745,-0.122,-0.0,0.0,0.0,0.009,0.0,0.0,0.0,0.0,0.0,0.0
EXO,406012067,,,,,,,,,,,SAFE,-5.466,-1.648,1.148,0.745,-0.122,-0.0,0.0,0.0,0.009,0.0,0.0,0.0,0.0,0.0,0.0
EXO,406112067,,,,,,,,,,,SAFE,-5.466,-1.648,1.148,0.745,-0.122,-0.0,0.0,0.0,0.009,0.0,0.0,0.0,0.0,0.0,0.0
EXO,406212067,,,,,,,,,,,SAFE,-5.466,-1.648,1.148,0.745,-0.122,-0.0,0.0,0.0,0.009,0.0,0.0,0.0,0.0,0.0,0.0
EXO,406312067,,,,,,,,,,,SAFE,-5.466,-1.648,1.148,0.745,-0.122,-0.0,0.0,0.0,0.009,0.0,0.0,0.0,0.0,0.0,0.0
EXO,406412068,,,,,,,,,,,SAFE,-5.466,-1.648,1.148,0.745,-0.122,-0.0,0.0,0.0,0.009,0.0,0.0,0.0,0.0,0.0,0.0
EXO,406512067,,,,,,,,,,,SAFE,-5.466,-1.648,1.148,0.745,-0.122,-0.0,0.0,0.0,0.009,0.0,0.0,0.0,0.0,0.0,0.0
EXO,406612067,,,,,,,,,,,SAFE,-5.466,-1.648,1.148,0.745,-0.122,-0.0,0.0,0.0,0.009,0.0,0.0,0.0,0.0,0.0,0.0
EXO,406712067,,,,,,,,,,,SAFE,-5.466,-1.648,1.148,0.745,-0.122,-0.0,0.0,0.0,0.009,0.0,0.0,0.0,0.0,0.0,0.0
EXO,406812067,,,,,,,,,,,SAFE,-5.466,-1.648,1.148,0.745,-0.122,-0.0,0.0,0.0,0.009,0.0,0.0,0.0,0.0,0.0,0.0
EXO,406912068,,,,,,,,,,,SAFE,-5.466,-1.648,1.148,0.745,-0.122,-0.0,0.0,0.0,0.009,0.0,0.0,0.0,0.0,0.0,0.0
EXO,407012067,,,,,,,,,,,SAFE,-5.466,-1.648,1.148,0.745,-0.122,-0.0,0.0,0.0,0.009,0.0,0.0,0.0,0.0,0.0,0.0
EXO,407112067,,,,,,,,,,,SAFE,-5.466,-1.648,1.148,0.745,-0.122,-0.0,0.0,0.0,0.009,0.0,0.0,0.0,0.0,0.0,0.0
EXO,407212067,,,,,,,,,,,SAFE,-5.466,-1.648,1.148,0.745,-0.122,-0.0,0.0,0.0,0.009,0.0,0.0,0.0,0.0,0.0,0.0
EXO,407312067,,,,,,,,,,,SAFE,-5.466,-1.648,1.148,0.745,-0.122,-0.0,0.0,0.0,0.009,0.0,0.0,0.0,0.0,0.0,0.0
EXO,407412068,,,,,,,,,,,SAFE,-5.466,-1.648,1.148,0.745,-0.122,-0.0,0.0,0.0,0.009,0.0,0.0,0.0,0.0,0.0,0.0
EXO,407512067,,,,,,,,,,,SAFE,-5.466,-1.648,1.148,0.745,-0.122,-0.0,0.0,0.0,0.009,0.0,0.0,0.0,0.0,0.0,0.0
EXO,407612067,,,,,,,,,,,SAFE,-5.466,-1.648,1.148,0.745,-0.122,-0.0,0.0,0.0,0.009,0.0,0.0,0.0,0.0,0.0,0.0
EXO,407712067,,,,,,,,,,,SAFE,-5.466,-1.648,1.148,0.745,-0.122,-0.0,0.0,0.0,0.009,0.0,0.0,0.0,0.0,0.0,0.0
EXO,407812067,,,,,,,,,,,SAFE,-5.466,-1.648,1.148,0.745,-0.122,-0.0,0.0,0.0,0.009,0.0,0.0,0.0,0.0,0.0,0.0
EXO,407912068,,,,,,,,,,,SAFE,-5.466,-1.648,1.148,0.745,-0.122,-0.0,0.0,0.0,0.009,0.0,0.0,0.0,0.0,0.0,0.0
EXO,408012067,,,,,,,,,,,SAFE,-5.466,-1.648,1.148,0.745,-0.122,-0.0,0.0,0.0,0.009,0.0,0.0,0.0,0.0,0.0,0.0
EXO,408112067,,,,,,,,,,,SAFE,-5.466,-1.648,1.148,0.745,-0.122,-0.0,0.0,0.0,0.009,0.0,0.0,0.0,0.0,0.0,0.0
EXO,408212067,,,,,,,,,,,SAFE,-5.466,-1.648,1.148,0.745,-0.122,-0.0,0.0,0.0,0.009,0.0,0.0,0.0,0.0,0.0,0.0
EXO,408312067,,,,,,,,,,,SAFE,-5.466,-1.648,1.148,0.745,-0.122,-0.0,0.0,0.0,0.009,0.0,0.0,0.0,0.0,0.0,0.0
EXO,408412068,,,,,,,,,,,SAFE,-5.466,-1.648,1.148,0.745,-0.122,-0.0,0.0,0.0,0.009,0.0,0.0,0.0,0.0,0.0,0.0
EXO,408512067,,,,,,,,,,,SAFE,-5.466,-1.648,1.148,0.745,-0.122,-0.0,0.0,0.0,0.009,0.0,0.0,0.0,0.0,0.0,0.0
EXO,408612067,,,,,,,,,,,SAFE,-5.466,-1.648,1.148,0.745,-0.122,-0.0,0.0,0.0,0.009,0.0,0.0,0.0,0.0,0.0,0.0
EXO,408712067,,,,,,,,,,,SAFE,-5.466,-1.648,1.148,0.745,-0.122,-0.0,0.0,0.0,0.009,0.0,0.0,0.0,0.0,0.0,0.0
EXO,408812067,,,,,,,,,,,SAFE,-5.466,-1.648,1.148,0.745,-0.122,-0.0,0.0,0.0,0.009,0.0,0.0,0.0,0.0,0.0,0.0
EXO,408912068,,,,,,,,,,,SAFE,-5.466,-1.648,1.148,0.745,-0.122,-0.0,0.0,0.0,0.009,0.0,0.0,0.0,0.0,0.0,0.0
EXO,409012067,,,,,,,,,,,SAFE,-5.466,-1.648,1.148,0.745,-0.122,-0.0,0.0,0.0,0.009,0.0,0.0,0.0,0.0,0.0,0.0
EXO,409112067,,,,,,,,,,,SAFE,-5.466,-1.648,1.148,0.745,-0.122,-0.0,0.0,0.0,0.009,0.0,0.0,0.0,0.0,0.0,0.0
EXO,409212067,,,,,,,,,,,SAFE,-5.466,-1.648,1.148,0.745,-0.122,-0.0,0.0,0.0,0.009,0.0,0.0,0.0,0.0,0.0,0.0
EXO,409312067,,,,,,,,,,,SAFE,-5.466,-1.648,1.148,0.745,-0.122,-0.0,0.0,0.0,0.009,0.0,0.0,0.0,0.0,0.0,0.0
EXO,409412068,,,,,,,,,,,SAFE,-5.466,-1.648,1.148,0.745,-0.122,-0.0,0.0,0.0,0.009,0.0,0.0,0.0,0.0,0.0,0.0
EXO,409512067,,,,,,,,,,,SAFE,-5.466,-1.648,1.148,0.745,-0.122,-0.0,0.0,0.0,0.009,0.0,0.0,0.0,0.0,0.0,0.0
EXO,409612067,,,,,,,,,,,SAFE,-5.466,-1.648,1.148,0.745,-0.122,-0.0,0.0,0.0,0.009,0.0,0.0,0.0,0.0,0.0,0.0
EXO,409712067,,,,,,,,,,,SAFE,-5.466,-1.648,1.148,0.745,-0.122,-0.0,0.0,0.0,0.009,0.0,0.0,0.0,0.0,0.0,0.0
EXO,409812067,,,,,,,,,,,SAFE,-5.466,-1.648,1.148,0.745,-0.122,-0.0,0.0,0.0,0.009,0.0,0.0,0.0,0.0,0.0,0.0
EXO,409912068,,,,,,,,,,,SAFE,-5.466,-1.648,1.148,0.745,-0.122,-0.0,0.0,0.0,0.009,0.0,0.0,0.0,0.0,0.0,0.0
EXO,410012067,,,,,,,,,,,SAFE,-5.466,-1.648,1.148,0.745,-0.122,-0.0,0.0,0.0,0.009,0.0,0.0,0.0,0.0,0.0,0.0
EXO,410112067,,,,,,,,,,,SAFE,-5.466,-1.648,1.148,0.745,-0.122,-0.0,0.0,0.0,0.009,0.0,0.0,0.0,0.0,0.0,0.0
EXO,410212067,,,,,,,,,,,SAFE,-5.466,-1.648,1.148,0.745,-0.122,-0.0,0.0,0.0,0.009,0.0,0.0,0.0,0.0,0.0,0.0
EXO,410312067,,,,,,,,,,,SAFE,-5.466,-1.648,1.148,0.745,-0.122,-0.0,0.0,0.0,0.009,0.0,0.0,0.0,0.0,0.0,0.0
EXO,410412068,,,,,,,,,,,SAFE,-5.466,-1.648,1.148,0.745,-0.122,-0.0,0.0,0.0,0.009,0.0,0.0,0.0,0.0,0.0,0.0
EXO,410512067,,,,,,,,,,,SAFE,-5.466,-1.648,1.148,0.745,-0.122,-0.0,0.0,0.0,0.009,0.0,0.0,0.0,0.0,0.0,0.0
EXO,410612067,,,,,,,,,,,SAFE,-5.466,-1.648,1.148,0.745,-0.122,-0.0,0.0,0.0,0.009,0.0,0.0,0.0,0.0,0.0,0.0
EXO,410712067,,,,,,,,,,,SAFE,-5.466,-1.648,1.148,0.745,-0.122,-0.0,0.0,0.0,0.009,0.0,0.0,0.0,0.0,0.0,0.0
EXO,410812067,,,,,,,,,,,SAFE,-5.466,-1.648,1.148,0.745,-0.122,-0.0,0.0,0.0,0.009,0.0,0.0,0.0,0.0,0.0,0.0
EXO,410912068,,,,,,,,,,,SAFE,-5.466,-1.648,1.148,0.745,-0.122,-0.0,0.0,0.0,0.009,0.0,0.0,0.0,0.0,0.0,0.0
EXO,411012067,,,,,,,,,,,SAFE,-5.466,-1.648,1.148,0.745,-0.122,-0.0,0.0,0.0,0.009,0.0,0.0,0.0,0.0,0.0,0.0
EXO,411112067,,,,,,,,,,,SAFE,-5.466,-1.648,1.148,0.745,-0.122,-0.0,0.0,0.0,0.009,0.0,0.0,0.0,0.0,0.0,0.0
EXO,411212067,,,,,,,,,,,SAFE,-5.466,-1.648,1.148,0.745,-0.122,-0.0,0.0,0.0,0.009,0.0,0.0,0.0,0.0,0.0,0.0
EXO,411312067,,,,,,,,,,,SAFE,-5.466,-1.648,1.148,0.745,-0.122,-0.0,0.0,0.0,0.009,0.0,0.0,0.0,0.0,0.0,0.0
EXO,411412068,,,,,,,,,,,SAFE,-5.466,-1.648,1.148,0.745,-0.122,-0.0,0.0,0.0,0.009,0.0,0.0,0.0,0.0,0.0,0.0
EXO,411512067,,,,,,,,,,,SAFE,-5.466,-1.648,1.148,0.745,-0.122,-0.0,0.0,0.0,0.009,0.0,0.0,0.0,0.0,0.0,0.0
EXO,411612067,,,,,,,,,,,SAFE,-5.466,-1.648,1.148,0.745,-0.122,-0.0,0.0,0.0,0.009,0.0,0.0,0.0,0.0,0.0,0.0
EXO,411712067,,,,,,,,,,,SAFE,-5.466,-1.648,1.148,0.745,-0.122,-0.0,0.0,0.0,0.009,0.0,0.0,0.0,0.0,0.0,0.0
EXO,411812067,,,,,,,,,,,SAFE,-5.466,-1.648,1.148,0.745,-0.122,-0.0,0.0,0.0,0.009,0.0,0.0,0.0,0.0,0.0,0.0
EXO,411912068,,,,,,,,,,,SAFE,-5.466,-1.648,1.148,0.745,-0.122,-0.0,0.0,0.0,0.009,0.0,0.0,0.0,0.0,0.0,0.0
EXO,412012067,,,,,,,,,,,SAFE,-5.466,-1.648,1.148,0.745,-0.122,-0.0,0.0,0.0,0.009,0.0,0.0,0.0,0.0,0.0,0.0
EXO,412112067,,,,,,,,,,,SAFE,-5.466,-1.648,1.148,0.745,-0.122,-0.0,0.0,0.0,0.009,0.0,0.0,0.0,0.0,0.0,0.0
EXO,412212067,,,,,,,,,,,SAFE,-5.466,-1.648,1.148,0.745,-0.122,-0.0,0.0,0.0,0.009,0.0,0.0,0.0,0.0,0.0,0.0
EXO,412312067,,,,,,,,,,,SAFE,-5.466,-1.648,1.148,0.745,-0.122,-0.0,0.0,0.0,0.009,0.0,0.0,0.0,0.0,0.0,0.0
EXO,412412068,,,,,,,,,,,SAFE,-5.466,-1.648,1.148,0.745,-0.122,-0.0,0.0,0.0,0.009,0.0,0.0,0.0,0.0,0.0,0.0
EXO,412512067,,,,,,,,,,,SAFE,-5.466,-1.648,1.148,0.745,-0.122,-0.0,0.0,0.0,0.009,0.0,0.0,0.0,0.0,0.0,0.0
EXO,412612067,,,,,,,,,,,SAFE,-5.466,-1.648,1.148,0.745,-0.122,-0.0,0.0,0.0,0.009,0.0,0.0,0.0,0.0,0.0,0.0
EXO,412712067,,,,,,,,,,,SAFE,-5.466,-1.648,1.148,0.745,-0.122,-0.0,0.0,0.0,0.009,0.0,0.0,0.0,0.0,0.0,0.0
EXO,412812067,,,,,,,,,,,SAFE,-5.466,-1.648,1.148,0.745,-0.122,-0.0,0.0,0.0,0.009,0.0,0.0,0.0,0.0,0.0,0.0
EXO,412912068,,,,,,,,,,,SAFE,-5.466,-1.648,1.148,0.745,-0.122,-0.0,0.0,0.0,0.009,0.0,0.0,0.0,0.0,0.0,0.0
EXO,413012067,,,,,,,,,,,SAFE,-5.466,-1.648,1.148,0.745,-0.122,-0.0,0.0,0.0,0.009,0.0,0.0,0.0,0.0,0.0,0.0
EXO,413112067,,,,,,,,,,,SAFE,-5.466,-1.648,1.148,0.745,-0.122,-0.0,0.0,0.0,0.009,0.0,0.0,0.0,0.0,0.0,0.0
EXO,413212067,,,,,,,,,,,SAFE,-5.466,-1.648,1.148,0.745,-0.122,-0.0,0.0,0.0,0.009,0.0,0.0,0.0,0.0,0.0,0.0
EXO,413312067,,,,,,,,,,,SAFE,-5.466,-1.648,1.148,0.745,-0.122,-0.0,0.0,0.0,0.009,0.0,0.0,0.0,0.0,0.0,0.0
EXO,413412068,,,,,,,,,,,SAFE,-5.466,-1.648,1.148,0.745,-0.122,-0.0,0.0,0.0,0.009,0.0,0.0,0.0,0.0,0.0,0.0
EXO,413512067,,,,,,,,,,,SAFE,-5.466,-1.648,1.148,0.745,-0.122,-0.0,0.0,0.0,0.009,0.0,0.0,0.0,0.0,0.0,0.0
EXO,413612067,,,,,,,,,,,SAFE,-5.466,-1.648,1.148,0.745,-0.122,-0.0,0.0,0.0,0.009,0.0,0.0,0.0,0.0,0.0,0.0
EXO,413712067,,,,,,,,,,,SAFE,-5.466,-1.648,1.148,0.745,-0.122,-0.0,0.0,0.0,0.009,0.0,0.0,0.0,0.0,0.0,0.0
EXO,413812067,,,,,,,,,,,SAFE,-5.466,-1.648,1.148,0.745,-0.122,-0.0,0.0,0.0,0.009,0.0,0.0,0.0,0.0,0.0,0.0
EXO,413912068,,,,,,,,,,,SAFE,-5.466,-1.648,1.148,0.745,-0.122,-0.0,0.0,0.0,0.009,0.0,0.0,0.0,0.0,0.0,0.0
EXO,414012067,,,,,,,,,,,SAFE,-5.466,-1.648,1.148,0.745,-0.122,-0.0,0.0,0.0,0.009,0.0,0.0,0.0,0.0,0.0,0.0
EXO,414112067,,,,,,,,,,,SAFE,-5.466,-1.648,1.148,0.745,-0.122,-0.0,0.0,0.0,0.009,0.0,0.0,0.0,0.0,0.0,0.0
EXO,414212067,,,,,,,,,,,SAFE,-5.466,-1.648,1.148,0.745,-0.122,-0.0,0.0,0.0,0.009,0.0,0.0,0.0,0.0,0.0,0.0
EXO,414312067,,,,,,,,,,,SAFE,-5.466,-1.648,1.148,0.745,-0.122,-0.0,0.0,0.0,0.009,0.0,0.0,0.0,0.0,0.0,0.0
EXO,414412068,,,,,,,,,,,SAFE,-5.466,-1.648,1.148,0.745,-0.122,-0.0,0.0,0.0,0.009,0.0,0.0,0.0,0.0,0.0,0.0
EXO,414512067,,,,,,,,,,,SAFE,-5.466,-1.648,1.148,0.745,-0.122,-0.0,0.0,0.0,0.009,0.0,0.0,0.0,0.0,0.0,0.0
EXO,414612067,,,,,,,,,,,SAFE,-5.466,-1.648,1.148,0.745,-0.122,-0.0,0.0,0.0,0.009,0.0,0.0,0.0,0.0,0.0,0.0
EXO,414712067,,,,,,,,,,,SAFE,-5.466,-1.648,1.148,0.745,-0.122,-0.0,0.0,0.0,0.009,0.0,0.0,0.0,0.0,0.0,0.0
EXO,414812067,,,,,,,,,,,SAFE,-5.466,-1.648,1.148,0.745,-0.122,-0.0,0.0,0.0,0.009,0.0,0.0,0.0,0.0,0.0,0.0
EXO,414912068,,,,,,,,,,,SAFE,-5.466,-1.648,1.148,0.745,-0.122,-0.0,0.0,0.0,0.009,0.0,0.0,0.0,0.0,0.0,0.0
EXO,415012067,,,,,,,,,,,SAFE,-5.466,-1.648,1.148,0.745,-0.122,-0.0,0.0,0.0,0.009,0.0,0.0,0.0,0.0,0.0,0.0
EXO,415112067,,,,,,,,,,,SAFE,-5.466,-1.648,1.148,0.745,-0.122,-0.0,0.0,0.0,0.009,0.0,0.0,0.0,0.0,0.0,0.0
EXO,415212067,,,,,,,,,,,SAFE,-5.466,-1.648,1.148,0.745,-0.122,-0.0,0.0,0.0,0.009,0.0,0.0,0.0,0.0,0.0,0.0
EXO,415312067,,,,,,,,,,,SAFE,-5.466,-1.648,1.148,0.745,-0.122,-0.0,0.0,0.0,0.009,0.0,0.0,0.0,0.0,0.0,0.0
EXO,415412068,,,,,,,,,,,SAFE,-5.466,-1.648,1.148,0.745,-0.122,-0.0,0.0,0.0,0.009,0.0,0.0,0.0,0.0,0.0,0.0
EXO,415512067,,,,,,,,,,,SAFE,-5.466,-1.648,1.148,0.745,-0.122,-0.0,0.0,0.0,0.009,0.0,0.0,0.0,0.0,0.0,0.0
EXO,415612067,,,,,,,,,,,SAFE,-5.466,-1.648,1.148,0.745,-0.122,-0.0,0.0,0.0,0.009,0.0,0.0,0.0,0.0,0.0,0.0
EXO,415712067,,,,,,,,,,,SAFE,-5.466,-1.648,1.148,0.745,-0.122,-0.0,0.0,0.0,0.009,0.0,0.0,0.0,0.0,0.0,0.0
EXO,415812067,,,,,,,,,,,SAFE,-5.466,-1.648,1.148,0.745,-0.122,-0.0,0.0,0.0,0.009,0.0,0.0,0.0,0.0,0.0,0.0
EXO,415912068,,,,,,,,,,,SAFE,-5.466,-1.648,1.148,0.745,-0.122,-0.0,0.0,0.0,0.009,0.0,0.0,0.0,0.0,0.0,0.0
EXO,416012067,,,,,,,,,,,SAFE,-5.466,-1.648,1.148,0.745,-0.122,-0.0,0.0,0.0,0.009,0.0,0.0,0.0,0.0,0.0,0.0
EXO,416112067,,,,,,,,,,,SAFE,-5.466,-1.648,1.148,0.745,-0.122,-0.0,0.0,0.0,0.009,0.0,0.0,0.0,0.0,0.0,0.0
EXO,416212067,,,,,,,,,,,SAFE,-5.466,-1.648,1.148,0.745,-0.122,-0.0,0.0,0.0,0.009,0.0,0.0,0.0,0.0,0.0,0.0
EXO,416312067,,,,,,,,,,,SAFE,-5.466,-1.648,1.148,0.745,-0.122,-0.0,0.0,0.0,0.009,0.0,0.0,0.0,0.0,0.0,0.0
EXO,416412068,,,,,,,,,,,SAFE,-5.466,-1.648,1.148,0.745,-0.122,-0.0,0.0,0.0,0.009,0.0,0.0,0.0,0.0,0.0,0.0
EXO,416512067,,,,,,,,,,,SAFE,-5.466,-1.648,1.148,0.745,-0.122,-0.0,0.0,0.0,0.009,0.0,0.0,0.0,0.0,0.0,0.0
EXO,416612067,,,,,,,,,,,SAFE,-5.466,-1.648,1.148,0.745,-0.122,-0.0,0.0,0.0,0.009,0.0,0.0,0.0,0.0,0.0,0.0
EXO,416712067,,,,,,,,,,,SAFE,-5.466,-1.648,1.148,0.745,-0.122,-0.0,0.0,0.0,0.009,0.0,0.0,0.0,0.0,0.0,0.0
EXO,416812067,,,,,,,,,,,SAFE,-5.466,-1.648,1.148,0.745,-0.122,-0.0,0.0,0.0,0.009,0.0,0.0,0.0,0.0,0.0,0.0
EXO,416912068,,,,,,,,,,,SAFE,-5.466,-1.648,1.148,0.745,-0.122,-0.0,0.0,0.0,0.009,0.0,0.0,0.0,0.0,0.0,0.0
EXO,417012067,,,,,,,,,,,SAFE,-5.466,-1.648,1.148,0.745,-0.122,-0.0,0.0,0.0,0.009,0.0,0.0,0.0,0.0,0.0,0.0
EXO,417112067,,,,,,,,,,,SAFE,-5.466,-1.648,1.148,0.745,-0.122,-0.0,0.0,0.0,0.009,0.0,0.0,0.0,0.0,0.0,0.0
EXO,417212067,,,,,,,,,,,SAFE,-5.466,-1.648,1.148,0.745,-0.122,-0.0,0.0,0.0,0.009,0.0,0.0,0.0,0.0,0.0,0.0
EXO,417312067,,,,,,,,,,,SAFE,-5.466,-1.648,1.148,0.745,-0.122,-0.0,0.0,0.0,0.009,0.0,0.0,0.0,0.0,0.0,0.0
EXO,417412068,,,,,,,,,,,SAFE,-5.466,-1.648,1.148,0.745,-0.122,-0.0,0.0,0.0,0.009,0.0,0.0,0.0,0.0,0.0,0.0
EXO,417512067,,,,,,,,,,,SAFE,-5.466,-1.648,1.148,0.745,-0.122,-0.0,0.0,0.0,0.009,0.0,0.0,0.0,0.0,0.0,0.0
EXO,417612067,,,,,,,,,,,SAFE,-5.466,-1.648,1.148,0.745,-0.122,-0.0,0.0,0.0,0.009,0.0,0.0,0.0,0.0,0.0,0.0
EXO,417712067,,,,,,,,,,,SAFE,-5.466,-1.648,1.148,0.745,-0.122,-0.0,0.0,0.0,0.009,0.0,0.0,0.0,0.0,0.0,0.0
EXO,417812067,,,,,,,,,,,SAFE,-5.466,-1.648,1.148,0.745,-0.122,-0.0,0.0,0.0,0.009,0.0,0.0,0.0,0.0,0.0,0.0
EXO,417912068,,,,,,,,,,,SAFE,-5.466,-1.648,1.148,0.745,-0.122,-0.0,0.0,0.0,0.009,0.0,0.0,0.0,0.0,0.0,0.0
EXO,418012067,,,,,,,,,,,SAFE,-5.466,-1.648,1.148,0.745,-0.122,-0.0,0.0,0.0,0.009,0.0,0.0,0.0,0.0,0.0,0.0
EXO,418112067,,,,,,,,,,,SAFE,-5.466,-1.648,1.148,0.745,-0.122,-0.0,0.0,0.0,0.009,0.0,0.0,0.0,0.0,0.0,0.0
EXO,418212067,,,,,,,,,,,SAFE,-5.466,-1.648,1.148,0.745,-0.122,-0.0,0.0,0.0,0.009,0.0,0.0,0.0,0.0,0.0,0.0
EXO,418312067,,,,,,,,,,,SAFE,-5.466,-1.648,1.148,0.745,-0.122,-0.0,0.0,0.0,0.009,0.0,0.0,0.0,0.0,0.0,0.0
EXO,418412068,,,,,,,,,,,SAFE,-5.466,-1.648,1.148,0.745,-0.122,-0.0,0.0,0.0,0.009,0.0,0.0,0.0,0.0,0.0,0.0
EXO,418512067,,,,,,,,,,,SAFE,-5.466,-1.648,1.148,0.745,-0.122,-0.0,0.0,0.0,0.009,0.0,0.0,0.0,0.0,0.0,0.0
EXO,418612067,,,,,,,,,,,SAFE,-5.466,-1.648,1.148,0.745,-0.122,-0.0,0.0,0.0,0.009,0.0,0.0,0.0,0.0,0.0,0.0
EXO,418712067,,,,,,,,,,,SAFE,-5.466,-1.648,1.148,0.745,-0.122,-0.0,0.0,0.0,0.009,0.0,0.0,0.0,0.0,0.0,0.0
EXO,418812067,,,,,,,,,,,SAFE,-5.466,-1.648,1.148,0.745,-0.122,-0.0,0.0,0.0,0.009,0.0,0.0,0.0,0.0,0.0,0.0
EXO,418912068,,,,,,,,,,,SAFE,-5.466,-1.648,1.148,0.745,-0.122,-0.0,0.0,0.0,0.009,0.0,0.0,0.0,0.0,0.0,0.0
EXO,419012067,,,,,,,,,,,SAFE,-5.466,-1.648,1.148,0.745,-0.122,-0.0,0.0,0.0,0.009,0.0,0.0,0.0,0.0,0.0,0.0
EXO,419112067,,,,,,,,,,,SAFE,-5.466,-1.648,1.148,0.745,-0.122,-0.0,0.0,0.0,0.009,0.0,0.0,0.0,0.0,0.0,0.0
EXO,419212067,,,,,,,,,,,SAFE,-5.466,-1.648,1.148,0.745,-0.122,-0.0,0.0,0.0,0.009,0.0,0.0,0.0,0.0,0.0,0.0
EXO,419312067,,,,,,,,,,,SAFE,-5.466,-1.648,1.148,0.745,-0.122,-0.0,0.0,0.0,0.009,0.0,0.0,0.0,0.0,0.0,0.0
EXO,419412068,,,,,,,,,,,SAFE,-5.466,-1.648,1.148,0.745,-0.122,-0.0,0.0,0.0,0.009,0.0,0.0,0.0,0.0,0.0,0.0
EXO,419512067,,,,,,,,,,,SAFE,-5.466,-1.648,1.148,0.745,-0.122,-0.0,0.0,0.0,0.009,0.0,0.0,0.0,0.0,0.0,0.0
EXO,419612067,,,,,,,,,,,SAFE,-5.466,-1.648,1.148,0.745,-0.122,-0.0,0.0,0.0,0.009,0.0,0.0,0.0,0.0,0.0,0.0
EXO,419712067,,,,,,,,,,,SAFE,-5.466,-1.648,1.148,0.745,-0.122,-0.0,0.0,0.0,0.009,0.0,0.0,0.0,0.0,0.0,0.0
EXO,419812067,,,,,,,,,,,SAFE,-5.466,-1.648,1.148,0.745,-0.122,-0.0,0.0,0.0,0.009,0.0,0.0,0.0,0.0,0.0,0.0
EXO,419912068,,,,,,,,,,,SAFE,-5.466,-1.648,1.148,0.745,-0.122,-0.0,0.0,0.0,0.009,0.0,0.0,0.0,0.0,0.0,0.0
EXO,420012067,,,,,,,,,,,SAFE,-5.466,-1.648,1.148,0.745,-0.122,-0.0,0.0,0.0,0.009,0.0,0.0,0.0,0.0,0.0,0.0
EXO,420112067,,,,,,,,,,,SAFE,-5.466,-1.648,1.148,0.745,-0.122,-0.0,0.0,0.0,0.009,0.0,0.0,0.0,0.0,0.0,0.0
EXO,420212067,,,,,,,,,,,SAFE,-5.466,-1.648,1.148,0.745,-0.122,-0.0,0.0,0.0,0.009,0.0,0.0,0.0,0.0,0.0,0.0
EXO,420312067,,,,,,,,,,,SAFE,-5.466,-1.648,1.148,0.745,-0.122,-0.0,0.0,0.0,0.009,0.0,0.0,0.0,0.0,0.0,0.0
EXO,420412068,,,,,,,,,,,SAFE,-5.466,-1.648,1.148,0.745,-0.122,-0.0,0.0,0.0,0.009,0.0,0.0,0.0,0.0,0.0,0.0
EXO,420512067,,,,,,,,,,,SAFE,-5.466,-1.648,1.148,0.745,-0.122,-0.0,0.0,0.0,0.009,0.0,0.0,0.0,0.0,0.0,0.0
EXO,420612067,,,,,,,,,,,SAFE,-5.466,-1.648,1.148,0.745,-0.122,-0.0,0.0,0.0,0.009,0.0,0.0,0.0,0.0,0.0,0.0
EXO,420712067,,,,,,,,,,,SAFE,-5.466,-1.648,1.148,0.745,-0.122,-0.0,0.0,0.0,0.009,0.0,0.0,0.0,0.0,0.0,0.0
EXO,420812067,,,,,,,,,,,SAFE,-5.466,-1.648,1.148,0.745,-0.122,-0.0,0.0,0.0,0.009,0.0,0.0,0.0,0.0,0.0,0.0
EXO,420912068,,,,,,,,,,,SAFE,-5.466,-1.648,1.148,0.745,-0.122,-0.0,0.0,0.0,0.009,0.0,0.0,0.0,0.0,0.0,0.0
EXO,421012067,,,,,,,,,,,SAFE,-5.466,-1.648,1.148,0.745,-0.122,-0.0,0.0,0.0,0.009,0.0,0.0,0.0,0.0,0.0,0.0
EXO,421112067,,,,,,,,,,,SAFE,-5.466,-1.648,1.148,0.745,-0.122,-0.0,0.0,0.0,0.009,0.0,0.0,0.0,0.0,0.0,0.0
EXO,421212067,,,,,,,,,,,SAFE,-5.466,-1.648,1.148,0.745,-0.122,-0.0,0.0,0.0,0.009,0.0,0.0,0.0,0.0,0.0,0.0
EXO,421312067,,,,,,,,,,,SAFE,-5.466,-1.648,1.148,0.745,-0.122,-0.0,0.0,0.0,0.009,0.0,0.0,0.0,0.0,0.0,0.0
EXO,421412068,,,,,,,,,,,SAFE,-5.466,-1.648,1.148,0.745,-0.122,-0.0,0.0,0.0,0.009,0.0,0.0,0.0,0.0,0.0,0.0
EXO,421512067,,,,,,,,,,,SAFE,-5.466,-1.648,1.148,0.745,-0.122,-0.0,0.0,0.0,0.009,0.0,0.0,0.0,0.0,0.0,0.0
EXO,421612067,,,,,,,,,,,SAFE,-5.466,-1.648,1.148,0.745,-0.122,-0.0,0.0,0.0,0.009,0.0,0.0,0.0,0.0,0.0,0.0
EXO,421712067,,,,,,,,,,,SAFE,-5.466,-1.648,1.148,0.745,-0.122,-0.0,0.0,0.0,0.009,0.0,0.0,0.0,0.0,0.0,0.0
EXO,421812067,,,,,,,,,,,SAFE,-5.466,-1.648,1.148,0.745,-0.122,-0.0,0.0,0.0,0.009,0.0,0.0,0.0,0.0,0.0,0.0
EXO,421912068,,,,,,,,,,,SAFE,-5.466,-1.648,1.148,0.745,-0.122,-0.0,0.0,0.0,0.009,0.0,0.0,0.0,0.0,0.0,0.0
EXO,422012067,,,,,,,,,,,SAFE,-5.466,-1.648,1.148,0.745,-0.122,-0.0,0.0,0.0,0.009,0.0,0.0,0.0,0.0,0.0,0.0
EXO,422112067,,,,,,,,,,,SAFE,-5.466,-1.648,1.148,0.745,-0.122,-0.0,0.0,0.0,0.009,0.0,0.0,0.0,0.0,0.0,0.0
EXO,422212067,,,,,,,,,,,SAFE,-5.466,-1.648,1.148,0.745,-0.122,-0.0,0.0,0.0,0.009,0.0,0.0,0.0,0.0,0.0,0.0
EXO,422312067,,,,,,,,,,,SAFE,-5.466,-1.648,1.148,0.745,-0.122,-0.0,0.0,0.0,0.009,0.0,0.0,0.0,0.0,0.0,0.0
EXO,422412068,,,,,,,,,,,SAFE,-5.466,-1.648,1.148,0.745,-0.122,-0.0,0.0,0.0,0.009,0.0,0.0,0.0,0.0,0.0,0.0
EXO,422512067,,,,,,,,,,,SAFE,-5.466,-1.648,1.148,0.745,-0.122,-0.0,0.0,0.0,0.009,0.0,0.0,0.0,0.0,0.0,0.0
EXO,422612067,,,,,,,,,,,SAFE,-5.466,-1.648,1.148,0.745,-0.122,-0.0,0.0,0.0,0.009,0.0,0.0,0.0,0.0,0.0,0.0
EXO,422712067,,,,,,,,,,,SAFE,-5.466,-1.648,1.148,0.745,-0.122,-0.0,0.0,0.0,0.009,0.0,0.0,0.0,0.0,0.0,0.0
EXO,422812067,,,,,,,,,,,SAFE,-5.466,-1.648,1.148,0.745,-0.122,-0.0,0.0,0.0,0.009,0.0,0.0,0.0,0.0,0.0,0.0
EXO,422912068,,,,,,,,,,,SAFE,-5.466,-1.648,1.148,0.745,-0.122,-0.0,0.0,0.0,0.009,0.0,0.0,0.0,0.0,0.0,0.0
EXO,423012067,,,,,,,,,,,SAFE,-5.466,-1.648,1.148,0.745,-0.122,-0.0,0.0,0.0,0.009,0.0,0.0,0.0,0.0,0.0,0.0
EXO,423112067,,,,,,,,,,,SAFE,-5.466,-1.648,1.148,0.745,-0.122,-0.0,0.0,0.0,0.009,0.0,0.0,0.0,0.0,0.0,0.0
EXO,423212067,,,,,,,,,,,SAFE,-5.466,-1.648,1.148,0.745,-0.122,-0.0,0.0,0.0,0.009,0.0,0.0,0.0,0.0,0.0,0.0
EXO,423312067,,,,,,,,,,,SAFE,-5.466,-1.648,1.148,0.745,-0.122,-0.0,0.0,0.0,0.009,0.0,0.0,0.0,0.0,0.0,0.0
EXO,423412068,,,,,,,,,,,SAFE,-5.466,-1.648,1.148,0.745,-0.122,-0.0,0.0,0.0,0.009,0.0,0.0,0.0,0.0,0.0,0.0
EXO,423512067,,,,,,,,,,,SAFE,-5.466,-1.648,1.148,0.745,-0.122,-0.0,0.0,0.0,0.009,0.0,0.0,0.0,0.0,0.0,0.0
EXO,423612067,,,,,,,,,,,SAFE,-5.466,-1.648,1.148,0.745,-0.122,-0.0,0.0,0.0,0.009,0.0,0.0,0.0,0.0,0.0,0.0
EXO,423712067,,,,,,,,,,,SAFE,-5.466,-1.648,1.148,0.745,-0.122,-0.0,0.0,0.0,0.009,0.0,0.0,0.0,0.0,0.0,0.0
EXO,423812067,,,,,,,,,,,SAFE,-5.466,-1.648,1.148,0.745,-0.122,-0.0,0.0,0.0,0.009,0.0,0.0,0.0,0.0,0.0,0.0
EXO,423912068,,,,,,,,,,,SAFE,-5.466,-1.648,1.148,0.745,-0.122,-0.0,0.0,0.0,0.009,0.0,0.0,0.0,0.0,0.0,0.0
EXO,424012067,,,,,,,,,,,SAFE,-5.466,-1.648,1.148,0.745,-0.122,-0.0,0.0,0.0,0.009,0.0,0.0,0.0,0.0,0.0,0.0
EXO,424112067,,,,,,,,,,,SAFE,-5.466,-1.648,1.148,0.745,-0.122,-0.0,0.0,0.0,0.009,0.0,0.0,0.0,0.0,0.0,0.0
EXO,424212067,,,,,,,,,,,SAFE,-5.466,-1.648,1.148,0.745,-0.122,-0.0,0.0,0.0,0.009,0.0,0.0,0.0,0.0,0.0,0.0
EXO,424312067,,,,,,,,,,,SAFE,-5.466,-1.648,1.148,0.745,-0.122,-0.0,0.0,0.0,0.009,0.0,0.0,0.0,0.0,0.0,0.0
EXO,424412068,,,,,,,,,,,SAFE,-5.466,-1.648,1.148,0.745,-0.122,-0.0,0.0,0.0,0.009,0.0,0.0,0.0,0.0,0.0,0.0
EXO,424512067,,,,,,,,,,,SAFE,-5.466,-1.648,1.148,0.745,-0.122,-0.0,0.0,0.0,0.009,0.0,0.0,0.0,0.0,0.0,0.0
EXO,424612067,,,,,,,,,,,SAFE,-5.466,-1.648,1.148,0.745,-0.122,-0.0,0.0,0.0,0.009,0.0,0.0,0.0,0.0,0.0,0.0
EXO,424712067,,,,,,,,,,,SAFE,-5.466,-1.648,1.148,0.745,-0.122,-0.0,0.0,0.0,0.009,0.0,0.0,0.0,0.0,0.0,0.0
EXO,424812067,,,,,,,,,,,SAFE,-5.466,-1.648,1.148,0.745,-0.122,-0.0,0.0,0.0,0.009,0.0,0.0,0.0,0.0,0.0,0.0
EXO,424912068,,,,,,,,,,,SAFE,-5.466,-1.648,1.148,0.745,-0.122,-0.0,0.0,0.0,0.009,0.0,0.0,0.0,0.0,0.0,0.0
EXO,425012067,,,,,,,,,,,SAFE,-5.466,-1.648,1.148,0.745,-0.122,-0.0,0.0,0.0,0.009,0.0,0.0,0.0,0.0,0.0,0.0
EXO,425112067,,,,,,,,,,,SAFE,-5.466,-1.648,1.148,0.745,-0.122,-0.0,0.0,0.0,0.009,0.0,0.0,0.0,0.0,0.0,0.0
EXO,425212067,,,,,,,,,,,SAFE,-5.466,-1.648,1.148,0.745,-0.122,-0.0,0.0,0.0,0.009,0.0,0.0,0.0,0.0,0.0,0.0
EXO,425312067,,,,,,,,,,,SAFE,-5.466,-1.648,1.148,0.745,-0.122,-0.0,0.0,0.0,0.009,0.0,0.0,0.0,0.0,0.0,0.0
EXO,425412068,,,,,,,,,,,SAFE,-5.466,-1.648,1.148,0.745,-0.122,-0.0,0.0,0.0,0.009,0.0,0.0,0.0,0.0,0.0,0.0
EXO,425512067,,,,,,,,,,,SAFE,-5.466,-1.648,1.148,0.745,-0.122,-0.0,0.0,0.0,0.009,0.0,0.0,0.0,0.0,0.0,0.0
EXO,425612067,,,,,,,,,,,SAFE,-5.466,-1.648,1.148,0.745,-0.122,-0.0,0.0,0.0,0.009,0.0,0.0,0.0,0.0,0.0,0.0
EXO,425712067,,,,,,,,,,,SAFE,-5.466,-1.648,1.148,0.745,-0.122,-0.0,0.0,0.0,0.009,0.0,0.0,0.0,0.0,0.0,0.0
EXO,425812067,,,,,,,,,,,SAFE,-5.466,-1.648,1.148,0.745,-0.122,-0.0,0.0,0.0,0.009,0.0,0.0,0.0,0.0,0.0,0.0
EXO,425912068,,,,,,,,,,,SAFE,-5.466,-1.648,1.148,0.745,-0.122,-0.0,0.0,0.0,0.009,0.0,0.0,0.0,0.0,0.0,0.0
EXO,426012067,,,,,,,,,,,SAFE,-5.466,-1.648,1.148,0.745,-0.122,-0.0,0.0,0.0,0.009,0.0,0.0,0.0,0.0,0.0,0.0
EXO,426112067,,,,,,,,,,,SAFE,-5.466,-1.648,1.148,0.745,-0.122,-0.0,0.0,0.0,0.009,0.0,0.0,0.0,0.0,0.0,0.0
EXO,426212067,,,,,,,,,,,SAFE,-5.466,-1.648,1.148,0.745,-0.122,-0.0,0.0,0.0,0.009,0.0,0.0,0.0,0.0,0.0,0.0
EXO,426312067,,,,,,,,,,,SAFE,-5.466,-1.648,1.148,0.745,-0.122,-0.0,0.0,0.0,0.009,0.0,0.0,0.0,0.0,0.0,0.0
EXO,426412068,,,,,,,,,,,SAFE,-5.466,-1.648,1.148,0.745,-0.122,-0.0,0.0,0.0,0.009,0.0,0.0,0.0,0.0,0.0,0.0
EXO,426512067,,,,,,,,,,,SAFE,-5.466,-1.648,1.148,0.745,-0.122,-0.0,0.0,0.0,0.009,0.0,0.0,0.0,0.0,0.0,0.0
EXO,426612067,,,,,,,,,,,SAFE,-5.466,-1.648,1.148,0.745,-0.122,-0.0,0.0,0.0,0.009,0.0,0.0,0.0,0.0,0.0,0.0
EXO,426712067,,,,,,,,,,,SAFE,-5.466,-1.648,1.148,0.745,-0.122,-0.0,0.0,0.0,0.009,0.0,0.0,0.0,0.0,0.0,0.0
EXO,426812067,,,,,,,,,,,SAFE,-5.466,-1.648,1.148,0.745,-0.122,-0.0,0.0,0.0,0.009,0.0,0.0,0.0,0.0,0.0,0.0
EXO,426912068,,,,,,,,,,,SAFE,-5.466,-1.648,1.148,0.745,-0.122,-0.0,0.0,0.0,0.009,0.0,0.0,0.0,0.0,0.0,0.0
EXO,427012067,,,,,,,,,,,SAFE,-5.466,-1.648,1.148,0.745,-0.122,-0.0,0.0,0.0,0.009,0.0,0.0,0.0,0.0,0.0,0.0
EXO,427112067,,,,,,,,,,,SAFE,-5.466,-1.648,1.148,0.745,-0.122,-0.0,0.0,0.0,0.009,0.0,0.0,0.0,0.0,0.0,0.0
EXO,427212067,,,,,,,,,,,SAFE,-5.466,-1.648,1.148,0.745,-0.122,-0.0,0.0,0.0,0.009,0.0,0.0,0.0,0.0,0.0,0.0
EXO,427312067,,,,,,,,,,,SAFE,-5.466,-1.648,1.148,0.745,-0.122,-0.0,0.0,0.0,0.009,0.0,0.0,0.0,0.0,0.0,0.0
EXO,427412068,,,,,,,,,,,SAFE,-5.466,-1.648,1.148,0.745,-0.122,-0.0,0.0,0.0,0.009,0.0,0.0,0.0,0.0,0.0,0.0
EXO,427512067,,,,,,,,,,,SAFE,-5.466,-1.648,1.148,0.745,-0.122,-0.0,0.0,0.0,0.009,0.0,0.0,0.0,0.0,0.0,0.0
EXO,427612067,,,,,,,,,,,SAFE,-5.466,-1.648,1.148,0.745,-0.122,-0.0,0.0,0.0,0.009,0.0,0.0,0.0,0.0,0.0,0.0
EXO,427712067,,,,,,,,,,,SAFE,-5.466,-1.648,1.148,0.745,-0.122,-0.0,0.0,0.0,0.009,0.0,0.0,0.0,0.0,0.0,0.0
EXO,427812067,,,,,,,,,,,SAFE,-5.466,-1.648,1.148,0.745,-0.122,-0.0,0.0,0.0,0.009,0.0,0.0,0.0,0.0,0.0,0.0
EXO,427912068,,,,,,,,,,,SAFE,-5.466,-1.648,1.148,0.745,-0.122,-0.0,0.0,0.0,0.009,0.0,0.0,0.0,0.0,0.0,0.0
EXO,428012067,,,,,,,,,,,SAFE,-5.466,-1.648,1.148,0.745,-0.122,-0.0,0.0,0.0,0.009,0.0,0.0,0.0,0.0,0.0,0.0
EXO,428112067,,,,,,,,,,,SAFE,-5.466,-1.648,1.148,0.745,-0.122,-0.0,0.0,0.0,0.009,0.0,0.0,0.0,0.0,0.0,0.0
EXO,428212067,,,,,,,,,,,SAFE,-5.466,-1.648,1.148,0.745,-0.122,-0.0,0.0,0.0,0.009,0.0,0.0,0.0,0.0,0.0,0.0
EXO,428312067,,,,,,,,,,,SAFE,-5.466,-1.648,1.148,0.745,-0.122,-0.0,0.0,0.0,0.009,0.0,0.0,0.0,0.0,0.0,0.0
EXO,428412068,,,,,,,,,,,SAFE,-5.466,-1.648,1.148,0.745,-0.122,-0.0,0.0,0.0,0.009,0.0,0.0,0.0,0.0,0.0,0.0
EXO,428512067,,,,,,,,,,,SAFE,-5.466,-1.648,1.148,0.745,-0.122,-0.0,0.0,0.0,0.009,0.0,0.0,0.0,0.0,0.0,0.0
EXO,428612067,,,,,,,,,,,SAFE,-5.466,-1.648,1.148,0.745,-0.122,-0.0,0.0,0.0,0.009,0.0,0.0,0.0,0.0,0.0,0.0
EXO,428712067,,,,,,,,,,,SAFE,-5.466,-1.648,1.148,0.745,-0.122,-0.0,0.0,0.0,0.009,0.0,0.0,0.0,0.0,0.0,0.0
EXO,428812067,,,,,,,,,,,SAFE,-5.466,-1.648,1.148,0.745,-0.122,-0.0,0.0,0.0,0.009,0.0,0.0,0.0,0.0,0.0,0.0
EXO,428912068,,,,,,,,,,,SAFE,-5.466,-1.648,1.148,0.745,-0.122,-0.0,0.0,0.0,0.009,0.0,0.0,0.0,0.0,0.0,0.0
EXO,429012067,,,,,,,,,,,SAFE,-5.466,-1.648,1.148,0.745,-0.122,-0.0,0.0,0.0,0.009,0.0,0.0,0.0,0.0,0.0,0.0
EXO,429112067,,,,,,,,,,,SAFE,-5.466,-1.648,1.148,0.745,-0.122,-0.0,0.0,0.0,0.009,0.0,0.0,0.0,0.0,0.0,0.0
EXO,429212067,,,,,,,,,,,SAFE,-5.466,-1.648,1.148,0.745,-0.122,-0.0,0.0,0.0,0.009,0.0,0.0,0.0,0.0,0.0,0.0
EXO,429312067,,,,,,,,,,,SAFE,-5.466,-1.648,1.148,0.745,-0.122,-0.0,0.0,0.0,0.009,0.0,0.0,0.0,0.0,0.0,0.0
EXO,429412068,,,,,,,,,,,SAFE,-5.466,-1.648,1.148,0.745,-0.122,-0.0,0.0,0.0,0.009,0.0,0.0,0.0,0.0,0.0,0.0
EXO,429512067,,,,,,,,,,,SAFE,-5.466,-1.648,1.148,0.745,-0.122,-0.0,0.0,0.0,0.009,0.0,0.0,0.0,0.0,0.0,0.0
EXO,429612067,,,,,,,,,,,SAFE,-5.466,-1.648,1.148,0.745,-0.122,-0.0,0.0,0.0,0.009,0.0,0.0,0.0,0.0,0.0,0.0
EXO,429712067,,,,,,,,,,,SAFE,-5.466,-1.648,1.148,0.745,-0.122,-0.0,0.0,0.0,0.009,0.0,0.0,0.0,0.0,0.0,0.0
EXO,429812067,,,,,,,,,,,SAFE,-5.466,-1.648,1.148,0.745,-0.122,-0.0,0.0,0.0,0.009,0.0,0.0,0.0,0.0,0.0,0.0
EXO,429912068,,,,,,,,,,,SAFE,-5.466,-1.648,1.148,0.745,-0.122,-0.0,0.0,0.0,0.009,0.0,0.0,0.0,0.0,0.0,0.0
EXO,430012067,,,,,,,,,,,SAFE,-5.466,-1.648,1.148,0.745,-0.122,-0.0,0.0,0.0,0.009,0.0,0.0,0.0,0.0,0.0,0.0
EXO,430112067,,,,,,,,,,,SAFE,-5.466,-1.648,1.148,0.745,-0.122,-0.0,0.0,0.0,0.009,0.0,0.0,0.0,0.0,0.0,0.0
EXO,430212067,,,,,,,,,,,SAFE,-5.466,-1.648,1.148,0.745,-0.122,-0.0,0.0,0.0,0.009,0.0,0.0,0.0,0.0,0.0,0.0
EXO,430312067,,,,,,,,,,,SAFE,-5.466,-1.648,1.148,0.745,-0.122,-0.0,0.0,0.0,0.009,0.0,0.0,0.0,0.0,0.0,0.0
EXO,430412068,,,,,,,,,,,SAFE,-5.466,-1.648,1.148,0.745,-0.122,-0.0,0.0,0.0,0.009,0.0,0.0,0.0,0.0,0.0,0.0
EXO,430512067,,,,,,,,,,,SAFE,-5.466,-1.648,1.148,0.745,-0.122,-0.0,0.0,0.0,0.009,0.0,0.0,0.0,0.0,0.0,0.0
EXO,430612067,,,,,,,,,,,SAFE,-5.466,-1.648,1.148,0.745,-0.122,-0.0,0.0,0.0,0.009,0.0,0.0,0.0,0.0,0.0,0.0
EXO,430712067,,,,,,,,,,,SAFE,-5.466,-1.648,1.148,0.745,-0.122,-0.0,0.0,0.0,0.009,0.0,0.0,0.0,0.0,0.0,0.0
EXO,430812067,,,,,,,,,,,SAFE,-5.466,-1.648,1.148,0.745,-0.122,-0.0,0.0,0.0,0.009,0.0,0.0,0.0,0.0,0.0,0.0
EXO,430912068,,,,,,,,,,,SAFE,-5.466,-1.648,1.148,0.745,-0.122,-0.0,0.0,0.0,0.009,0.0,0.0,0.0,0.0,0.0,0.0
EXO,431012067,,,,,,,,,,,SAFE,-5.466,-1.648,1.148,0.745,-0.122,-0.0,0.0,0.0,0.009,0.0,0.0,0.0,0.0,0.0,0.0
EXO,431112067,,,,,,,,,,,SAFE,-5.466,-1.648,1.148,0.745,-0.122,-0.0,0.0,0.0,0.009,0.0,0.0,0.0,0.0,0.0,0.0
EXO,431212067,,,,,,,,,,,SAFE,-5.466,-1.648,1.148,0.745,-0.122,-0.0,0.0,0.0,0.009,0.0,0.0,0.0,0.0,0.0,0.0
EXO,431312067,,,,,,,,,,,SAFE,-5.466,-1.648,1.148,0.745,-0.122,-0.0,0.0,0.0,0.009,0.0,0.0,0.0,0.0,0.0,0.0
EXO,431412068,,,,,,,,,,,SAFE,-5.466,-1.648,1.148,0.745,-0.122,-0.0,0.0,0.0,0.009,0.0,0.0,0.0,0.0,0.0,0.0
EXO,431512067,,,,,,,,,,,SAFE,-5.466,-1.648,1.148,0.745,-0.122,-0.0,0.0,0.0,0.009,0.0,0.0,0.0,0.0,0.0,0.0
EXO,431612067,,,,,,,,,,,SAFE,-5.466,-1.648,1.148,0.745,-0.122,-0.0,0.0,0.0,0.009,0.0,0.0,0.0,0.0,0.0,0.0
EXO,431712067,,,,,,,,,,,SAFE,-5.466,-1.648,1.148,0.745,-0.122,-0.0,0.0,0.0,0.009,0.0,0.0,0.0,0.0,0.0,0.0
EXO,431812067,,,,,,,,,,,SAFE,-5.466,-1.648,1.148,0.745,-0.122,-0.0,0.0,0.0,0.009,0.0,0.0,0.0,0.0,0.0,0.0
EXO,431912068,,,,,,,,,,,SAFE,-5.466,-1.648,1.148,0.745,-0.122,-0.0,0.0,0.0,0.009,0.0,0.0,0.0,0.0,0.0,0.0
EXO,432012067,,,,,,,,,,,SAFE,-5.466,-1.648,1.148,0.745,-0.122,-0.0,0.0,0.0,0.009,0.0,0.0,0.0,0.0,0.0,0.0
EXO,432112067,,,,,,,,,,,SAFE,-5.466,-1.648,1.148,0.745,-0.122,-0.0,0.0,0.0,0.009,0.0,0.0,0.0,0.0,0.0,0.0
EXO,432212067,,,,,,,,,,,SAFE,-5.466,-1.648,1.148,0.745,-0.122,-0.0,0.0,0.0,0.009,0.0,0.0,0.0,0.0,0.0,0.0
EXO,432312067,,,,,,,,,,,SAFE,-5.466,-1.648,1.148,0.745,-0.122,-0.0,0.0,0.0,0.009,0.0,0.0,0.0,0.0,0.0,0.0
EXO,432412068,,,,,,,,,,,SAFE,-5.466,-1.648,1.148,0.745,-0.122,-0.0,0.0,0.0,0.009,0.0,0.0,0.0,0.0,0.0,0.0
EXO,432512067,,,,,,,,,,,SAFE,-5.466,-1.648,1.148,0.745,-0.122,-0.0,0.0,0.0,0.009,0.0,0.0,0.0,0.0,0.0,0.0
EXO,432612067,,,,,,,,,,,SAFE,-5.466,-1.648,1.148,0.745,-0.122,-0.0,0.0,0.0,0.009,0.0,0.0,0.0,0.0,0.0,0.0
EXO,432712067,,,,,,,,,,,SAFE,-5.466,-1.648,1.148,0.745,-0.122,-0.0,0.0,0.0,0.009,0.0,0.0,0.0,0.0,0.0,0.0
EXO,432812067,,,,,,,,,,,SAFE,-5.466,-1.648,1.148,0.745,-0.122,-0.0,0.0,0.0,0.009,0.0,0.0,0.0,0.0,0.0,0.0
EXO,432912068,,,,,,,,,,,SAFE,-5.466,-1.648,1.148,0.745,-0.122,-0.0,0.0,0.0,0.009,0.0,0.0,0.0,0.0,0.0,0.0
EXO,433012067,,,,,,,,,,,SAFE,-5.466,-1.648,1.148,0.745,-0.122,-0.0,0.0,0.0,0.009,0.0,0.0,0.0,0.0,0.0,0.0
EXO,433112067,,,,,,,,,,,SAFE,-5.466,-1.648,1.148,0.745,-0.122,-0.0,0.0,0.0,0.009,0.0,0.0,0.0,0.0,0.0,0.0
EXO,433212067,,,,,,,,,,,SAFE,-5.466,-1.648,1.148,0.745,-0.122,-0.0,0.0,0.0,0.009,0.0,0.0,0.0,0.0,0.0,0.0
EXO,433312067,,,,,,,,,,,SAFE,-5.466,-1.648,1.148,0.745,-0.122,-0.0,0.0,0.0,0.009,0.0,0.0,0.0,0.0,0.0,0.0
EXO,433412068,,,,,,,,,,,SAFE,-5.466,-1.648,1.148,0.745,-0.122,-0.0,0.0,0.0,0.009,0.0,0.0,0.0,0.0,0.0,0.0
EXO,433512067,,,,,,,,,,,SAFE,-5.466,-1.648,1.148,0.745,-0.122,-0.0,0.0,0.0,0.009,0.0,0.0,0.0,0.0,0.0,0.0
EXO,433612067,,,,,,,,,,,SAFE,-5.466,-1.648,1.148,0.745,-0.122,-0.0,0.0,0.0,0.009,0.0,0.0,0.0,0.0,0.0,0.0
EXO,433712067,,,,,,,,,,,SAFE,-5.466,-1.648,1.148,0.745,-0.122,-0.0,0.0,0.0,0.009,0.0,0.0,0.0,0.0,0.0,0.0
EXO,433812067,,,,,,,,,,,SAFE,-5.466,-1.648,1.148,0.745,-0.122,-0.0,0.0,0.0,0.009,0.0,0.0,0.0,0.0,0.0,0.0
EXO,433912068,,,,,,,,,,,SAFE,-5.466,-1.648,1.148,0.745,-0.122,-0.0,0.0,0.0,0.009,0.0,0.0,0.0,0.0,0.0,0.0
EXO,434012067,,,,,,,,,,,SAFE,-5.466,-1.648,1.148,0.745,-0.122,-0.0,0.0,0.0,0.009,0.0,0.0,0.0,0.0,0.0,0.0
EXO,434112067,,,,,,,,,,,SAFE,-5.466,-1.648,1.148,0.745,-0.122,-0.0,0.0,0.0,0.009,0.0,0.0,0.0,0.0,0.0,0.0
EXO,434212067,,,,,,,,,,,SAFE,-5.466,-1.648,1.148,0.745,-0.122,-0.0,0.0,0.0,0.009,0.0,0.0,0.0,0.0,0.0,0.0
EXO,434312067,,,,,,,,,,,SAFE,-5.466,-1.648,1.148,0.745,-0.122,-0.0,0.0,0.0,0.009,0.0,0.0,0.0,0.0,0.0,0.0
EXO,434412068,,,,,,,,,,,SAFE,-5.466,-1.648,1.148,0.745,-0.122,-0.0,0.0,0.0,0.009,0.0,0.0,0.0,0.0,0.0,0.0
EXO,434512067,,,,,,,,,,,SAFE,-5.466,-1.648,1.148,0.745,-0.122,-0.0,0.0,0.0,0.009,0.0,0.0,0.0,0.0,0.0,0.0
EXO,434612067,,,,,,,,,,,SAFE,-5.466,-1.648,1.148,0.745,-0.122,-0.0,0.0,0.0,0.009,0.0,0.0,0.0,0.0,0.0,0.0
EXO,434712067,,,,,,,,,,,SAFE,-5.466,-1.648,1.148,0.745,-0.122,-0.0,0.0,0.0,0.009,0.0,0.0,0.0,0.0,0.0,0.0
EXO,434812067,,,,,,,,,,,SAFE,-5.466,-1.648,1.148,0.745,-0.122,-0.0,0.0,0.0,0.009,0.0,0.0,0.0,0.0,0.0,0.0
EXO,434912068,,,,,,,,,,,SAFE,-5.466,-1.648,1.148,0.745,-0.122,-0.0,0.0,0.0,0.009,0.0,0.0,0.0,0.0,0.0,0.0
EXO,435012067,,,,,,,,,,,SAFE,-5.466,-1.648,1.148,0.745,-0.122,-0.0,0.0,0.0,0.009,0.0,0.0,0.0,0.0,0.0,0.0
EXO,435112067,,,,,,,,,,,SAFE,-5.466,-1.648,1.148,0.745,-0.122,-0.0,0.0,0.0,0.009,0.0,0.0,0.0,0.0,0.0,0.0
EXO,435212067,,,,,,,,,,,SAFE,-5.466,-1.648,1.148,0.745,-0.122,-0.0,0.0,0.0,0.009,0.0,0.0,0.0,0.0,0.0,0.0
EXO,435312067,,,,,,,,,,,SAFE,-5.466,-1.648,1.148,0.745,-0.122,-0.0,0.0,0.0,0.009,0.0,0.0,0.0,0.0,0.0,0.0
EXO,435412068,,,,,,,,,,,SAFE,-5.466,-1.648,1.148,0.745,-0.122,-0.0,0.0,0.0,0.009,0.0,0.0,0.0,0.0,0.0,0.0
EXO,435512067,,,,,,,,,,,SAFE,-5.466,-1.648,1.148,0.745,-0.122,-0.0,0.0,0.0,0.009,0.0,0.0,0.0,0.0,0.0,0.0
EXO,435612067,,,,,,,,,,,SAFE,-5.466,-1.648,1.148,0.745,-0.122,-0.0,0.0,0.0,0.009,0.0,0.0,0.0,0.0,0.0,0.0
EXO,435712067,,,,,,,,,,,SAFE,-5.466,-1.648,1.148,0.745,-0.122,-0.0,0.0,0.0,0.009,0.0,0.0,0.0,0.0,0.0,0.0
EXO,435812067,,,,,,,,,,,SAFE,-5.466,-1.648,1.148,0.745,-0.122,-0.0,0.0,0.0,0.009,0.0,0.0,0.0,0.0,0.0,0.0
EXO,435912068,,,,,,,,,,,SAFE,-5.466,-1.648,1.148,0.745,-0.122,-0.0,0.0,0.0,0.009,0.0,0.0,0.0,0.0,0.0,0.0
EXO,436012067,,,,,,,,,,,SAFE,-5.466,-1.648,1.148,0.745,-0.122,-0.0,0.0,0.0,0.009,0.0,0.0,0.0,0.0,0.0,0.0
EXO,436112067,,,,,,,,,,,SAFE,-5.466,-1.648,1.148,0.745,-0.122,-0.0,0.0,0.0,0.009,0.0,0.0,0.0,0.0,0.0,0.0
EXO,436212067,,,,,,,,,,,SAFE,-5.466,-1.648,1.148,0.745,-0.122,-0.0,0.0,0.0,0.009,0.0,0.0,0.0,0.0,0.0,0.0
EXO,436312067,,,,,,,,,,,SAFE,-5.466,-1.648,1.148,0.745,-0.122,-0.0,0.0,0.0,0.009,0.0,0.0,0.0,0.0,0.0,0.0
EXO,436412068,,,,,,,,,,,SAFE,-5.466,-1.648,1.148,0.745,-0.122,-0.0,0.0,0.0,0.009,0.0,0.0,0.0,0.0,0.0,0.0
EXO,436512067,,,,,,,,,,,SAFE,-5.466,-1.648,1.148,0.745,-0.122,-0.0,0.0,0.0,0.009,0.0,0.0,0.0,0.0,0.0,0.0
EXO,436612067,,,,,,,,,,,SAFE,-5.466,-1.648,1.148,0.745,-0.122,-0.0,0.0,0.0,0.009,0.0,0.0,0.0,0.0,0.0,0.0
EXO,436712067,,,,,,,,,,,SAFE,-5.466,-1.648,1.148,0.745,-0.122,-0.0,0.0,0.0,0.009,0.0,0.0,0.0,0.0,0.0,0.0
EXO,436812067,,,,,,,,,,,SAFE,-5.466,-1.648,1.148,0.745,-0.122,-0.0,0.0,0.0,0.009,0.0,0.0,0.0,0.0,0.0,0.0
EXO,436912068,,,,,,,,,,,SAFE,-5.466,-1.648,1.148,0.745,-0.122,-0.0,0.0,0.0,0.009,0.0,0.0,0.0,0.0,0.0,0.0
EXO,437012067,,,,,,,,,,,SAFE,-5.466,-1.648,1.148,0.745,-0.122,-0.0,0.0,0.0,0.009,0.0,0.0,0.0,0.0,0.0,0.0
EXO,437112067,,,,,,,,,,,SAFE,-5.466,-1.648,1.148,0.745,-0.122,-0.0,0.0,0.0,0.009,0.0,0.0,0.0,0.0,0.0,0.0
EXO,437212067,,,,,,,,,,,SAFE,-5.466,-1.648,1.148,0.745,-0.122,-0.0,0.0,0.0,0.009,0.0,0.0,0.0,0.0,0.0,0.0
EXO,437312067,,,,,,,,,,,SAFE,-5.466,-1.648,1.148,0.745,-0.122,-0.0,0.0,0.0,0.009,0.0,0.0,0.0,0.0,0.0,0.0
EXO,437412068,,,,,,,,,,,SAFE,-5.466,-1.648,1.148,0.745,-0.122,-0.0,0.0,0.0,0.009,0.0,0.0,0.0,0.0,0.0,0.0
EXO,437512067,,,,,,,,,,,SAFE,-5.466,-1.648,1.148,0.745,-0.122,-0.0,0.0,0.0,0.009,0.0,0.0,0.0,0.0,0.0,0.0
EXO,437612067,,,,,,,,,,,SAFE,-5.466,-1.648,1.148,0.745,-0.122,-0.0,0.0,0.0,0.009,0.0,0.0,0.0,0.0,0.0,0.0
EXO,437712067,,,,,,,,,,,SAFE,-5.466,-1.648,1.148,0.745,-0.122,-0.0,0.0,0.0,0.009,0.0,0.0,0.0,0.0,0.0,0.0
EXO,437812067,,,,,,,,,,,SAFE,-5.466,-1.648,1.148,0.745,-0.122,-0.0,0.0,0.0,0.009,0.0,0.0,0.0,0.0,0.0,0.0
EXO,437912068,,,,,,,,,,,SAFE,-5.466,-1.648,1.148,0.745,-0.122,-0.0,0.0,0.0,0.009,0.0,0.0,0.0,0.0,0.0,0.0
EXO,438012067,,,,,,,,,,,SAFE,-5.466,-1.648,1.148,0.745,-0.122,-0.0,0.0,0.0,0.009,0.0,0.0,0.0,0.0,0.0,0.0
EXO,438112067,,,,,,,,,,,SAFE,-5.466,-1.648,1.148,0.745,-0.122,-0.0,0.0,0.0,0.009,0.0,0.0,0.0,0.0,0.0,0.0
EXO,438212067,,,,,,,,,,,SAFE,-5.466,-1.648,1.148,0.745,-0.122,-0.0,0.0,0.0,0.009,0.0,0.0,0.0,0.0,0.0,0.0
EXO,438312067,,,,,,,,,,,SAFE,-5.466,-1.648,1.148,0.745,-0.122,-0.0,0.0,0.0,0.009,0.0,0.0,0.0,0.0,0.0,0.0
EXO,438412068,,,,,,,,,,,SAFE,-5.466,-1.648,1.148,0.745,-0.122,-0.0,0.0,0.0,0.009,0.0,0.0,0.0,0.0,0.0,0.0
EXO,438512067,,,,,,,,,,,SAFE,-5.466,-1.648,1.148,0.745,-0.122,-0.0,0.0,0.0,0.009,0.0,0.0,0.0,0.0,0.0,0.0
EXO,438612067,,,,,,,,,,,SAFE,-5.466,-1.648,1.148,0.745,-0.122,-0.0,0.0,0.0,0.009,0.0,0.0,0.0,0.0,0.0,0.0
EXO,438712067,,,,,,,,,,,SAFE,-5.466,-1.648,1.148,0.745,-0.122,-0.0,0.0,0.0,0.009,0.0,0.0,0.0,0.0,0.0,0.0
EXO,438812067,,,,,,,,,,,SAFE,-5.466,-1.648,1.148,0.745,-0.122,-0.0,0.0,0.0,0.009,0.0,0.0,0.0,0.0,0.0,0.0
EXO,438912068,,,,,,,,,,,SAFE,-5.466,-1.648,1.148,0.745,-0.122,-0.0,0.0,0.0,0.009,0.0,0.0,0.0,0.0,0.0,0.0
EXO,439012067,,,,,,,,,,,SAFE,-5.466,-1.648,1.148,0.745,-0.122,-0.0,0.0,0.0,0.009,0.0,0.0,0.0,0.0,0.0,0.0
EXO,439112067,,,,,,,,,,,SAFE,-5.466,-1.648,1.148,0.745,-0.122,-0.0,0.0,0.0,0.009,0.0,0.0,0.0,0.0,0.0,0.0
EXO,439212067,,,,,,,,,,,SAFE,-5.466,-1.648,1.148,0.745,-0.122,-0.0,0.0,0.0,0.009,0.0,0.0,0.0,0.0,0.0,0.0
EXO,439312067,,,,,,,,,,,SAFE,-5.466,-1.648,1.148,0.745,-0.122,-0.0,0.0,0.0,0.009,0.0,0.0,0.0,0.0,0.0,0.0
EXO,439412068,,,,,,,,,,,SAFE,-5.466,-1.648,1.148,0.745,-0.122,-0.0,0.0,0.0,0.009,0.0,0.0,0.0,0.0,0.0,0.0
EXO,439512067,,,,,,,,,,,SAFE,-5.466,-1.648,1.148,0.745,-0.122,-0.0,0.0,0.0,0.009,0.0,0.0,0.0,0.0,0.0,0.0
EXO,439612067,,,,,,,,,,,SAFE,-5.466,-1.648,1.148,0.745,-0.122,-0.0,0.0,0.0,0.009,0.0,0.0,0.0,0.0,0.0,0.0
EXO,439712067,,,,,,,,,,,SAFE,-5.466,-1.648,1.148,0.745,-0.122,-0.0,0.0,0.0,0.009,0.0,0.0,0.0,0.0,0.0,0.0
EXO,439812067,,,,,,,,,,,SAFE,-5.466,-1.648,1.148,0.745,-0.122,-0.0,0.0,0.0,0.009,0.0,0.0,0.0,0.0,0.0,0.0
EXO,439912068,,,,,,,,,,,SAFE,-5.466,-1.648,1.148,0.745,-0.122,-0.0,0.0,0.0,0.009,0.0,0.0,0.0,0.0,0.0,0.0
EXO,440012067,,,,,,,,,,,SAFE,-5.466,-1.648,1.148,0.745,-0.122,-0.0,0.0,0.0,0.009,0.0,0.0,0.0,0.0,0.0,0.0
EXO,440112067,,,,,,,,,,,SAFE,-5.466,-1.648,1.148,0.745,-0.122,-0.0,0.0,0.0,0.009,0.0,0.0,0.0,0.0,0.0,0.0
EXO,440212067,,,,,,,,,,,SAFE,-5.466,-1.648,1.148,0.745,-0.122,-0.0,0.0,0.0,0.009,0.0,0.0,0.0,0.0,0.0,0.0
EXO,440312067,,,,,,,,,,,SAFE,-5.466,-1.648,1.148,0.745,-0.122,-0.0,0.0,0.0,0.009,0.0,0.0,0.0,0.0,0.0,0.0
EXO,440412068,,,,,,,,,,,SAFE,-5.466,-1.648,1.148,0.745,-0.122,-0.0,0.0,0.0,0.009,0.0,0.0,0.0,0.0,0.0,0.0
EXO,440512067,,,,,,,,,,,SAFE,-5.466,-1.648,1.148,0.745,-0.122,-0.0,0.0,0.0,0.009,0.0,0.0,0.0,0.0,0.0,0.0
EXO,440612067,,,,,,,,,,,SAFE,-5.466,-1.648,1.148,0.745,-0.122,-0.0,0.0,0.0,0.009,0.0,0.0,0.0,0.0,0.0,0.0
EXO,440712067,,,,,,,,,,,SAFE,-5.466,-1.648,1.148,0.745,-0.122,-0.0,0.0,0.0,0.009,0.0,0.0,0.0,0.0,0.0,0.0
EXO,440812067,,,,,,,,,,,SAFE,-5.466,-1.648,1.148,0.745,-0.122,-0.0,0.0,0.0,0.009,0.0,0.0,0.0,0.0,0.0,0.0
EXO,440912068,,,,,,,,,,,SAFE,-5.466,-1.648,1.148,0.745,-0.122,-0.0,0.0,0.0,0.009,0.0,0.0,0.0,0.0,0.0,0.0
EXO,441012067,,,,,,,,,,,SAFE,-5.466,-1.648,1.148,0.745,-0.122,-0.0,0.0,0.0,0.009,0.0,0.0,0.0,0.0,0.0,0.0
EXO,441112067,,,,,,,,,,,SAFE,-5.466,-1.648,1.148,0.745,-0.122,-0.0,0.0,0.0,0.009,0.0,0.0,0.0,0.0,0.0,0.0
EXO,441212067,,,,,,,,,,,SAFE,-5.466,-1.648,1.148,0.745,-0.122,-0.0,0.0,0.0,0.009,0.0,0.0,0.0,0.0,0.0,0.0
EXO,441312067,,,,,,,,,,,SAFE,-5.466,-1.648,1.148,0.745,-0.122,-0.0,0.0,0.0,0.009,0.0,0.0,0.0,0.0,0.0,0.0
EXO,441412068,,,,,,,,,,,SAFE,-5.466,-1.648,1.148,0.745,-0.122,-0.0,0.0,0.0,0.009,0.0,0.0,0.0,0.0,0.0,0.0
EXO,441512067,,,,,,,,,,,SAFE,-5.466,-1.648,1.148,0.745,-0.122,-0.0,0.0,0.0,0.009,0.0,0.0,0.0,0.0,0.0,0.0
EXO,441612067,,,,,,,,,,,SAFE,-5.466,-1.648,1.148,0.745,-0.122,-0.0,0.0,0.0,0.009,0.0,0.0,0.0,0.0,0.0,0.0
EXO,441712067,,,,,,,,,,,SAFE,-5.466,-1.648,1.148,0.745,-0.122,-0.0,0.0,0.0,0.009,0.0,0.0,0.0,0.0,0.0,0.0
EXO,441812067,,,,,,,,,,,SAFE,-5.466,-1.648,1.148,0.745,-0.122,-0.0,0.0,0.0,0.009,0.0,0.0,0.0,0.0,0.0,0.0
EXO,441912068,,,,,,,,,,,SAFE,-5.466,-1.648,1.148,0.745,-0.122,-0.0,0.0,0.0,0.009,0.0,0.0,0.0,0.0,0.0,0.0
EXO,442012067,,,,,,,,,,,SAFE,-5.466,-1.648,1.148,0.745,-0.122,-0.0,0.0,0.0,0.009,0.0,0.0,0.0,0.0,0.0,0.0
EXO,442112067,,,,,,,,,,,SAFE,-5.466,-1.648,1.148,0.745,-0.122,-0.0,0.0,0.0,0.009,0.0,0.0,0.0,0.0,0.0,0.0
EXO,442212067,,,,,,,,,,,SAFE,-5.466,-1.648,1.148,0.745,-0.122,-0.0,0.0,0.0,0.009,0.0,0.0,0.0,0.0,0.0,0.0
EXO,442312067,,,,,,,,,,,SAFE,-5.466,-1.648,1.148,0.745,-0.122,-0.0,0.0,0.0,0.009,0.0,0.0,0.0,0.0,0.0,0.0
EXO,442412068,,,,,,,,,,,SAFE,-5.466,-1.648,1.148,0.745,-0.122,-0.0,0.0,0.0,0.009,0.0,0.0,0.0,0.0,0.0,0.0
EXO,442512067,,,,,,,,,,,SAFE,-5.466,-1.648,1.148,0.745,-0.122,-0.0,0.0,0.0,0.009,0.0,0.0,0.0,0.0,0.0,0.0
EXO,442612067,,,,,,,,,,,SAFE,-5.466,-1.648,1.148,0.745,-0.122,-0.0,0.0,0.0,0.009,0.0,0.0,0.0,0.0,0.0,0.0
EXO,442712067,,,,,,,,,,,SAFE,-5.466,-1.648,1.148,0.745,-0.122,-0.0,0.0,0.0,0.009,0.0,0.0,0.0,0.0,0.0,0.0
EXO,442812067,,,,,,,,,,,SAFE,-5.466,-1.648,1.148,0.745,-0.122,-0.0,0.0,0.0,0.009,0.0,0.0,0.0,0.0,0.0,0.0
EXO,442912068,,,,,,,,,,,SAFE,-5.466,-1.648,1.148,0.745,-0.122,-0.0,0.0,0.0,0.009,0.0,0.0,0.0,0.0,0.0,0.0
EXO,443012067,,,,,,,,,,,SAFE,-5.466,-1.648,1.148,0.745,-0.122,-0.0,0.0,0.0,0.009,0.0,0.0,0.0,0.0,0.0,0.0
EXO,443112067,,,,,,,,,,,SAFE,-5.466,-1.648,1.148,0.745,-0.122,-0.0,0.0,0.0,0.009,0.0,0.0,0.0,0.0,0.0,0.0
EXO,443212067,,,,,,,,,,,SAFE,-5.466,-1.648,1.148,0.745,-0.122,-0.0,0.0,0.0,0.009,0.0,0.0,0.0,0.0,0.0,0.0
EXO,443312067,,,,,,,,,,,SAFE,-5.466,-1.648,1.148,0.745,-0.122,-0.0,0.0,0.0,0.009,0.0,0.0,0.0,0.0,0.0,0.0
EXO,443412068,,,,,,,,,,,SAFE,-5.466,-1.648,1.148,0.745,-0.122,-0.0,0.0,0.0,0.009,0.0,0.0,0.0,0.0,0.0,0.0
EXO,443512067,,,,,,,,,,,SAFE,-5.466,-1.648,1.148,0.745,-0.122,-0.0,0.0,0.0,0.009,0.0,0.0,0.0,0.0,0.0,0.0
EXO,443612067,,,,,,,,,,,SAFE,-5.466,-1.648,1.148,0.745,-0.122,-0.0,0.0,0.0,0.009,0.0,0.0,0.0,0.0,0.0,0.0
EXO,443712067,,,,,,,,,,,SAFE,-5.466,-1.648,1.148,0.745,-0.122,-0.0,0.0,0.0,0.009,0.0,0.0,0.0,0.0,0.0,0.0
EXO,443812067,,,,,,,,,,,SAFE,-5.466,-1.648,1.148,0.745,-0.122,-0.0,0.0,0.0,0.009,0.0,0.0,0.0,0.0,0.0,0.0
EXO,443912068,,,,,,,,,,,SAFE,-5.466,-1.648,1.148,0.745,-0.122,-0.0,0.0,0.0,0.009,0.0,0.0,0.0,0.0,0.0,0.0
EXO,444012067,,,,,,,,,,,SAFE,-5.466,-1.648,1.148,0.745,-0.122,-0.0,0.0,0.0,0.009,0.0,0.0,0.0,0.0,0.0,0.0
EXO,444112067,,,,,,,,,,,SAFE,-5.466,-1.648,1.148,0.745,-0.122,-0.0,0.0,0.0,0.009,0.0,0.0,0.0,0.0,0.0,0.0
EXO,444212067,,,,,,,,,,,SAFE,-5.466,-1.648,1.148,0.745,-0.122,-0.0,0.0,0.0,0.009,0.0,0.0,0.0,0.0,0.0,0.0
EXO,444312067,,,,,,,,,,,SAFE,-5.466,-1.648,1.148,0.745,-0.122,-0.0,0.0,0.0,0.009,0.0,0.0,0.0,0.0,0.0,0.0
EXO,444412068,,,,,,,,,,,SAFE,-5.466,-1.648,1.148,0.745,-0.122,-0.0,0.0,0.0,0.009,0.0,0.0,0.0,0.0,0.0,0.0
EXO,444512067,,,,,,,,,,,SAFE,-5.466,-1.648,1.148,0.745,-0.122,-0.0,0.0,0.0,0.009,0.0,0.0,0.0,0.0,0.0,0.0
EXO,444612067,,,,,,,,,,,SAFE,-5.466,-1.648,1.148,0.745,-0.122,-0.0,0.0,0.0,0.009,0.0,0.0,0.0,0.0,0.0,0.0
EXO,444712067,,,,,,,,,,,SAFE,-5.466,-1.648,1.148,0.745,-0.122,-0.0,0.0,0.0,0.009,0.0,0.0,0.0,0.0,0.0,0.0
EXO,444812067,,,,,,,,,,,SAFE,-5.466,-1.648,1.148,0.745,-0.122,-0.0,0.0,0.0,0.009,0.0,0.0,0.0,0.0,0.0,0.0
EXO,444912068,,,,,,,,,,,SAFE,-5.466,-1.648,1.148,0.745,-0.122,-0.0,0.0,0.0,0.009,0.0,0.0,0.0,0.0,0.0,0.0
EXO,445012067,,,,,,,,,,,SAFE,-5.466,-1.648,1.148,0.745,-0.122,-0.0,0.0,0.0,0.009,0.0,0.0,0.0,0.0,0.0,0.0
EXO,445112067,,,,,,,,,,,SAFE,-5.466,-1.648,1.148,0.745,-0.122,-0.0,0.0,0.0,0.009,0.0,0.0,0.0,0.0,0.0,0.0
EXO,445212067,,,,,,,,,,,SAFE,-5.466,-1.648,1.148,0.745,-0.122,-0.0,0.0,0.0,0.009,0.0,0.0,0.0,0.0,0.0,0.0
EXO,445312067,,,,,,,,,,,SAFE,-5.466,-1.648,1.148,0.745,-0.122,-0.0,0.0,0.0,0.009,0.0,0.0,0.0,0.0,0.0,0.0
EXO,445412068,,,,,,,,,,,SAFE,-5.466,-1.648,1.148,0.745,-0.122,-0.0,0.0,0.0,0.009,0.0,0.0,0.0,0.0,0.0,0.0
EXO,445512067,,,,,,,,,,,SAFE,-5.466,-1.648,1.148,0.745,-0.122,-0.0,0.0,0.0,0.009,0.0,0.0,0.0,0.0,0.0,0.0
EXO,445612067,,,,,,,,,,,SAFE,-5.466,-1.648,1.148,0.745,-0.122,-0.0,0.0,0.0,0.009,0.0,0.0,0.0,0.0,0.0,0.0
EXO,445712067,,,,,,,,,,,SAFE,-5.466,-1.648,1.148,0.745,-0.122,-0.0,0.0,0.0,0.009,0.0,0.0,0.0,0.0,0.0,0.0
EXO,445812067,,,,,,,,,,,SAFE,-5.466,-1.648,1.148,0.745,-0.122,-0.0,0.0,0.0,0.009,0.0,0.0,0.0,0.0,0.0,0.0
EXO,445912068,,,,,,,,,,,SAFE,-5.466,-1.648,1.148,0.745,-0.122,-0.0,0.0,0.0,0.009,0.0,0.0,0.0,0.0,0.0,0.0
EXO,446012067,,,,,,,,,,,SAFE,-5.466,-1.648,1.148,0.745,-0.122,-0.0,0.0,0.0,0.009,0.0,0.0,0.0,0.0,0.0,0.0
EXO,446112067,,,,,,,,,,,SAFE,-5.466,-1.648,1.148,0.745,-0.122,-0.0,0.0,0.0,0.009,0.0,0.0,0.0,0.0,0.0,0.0
EXO,446212067,,,,,,,,,,,SAFE,-5.466,-1.648,1.148,0.745,-0.122,-0.0,0.0,0.0,0.009,0.0,0.0,0.0,0.0,0.0,0.0
EXO,446312067,,,,,,,,,,,SAFE,-5.466,-1.648,1.148,0.745,-0.122,-0.0,0.0,0.0,0.009,0.0,0.0,0.0,0.0,0.0,0.0
EXO,446412068,,,,,,,,,,,SAFE,-5.466,-1.648,1.148,0.745,-0.122,-0.0,0.0,0.0,0.009,0.0,0.0,0.0,0.0,0.0,0.0
EXO,446512067,,,,,,,,,,,SAFE,-5.466,-1.648,1.148,0.745,-0.122,-0.0,0.0,0.0,0.009,0.0,0.0,0.0,0.0,0.0,0.0
EXO,446612067,,,,,,,,,,,SAFE,-5.466,-1.648,1.148,0.745,-0.122,-0.0,0.0,0.0,0.009,0.0,0.0,0.0,0.0,0.0,0.0
EXO,446712067,,,,,,,,,,,SAFE,-5.466,-1.648,1.148,0.745,-0.122,-0.0,0.0,0.0,0.009,0.0,0.0,0.0,0.0,0.0,0.0
EXO,446812067,,,,,,,,,,,SAFE,-5.466,-1.648,1.148,0.745,-0.122,-0.0,0.0,0.0,0.009,0.0,0.0,0.0,0.0,0.0,0.0
EXO,446912068,,,,,,,,,,,SAFE,-5.466,-1.648,1.148,0.745,-0.122,-0.0,0.0,0.0,0.009,0.0,0.0,0.0,0.0,0.0,0.0
EXO,447012067,,,,,,,,,,,SAFE,-5.466,-1.648,1.148,0.745,-0.122,-0.0,0.0,0.0,0.009,0.0,0.0,0.0,0.0,0.0,0.0
EXO,447112067,,,,,,,,,,,SAFE,-5.466,-1.648,1.148,0.745,-0.122,-0.0,0.0,0.0,0.009,0.0,0.0,0.0,0.0,0.0,0.0
EXO,447212067,,,,,,,,,,,SAFE,-5.466,-1.648,1.148,0.745,-0.122,-0.0,0.0,0.0,0.009,0.0,0.0,0.0,0.0,0.0,0.0
EXO,447312067,,,,,,,,,,,SAFE,-5.466,-1.648,1.148,0.745,-0.122,-0.0,0.0,0.0,0.009,0.0,0.0,0.0,0.0,0.0,0.0
EXO,447412068,,,,,,,,,,,SAFE,-5.466,-1.648,1.148,0.745,-0.122,-0.0,0.0,0.0,0.009,0.0,0.0,0.0,0.0,0.0,0.0
EXO,447512067,,,,,,,,,,,SAFE,-5.466,-1.648,1.148,0.745,-0.122,-0.0,0.0,0.0,0.009,0.0,0.0,0.0,0.0,0.0,0.0
EXO,447612067,,,,,,,,,,,SAFE,-5.466,-1.648,1.148,0.745,-0.122,-0.0,0.0,0.0,0.009,0.0,0.0,0.0,0.0,0.0,0.0
EXO,447712067,,,,,,,,,,,SAFE,-5.466,-1.648,1.148,0.745,-0.122,-0.0,0.0,0.0,0.009,0.0,0.0,0.0,0.0,0.0,0.0
EXO,447812067,,,,,,,,,,,SAFE,-5.466,-1.648,1.148,0.745,-0.122,-0.0,0.0,0.0,0.009,0.0,0.0,0.0,0.0,0.0,0.0
EXO,447912068,,,,,,,,,,,SAFE,-5.466,-1.648,1.148,0.745,-0.122,-0.0,0.0,0.0,0.009,0.0,0.0,0.0,0.0,0.0,0.0
EXO,448012067,,,,,,,,,,,SAFE,-5.466,-1.648,1.148,0.745,-0.122,-0.0,0.0,0.0,0.009,0.0,0.0,0.0,0.0,0.0,0.0
EXO,448112067,,,,,,,,,,,SAFE,-5.466,-1.648,1.148,0.745,-0.122,-0.0,0.0,0.0,0.009,0.0,0.0,0.0,0.0,0.0,0.0
EXO,448212067,,,,,,,,,,,SAFE,-5.466,-1.648,1.148,0.745,-0.122,-0.0,0.0,0.0,0.009,0.0,0.0,0.0,0.0,0.0,0.0
EXO,448312067,,,,,,,,,,,SAFE,-5.466,-1.648,1.148,0.745,-0.122,-0.0,0.0,0.0,0.009,0.0,0.0,0.0,0.0,0.0,0.0
EXO,448412068,,,,,,,,,,,SAFE,-5.466,-1.648,1.148,0.745,-0.122,-0.0,0.0,0.0,0.009,0.0,0.0,0.0,0.0,0.0,0.0
EXO,448512067,,,,,,,,,,,SAFE,-5.466,-1.648,1.148,0.745,-0.122,-0.0,0.0,0.0,0.009,0.0,0.0,0.0,0.0,0.0,0.0
EXO,448612067,,,,,,,,,,,SAFE,-5.466,-1.648,1.148,0.745,-0.122,-0.0,0.0,0.0,0.009,0.0,0.0,0.0,0.0,0.0,0.0
EXO,448712067,,,,,,,,,,,SAFE,-5.466,-1.648,1.148,0.745,-0.122,-0.0,0.0,0.0,0.009,0.0,0.0,0.0,0.0,0.0,0.0
EXO,448812067,,,,,,,,,,,SAFE,-5.466,-1.648,1.148,0.745,-0.122,-0.0,0.0,0.0,0.009,0.0,0.0,0.0,0.0,0.0,0.0
EXO,448912068,,,,,,,,,,,SAFE,-5.466,-1.648,1.148,0.745,-0.122,-0.0,0.0,0.0,0.009,0.0,0.0,0.0,0.0,0.0,0.0
EXO,449012067,,,,,,,,,,,SAFE,-5.466,-1.648,1.148,0.745,-0.122,-0.0,0.0,0.0,0.009,0.0,0.0,0.0,0.0,0.0,0.0
EXO,449112067,,,,,,,,,,,SAFE,-5.466,-1.648,1.148,0.745,-0.122,-0.0,0.0,0.0,0.009,0.0,0.0,0.0,0.0,0.0,0.0
EXO,449212067,,,,,,,,,,,SAFE,-5.466,-1.648,1.148,0.745,-0.122,-0.0,0.0,0.0,0.009,0.0,0.0,0.0,0.0,0.0,0.0
EXO,449312067,,,,,,,,,,,SAFE,-5.466,-1.648,1.148,0.745,-0.122,-0.0,0.0,0.0,0.009,0.0,0.0,0.0,0.0,0.0,0.0
EXO,449412068,,,,,,,,,,,SAFE,-5.466,-1.648,1.148,0.745,-0.122,-0.0,0.0,0.0,0.009,0.0,0.0,0.0,0.0,0.0,0.0
EXO,449512067,,,,,,,,,,,SAFE,-5.466,-1.648,1.148,0.745,-0.122,-0.0,0.0,0.0,0.009,0.0,0.0,0.0,0.0,0.0,0.0
EXO,449612067,,,,,,,,,,,SAFE,-5.466,-1.648,1.148,0.745,-0.122,-0.0,0.0,0.0,0.009,0.0,0.0,0.0,0.0,0.0,0.0
EXO,449712067,,,,,,,,,,,SAFE,-5.466,-1.648,1.148,0.745,-0.122,-0.0,0.0,0.0,0.009,0.0,0.0,0.0,0.0,0.0,0.0
EXO,449812067,,,,,,,,,,,SAFE,-5.466,-1.648,1.148,0.745,-0.122,-0.0,0.0,0.0,0.009,0.0,0.0,0.0,0.0,0.0,0.0
EXO,449912068,,,,,,,,,,,SAFE,-5.466,-1.648,1.148,0.745,-0.122,-0.0,0.0,0.0,0.009,0.0,0.0,0.0,0.0,0.0,0.0
EXO,450012067,,,,,,,,,,,SAFE,-5.466,-1.648,1.148,0.745,-0.122,-0.0,0.0,0.0,0.009,0.0,0.0,0.0,0.0,0.0,0.0
EXO,450112067,,,,,,,,,,,SAFE,-5.466,-1.648,1.148,0.745,-0.122,-0.0,0.0,0.0,0.009,0.0,0.0,0.0,0.0,0.0,0.0
EXO,450212067,,,,,,,,,,,SAFE,-5.466,-1.648,1.148,0.745,-0.122,-0.0,0.0,0.0,0.009,0.0,0.0,0.0,0.0,0.0,0.0
EXO,450312067,,,,,,,,,,,SAFE,-5.466,-1.648,1.148,0.745,-0.122,-0.0,0.0,0.0,0.009,0.0,0.0,0.0,0.0,0.0,0.0
EXO,450412068,,,,,,,,,,,SAFE,-5.466,-1.648,1.148,0.745,-0.122,-0.0,0.0,0.0,0.009,0.0,0.0,0.0,0.0,0.0,0.0
EXO,450512067,,,,,,,,,,,SAFE,-5.466,-1.648,1.148,0.745,-0.122,-0.0,0.0,0.0,0.009,0.0,0.0,0.0,0.0,0.0,0.0
EXO,450612067,,,,,,,,,,,SAFE,-5.466,-1.648,1.148,0.745,-0.122,-0.0,0.0,0.0,0.009,0.0,0.0,0.0,0.0,0.0,0.0
EXO,450712067,,,,,,,,,,,SAFE,-5.466,-1.648,1.148,0.745,-0.122,-0.0,0.0,0.0,0.009,0.0,0.0,0.0,0.0,0.0,0.0
EXO,450812067,,,,,,,,,,,SAFE,-5.466,-1.648,1.148,0.745,-0.122,-0.0,0.0,0.0,0.009,0.0,0.0,0.0,0.0,0.0,0.0
EXO,450912068,,,,,,,,,,,SAFE,-5.466,-1.648,1.148,0.745,-0.122,-0.0,0.0,0.0,0.009,0.0,0.0,0.0,0.0,0.0,0.0
EXO,451012067,,,,,,,,,,,SAFE,-5.466,-1.648,1.148,0.745,-0.122,-0.0,0.0,0.0,0.009,0.0,0.0,0.0,0.0,0.0,0.0
EXO,451112067,,,,,,,,,,,SAFE,-5.466,-1.648,1.148,0.745,-0.122,-0.0,0.0,0.0,0.009,0.0,0.0,0.0,0.0,0.0,0.0
EXO,451212067,,,,,,,,,,,SAFE,-5.466,-1.648,1.148,0.745,-0.122,-0.0,0.0,0.0,0.009,0.0,0.0,0.0,0.0,0.0,0.0
EXO,451312067,,,,,,,,,,,SAFE,-5.466,-1.648,1.148,0.745,-0.122,-0.0,0.0,0.0,0.009,0.0,0.0,0.0,0.0,0.0,0.0
EXO,451412068,,,,,,,,,,,SAFE,-5.466,-1.648,1.148,0.745,-0.122,-0.0,0.0,0.0,0.009,0.0,0.0,0.0,0.0,0.0,0.0
EXO,451512067,,,,,,,,,,,SAFE,-5.466,-1.648,1.148,0.745,-0.122,-0.0,0.0,0.0,0.009,0.0,0.0,0.0,0.0,0.0,0.0
EXO,451612067,,,,,,,,,,,SAFE,-5.466,-1.648,1.148,0.745,-0.122,-0.0,0.0,0.0,0.009,0.0,0.0,0.0,0.0,0.0,0.0
EXO,451712067,,,,,,,,,,,SAFE,-5.466,-1.648,1.148,0.745,-0.122,-0.0,0.0,0.0,0.009,0.0,0.0,0.0,0.0,0.0,0.0
EXO,451812067,,,,,,,,,,,SAFE,-5.466,-1.648,1.148,0.745,-0.122,-0.0,0.0,0.0,0.009,0.0,0.0,0.0,0.0,0.0,0.0
EXO,451912068,,,,,,,,,,,SAFE,-5.466,-1.648,1.148,0.745,-0.122,-0.0,0.0,0.0,0.009,0.0,0.0,0.0,0.0,0.0,0.0
EXO,452012067,,,,,,,,,,,SAFE,-5.466,-1.648,1.148,0.745,-0.122,-0.0,0.0,0.0,0.009,0.0,0.0,0.0,0.0,0.0,0.0
EXO,452112067,,,,,,,,,,,SAFE,-5.466,-1.648,1.148,0.745,-0.122,-0.0,0.0,0.0,0.009,0.0,0.0,0.0,0.0,0.0,0.0
EXO,452212067,,,,,,,,,,,SAFE,-5.466,-1.648,1.148,0.745,-0.122,-0.0,0.0,0.0,0.009,0.0,0.0,0.0,0.0,0.0,0.0
EXO,452312067,,,,,,,,,,,SAFE,-5.466,-1.648,1.148,0.745,-0.122,-0.0,0.0,0.0,0.009,0.0,0.0,0.0,0.0,0.0,0.0
EXO,452412068,,,,,,,,,,,SAFE,-5.466,-1.648,1.148,0.745,-0.122,-0.0,0.0,0.0,0.009,0.0,0.0,0.0,0.0,0.0,0.0
EXO,452512067,,,,,,,,,,,SAFE,-5.466,-1.648,1.148,0.745,-0.122,-0.0,0.0,0.0,0.009,0.0,0.0,0.0,0.0,0.0,0.0
EXO,452612067,,,,,,,,,,,SAFE,-5.466,-1.648,1.148,0.745,-0.122,-0.0,0.0,0.0,0.009,0.0,0.0,0.0,0.0,0.0,0.0
EXO,452712067,,,,,,,,,,,SAFE,-5.466,-1.648,1.148,0.745,-0.122,-0.0,0.0,0.0,0.009,0.0,0.0,0.0,0.0,0.0,0.0
EXO,452812067,,,,,,,,,,,SAFE,-5.466,-1.648,1.148,0.745,-0.122,-0.0,0.0,0.0,0.009,0.0,0.0,0.0,0.0,0.0,0.0
EXO,452912068,,,,,,,,,,,SAFE,-5.466,-1.648,1.148,0.745,-0.122,-0.0,0.0,0.0,0.009,0.0,0.0,0.0,0.0,0.0,0.0
EXO,453012067,,,,,,,,,,,SAFE,-5.466,-1.648,1.148,0.745,-0.122,-0.0,0.0,0.0,0.009,0.0,0.0,0.0,0.0,0.0,0.0
EXO,453112067,,,,,,,,,,,SAFE,-5.466,-1.648,1.148,0.745,-0.122,-0.0,0.0,0.0,0.009,0.0,0.0,0.0,0.0,0.0,0.0
EXO,453212067,,,,,,,,,,,SAFE,-5.466,-1.648,1.148,0.745,-0.122,-0.0,0.0,0.0,0.009,0.0,0.0,0.0,0.0,0.0,0.0
EXO,453312067,,,,,,,,,,,SAFE,-5.466,-1.648,1.148,0.745,-0.122,-0.0,0.0,0.0,0.009,0.0,0.0,0.0,0.0,0.0,0.0
EXO,453412068,,,,,,,,,,,SAFE,-5.466,-1.648,1.148,0.745,-0.122,-0.0,0.0,0.0,0.009,0.0,0.0,0.0,0.0,0.0,0.0
EXO,453512067,,,,,,,,,,,SAFE,-5.466,-1.648,1.148,0.745,-0.122,-0.0,0.0,0.0,0.009,0.0,0.0,0.0,0.0,0.0,0.0
EXO,453612067,,,,,,,,,,,SAFE,-5.466,-1.648,1.148,0.745,-0.122,-0.0,0.0,0.0,0.009,0.0,0.0,0.0,0.0,0.0,0.0
EXO,453712067,,,,,,,,,,,SAFE,-5.466,-1.648,1.148,0.745,-0.122,-0.0,0.0,0.0,0.009,0.0,0.0,0.0,0.0,0.0,0.0
EXO,453812067,,,,,,,,,,,SAFE,-5.466,-1.648,1.148,0.745,-0.122,-0.0,0.0,0.0,0.009,0.0,0.0,0.0,0.0,0.0,0.0
EXO,453912068,,,,,,,,,,,SAFE,-5.466,-1.648,1.148,0.745,-0.122,-0.0,0.0,0.0,0.009,0.0,0.0,0.0,0.0,0.0,0.0
EXO,454012067,,,,,,,,,,,SAFE,-5.466,-1.648,1.148,0.745,-0.122,-0.0,0.0,0.0,0.009,0.0,0.0,0.0,0.0,0.0,0.0
EXO,454112067,,,,,,,,,,,SAFE,-5.466,-1.648,1.148,0.745,-0.122,-0.0,0.0,0.0,0.009,0.0,0.0,0.0,0.0,0.0,0.0
EXO,454212067,,,,,,,,,,,SAFE,-5.466,-1.648,1.148,0.745,-0.122,-0.0,0.0,0.0,0.009,0.0,0.0,0.0,0.0,0.0,0.0
EXO,454312067,,,,,,,,,,,SAFE,-5.466,-1.648,1.148,0.745,-0.122,-0.0,0.0,0.0,0.009,0.0,0.0,0.0,0.0,0.0,0.0
EXO,454412068,,,,,,,,,,,SAFE,-5.466,-1.648,1.148,0.745,-0.122,-0.0,0.0,0.0,0.009,0.0,0.0,0.0,0.0,0.0,0.0
EXO,454512067,,,,,,,,,,,SAFE,-5.466,-1.648,1.148,0.745,-0.122,-0.0,0.0,0.0,0.009,0.0,0.0,0.0,0.0,0.0,0.0
EXO,454612067,,,,,,,,,,,SAFE,-5.466,-1.648,1.148,0.745,-0.122,-0.0,0.0,0.0,0.009,0.0,0.0,0.0,0.0,0.0,0.0
EXO,454712067,,,,,,,,,,,SAFE,-5.466,-1.648,1.148,0.745,-0.122,-0.0,0.0,0.0,0.009,0.0,0.0,0.0,0.0,0.0,0.0
EXO,454812067,,,,,,,,,,,SAFE,-5.466,-1.648,1.148,0.745,-0.122,-0.0,0.0,0.0,0.009,0.0,0.0,0.0,0.0,0.0,0.0
EXO,454912068,,,,,,,,,,,SAFE,-5.466,-1.648,1.148,0.745,-0.122,-0.0,0.0,0.0,0.009,0.0,0.0,0.0,0.0,0.0,0.0
EXO,455012067,,,,,,,,,,,SAFE,-5.466,-1.648,1.148,0.745,-0.122,-0.0,0.0,0.0,0.009,0.0,0.0,0.0,0.0,0.0,0.0
EXO,455112067,,,,,,,,,,,SAFE,-5.466,-1.648,1.148,0.745,-0.122,-0.0,0.0,0.0,0.009,0.0,0.0,0.0,0.0,0.0,0.0
EXO,455212067,,,,,,,,,,,SAFE,-5.466,-1.648,1.148,0.745,-0.122,-0.0,0.0,0.0,0.009,0.0,0.0,0.0,0.0,0.0,0.0
EXO,455312067,,,,,,,,,,,SAFE,-5.466,-1.648,1.148,0.745,-0.122,-0.0,0.0,0.0,0.009,0.0,0.0,0.0,0.0,0.0,0.0
EXO,455412068,,,,,,,,,,,SAFE,-5.466,-1.648,1.148,0.745,-0.122,-0.0,0.0,0.0,0.009,0.0,0.0,0.0,0.0,0.0,0.0
EXO,455512067,,,,,,,,,,,SAFE,-5.466,-1.648,1.148,0.745,-0.122,-0.0,0.0,0.0,0.009,0.0,0.0,0.0,0.0,0.0,0.0
EXO,455612067,,,,,,,,,,,SAFE,-5.466,-1.648,1.148,0.745,-0.122,-0.0,0.0,0.0,0.009,0.0,0.0,0.0,0.0,0.0,0.0
EXO,455712067,,,,,,,,,,,SAFE,-5.466,-1.648,1.148,0.745,-0.122,-0.0,0.0,0.0,0.009,0.0,0.0,0.0,0.0,0.0,0.0
EXO,455812067,,,,,,,,,,,SAFE,-5.466,-1.648,1.148,0.745,-0.122,-0.0,0.0,0.0,0.009,0.0,0.0,0.0,0.0,0.0,0.0
EXO,455912068,,,,,,,,,,,SAFE,-5.466,-1.648,1.148,0.745,-0.122,-0.0,0.0,0.0,0.009,0.0,0.0,0.0,0.0,0.0,0.0
EXO,456012067,,,,,,,,,,,SAFE,-5.466,-1.648,1.148,0.745,-0.122,-0.0,0.0,0.0,0.009,0.0,0.0,0.0,0.0,0.0,0.0
EXO,456112067,,,,,,,,,,,SAFE,-5.466,-1.648,1.148,0.745,-0.122,-0.0,0.0,0.0,0.009,0.0,0.0,0.0,0.0,0.0,0.0
EXO,456212067,,,,,,,,,,,SAFE,-5.466,-1.648,1.148,0.745,-0.122,-0.0,0.0,0.0,0.009,0.0,0.0,0.0,0.0,0.0,0.0
EXO,456312067,,,,,,,,,,,SAFE,-5.466,-1.648,1.148,0.745,-0.122,-0.0,0.0,0.0,0.009,0.0,0.0,0.0,0.0,0.0,0.0
EXO,456412068,,,,,,,,,,,SAFE,-5.466,-1.648,1.148,0.745,-0.122,-0.0,0.0,0.0,0.009,0.0,0.0,0.0,0.0,0.0,0.0
EXO,456512067,,,,,,,,,,,SAFE,-5.466,-1.648,1.148,0.745,-0.122,-0.0,0.0,0.0,0.009,0.0,0.0,0.0,0.0,0.0,0.0
EXO,456612067,,,,,,,,,,,SAFE,-5.466,-1.648,1.148,0.745,-0.122,-0.0,0.0,0.0,0.009,0.0,0.0,0.0,0.0,0.0,0.0
EXO,456712067,,,,,,,,,,,SAFE,-5.466,-1.648,1.148,0.745,-0.122,-0.0,0.0,0.0,0.009,0.0,0.0,0.0,0.0,0.0,0.0
EXO,456812067,,,,,,,,,,,SAFE,-5.466,-1.648,1.148,0.745,-0.122,-0.0,0.0,0.0,0.009,0.0,0.0,0.0,0.0,0.0,0.0
EXO,456912068,,,,,,,,,,,SAFE,-5.466,-1.648,1.148,0.745,-0.122,-0.0,0.0,0.0,0.009,0.0,0.0,0.0,0.0,0.0,0.0
EXO,457012067,,,,,,,,,,,SAFE,-5.466,-1.648,1.148,0.745,-0.122,-0.0,0.0,0.0,0.009,0.0,0.0,0.0,0.0,0.0,0.0
EXO,457112067,,,,,,,,,,,SAFE,-5.466,-1.648,1.148,0.745,-0.122,-0.0,0.0,0.0,0.009,0.0,0.0,0.0,0.0,0.0,0.0
EXO,457212067,,,,,,,,,,,SAFE,-5.466,-1.648,1.148,0.745,-0.122,-0.0,0.0,0.0,0.009,0.0,0.0,0.0,0.0,0.0,0.0
EXO,457312067,,,,,,,,,,,SAFE,-5.466,-1.648,1.148,0.745,-0.122,-0.0,0.0,0.0,0.009,0.0,0.0,0.0,0.0,0.0,0.0
EXO,457412068,,,,,,,,,,,SAFE,-5.466,-1.648,1.148,0.745,-0.122,-0.0,0.0,0.0,0.009,0.0,0.0,0.0,0.0,0.0,0.0
EXO,457512067,,,,,,,,,,,SAFE,-5.466,-1.648,1.148,0.745,-0.122,-0.0,0.0,0.0,0.009,0.0,0.0,0.0,0.0,0.0,0.0
EXO,457612067,,,,,,,,,,,SAFE,-5.466,-1.648,1.148,0.745,-0.122,-0.0,0.0,0.0,0.009,0.0,0.0,0.0,0.0,0.0,0.0
EXO,457712067,,,,,,,,,,,SAFE,-5.466,-1.648,1.148,0.745,-0.122,-0.0,0.0,0.0,0.009,0.0,0.0,0.0,0.0,0.0,0.0
EXO,457812067,,,,,,,,,,,SAFE,-5.466,-1.648,1.148,0.745,-0.122,-0.0,0.0,0.0,0.009,0.0,0.0,0.0,0.0,0.0,0.0
EXO,457912068,,,,,,,,,,,SAFE,-5.466,-1.648,1.148,0.745,-0.122,-0.0,0.0,0.0,0.009,0.0,0.0,0.0,0.0,0.0,0.0
EXO,458012067,,,,,,,,,,,SAFE,-5.466,-1.648,1.148,0.745,-0.122,-0.0,0.0,0.0,0.009,0.0,0.0,0.0,0.0,0.0,0.0
EXO,458112067,,,,,,,,,,,SAFE,-5.466,-1.648,1.148,0.745,-0.122,-0.0,0.0,0.0,0.009,0.0,0.0,0.0,0.0,0.0,0.0
EXO,458212067,,,,,,,,,,,SAFE,-5.466,-1.648,1.148,0.745,-0.122,-0.0,0.0,0.0,0.009,0.0,0.0,0.0,0.0,0.0,0.0
EXO,458312067,,,,,,,,,,,SAFE,-5.466,-1.648,1.148,0.745,-0.122,-0.0,0.0,0.0,0.009,0.0,0.0,0.0,0.0,0.0,0.0
EXO,458412068,,,,,,,,,,,SAFE,-5.466,-1.648,1.148,0.745,-0.122,-0.0,0.0,0.0,0.009,0.0,0.0,0.0,0.0,0.0,0.0
EXO,458512067,,,,,,,,,,,SAFE,-5.466,-1.648,1.148,0.745,-0.122,-0.0,0.0,0.0,0.009,0.0,0.0,0.0,0.0,0.0,0.0
EXO,458612067,,,,,,,,,,,SAFE,-5.466,-1.648,1.148,0.745,-0.122,-0.0,0.0,0.0,0.009,0.0,0.0,0.0,0.0,0.0,0.0
EXO,458712067,,,,,,,,,,,SAFE,-5.466,-1.648,1.148,0.745,-0.122,-0.0,0.0,0.0,0.009,0.0,0.0,0.0,0.0,0.0,0.0
EXO,458812067,,,,,,,,,,,SAFE,-5.466,-1.648,1.148,0.745,-0.122,-0.0,0.0,0.0,0.009,0.0,0.0,0.0,0.0,0.0,0.0
EXO,458912068,,,,,,,,,,,SAFE,-5.466,-1.648,1.148,0.745,-0.122,-0.0,0.0,0.0,0.009,0.0,0.0,0.0,0.0,0.0,0.0
EXO,459012067,,,,,,,,,,,SAFE,-5.466,-1.648,1.148,0.745,-0.122,-0.0,0.0,0.0,0.009,0.0,0.0,0.0,0.0,0.0,0.0
EXO,459112067,,,,,,,,,,,SAFE,-5.466,-1.648,1.148,0.745,-0.122,-0.0,0.0,0.0,0.009,0.0,0.0,0.0,0.0,0.0,0.0
EXO,459212067,,,,,,,,,,,SAFE,-5.466,-1.648,1.148,0.745,-0.122,-0.0,0.0,0.0,0.009,0.0,0.0,0.0,0.0,0.0,0.0
EXO,459312067,,,,,,,,,,,SAFE,-5.466,-1.648,1.148,0.745,-0.122,-0.0,0.0,0.0,0.009,0.0,0.0,0.0,0.0,0.0,0.0
EXO,459412068,,,,,,,,,,,SAFE,-5.466,-1.648,1.148,0.745,-0.122,-0.0,0.0,0.0,0.009,0.0,0.0,0.0,0.0,0.0,0.0
EXO,459512067,,,,,,,,,,,SAFE,-5.466,-1.648,1.148,0.745,-0.122,-0.0,0.0,0.0,0.009,0.0,0.0,0.0,0.0,0.0,0.0
EXO,459612067,,,,,,,,,,,SAFE,-5.466,-1.648,1.148,0.745,-0.122,-0.0,0.0,0.0,0.009,0.0,0.0,0.0,0.0,0.0,0.0
EXO,459712067,,,,,,,,,,,SAFE,-5.466,-1.648,1.148,0.745,-0.122,-0.0,0.0,0.0,0.009,0.0,0.0,0.0,0.0,0.0,0.0
EXO,459812067,,,,,,,,,,,SAFE,-5.466,-1.648,1.148,0.745,-0.122,-0.0,0.0,0.0,0.009,0.0,0.0,0.0,0.0,0.0,0.0
EXO,459912068,,,,,,,,,,,SAFE,-5.466,-1.648,1.148,0.745,-0.122,-0.0,0.0,0.0,0.009,0.0,0.0,0.0,0.0,0.0,0.0
EXO,460012067,,,,,,,,,,,SAFE,-5.466,-1.648,1.148,0.745,-0.122,-0.0,0.0,0.0,0.009,0.0,0.0,0.0,0.0,0.0,0.0
EXO,460112067,,,,,,,,,,,SAFE,-5.466,-1.648,1.148,0.745,-0.122,-0.0,0.0,0.0,0.009,0.0,0.0,0.0,0.0,0.0,0.0
EXO,460212067,,,,,,,,,,,SAFE,-5.466,-1.648,1.148,0.745,-0.122,-0.0,0.0,0.0,0.009,0.0,0.0,0.0,0.0,0.0,0.0
EXO,460312067,,,,,,,,,,,SAFE,-5.466,-1.648,1.148,0.745,-0.122,-0.0,0.0,0.0,0.009,0.0,0.0,0.0,0.0,0.0,0.0
EXO,460412068,,,,,,,,,,,SAFE,-5.466,-1.648,1.148,0.745,-0.122,-0.0,0.0,0.0,0.009,0.0,0.0,0.0,0.0,0.0,0.0
EXO,460512067,,,,,,,,,,,SAFE,-5.466,-1.648,1.148,0.745,-0.122,-0.0,0.0,0.0,0.009,0.0,0.0,0.0,0.0,0.0,0.0
EXO,460612067,,,,,,,,,,,SAFE,-5.466,-1.648,1.148,0.745,-0.122,-0.0,0.0,0.0,0.009,0.0,0.0,0.0,0.0,0.0,0.0
EXO,460712067,,,,,,,,,,,SAFE,-5.466,-1.648,1.148,0.745,-0.122,-0.0,0.0,0.0,0.009,0.0,0.0,0.0,0.0,0.0,0.0
EXO,460812067,,,,,,,,,,,SAFE,-5.466,-1.648,1.148,0.745,-0.122,-0.0,0.0,0.0,0.009,0.0,0.0,0.0,0.0,0.0,0.0
EXO,460912068,,,,,,,,,,,SAFE,-5.466,-1.648,1.148,0.745,-0.122,-0.0,0.0,0.0,0.009,0.0,0.0,0.0,0.0,0.0,0.0
EXO,461012067,,,,,,,,,,,SAFE,-5.466,-1.648,1.148,0.745,-0.122,-0.0,0.0,0.0,0.009,0.0,0.0,0.0,0.0,0.0,0.0
EXO,461112067,,,,,,,,,,,SAFE,-5.466,-1.648,1.148,0.745,-0.122,-0.0,0.0,0.0,0.009,0.0,0.0,0.0,0.0,0.0,0.0
EXO,461212067,,,,,,,,,,,SAFE,-5.466,-1.648,1.148,0.745,-0.122,-0.0,0.0,0.0,0.009,0.0,0.0,0.0,0.0,0.0,0.0
EXO,461312067,,,,,,,,,,,SAFE,-5.466,-1.648,1.148,0.745,-0.122,-0.0,0.0,0.0,0.009,0.0,0.0,0.0,0.0,0.0,0.0
EXO,461412068,,,,,,,,,,,SAFE,-5.466,-1.648,1.148,0.745,-0.122,-0.0,0.0,0.0,0.009,0.0,0.0,0.0,0.0,0.0,0.0
EXO,461512067,,,,,,,,,,,SAFE,-5.466,-1.648,1.148,0.745,-0.122,-0.0,0.0,0.0,0.009,0.0,0.0,0.0,0.0,0.0,0.0
EXO,461612067,,,,,,,,,,,SAFE,-5.466,-1.648,1.148,0.745,-0.122,-0.0,0.0,0.0,0.009,0.0,0.0,0.0,0.0,0.0,0.0
EXO,461712067,,,,,,,,,,,SAFE,-5.466,-1.648,1.148,0.745,-0.122,-0.0,0.0,0.0,0.009,0.0,0.0,0.0,0.0,0.0,0.0
EXO,461812067,,,,,,,,,,,SAFE,-5.466,-1.648,1.148,0.745,-0.122,-0.0,0.0,0.0,0.009,0.0,0.0,0.0,0.0,0.0,0.0
EXO,461912068,,,,,,,,,,,SAFE,-5.466,-1.648,1.148,0.745,-0.122,-0.0,0.0,0.0,0.009,0.0,0.0,0.0,0.0,0.0,0.0
EXO,462012067,,,,,,,,,,,SAFE,-5.466,-1.648,1.148,0.745,-0.122,-0.0,0.0,0.0,0.009,0.0,0.0,0.0,0.0,0.0,0.0
EXO,462112067,,,,,,,,,,,SAFE,-5.466,-1.648,1.148,0.745,-0.122,-0.0,0.0,0.0,0.009,0.0,0.0,0.0,0.0,0.0,0.0
EXO,462212067,,,,,,,,,,,SAFE,-5.466,-1.648,1.148,0.745,-0.122,-0.0,0.0,0.0,0.009,0.0,0.0,0.0,0.0,0.0,0.0
EXO,462312067,,,,,,,,,,,SAFE,-5.466,-1.648,1.148,0.745,-0.122,-0.0,0.0,0.0,0.009,0.0,0.0,0.0,0.0,0.0,0.0
EXO,462412068,,,,,,,,,,,SAFE,-5.466,-1.648,1.148,0.745,-0.122,-0.0,0.0,0.0,0.009,0.0,0.0,0.0,0.0,0.0,0.0
EXO,462512067,,,,,,,,,,,SAFE,-5.466,-1.648,1.148,0.745,-0.122,-0.0,0.0,0.0,0.009,0.0,0.0,0.0,0.0,0.0,0.0
EXO,462612067,,,,,,,,,,,SAFE,-5.466,-1.648,1.148,0.745,-0.122,-0.0,0.0,0.0,0.009,0.0,0.0,0.0,0.0,0.0,0.0
EXO,462712067,,,,,,,,,,,SAFE,-5.466,-1.648,1.148,0.745,-0.122,-0.0,0.0,0.0,0.009,0.0,0.0,0.0,0.0,0.0,0.0
EXO,462812067,,,,,,,,,,,SAFE,-5.466,-1.648,1.148,0.745,-0.122,-0.0,0.0,0.0,0.009,0.0,0.0,0.0,0.0,0.0,0.0
EXO,462912068,,,,,,,,,,,SAFE,-5.466,-1.648,1.148,0.745,-0.122,-0.0,0.0,0.0,0.009,0.0,0.0,0.0,0.0,0.0,0.0
EXO,463012067,,,,,,,,,,,SAFE,-5.466,-1.648,1.148,0.745,-0.122,-0.0,0.0,0.0,0.009,0.0,0.0,0.0,0.0,0.0,0.0
EXO,463112067,,,,,,,,,,,SAFE,-5.466,-1.648,1.148,0.745,-0.122,-0.0,0.0,0.0,0.009,0.0,0.0,0.0,0.0,0.0,0.0
EXO,463212067,,,,,,,,,,,SAFE,-5.466,-1.648,1.148,0.745,-0.122,-0.0,0.0,0.0,0.009,0.0,0.0,0.0,0.0,0.0,0.0
EXO,463312067,,,,,,,,,,,SAFE,-5.466,-1.648,1.148,0.745,-0.122,-0.0,0.0,0.0,0.009,0.0,0.0,0.0,0.0,0.0,0.0
EXO,463412068,,,,,,,,,,,SAFE,-5.466,-1.648,1.148,0.745,-0.122,-0.0,0.0,0.0,0.009,0.0,0.0,0.0,0.0,0.0,0.0
EXO,463512067,,,,,,,,,,,SAFE,-5.466,-1.648,1.148,0.745,-0.122,-0.0,0.0,0.0,0.009,0.0,0.0,0.0,0.0,0.0,0.0
EXO,463612067,,,,,,,,,,,SAFE,-5.466,-1.648,1.148,0.745,-0.122,-0.0,0.0,0.0,0.009,0.0,0.0,0.0,0.0,0.0,0.0
EXO,463712067,,,,,,,,,,,SAFE,-5.466,-1.648,1.148,0.745,-0.122,-0.0,0.0,0.0,0.009,0.0,0.0,0.0,0.0,0.0,0.0
EXO,463812067,,,,,,,,,,,SAFE,-5.466,-1.648,1.148,0.745,-0.122,-0.0,0.0,0.0,0.009,0.0,0.0,0.0,0.0,0.0,0.0
EXO,463912068,,,,,,,,,,,SAFE,-5.466,-1.648,1.148,0.745,-0.122,-0.0,0.0,0.0,0.009,0.0,0.0,0.0,0.0,0.0,0.0
EXO,464012067,,,,,,,,,,,SAFE,-5.466,-1.648,1.148,0.745,-0.122,-0.0,0.0,0.0,0.009,0.0,0.0,0.0,0.0,0.0,0.0
EXO,464112067,,,,,,,,,,,SAFE,-5.466,-1.648,1.148,0.745,-0.122,-0.0,0.0,0.0,0.009,0.0,0.0,0.0,0.0,0.0,0.0
EXO,464212067,,,,,,,,,,,SAFE,-5.466,-1.648,1.148,0.745,-0.122,-0.0,0.0,0.0,0.009,0.0,0.0,0.0,0.0,0.0,0.0
EXO,464312067,,,,,,,,,,,SAFE,-5.466,-1.648,1.148,0.745,-0.122,-0.0,0.0,0.0,0.009,0.0,0.0,0.0,0.0,0.0,0.0
EXO,464412068,,,,,,,,,,,SAFE,-5.466,-1.648,1.148,0.745,-0.122,-0.0,0.0,0.0,0.009,0.0,0.0,0.0,0.0,0.0,0.0
EXO,464512067,,,,,,,,,,,SAFE,-5.466,-1.648,1.148,0.745,-0.122,-0.0,0.0,0.0,0.009,0.0,0.0,0.0,0.0,0.0,0.0
EXO,464612067,,,,,,,,,,,SAFE,-5.466,-1.648,1.148,0.745,-0.122,-0.0,0.0,0.0,0.009,0.0,0.0,0.0,0.0,0.0,0.0
EXO,464712067,,,,,,,,,,,SAFE,-5.466,-1.648,1.148,0.745,-0.122,-0.0,0.0,0.0,0.009,0.0,0.0,0.0,0.0,0.0,0.0
EXO,464812067,,,,,,,,,,,SAFE,-5.466,-1.648,1.148,0.745,-0.122,-0.0,0.0,0.0,0.009,0.0,0.0,0.0,0.0,0.0,0.0
EXO,464912068,,,,,,,,,,,SAFE,-5.466,-1.648,1.148,0.745,-0.122,-0.0,0.0,0.0,0.009,0.0,0.0,0.0,0.0,0.0,0.0
EXO,465012067,,,,,,,,,,,SAFE,-5.466,-1.648,1.148,0.745,-0.122,-0.0,0.0,0.0,0.009,0.0,0.0,0.0,0.0,0.0,0.0
EXO,465112067,,,,,,,,,,,SAFE,-5.466,-1.648,1.148,0.745,-0.122,-0.0,0.0,0.0,0.009,0.0,0.0,0.0,0.0,0.0,0.0
EXO,465212067,,,,,,,,,,,SAFE,-5.466,-1.648,1.148,0.745,-0.122,-0.0,0.0,0.0,0.009,0.0,0.0,0.0,0.0,0.0,0.0
EXO,465312067,,,,,,,,,,,SAFE,-5.466,-1.648,1.148,0.745,-0.122,-0.0,0.0,0.0,0.009,0.0,0.0,0.0,0.0,0.0,0.0
EXO,465412068,,,,,,,,,,,SAFE,-5.466,-1.648,1.148,0.745,-0.122,-0.0,0.0,0.0,0.009,0.0,0.0,0.0,0.0,0.0,0.0
EXO,465512067,,,,,,,,,,,SAFE,-5.466,-1.648,1.148,0.745,-0.122,-0.0,0.0,0.0,0.009,0.0,0.0,0.0,0.0,0.0,0.0
EXO,465612067,,,,,,,,,,,SAFE,-5.466,-1.648,1.148,0.745,-0.122,-0.0,0.0,0.0,0.009,0.0,0.0,0.0,0.0,0.0,0.0
EXO,465712067,,,,,,,,,,,SAFE,-5.466,-1.648,1.148,0.745,-0.122,-0.0,0.0,0.0,0.009,0.0,0.0,0.0,0.0,0.0,0.0
EXO,465812067,,,,,,,,,,,SAFE,-5.466,-1.648,1.148,0.745,-0.122,-0.0,0.0,0.0,0.009,0.0,0.0,0.0,0.0,0.0,0.0
EXO,465912068,,,,,,,,,,,SAFE,-5.466,-1.648,1.148,0.745,-0.122,-0.0,0.0,0.0,0.009,0.0,0.0,0.0,0.0,0.0,0.0
EXO,466012067,,,,,,,,,,,SAFE,-5.466,-1.648,1.148,0.745,-0.122,-0.0,0.0,0.0,0.009,0.0,0.0,0.0,0.0,0.0,0.0
EXO,466112067,,,,,,,,,,,SAFE,-5.466,-1.648,1.148,0.745,-0.122,-0.0,0.0,0.0,0.009,0.0,0.0,0.0,0.0,0.0,0.0
EXO,466212067,,,,,,,,,,,SAFE,-5.466,-1.648,1.148,0.745,-0.122,-0.0,0.0,0.0,0.009,0.0,0.0,0.0,0.0,0.0,0.0
EXO,466312067,,,,,,,,,,,SAFE,-5.466,-1.648,1.148,0.745,-0.122,-0.0,0.0,0.0,0.009,0.0,0.0,0.0,0.0,0.0,0.0
EXO,466412068,,,,,,,,,,,SAFE,-5.466,-1.648,1.148,0.745,-0.122,-0.0,0.0,0.0,0.009,0.0,0.0,0.0,0.0,0.0,0.0
EXO,466512067,,,,,,,,,,,SAFE,-5.466,-1.648,1.148,0.745,-0.122,-0.0,0.0,0.0,0.009,0.0,0.0,0.0,0.0,0.0,0.0
EXO,466612067,,,,,,,,,,,SAFE,-5.466,-1.648,1.148,0.745,-0.122,-0.0,0.0,0.0,0.009,0.0,0.0,0.0,0.0,0.0,0.0
EXO,466712067,,,,,,,,,,,SAFE,-5.466,-1.648,1.148,0.745,-0.122,-0.0,0.0,0.0,0.009,0.0,0.0,0.0,0.0,0.0,0.0
EXO,466812067,,,,,,,,,,,SAFE,-5.466,-1.648,1.148,0.745,-0.122,-0.0,0.0,0.0,0.009,0.0,0.0,0.0,0.0,0.0,0.0
EXO,466912068,,,,,,,,,,,SAFE,-5.466,-1.648,1.148,0.745,-0.122,-0.0,0.0,0.0,0.009,0.0,0.0,0.0,0.0,0.0,0.0
EXO,467012067,,,,,,,,,,,SAFE,-5.466,-1.648,1.148,0.745,-0.122,-0.0,0.0,0.0,0.009,0.0,0.0,0.0,0.0,0.0,0.0
EXO,467112067,,,,,,,,,,,SAFE,-5.466,-1.648,1.148,0.745,-0.122,-0.0,0.0,0.0,0.009,0.0,0.0,0.0,0.0,0.0,0.0
EXO,467212067,,,,,,,,,,,SAFE,-5.466,-1.648,1.148,0.745,-0.122,-0.0,0.0,0.0,0.009,0.0,0.0,0.0,0.0,0.0,0.0
EXO,467312067,,,,,,,,,,,SAFE,-5.466,-1.648,1.148,0.745,-0.122,-0.0,0.0,0.0,0.009,0.0,0.0,0.0,0.0,0.0,0.0
EXO,467412068,,,,,,,,,,,SAFE,-5.466,-1.648,1.148,0.745,-0.122,-0.0,0.0,0.0,0.009,0.0,0.0,0.0,0.0,0.0,0.0
EXO,467512067,,,,,,,,,,,SAFE,-5.466,-1.648,1.148,0.745,-0.122,-0.0,0.0,0.0,0.009,0.0,0.0,0.0,0.0,0.0,0.0
EXO,467612067,,,,,,,,,,,SAFE,-5.466,-1.648,1.148,0.745,-0.122,-0.0,0.0,0.0,0.009,0.0,0.0,0.0,0.0,0.0,0.0
EXO,467712067,,,,,,,,,,,SAFE,-5.466,-1.648,1.148,0.745,-0.122,-0.0,0.0,0.0,0.009,0.0,0.0,0.0,0.0,0.0,0.0
EXO,467812067,,,,,,,,,,,SAFE,-5.466,-1.648,1.148,0.745,-0.122,-0.0,0.0,0.0,0.009,0.0,0.0,0.0,0.0,0.0,0.0
EXO,467912068,,,,,,,,,,,SAFE,-5.466,-1.648,1.148,0.745,-0.122,-0.0,0.0,0.0,0.009,0.0,0.0,0.0,0.0,0.0,0.0
EXO,468012067,,,,,,,,,,,SAFE,-5.466,-1.648,1.148,0.745,-0.122,-0.0,0.0,0.0,0.009,0.0,0.0,0.0,0.0,0.0,0.0
EXO,468112067,,,,,,,,,,,SAFE,-5.466,-1.648,1.148,0.745,-0.122,-0.0,0.0,0.0,0.009,0.0,0.0,0.0,0.0,0.0,0.0
EXO,468212067,,,,,,,,,,,SAFE,-5.466,-1.648,1.148,0.745,-0.122,-0.0,0.0,0.0,0.009,0.0,0.0,0.0,0.0,0.0,0.0
EXO,468312067,,,,,,,,,,,SAFE,-5.466,-1.648,1.148,0.745,-0.122,-0.0,0.0,0.0,0.009,0.0,0.0,0.0,0.0,0.0,0.0
EXO,468412068,,,,,,,,,,,SAFE,-5.466,-1.648,1.148,0.745,-0.122,-0.0,0.0,0.0,0.009,0.0,0.0,0.0,0.0,0.0,0.0
EXO,468512067,,,,,,,,,,,SAFE,-5.466,-1.648,1.148,0.745,-0.122,-0.0,0.0,0.0,0.009,0.0,0.0,0.0,0.0,0.0,0.0
EXO,468612067,,,,,,,,,,,SAFE,-5.466,-1.648,1.148,0.745,-0.122,-0.0,0.0,0.0,0.009,0.0,0.0,0.0,0.0,0.0,0.0
EXO,468712067,,,,,,,,,,,SAFE,-5.466,-1.648,1.148,0.745,-0.122,-0.0,0.0,0.0,0.009,0.0,0.0,0.0,0.0,0.0,0.0
EXO,468812067,,,,,,,,,,,SAFE,-5.466,-1.648,1.148,0.745,-0.122,-0.0,0.0,0.0,0.009,0.0,0.0,0.0,0.0,0.0,0.0
EXO,468912068,,,,,,,,,,,SAFE,-5.466,-1.648,1.148,0.745,-0.122,-0.0,0.0,0.0,0.009,0.0,0.0,0.0,0.0,0.0,0.0
EXO,469012067,,,,,,,,,,,SAFE,-5.466,-1.648,1.148,0.745,-0.122,-0.0,0.0,0.0,0.009,0.0,0.0,0.0,0.0,0.0,0.0
EXO,469112067,,,,,,,,,,,SAFE,-5.466,-1.648,1.148,0.745,-0.122,-0.0,0.0,0.0,0.009,0.0,0.0,0.0,0.0,0.0,0.0
EXO,469212067,,,,,,,,,,,SAFE,-5.466,-1.648,1.148,0.745,-0.122,-0.0,0.0,0.0,0.009,0.0,0.0,0.0,0.0,0.0,0.0
EXO,469312067,,,,,,,,,,,SAFE,-5.466,-1.648,1.148,0.745,-0.122,-0.0,0.0,0.0,0.009,0.0,0.0,0.0,0.0,0.0,0.0
EXO,469412068,,,,,,,,,,,SAFE,-5.466,-1.648,1.148,0.745,-0.122,-0.0,0.0,0.0,0.009,0.0,0.0,0.0,0.0,0.0,0.0
EXO,469512067,,,,,,,,,,,SAFE,-5.466,-1.648,1.148,0.745,-0.122,-0.0,0.0,0.0,0.009,0.0,0.0,0.0,0.0,0.0,0.0
EXO,469612067,,,,,,,,,,,SAFE,-5.466,-1.648,1.148,0.745,-0.122,-0.0,0.0,0.0,0.009,0.0,0.0,0.0,0.0,0.0,0.0
EXO,469712067,,,,,,,,,,,SAFE,-5.466,-1.648,1.148,0.745,-0.122,-0.0,0.0,0.0,0.009,0.0,0.0,0.0,0.0,0.0,0.0
EXO,469812067,,,,,,,,,,,SAFE,-5.466,-1.648,1.148,0.745,-0.122,-0.0,0.0,0.0,0.009,0.0,0.0,0.0,0.0,0.0,0.0
EXO,469912068,,,,,,,,,,,SAFE,-5.466,-1.648,1.148,0.745,-0.122,-0.0,0.0,0.0,0.009,0.0,0.0,0.0,0.0,0.0,0.0
EXO,470012067,,,,,,,,,,,SAFE,-5.466,-1.648,1.148,0.745,-0.122,-0.0,0.0,0.0,0.009,0.0,0.0,0.0,0.0,0.0,0.0
EXO,470112067,,,,,,,,,,,SAFE,-5.466,-1.648,1.148,0.745,-0.122,-0.0,0.0,0.0,0.009,0.0,0.0,0.0,0.0,0.0,0.0
EXO,470212067,,,,,,,,,,,SAFE,-5.466,-1.648,1.148,0.745,-0.122,-0.0,0.0,0.0,0.009,0.0,0.0,0.0,0.0,0.0,0.0
EXO,470312067,,,,,,,,,,,SAFE,-5.466,-1.648,1.148,0.745,-0.122,-0.0,0.0,0.0,0.009,0.0,0.0,0.0,0.0,0.0,0.0
EXO,470412068,,,,,,,,,,,SAFE,-5.466,-1.648,1.148,0.745,-0.122,-0.0,0.0,0.0,0.009,0.0,0.0,0.0,0.0,0.0,0.0
EXO,470512067,,,,,,,,,,,SAFE,-5.466,-1.648,1.148,0.745,-0.122,-0.0,0.0,0.0,0.009,0.0,0.0,0.0,0.0,0.0,0.0
EXO,470612067,,,,,,,,,,,SAFE,-5.466,-1.648,1.148,0.745,-0.122,-0.0,0.0,0.0,0.009,0.0,0.0,0.0,0.0,0.0,0.0
EXO,470712067,,,,,,,,,,,SAFE,-5.466,-1.648,1.148,0.745,-0.122,-0.0,0.0,0.0,0.009,0.0,0.0,0.0,0.0,0.0,0.0
EXO,470812067,,,,,,,,,,,SAFE,-5.466,-1.648,1.148,0.745,-0.122,-0.0,0.0,0.0,0.009,0.0,0.0,0.0,0.0,0.0,0.0
EXO,470912068,,,,,,,,,,,SAFE,-5.466,-1.648,1.148,0.745,-0.122,-0.0,0.0,0.0,0.009,0.0,0.0,0.0,0.0,0.0,0.0
EXO,471012067,,,,,,,,,,,SAFE,-5.466,-1.648,1.148,0.745,-0.122,-0.0,0.0,0.0,0.009,0.0,0.0,0.0,0.0,0.0,0.0
EXO,471112067,,,,,,,,,,,SAFE,-5.466,-1.648,1.148,0.745,-0.122,-0.0,0.0,0.0,0.009,0.0,0.0,0.0,0.0,0.0,0.0
EXO,471212067,,,,,,,,,,,SAFE,-5.466,-1.648,1.148,0.745,-0.122,-0.0,0.0,0.0,0.009,0.0,0.0,0.0,0.0,0.0,0.0
EXO,471312067,,,,,,,,,,,SAFE,-5.466,-1.648,1.148,0.745,-0.122,-0.0,0.0,0.0,0.009,0.0,0.0,0.0,0.0,0.0,0.0
EXO,471412068,,,,,,,,,,,SAFE,-5.466,-1.648,1.148,0.745,-0.122,-0.0,0.0,0.0,0.009,0.0,0.0,0.0,0.0,0.0,0.0
EXO,471512067,,,,,,,,,,,SAFE,-5.466,-1.648,1.148,0.745,-0.122,-0.0,0.0,0.0,0.009,0.0,0.0,0.0,0.0,0.0,0.0
EXO,471612067,,,,,,,,,,,SAFE,-5.466,-1.648,1.148,0.745,-0.122,-0.0,0.0,0.0,0.009,0.0,0.0,0.0,0.0,0.0,0.0
EXO,471712067,,,,,,,,,,,SAFE,-5.466,-1.648,1.148,0.745,-0.122,-0.0,0.0,0.0,0.009,0.0,0.0,0.0,0.0,0.0,0.0
EXO,471812067,,,,,,,,,,,SAFE,-5.466,-1.648,1.148,0.745,-0.122,-0.0,0.0,0.0,0.009,0.0,0.0,0.0,0.0,0.0,0.0
EXO,471912068,,,,,,,,,,,SAFE,-5.466,-1.648,1.148,0.745,-0.122,-0.0,0.0,0.0,0.009,0.0,0.0,0.0,0.0,0.0,0.0
EXO,472012067,,,,,,,,,,,SAFE,-5.466,-1.648,1.148,0.745,-0.122,-0.0,0.0,0.0,0.009,0.0,0.0,0.0,0.0,0.0,0.0
EXO,472112067,,,,,,,,,,,SAFE,-5.466,-1.648,1.148,0.745,-0.122,-0.0,0.0,0.0,0.009,0.0,0.0,0.0,0.0,0.0,0.0
EXO,472212067,,,,,,,,,,,SAFE,-5.466,-1.648,1.148,0.745,-0.122,-0.0,0.0,0.0,0.009,0.0,0.0,0.0,0.0,0.0,0.0
EXO,472312067,,,,,,,,,,,SAFE,-5.466,-1.648,1.148,0.745,-0.122,-0.0,0.0,0.0,0.009,0.0,0.0,0.0,0.0,0.0,0.0
EXO,472412068,,,,,,,,,,,SAFE,-5.466,-1.648,1.148,0.745,-0.122,-0.0,0.0,0.0,0.009,0.0,0.0,0.0,0.0,0.0,0.0
EXO,472512067,,,,,,,,,,,SAFE,-5.466,-1.648,1.148,0.745,-0.122,-0.0,0.0,0.0,0.009,0.0,0.0,0.0,0.0,0.0,0.0
EXO,472612067,,,,,,,,,,,SAFE,-5.466,-1.648,1.148,0.745,-0.122,-0.0,0.0,0.0,0.009,0.0,0.0,0.0,0.0,0.0,0.0
EXO,472712067,,,,,,,,,,,SAFE,-5.466,-1.648,1.148,0.745,-0.122,-0.0,0.0,0.0,0.009,0.0,0.0,0.0,0.0,0.0,0.0
EXO,472812067,,,,,,,,,,,SAFE,-5.466,-1.648,1.148,0.745,-0.122,-0.0,0.0,0.0,0.009,0.0,0.0,0.0,0.0,0.0,0.0
EXO,472912068,,,,,,,,,,,SAFE,-5.466,-1.648,1.148,0.745,-0.122,-0.0,0.0,0.0,0.009,0.0,0.0,0.0,0.0,0.0,0.0
EXO,473012067,,,,,,,,,,,SAFE,-5.466,-1.648,1.148,0.745,-0.122,-0.0,0.0,0.0,0.009,0.0,0.0,0.0,0.0,0.0,0.0
EXO,473112067,,,,,,,,,,,SAFE,-5.466,-1.648,1.148,0.745,-0.122,-0.0,0.0,0.0,0.009,0.0,0.0,0.0,0.0,0.0,0.0
EXO,473212067,,,,,,,,,,,SAFE,-5.466,-1.648,1.148,0.745,-0.122,-0.0,0.0,0.0,0.009,0.0,0.0,0.0,0.0,0.0,0.0
EXO,473312067,,,,,,,,,,,SAFE,-5.466,-1.648,1.148,0.745,-0.122,-0.0,0.0,0.0,0.009,0.0,0.0,0.0,0.0,0.0,0.0
EXO,473412068,,,,,,,,,,,SAFE,-5.466,-1.648,1.148,0.745,-0.122,-0.0,0.0,0.0,0.009,0.0,0.0,0.0,0.0,0.0,0.0
EXO,473512067,,,,,,,,,,,SAFE,-5.466,-1.648,1.148,0.745,-0.122,-0.0,0.0,0.0,0.009,0.0,0.0,0.0,0.0,0.0,0.0
EXO,473612067,,,,,,,,,,,SAFE,-5.466,-1.648,1.148,0.745,-0.122,-0.0,0.0,0.0,0.009,0.0,0.0,0.0,0.0,0.0,0.0
EXO,473712067,,,,,,,,,,,SAFE,-5.466,-1.648,1.148,0.745,-0.122,-0.0,0.0,0.0,0.009,0.0,0.0,0.0,0.0,0.0,0.0
EXO,473812067,,,,,,,,,,,SAFE,-5.466,-1.648,1.148,0.745,-0.122,-0.0,0.0,0.0,0.009,0.0,0.0,0.0,0.0,0.0,0.0
EXO,473912068,,,,,,,,,,,SAFE,-5.466,-1.648,1.148,0.745,-0.122,-0.0,0.0,0.0,0.009,0.0,0.0,0.0,0.0,0.0,0.0
EXO,474012067,,,,,,,,,,,SAFE,-5.466,-1.648,1.148,0.745,-0.122,-0.0,0.0,0.0,0.009,0.0,0.0,0.0,0.0,0.0,0.0
EXO,474112067,,,,,,,,,,,SAFE,-5.466,-1.648,1.148,0.745,-0.122,-0.0,0.0,0.0,0.009,0.0,0.0,0.0,0.0,0.0,0.0
EXO,474212067,,,,,,,,,,,SAFE,-5.466,-1.648,1.148,0.745,-0.122,-0.0,0.0,0.0,0.009,0.0,0.0,0.0,0.0,0.0,0.0
EXO,474312067,,,,,,,,,,,SAFE,-5.466,-1.648,1.148,0.745,-0.122,-0.0,0.0,0.0,0.009,0.0,0.0,0.0,0.0,0.0,0.0
EXO,474412068,,,,,,,,,,,SAFE,-5.466,-1.648,1.148,0.745,-0.122,-0.0,0.0,0.0,0.009,0.0,0.0,0.0,0.0,0.0,0.0
EXO,474512067,,,,,,,,,,,SAFE,-5.466,-1.648,1.148,0.745,-0.122,-0.0,0.0,0.0,0.009,0.0,0.0,0.0,0.0,0.0,0.0
EXO,474612067,,,,,,,,,,,SAFE,-5.466,-1.648,1.148,0.745,-0.122,-0.0,0.0,0.0,0.009,0.0,0.0,0.0,0.0,0.0,0.0
EXO,474712067,,,,,,,,,,,SAFE,-5.466,-1.648,1.148,0.745,-0.122,-0.0,0.0,0.0,0.009,0.0,0.0,0.0,0.0,0.0,0.0
EXO,474812067,,,,,,,,,,,SAFE,-5.466,-1.648,1.148,0.745,-0.122,-0.0,0.0,0.0,0.009,0.0,0.0,0.0,0.0,0.0,0.0
EXO,474912068,,,,,,,,,,,SAFE,-5.466,-1.648,1.148,0.745,-0.122,-0.0,0.0,0.0,0.009,0.0,0.0,0.0,0.0,0.0,0.0
EXO,475012067,,,,,,,,,,,SAFE,-5.466,-1.648,1.148,0.745,-0.122,-0.0,0.0,0.0,0.009,0.0,0.0,0.0,0.0,0.0,0.0
EXO,475112067,,,,,,,,,,,SAFE,-5.466,-1.648,1.148,0.745,-0.122,-0.0,0.0,0.0,0.009,0.0,0.0,0.0,0.0,0.0,0.0
EXO,475212067,,,,,,,,,,,SAFE,-5.466,-1.648,1.148,0.745,-0.122,-0.0,0.0,0.0,0.009,0.0,0.0,0.0,0.0,0.0,0.0
EXO,475312067,,,,,,,,,,,SAFE,-5.466,-1.648,1.148,0.745,-0.122,-0.0,0.0,0.0,0.009,0.0,0.0,0.0,0.0,0.0,0.0
EXO,475412068,,,,,,,,,,,SAFE,-5.466,-1.648,1.148,0.745,-0.122,-0.0,0.0,0.0,0.009,0.0,0.0,0.0,0.0,0.0,0.0
EXO,475512067,,,,,,,,,,,SAFE,-5.466,-1.648,1.148,0.745,-0.122,-0.0,0.0,0.0,0.009,0.0,0.0,0.0,0.0,0.0,0.0
EXO,475612067,,,,,,,,,,,SAFE,-5.466,-1.648,1.148,0.745,-0.122,-0.0,0.0,0.0,0.009,0.0,0.0,0.0,0.0,0.0,0.0
EXO,475712067,,,,,,,,,,,SAFE,-5.466,-1.648,1.148,0.745,-0.122,-0.0,0.0,0.0,0.009,0.0,0.0,0.0,0.0,0.0,0.0
EXO,475812067,,,,,,,,,,,SAFE,-5.466,-1.648,1.148,0.745,-0.122,-0.0,0.0,0.0,0.009,0.0,0.0,0.0,0.0,0.0,0.0
EXO,475912068,,,,,,,,,,,SAFE,-5.466,-1.648,1.148,0.745,-0.122,-0.0,0.0,0.0,0.009,0.0,0.0,0.0,0.0,0.0,0.0
EXO,476012067,,,,,,,,,,,SAFE,-5.466,-1.648,1.148,0.745,-0.122,-0.0,0.0,0.0,0.009,0.0,0.0,0.0,0.0,0.0,0.0
EXO,476112067,,,,,,,,,,,SAFE,-5.466,-1.648,1.148,0.745,-0.122,-0.0,0.0,0.0,0.009,0.0,0.0,0.0,0.0,0.0,0.0
EXO,476212067,,,,,,,,,,,SAFE,-5.466,-1.648,1.148,0.745,-0.122,-0.0,0.0,0.0,0.009,0.0,0.0,0.0,0.0,0.0,0.0
EXO,476312067,,,,,,,,,,,SAFE,-5.466,-1.648,1.148,0.745,-0.122,-0.0,0.0,0.0,0.009,0.0,0.0,0.0,0.0,0.0,0.0
EXO,476412068,,,,,,,,,,,SAFE,-5.466,-1.648,1.148,0.745,-0.122,-0.0,0.0,0.0,0.009,0.0,0.0,0.0,0.0,0.0,0.0
EXO,476512067,,,,,,,,,,,SAFE,-5.466,-1.648,1.148,0.745,-0.122,-0.0,0.0,0.0,0.009,0.0,0.0,0.0,0.0,0.0,0.0
EXO,476612067,,,,,,,,,,,SAFE,-5.466,-1.648,1.148,0.745,-0.122,-0.0,0.0,0.0,0.009,0.0,0.0,0.0,0.0,0.0,0.0
EXO,476712067,,,,,,,,,,,SAFE,-5.466,-1.648,1.148,0.745,-0.122,-0.0,0.0,0.0,0.009,0.0,0.0,0.0,0.0,0.0,0.0
EXO,476812067,,,,,,,,,,,SAFE,-5.466,-1.648,1.148,0.745,-0.122,-0.0,0.0,0.0,0.009,0.0,0.0,0.0,0.0,0.0,0.0
EXO,476912068,,,,,,,,,,,SAFE,-5.466,-1.648,1.148,0.745,-0.122,-0.0,0.0,0.0,0.009,0.0,0.0,0.0,0.0,0.0,0.0
EXO,477012067,,,,,,,,,,,SAFE,-5.466,-1.648,1.148,0.745,-0.122,-0.0,0.0,0.0,0.009,0.0,0.0,0.0,0.0,0.0,0.0
EXO,477112067,,,,,,,,,,,SAFE,-5.466,-1.648,1.148,0.745,-0.122,-0.0,0.0,0.0,0.009,0.0,0.0,0.0,0.0,0.0,0.0
EXO,477212067,,,,,,,,,,,SAFE,-5.466,-1.648,1.148,0.745,-0.122,-0.0,0.0,0.0,0.009,0.0,0.0,0.0,0.0,0.0,0.0
EXO,477312067,,,,,,,,,,,SAFE,-5.466,-1.648,1.148,0.745,-0.122,-0.0,0.0,0.0,0.009,0.0,0.0,0.0,0.0,0.0,0.0
EXO,477412068,,,,,,,,,,,SAFE,-5.466,-1.648,1.148,0.745,-0.122,-0.0,0.0,0.0,0.009,0.0,0.0,0.0,0.0,0.0,0.0
EXO,477512067,,,,,,,,,,,SAFE,-5.466,-1.648,1.148,0.745,-0.122,-0.0,0.0,0.0,0.009,0.0,0.0,0.0,0.0,0.0,0.0
EXO,477612067,,,,,,,,,,,SAFE,-5.466,-1.648,1.148,0.745,-0.122,-0.0,0.0,0.0,0.009,0.0,0.0,0.0,0.0,0.0,0.0
EXO,477712067,,,,,,,,,,,SAFE,-5.466,-1.648,1.148,0.745,-0.122,-0.0,0.0,0.0,0.009,0.0,0.0,0.0,0.0,0.0,0.0
EXO,477812067,,,,,,,,,,,SAFE,-5.466,-1.648,1.148,0.745,-0.122,-0.0,0.0,0.0,0.009,0.0,0.0,0.0,0.0,0.0,0.0
EXO,477912068,,,,,,,,,,,SAFE,-5.466,-1.648,1.148,0.745,-0.122,-0.0,0.0,0.0,0.009,0.0,0.0,0.0,0.0,0.0,0.0
EXO,478012067,,,,,,,,,,,SAFE,-5.466,-1.648,1.148,0.745,-0.122,-0.0,0.0,0.0,0.009,0.0,0.0,0.0,0.0,0.0,0.0
EXO,478112067,,,,,,,,,,,SAFE,-5.466,-1.648,1.148,0.745,-0.122,-0.0,0.0,0.0,0.009,0.0,0.0,0.0,0.0,0.0,0.0
EXO,478212067,,,,,,,,,,,SAFE,-5.466,-1.648,1.148,0.745,-0.122,-0.0,0.0,0.0,0.009,0.0,0.0,0.0,0.0,0.0,0.0
EXO,478312067,,,,,,,,,,,SAFE,-5.466,-1.648,1.148,0.745,-0.122,-0.0,0.0,0.0,0.009,0.0,0.0,0.0,0.0,0.0,0.0
EXO,478412068,,,,,,,,,,,SAFE,-5.466,-1.648,1.148,0.745,-0.122,-0.0,0.0,0.0,0.009,0.0,0.0,0.0,0.0,0.0,0.0
EXO,478512067,,,,,,,,,,,SAFE,-5.466,-1.648,1.148,0.745,-0.122,-0.0,0.0,0.0,0.009,0.0,0.0,0.0,0.0,0.0,0.0
EXO,478612067,,,,,,,,,,,SAFE,-5.466,-1.648,1.148,0.745,-0.122,-0.0,0.0,0.0,0.009,0.0,0.0,0.0,0.0,0.0,0.0
EXO,478712067,,,,,,,,,,,SAFE,-5.466,-1.648,1.148,0.745,-0.122,-0.0,0.0,0.0,0.009,0.0,0.0,0.0,0.0,0.0,0.0
EXO,478812067,,,,,,,,,,,SAFE,-5.466,-1.648,1.148,0.745,-0.122,-0.0,0.0,0.0,0.009,0.0,0.0,0.0,0.0,0.0,0.0
EXO,478912068,,,,,,,,,,,SAFE,-5.466,-1.648,1.148,0.745,-0.122,-0.0,0.0,0.0,0.009,0.0,0.0,0.0,0.0,0.0,0.0
EXO,479012067,,,,,,,,,,,SAFE,-5.466,-1.648,1.148,0.745,-0.122,-0.0,0.0,0.0,0.009,0.0,0.0,0.0,0.0,0.0,0.0
EXO,479112067,,,,,,,,,,,SAFE,-5.466,-1.648,1.148,0.745,-0.122,-0.0,0.0,0.0,0.009,0.0,0.0,0.0,0.0,0.0,0.0
EXO,479212067,,,,,,,,,,,SAFE,-5.466,-1.648,1.148,0.745,-0.122,-0.0,0.0,0.0,0.009,0.0,0.0,0.0,0.0,0.0,0.0
EXO,479312067,,,,,,,,,,,SAFE,-5.466,-1.648,1.148,0.745,-0.122,-0.0,0.0,0.0,0.009,0.0,0.0,0.0,0.0,0.0,0.0
EXO,479412068,,,,,,,,,,,SAFE,-5.466,-1.648,1.148,0.745,-0.122,-0.0,0.0,0.0,0.009,0.0,0.0,0.0,0.0,0.0,0.0
EXO,479512067,,,,,,,,,,,SAFE,-5.466,-1.648,1.148,0.745,-0.122,-0.0,0.0,0.0,0.009,0.0,0.0,0.0,0.0,0.0,0.0
EXO,479612067,,,,,,,,,,,SAFE,-5.466,-1.648,1.148,0.745,-0.122,-0.0,0.0,0.0,0.009,0.0,0.0,0.0,0.0,0.0,0.0
EXO,479712067,,,,,,,,,,,SAFE,-5.466,-1.648,1.148,0.745,-0.122,-0.0,0.0,0.0,0.009,0.0,0.0,0.0,0.0,0.0,0.0
EXO,479812067,,,,,,,,,,,SAFE,-5.466,-1.648,1.148,0.745,-0.122,-0.0,0.0,0.0,0.009,0.0,0.0,0.0,0.0,0.0,0.0
EXO,479912068,,,,,,,,,,,SAFE,-5.466,-1.648,1.148,0.745,-0.122,-0.0,0.0,0.0,0.009,0.0,0.0,0.0,0.0,0.0,0.0
EXO,480012067,,,,,,,,,,,SAFE,-5.466,-1.648,1.148,0.745,-0.122,-0.0,0.0,0.0,0.009,0.0,0.0,0.0,0.0,0.0,0.0
EXO,480112067,,,,,,,,,,,SAFE,-5.466,-1.648,1.148,0.745,-0.122,-0.0,0.0,0.0,0.009,0.0,0.0,0.0,0.0,0.0,0.0
EXO,480212067,,,,,,,,,,,SAFE,-5.466,-1.648,1.148,0.745,-0.122,-0.0,0.0,0.0,0.009,0.0,0.0,0.0,0.0,0.0,0.0
EXO,480312067,,,,,,,,,,,SAFE,-5.466,-1.648,1.148,0.745,-0.122,-0.0,0.0,0.0,0.009,0.0,0.0,0.0,0.0,0.0,0.0
EXO,480412068,,,,,,,,,,,SAFE,-5.466,-1.648,1.148,0.745,-0.122,-0.0,0.0,0.0,0.009,0.0,0.0,0.0,0.0,0.0,0.0
EXO,480512067,,,,,,,,,,,SAFE,-5.466,-1.648,1.148,0.745,-0.122,-0.0,0.0,0.0,0.009,0.0,0.0,0.0,0.0,0.0,0.0
EXO,480612067,,,,,,,,,,,SAFE,-5.466,-1.648,1.148,0.745,-0.122,-0.0,0.0,0.0,0.009,0.0,0.0,0.0,0.0,0.0,0.0
EXO,480712067,,,,,,,,,,,SAFE,-5.466,-1.648,1.148,0.745,-0.122,-0.0,0.0,0.0,0.009,0.0,0.0,0.0,0.0,0.0,0.0
EXO,480812067,,,,,,,,,,,SAFE,-5.466,-1.648,1.148,0.745,-0.122,-0.0,0.0,0.0,0.009,0.0,0.0,0.0,0.0,0.0,0.0
EXO,480912068,,,,,,,,,,,SAFE,-5.466,-1.648,1.148,0.745,-0.122,-0.0,0.0,0.0,0.009,0.0,0.0,0.0,0.0,0.0,0.0
EXO,481012067,,,,,,,,,,,SAFE,-5.466,-1.648,1.148,0.745,-0.122,-0.0,0.0,0.0,0.009,0.0,0.0,0.0,0.0,0.0,0.0
EXO,481112067,,,,,,,,,,,SAFE,-5.466,-1.648,1.148,0.745,-0.122,-0.0,0.0,0.0,0.009,0.0,0.0,0.0,0.0,0.0,0.0
EXO,481212067,,,,,,,,,,,SAFE,-5.466,-1.648,1.148,0.745,-0.122,-0.0,0.0,0.0,0.009,0.0,0.0,0.0,0.0,0.0,0.0
EXO,481312067,,,,,,,,,,,SAFE,-5.466,-1.648,1.148,0.745,-0.122,-0.0,0.0,0.0,0.009,0.0,0.0,0.0,0.0,0.0,0.0
EXO,481412068,,,,,,,,,,,SAFE,-5.466,-1.648,1.148,0.745,-0.122,-0.0,0.0,0.0,0.009,0.0,0.0,0.0,0.0,0.0,0.0
EXO,481512067,,,,,,,,,,,SAFE,-5.466,-1.648,1.148,0.745,-0.122,-0.0,0.0,0.0,0.009,0.0,0.0,0.0,0.0,0.0,0.0
EXO,481612067,,,,,,,,,,,SAFE,-5.466,-1.648,1.148,0.745,-0.122,-0.0,0.0,0.0,0.009,0.0,0.0,0.0,0.0,0.0,0.0
EXO,481712067,,,,,,,,,,,SAFE,-5.466,-1.648,1.148,0.745,-0.122,-0.0,0.0,0.0,0.009,0.0,0.0,0.0,0.0,0.0,0.0
EXO,481812067,,,,,,,,,,,SAFE,-5.466,-1.648,1.148,0.745,-0.122,-0.0,0.0,0.0,0.009,0.0,0.0,0.0,0.0,0.0,0.0
EXO,481912068,,,,,,,,,,,SAFE,-5.466,-1.648,1.148,0.745,-0.122,-0.0,0.0,0.0,0.009,0.0,0.0,0.0,0.0,0.0,0.0
EXO,482012067,,,,,,,,,,,SAFE,-5.466,-1.648,1.148,0.745,-0.122,-0.0,0.0,0.0,0.009,0.0,0.0,0.0,0.0,0.0,0.0
EXO,482112067,,,,,,,,,,,SAFE,-5.466,-1.648,1.148,0.745,-0.122,-0.0,0.0,0.0,0.009,0.0,0.0,0.0,0.0,0.0,0.0
EXO,482212067,,,,,,,,,,,SAFE,-5.466,-1.648,1.148,0.745,-0.122,-0.0,0.0,0.0,0.009,0.0,0.0,0.0,0.0,0.0,0.0
EXO,482312067,,,,,,,,,,,SAFE,-5.466,-1.648,1.148,0.745,-0.122,-0.0,0.0,0.0,0.009,0.0,0.0,0.0,0.0,0.0,0.0
EXO,482412068,,,,,,,,,,,SAFE,-5.466,-1.648,1.148,0.745,-0.122,-0.0,0.0,0.0,0.009,0.0,0.0,0.0,0.0,0.0,0.0
EXO,482512067,,,,,,,,,,,SAFE,-5.466,-1.648,1.148,0.745,-0.122,-0.0,0.0,0.0,0.009,0.0,0.0,0.0,0.0,0.0,0.0
EXO,482612067,,,,,,,,,,,SAFE,-5.466,-1.648,1.148,0.745,-0.122,-0.0,0.0,0.0,0.009,0.0,0.0,0.0,0.0,0.0,0.0
EXO,482712067,,,,,,,,,,,SAFE,-5.466,-1.648,1.148,0.745,-0.122,-0.0,0.0,0.0,0.009,0.0,0.0,0.0,0.0,0.0,0.0
EXO,482812067,,,,,,,,,,,SAFE,-5.466,-1.648,1.148,0.745,-0.122,-0.0,0.0,0.0,0.009,0.0,0.0,0.0,0.0,0.0,0.0
EXO,482912068,,,,,,,,,,,SAFE,-5.466,-1.648,1.148,0.745,-0.122,-0.0,0.0,0.0,0.009,0.0,0.0,0.0,0.0,0.0,0.0
EXO,483012067,,,,,,,,,,,SAFE,-5.466,-1.648,1.148,0.745,-0.122,-0.0,0.0,0.0,0.009,0.0,0.0,0.0,0.0,0.0,0.0
EXO,483112067,,,,,,,,,,,SAFE,-5.466,-1.648,1.148,0.745,-0.122,-0.0,0.0,0.0,0.009,0.0,0.0,0.0,0.0,0.0,0.0
EXO,483212067,,,,,,,,,,,SAFE,-5.466,-1.648,1.148,0.745,-0.122,-0.0,0.0,0.0,0.009,0.0,0.0,0.0,0.0,0.0,0.0
EXO,483312067,,,,,,,,,,,SAFE,-5.466,-1.648,1.148,0.745,-0.122,-0.0,0.0,0.0,0.009,0.0,0.0,0.0,0.0,0.0,0.0
EXO,483412068,,,,,,,,,,,SAFE,-5.466,-1.648,1.148,0.745,-0.122,-0.0,0.0,0.0,0.009,0.0,0.0,0.0,0.0,0.0,0.0
EXO,483512067,,,,,,,,,,,SAFE,-5.466,-1.648,1.148,0.745,-0.122,-0.0,0.0,0.0,0.009,0.0,0.0,0.0,0.0,0.0,0.0
EXO,483612067,,,,,,,,,,,SAFE,-5.466,-1.648,1.148,0.745,-0.122,-0.0,0.0,0.0,0.009,0.0,0.0,0.0,0.0,0.0,0.0
EXO,483712067,,,,,,,,,,,SAFE,-5.466,-1.648,1.148,0.745,-0.122,-0.0,0.0,0.0,0.009,0.0,0.0,0.0,0.0,0.0,0.0
EXO,483812067,,,,,,,,,,,SAFE,-5.466,-1.648,1.148,0.745,-0.122,-0.0,0.0,0.0,0.009,0.0,0.0,0.0,0.0,0.0,0.0
EXO,483912068,,,,,,,,,,,SAFE,-5.466,-1.648,1.148,0.745,-0.122,-0.0,0.0,0.0,0.009,0.0,0.0,0.0,0.0,0.0,0.0
EXO,484012067,,,,,,,,,,,SAFE,-5.466,-1.648,1.148,0.745,-0.122,-0.0,0.0,0.0,0.009,0.0,0.0,0.0,0.0,0.0,0.0
EXO,484112067,,,,,,,,,,,SAFE,-5.466,-1.648,1.148,0.745,-0.122,-0.0,0.0,0.0,0.009,0.0,0.0,0.0,0.0,0.0,0.0
EXO,484212067,,,,,,,,,,,SAFE,-5.466,-1.648,1.148,0.745,-0.122,-0.0,0.0,0.0,0.009,0.0,0.0,0.0,0.0,0.0,0.0
EXO,484312067,,,,,,,,,,,SAFE,-5.466,-1.648,1.148,0.745,-0.122,-0.0,0.0,0.0,0.009,0.0,0.0,0.0,0.0,0.0,0.0
EXO,484412068,,,,,,,,,,,SAFE,-5.466,-1.648,1.148,0.745,-0.122,-0.0,0.0,0.0,0.009,0.0,0.0,0.0,0.0,0.0,0.0
EXO,484512067,,,,,,,,,,,SAFE,-5.466,-1.648,1.148,0.745,-0.122,-0.0,0.0,0.0,0.009,0.0,0.0,0.0,0.0,0.0,0.0
EXO,484612067,,,,,,,,,,,SAFE,-5.466,-1.648,1.148,0.745,-0.122,-0.0,0.0,0.0,0.009,0.0,0.0,0.0,0.0,0.0,0.0
EXO,484712067,,,,,,,,,,,SAFE,-5.466,-1.648,1.148,0.745,-0.122,-0.0,0.0,0.0,0.009,0.0,0.0,0.0,0.0,0.0,0.0
EXO,484812067,,,,,,,,,,,SAFE,-5.466,-1.648,1.148,0.745,-0.122,-0.0,0.0,0.0,0.009,0.0,0.0,0.0,0.0,0.0,0.0
EXO,484912068,,,,,,,,,,,SAFE,-5.466,-1.648,1.148,0.745,-0.122,-0.0,0.0,0.0,0.009,0.0,0.0,0.0,0.0,0.0,0.0
EXO,485012067,,,,,,,,,,,SAFE,-5.466,-1.648,1.148,0.745,-0.122,-0.0,0.0,0.0,0.009,0.0,0.0,0.0,0.0,0.0,0.0
EXO,485112067,,,,,,,,,,,SAFE,-5.466,-1.648,1.148,0.745,-0.122,-0.0,0.0,0.0,0.009,0.0,0.0,0.0,0.0,0.0,0.0
EXO,485212067,,,,,,,,,,,SAFE,-5.466,-1.648,1.148,0.745,-0.122,-0.0,0.0,0.0,0.009,0.0,0.0,0.0,0.0,0.0,0.0
EXO,485312067,,,,,,,,,,,SAFE,-5.466,-1.648,1.148,0.745,-0.122,-0.0,0.0,0.0,0.009,0.0,0.0,0.0,0.0,0.0,0.0
EXO,485412068,,,,,,,,,,,SAFE,-5.466,-1.648,1.148,0.745,-0.122,-0.0,0.0,0.0,0.009,0.0,0.0,0.0,0.0,0.0,0.0
EXO,485512067,,,,,,,,,,,SAFE,-5.466,-1.648,1.148,0.745,-0.122,-0.0,0.0,0.0,0.009,0.0,0.0,0.0,0.0,0.0,0.0
EXO,485612067,,,,,,,,,,,SAFE,-5.466,-1.648,1.148,0.745,-0.122,-0.0,0.0,0.0,0.009,0.0,0.0,0.0,0.0,0.0,0.0
EXO,485712067,,,,,,,,,,,SAFE,-5.466,-1.648,1.148,0.745,-0.122,-0.0,0.0,0.0,0.009,0.0,0.0,0.0,0.0,0.0,0.0
EXO,485812067,,,,,,,,,,,SAFE,-5.466,-1.648,1.148,0.745,-0.122,-0.0,0.0,0.0,0.009,0.0,0.0,0.0,0.0,0.0,0.0
EXO,485912068,,,,,,,,,,,SAFE,-5.466,-1.648,1.148,0.745,-0.122,-0.0,0.0,0.0,0.009,0.0,0.0,0.0,0.0,0.0,0.0
EXO,486012067,,,,,,,,,,,SAFE,-5.466,-1.648,1.148,0.745,-0.122,-0.0,0.0,0.0,0.009,0.0,0.0,0.0,0.0,0.0,0.0
EXO,486112067,,,,,,,,,,,SAFE,-5.466,-1.648,1.148,0.745,-0.122,-0.0,0.0,0.0,0.009,0.0,0.0,0.0,0.0,0.0,0.0
EXO,486212067,,,,,,,,,,,SAFE,-5.466,-1.648,1.148,0.745,-0.122,-0.0,0.0,0.0,0.009,0.0,0.0,0.0,0.0,0.0,0.0
EXO,486312067,,,,,,,,,,,SAFE,-5.466,-1.648,1.148,0.745,-0.122,-0.0,0.0,0.0,0.009,0.0,0.0,0.0,0.0,0.0,0.0
EXO,486412068,,,,,,,,,,,SAFE,-5.466,-1.648,1.148,0.745,-0.122,-0.0,0.0,0.0,0.009,0.0,0.0,0.0,0.0,0.0,0.0
EXO,486512067,,,,,,,,,,,SAFE,-5.466,-1.648,1.148,0.745,-0.122,-0.0,0.0,0.0,0.009,0.0,0.0,0.0,0.0,0.0,0.0
EXO,486612067,,,,,,,,,,,SAFE,-5.466,-1.648,1.148,0.745,-0.122,-0.0,0.0,0.0,0.009,0.0,0.0,0.0,0.0,0.0,0.0
EXO,486712067,,,,,,,,,,,SAFE,-5.466,-1.648,1.148,0.745,-0.122,-0.0,0.0,0.0,0.009,0.0,0.0,0.0,0.0,0.0,0.0
EXO,486812067,,,,,,,,,,,SAFE,-5.466,-1.648,1.148,0.745,-0.122,-0.0,0.0,0.0,0.009,0.0,0.0,0.0,0.0,0.0,0.0
EXO,486912068,,,,,,,,,,,SAFE,-5.466,-1.648,1.148,0.745,-0.122,-0.0,0.0,0.0,0.009,0.0,0.0,0.0,0.0,0.0,0.0
EXO,487012067,,,,,,,,,,,SAFE,-5.466,-1.648,1.148,0.745,-0.122,-0.0,0.0,0.0,0.009,0.0,0.0,0.0,0.0,0.0,0.0
EXO,487112067,,,,,,,,,,,SAFE,-5.466,-1.648,1.148,0.745,-0.122,-0.0,0.0,0.0,0.009,0.0,0.0,0.0,0.0,0.0,0.0
EXO,487212067,,,,,,,,,,,SAFE,-5.466,-1.648,1.148,0.745,-0.122,-0.0,0.0,0.0,0.009,0.0,0.0,0.0,0.0,0.0,0.0
EXO,487312067,,,,,,,,,,,SAFE,-5.466,-1.648,1.148,0.745,-0.122,-0.0,0.0,0.0,0.009,0.0,0.0,0.0,0.0,0.0,0.0
EXO,487412068,,,,,,,,,,,SAFE,-5.466,-1.648,1.148,0.745,-0.122,-0.0,0.0,0.0,0.009,0.0,0.0,0.0,0.0,0.0,0.0
EXO,487512067,,,,,,,,,,,SAFE,-5.466,-1.648,1.148,0.745,-0.122,-0.0,0.0,0.0,0.009,0.0,0.0,0.0,0.0,0.0,0.0
EXO,487612067,,,,,,,,,,,SAFE,-5.466,-1.648,1.148,0.745,-0.122,-0.0,0.0,0.0,0.009,0.0,0.0,0.0,0.0,0.0,0.0
EXO,487712067,,,,,,,,,,,SAFE,-5.466,-1.648,1.148,0.745,-0.122,-0.0,0.0,0.0,0.009,0.0,0.0,0.0,0.0,0.0,0.0
EXO,487812067,,,,,,,,,,,SAFE,-5.466,-1.648,1.148,0.745,-0.122,-0.0,0.0,0.0,0.009,0.0,0.0,0.0,0.0,0.0,0.0
EXO,487912068,,,,,,,,,,,SAFE,-5.466,-1.648,1.148,0.745,-0.122,-0.0,0.0,0.0,0.009,0.0,0.0,0.0,0.0,0.0,0.0
EXO,488012067,,,,,,,,,,,SAFE,-5.466,-1.648,1.148,0.745,-0.122,-0.0,0.0,0.0,0.009,0.0,0.0,0.0,0.0,0.0,0.0
EXO,488112067,,,,,,,,,,,SAFE,-5.466,-1.648,1.148,0.745,-0.122,-0.0,0.0,0.0,0.009,0.0,0.0,0.0,0.0,0.0,0.0
EXO,488212067,,,,,,,,,,,SAFE,-5.466,-1.648,1.148,0.745,-0.122,-0.0,0.0,0.0,0.009,0.0,0.0,0.0,0.0,0.0,0.0
EXO,488312067,,,,,,,,,,,SAFE,-5.466,-1.648,1.148,0.745,-0.122,-0.0,0.0,0.0,0.009,0.0,0.0,0.0,0.0,0.0,0.0
EXO,488412068,,,,,,,,,,,SAFE,-5.466,-1.648,1.148,0.745,-0.122,-0.0,0.0,0.0,0.009,0.0,0.0,0.0,0.0,0.0,0.0
EXO,488512067,,,,,,,,,,,SAFE,-5.466,-1.648,1.148,0.745,-0.122,-0.0,0.0,0.0,0.009,0.0,0.0,0.0,0.0,0.0,0.0
EXO,488612067,,,,,,,,,,,SAFE,-5.466,-1.648,1.148,0.745,-0.122,-0.0,0.0,0.0,0.009,0.0,0.0,0.0,0.0,0.0,0.0
EXO,488712067,,,,,,,,,,,SAFE,-5.466,-1.648,1.148,0.745,-0.122,-0.0,0.0,0.0,0.009,0.0,0.0,0.0,0.0,0.0,0.0
EXO,488812067,,,,,,,,,,,SAFE,-5.466,-1.648,1.148,0.745,-0.122,-0.0,0.0,0.0,0.009,0.0,0.0,0.0,0.0,0.0,0.0
EXO,488912068,,,,,,,,,,,SAFE,-5.466,-1.648,1.148,0.745,-0.122,-0.0,0.0,0.0,0.009,0.0,0.0,0.0,0.0,0.0,0.0
EXO,489012067,,,,,,,,,,,SAFE,-5.466,-1.648,1.148,0.745,-0.122,-0.0,0.0,0.0,0.009,0.0,0.0,0.0,0.0,0.0,0.0
EXO,489112067,,,,,,,,,,,SAFE,-5.466,-1.648,1.148,0.745,-0.122,-0.0,0.0,0.0,0.009,0.0,0.0,0.0,0.0,0.0,0.0
EXO,489212067,,,,,,,,,,,SAFE,-5.466,-1.648,1.148,0.745,-0.122,-0.0,0.0,0.0,0.009,0.0,0.0,0.0,0.0,0.0,0.0
EXO,489312067,,,,,,,,,,,SAFE,-5.466,-1.648,1.148,0.745,-0.122,-0.0,0.0,0.0,0.009,0.0,0.0,0.0,0.0,0.0,0.0
EXO,489412068,,,,,,,,,,,SAFE,-5.466,-1.648,1.148,0.745,-0.122,-0.0,0.0,0.0,0.009,0.0,0.0,0.0,0.0,0.0,0.0
EXO,489512067,,,,,,,,,,,SAFE,-5.466,-1.648,1.148,0.745,-0.122,-0.0,0.0,0.0,0.009,0.0,0.0,0.0,0.0,0.0,0.0
EXO,489612067,,,,,,,,,,,SAFE,-5.466,-1.648,1.148,0.745,-0.122,-0.0,0.0,0.0,0.009,0.0,0.0,0.0,0.0,0.0,0.0
EXO,489712067,,,,,,,,,,,SAFE,-5.466,-1.648,1.148,0.745,-0.122,-0.0,0.0,0.0,0.009,0.0,0.0,0.0,0.0,0.0,0.0
EXO,489812067,,,,,,,,,,,SAFE,-5.466,-1.648,1.148,0.745,-0.122,-0.0,0.0,0.0,0.009,0.0,0.0,0.0,0.0,0.0,0.0
EXO,489912068,,,,,,,,,,,SAFE,-5.466,-1.648,1.148,0.745,-0.122,-0.0,0.0,0.0,0.009,0.0,0.0,0.0,0.0,0.0,0.0
EXO,490012067,,,,,,,,,,,SAFE,-5.466,-1.648,1.148,0.745,-0.122,-0.0,0.0,0.0,0.009,0.0,0.0,0.0,0.0,0.0,0.0
EXO,490112067,,,,,,,,,,,SAFE,-5.466,-1.648,1.148,0.745,-0.122,-0.0,0.0,0.0,0.009,0.0,0.0,0.0,0.0,0.0,0.0
EXO,490212067,,,,,,,,,,,SAFE,-5.466,-1.648,1.148,0.745,-0.122,-0.0,0.0,0.0,0.009,0.0,0.0,0.0,0.0,0.0,0.0
EXO,490312067,,,,,,,,,,,SAFE,-5.466,-1.648,1.148,0.745,-0.122,-0.0,0.0,0.0,0.009,0.0,0.0,0.0,0.0,0.0,0.0
EXO,490412068,,,,,,,,,,,SAFE,-5.466,-1.648,1.148,0.745,-0.122,-0.0,0.0,0.0,0.009,0.0,0.0,0.0,0.0,0.0,0.0
EXO,490512067,,,,,,,,,,,SAFE,-5.466,-1.648,1.148,0.745,-0.122,-0.0,0.0,0.0,0.009,0.0,0.0,0.0,0.0,0.0,0.0
EXO,490612067,,,,,,,,,,,SAFE,-5.466,-1.648,1.148,0.745,-0.122,-0.0,0.0,0.0,0.009,0.0,0.0,0.0,0.0,0.0,0.0
EXO,490712067,,,,,,,,,,,SAFE,-5.466,-1.648,1.148,0.745,-0.122,-0.0,0.0,0.0,0.009,0.0,0.0,0.0,0.0,0.0,0.0
EXO,490812067,,,,,,,,,,,SAFE,-5.466,-1.648,1.148,0.745,-0.122,-0.0,0.0,0.0,0.009,0.0,0.0,0.0,0.0,0.0,0.0
EXO,490912068,,,,,,,,,,,SAFE,-5.466,-1.648,1.148,0.745,-0.122,-0.0,0.0,0.0,0.009,0.0,0.0,0.0,0.0,0.0,0.0
EXO,491012067,,,,,,,,,,,SAFE,-5.466,-1.648,1.148,0.745,-0.122,-0.0,0.0,0.0,0.009,0.0,0.0,0.0,0.0,0.0,0.0
EXO,491112067,,,,,,,,,,,SAFE,-5.466,-1.648,1.148,0.745,-0.122,-0.0,0.0,0.0,0.009,0.0,0.0,0.0,0.0,0.0,0.0
EXO,491212067,,,,,,,,,,,SAFE,-5.466,-1.648,1.148,0.745,-0.122,-0.0,0.0,0.0,0.009,0.0,0.0,0.0,0.0,0.0,0.0
EXO,491312067,,,,,,,,,,,SAFE,-5.466,-1.648,1.148,0.745,-0.122,-0.0,0.0,0.0,0.009,0.0,0.0,0.0,0.0,0.0,0.0
EXO,491412068,,,,,,,,,,,SAFE,-5.466,-1.648,1.148,0.745,-0.122,-0.0,0.0,0.0,0.009,0.0,0.0,0.0,0.0,0.0,0.0
EXO,491512067,,,,,,,,,,,SAFE,-5.466,-1.648,1.148,0.745,-0.122,-0.0,0.0,0.0,0.009,0.0,0.0,0.0,0.0,0.0,0.0
EXO,491612067,,,,,,,,,,,SAFE,-5.466,-1.648,1.148,0.745,-0.122,-0.0,0.0,0.0,0.009,0.0,0.0,0.0,0.0,0.0,0.0
EXO,491712067,,,,,,,,,,,SAFE,-5.466,-1.648,1.148,0.745,-0.122,-0.0,0.0,0.0,0.009,0.0,0.0,0.0,0.0,0.0,0.0
EXO,491812067,,,,,,,,,,,SAFE,-5.466,-1.648,1.148,0.745,-0.122,-0.0,0.0,0.0,0.009,0.0,0.0,0.0,0.0,0.0,0.0
EXO,491912068,,,,,,,,,,,SAFE,-5.466,-1.648,1.148,0.745,-0.122,-0.0,0.0,0.0,0.009,0.0,0.0,0.0,0.0,0.0,0.0
EXO,492012067,,,,,,,,,,,SAFE,-5.466,-1.648,1.148,0.745,-0.122,-0.0,0.0,0.0,0.009,0.0,0.0,0.0,0.0,0.0,0.0
EXO,492112067,,,,,,,,,,,SAFE,-5.466,-1.648,1.148,0.745,-0.122,-0.0,0.0,0.0,0.009,0.0,0.0,0.0,0.0,0.0,0.0
EXO,492212067,,,,,,,,,,,SAFE,-5.466,-1.648,1.148,0.745,-0.122,-0.0,0.0,0.0,0.009,0.0,0.0,0.0,0.0,0.0,0.0
EXO,492312067,,,,,,,,,,,SAFE,-5.466,-1.648,1.148,0.745,-0.122,-0.0,0.0,0.0,0.009,0.0,0.0,0.0,0.0,0.0,0.0
EXO,492412068,,,,,,,,,,,SAFE,-5.466,-1.648,1.148,0.745,-0.122,-0.0,0.0,0.0,0.009,0.0,0.0,0.0,0.0,0.0,0.0
EXO,492512067,,,,,,,,,,,SAFE,-5.466,-1.648,1.148,0.745,-0.122,-0.0,0.0,0.0,0.009,0.0,0.0,0.0,0.0,0.0,0.0
EXO,492612067,,,,,,,,,,,SAFE,-5.466,-1.648,1.148,0.745,-0.122,-0.0,0.0,0.0,0.009,0.0,0.0,0.0,0.0,0.0,0.0
EXO,492712067,,,,,,,,,,,SAFE,-5.466,-1.648,1.148,0.745,-0.122,-0.0,0.0,0.0,0.009,0.0,0.0,0.0,0.0,0.0,0.0
EXO,492812067,,,,,,,,,,,SAFE,-5.466,-1.648,1.148,0.745,-0.122,-0.0,0.0,0.0,0.009,0.0,0.0,0.0,0.0,0.0,0.0
EXO,492912068,,,,,,,,,,,SAFE,-5.466,-1.648,1.148,0.745,-0.122,-0.0,0.0,0.0,0.009,0.0,0.0,0.0,0.0,0.0,0.0
EXO,493012067,,,,,,,,,,,SAFE,-5.466,-1.648,1.148,0.745,-0.122,-0.0,0.0,0.0,0.009,0.0,0.0,0.0,0.0,0.0,0.0
EXO,493112067,,,,,,,,,,,SAFE,-5.466,-1.648,1.148,0.745,-0.122,-0.0,0.0,0.0,0.009,0.0,0.0,0.0,0.0,0.0,0.0
EXO,493212067,,,,,,,,,,,SAFE,-5.466,-1.648,1.148,0.745,-0.122,-0.0,0.0,0.0,0.009,0.0,0.0,0.0,0.0,0.0,0.0
EXO,493312067,,,,,,,,,,,SAFE,-5.466,-1.648,1.148,0.745,-0.122,-0.0,0.0,0.0,0.009,0.0,0.0,0.0,0.0,0.0,0.0
EXO,493412068,,,,,,,,,,,SAFE,-5.466,-1.648,1.148,0.745,-0.122,-0.0,0.0,0.0,0.009,0.0,0.0,0.0,0.0,0.0,0.0
EXO,493512067,,,,,,,,,,,SAFE,-5.466,-1.648,1.148,0.745,-0.122,-0.0,0.0,0.0,0.009,0.0,0.0,0.0,0.0,0.0,0.0
EXO,493612067,,,,,,,,,,,SAFE,-5.466,-1.648,1.148,0.745,-0.122,-0.0,0.0,0.0,0.009,0.0,0.0,0.0,0.0,0.0,0.0
EXO,493712067,,,,,,,,,,,SAFE,-5.466,-1.648,1.148,0.745,-0.122,-0.0,0.0,0.0,0.009,0.0,0.0,0.0,0.0,0.0,0.0
EXO,493812067,,,,,,,,,,,SAFE,-5.466,-1.648,1.148,0.745,-0.122,-0.0,0.0,0.0,0.009,0.0,0.0,0.0,0.0,0.0,0.0
EXO,493912068,,,,,,,,,,,SAFE,-5.466,-1.648,1.148,0.745,-0.122,-0.0,0.0,0.0,0.009,0.0,0.0,0.0,0.0,0.0,0.0
EXO,494012067,,,,,,,,,,,SAFE,-5.466,-1.648,1.148,0.745,-0.122,-0.0,0.0,0.0,0.009,0.0,0.0,0.0,0.0,0.0,0.0
EXO,494112067,,,,,,,,,,,SAFE,-5.466,-1.648,1.148,0.745,-0.122,-0.0,0.0,0.0,0.009,0.0,0.0,0.0,0.0,0.0,0.0
EXO,494212067,,,,,,,,,,,SAFE,-5.466,-1.648,1.148,0.745,-0.122,-0.0,0.0,0.0,0.009,0.0,0.0,0.0,0.0,0.0,0.0
EXO,494312067,,,,,,,,,,,SAFE,-5.466,-1.648,1.148,0.745,-0.122,-0.0,0.0,0.0,0.009,0.0,0.0,0.0,0.0,0.0,0.0
EXO,494412068,,,,,,,,,,,SAFE,-5.466,-1.648,1.148,0.745,-0.122,-0.0,0.0,0.0,0.009,0.0,0.0,0.0,0.0,0.0,0.0
EXO,494512067,,,,,,,,,,,SAFE,-5.466,-1.648,1.148,0.745,-0.122,-0.0,0.0,0.0,0.009,0.0,0.0,0.0,0.0,0.0,0.0
EXO,494612067,,,,,,,,,,,SAFE,-5.466,-1.648,1.148,0.745,-0.122,-0.0,0.0,0.0,0.009,0.0,0.0,0.0,0.0,0.0,0.0
EXO,494712067,,,,,,,,,,,SAFE,-5.466,-1.648,1.148,0.745,-0.122,-0.0,0.0,0.0,0.009,0.0,0.0,0.0,0.0,0.0,0.0
EXO,494812067,,,,,,,,,,,SAFE,-5.466,-1.648,1.148,0.745,-0.122,-0.0,0.0,0.0,0.009,0.0,0.0,0.0,0.0,0.0,0.0
EXO,494912068,,,,,,,,,,,SAFE,-5.466,-1.648,1.148,0.745,-0.122,-0.0,0.0,0.0,0.009,0.0,0.0,0.0,0.0,0.0,0.0
EXO,495012067,,,,,,,,,,,SAFE,-5.466,-1.648,1.148,0.745,-0.122,-0.0,0.0,0.0,0.009,0.0,0.0,0.0,0.0,0.0,0.0
EXO,495112067,,,,,,,,,,,SAFE,-5.466,-1.648,1.148,0.745,-0.122,-0.0,0.0,0.0,0.009,0.0,0.0,0.0,0.0,0.0,0.0
EXO,495212067,,,,,,,,,,,SAFE,-5.466,-1.648,1.148,0.745,-0.122,-0.0,0.0,0.0,0.009,0.0,0.0,0.0,0.0,0.0,0.0
EXO,495312067,,,,,,,,,,,SAFE,-5.466,-1.648,1.148,0.745,-0.122,-0.0,0.0,0.0,0.009,0.0,0.0,0.0,0.0,0.0,0.0
EXO,495412068,,,,,,,,,,,SAFE,-5.466,-1.648,1.148,0.745,-0.122,-0.0,0.0,0.0,0.009,0.0,0.0,0.0,0.0,0.0,0.0
EXO,495512067,,,,,,,,,,,SAFE,-5.466,-1.648,1.148,0.745,-0.122,-0.0,0.0,0.0,0.009,0.0,0.0,0.0,0.0,0.0,0.0
EXO,495612067,,,,,,,,,,,SAFE,-5.466,-1.648,1.148,0.745,-0.122,-0.0,0.0,0.0,0.009,0.0,0.0,0.0,0.0,0.0,0.0
EXO,495712067,,,,,,,,,,,SAFE,-5.466,-1.648,1.148,0.745,-0.122,-0.0,0.0,0.0,0.009,0.0,0.0,0.0,0.0,0.0,0.0
EXO,495812067,,,,,,,,,,,SAFE,-5.466,-1.648,1.148,0.745,-0.122,-0.0,0.0,0.0,0.009,0.0,0.0,0.0,0.0,0.0,0.0
EXO,495912068,,,,,,,,,,,SAFE,-5.466,-1.648,1.148,0.745,-0.122,-0.0,0.0,0.0,0.009,0.0,0.0,0.0,0.0,0.0,0.0
EXO,496012067,,,,,,,,,,,SAFE,-5.466,-1.648,1.148,0.745,-0.122,-0.0,0.0,0.0,0.009,0.0,0.0,0.0,0.0,0.0,0.0
EXO,496112067,,,,,,,,,,,SAFE,-5.466,-1.648,1.148,0.745,-0.122,-0.0,0.0,0.0,0.009,0.0,0.0,0.0,0.0,0.0,0.0
EXO,496212067,,,,,,,,,,,SAFE,-5.466,-1.648,1.148,0.745,-0.122,-0.0,0.0,0.0,0.009,0.0,0.0,0.0,0.0,0.0,0.0
EXO,496312067,,,,,,,,,,,SAFE,-5.466,-1.648,1.148,0.745,-0.122,-0.0,0.0,0.0,0.009,0.0,0.0,0.0,0.0,0.0,0.0
EXO,496412068,,,,,,,,,,,SAFE,-5.466,-1.648,1.148,0.745,-0.122,-0.0,0.0,0.0,0.009,0.0,0.0,0.0,0.0,0.0,0.0
EXO,496512067,,,,,,,,,,,SAFE,-5.466,-1.648,1.148,0.745,-0.122,-0.0,0.0,0.0,0.009,0.0,0.0,0.0,0.0,0.0,0.0
EXO,496612067,,,,,,,,,,,SAFE,-5.466,-1.648,1.148,0.745,-0.122,-0.0,0.0,0.0,0.009,0.0,0.0,0.0,0.0,0.0,0.0
EXO,496712067,,,,,,,,,,,SAFE,-5.466,-1.648,1.148,0.745,-0.122,-0.0,0.0,0.0,0.009,0.0,0.0,0.0,0.0,0.0,0.0
EXO,496812067,,,,,,,,,,,SAFE,-5.466,-1.648,1.148,0.745,-0.122,-0.0,0.0,0.0,0.009,0.0,0.0,0.0,0.0,0.0,0.0
EXO,496912068,,,,,,,,,,,SAFE,-5.466,-1.648,1.148,0.745,-0.122,-0.0,0.0,0.0,0.009,0.0,0.0,0.0,0.0,0.0,0.0
EXO,497012067,,,,,,,,,,,SAFE,-5.466,-1.648,1.148,0.745,-0.122,-0.0,0.0,0.0,0.009,0.0,0.0,0.0,0.0,0.0,0.0
EXO,497112067,,,,,,,,,,,SAFE,-5.466,-1.648,1.148,0.745,-0.122,-0.0,0.0,0.0,0.009,0.0,0.0,0.0,0.0,0.0,0.0
EXO,497212067,,,,,,,,,,,SAFE,-5.466,-1.648,1.148,0.745,-0.122,-0.0,0.0,0.0,0.009,0.0,0.0,0.0,0.0,0.0,0.0
EXO,497312067,,,,,,,,,,,SAFE,-5.466,-1.648,1.148,0.745,-0.122,-0.0,0.0,0.0,0.009,0.0,0.0,0.0,0.0,0.0,0.0
EXO,497412068,,,,,,,,,,,SAFE,-5.466,-1.648,1.148,0.745,-0.122,-0.0,0.0,0.0,0.009,0.0,0.0,0.0,0.0,0.0,0.0
EXO,497512067,,,,,,,,,,,SAFE,-5.466,-1.648,1.148,0.745,-0.122,-0.0,0.0,0.0,0.009,0.0,0.0,0.0,0.0,0.0,0.0
EXO,497612067,,,,,,,,,,,SAFE,-5.466,-1.648,1.148,0.745,-0.122,-0.0,0.0,0.0,0.009,0.0,0.0,0.0,0.0,0.0,0.0
EXO,497712067,,,,,,,,,,,SAFE,-5.466,-1.648,1.148,0.745,-0.122,-0.0,0.0,0.0,0.009,0.0,0.0,0.0,0.0,0.0,0.0
EXO,497812067,,,,,,,,,,,SAFE,-5.466,-1.648,1.148,0.745,-0.122,-0.0,0.0,0.0,0.009,0.0,0.0,0.0,0.0,0.0,0.0
EXO,497912068,,,,,,,,,,,SAFE,-5.466,-1.648,1.148,0.745,-0.122,-0.0,0.0,0.0,0.009,0.0,0.0,0.0,0.0,0.0,0.0
EXO,498012067,,,,,,,,,,,SAFE,-5.466,-1.648,1.148,0.745,-0.122,-0.0,0.0,0.0,0.009,0.0,0.0,0.0,0.0,0.0,0.0
EXO,498112067,,,,,,,,,,,SAFE,-5.466,-1.648,1.148,0.745,-0.122,-0.0,0.0,0.0,0.009,0.0,0.0,0.0,0.0,0.0,0.0
EXO,498212067,,,,,,,,,,,SAFE,-5.466,-1.648,1.148,0.745,-0.122,-0.0,0.0,0.0,0.009,0.0,0.0,0.0,0.0,0.0,0.0
EXO,498312067,,,,,,,,,,,SAFE,-5.466,-1.648,1.148,0.745,-0.122,-0.0,0.0,0.0,0.009,0.0,0.0,0.0,0.0,0.0,0.0
EXO,498412068,,,,,,,,,,,SAFE,-5.466,-1.648,1.148,0.745,-0.122,-0.0,0.0,0.0,0.009,0.0,0.0,0.0,0.0,0.0,0.0
EXO,498512067,,,,,,,,,,,SAFE,-5.466,-1.648,1.148,0.745,-0.122,-0.0,0.0,0.0,0.009,0.0,0.0,0.0,0.0,0.0,0.0
EXO,498612067,,,,,,,,,,,SAFE,-5.466,-1.648,1.148,0.745,-0.122,-0.0,0.0,0.0,0.009,0.0,0.0,0.0,0.0,0.0,0.0
EXO,498712067,,,,,,,,,,,SAFE,-5.466,-1.648,1.148,0.745,-0.122,-0.0,0.0,0.0,0.009,0.0,0.0,0.0,0.0,0.0,0.0
EXO,498812067,,,,,,,,,,,SAFE,-5.466,-1.648,1.148,0.745,-0.122,-0.0,0.0,0.0,0.009,0.0,0.0,0.0,0.0,0.0,0.0
EXO,498912068,,,,,,,,,,,SAFE,-5.466,-1.648,1.148,0.745,-0.122,-0.0,0.0,0.0,0.009,0.0,0.0,0.0,0.0,0.0,0.0
EXO,499012067,,,,,,,,,,,SAFE,-5.466,-1.648,1.148,0.745,-0.122,-0.0,0.0,0.0,0.009,0.0,0.0,0.0,0.0,0.0,0.0
EXO,499112067,,,,,,,,,,,SAFE,-5.466,-1.648,1.148,0.745,-0.122,-0.0,0.0,0.0,0.009,0.0,0.0,0.0,0.0,0.0,0.0
EXO,499212067,,,,,,,,,,,SAFE,-5.466,-1.648,1.148,0.745,-0.122,-0.0,0.0,0.0,0.009,0.0,0.0,0.0,0.0,0.0,0.0
EXO,499312067,,,,,,,,,,,SAFE,-5.466,-1.648,1.148,0.745,-0.122,-0.0,0.0,0.0,0.009,0.0,0.0,0.0,0.0,0.0,0.0
EXO,499412068,,,,,,,,,,,SAFE,-5.466,-1.648,1.148,0.745,-0.122,-0.0,0.0,0.0,0.009,0.0,0.0,0.0,0.0,0.0,0.0
EXO,499512067,,,,,,,,,,,SAFE,-5.466,-1.648,1.148,0.745,-0.122,-0.0,0.0,0.0,0.009,0.0,0.0,0.0,0.0,0.0,0.0
EXO,499612067,,,,,,,,,,,SAFE,-5.466,-1.648,1.148,0.745,-0.122,-0.0,0.0,0.0,0.009,0.0,0.0,0.0,0.0,0.0,0.0
EXO,499712067,,,,,,,,,,,SAFE,-5.466,-1.648,1.148,0.745,-0.122,-0.0,0.0,0.0,0.009,0.0,0.0,0.0,0.0,0.0,0.0
EXO,499812067,,,,,,,,,,,SAFE,-5.466,-1.648,1.148,0.745,-0.122,-0.0,0.0,0.0,0.009,0.0,0.0,0.0,0.0,0.0,0.0
EXO,499912068,,,,,,,,,,,SAFE,-5.466,-1.648,1.148,0.745,-0.122,-0.0,0.0,0.0,0.009,0.0,0.0,0.0,0.0,0.0,0.0
EXO,500012067,,,,,,,,,,,SAFE,-5.466,-1.648,1.148,0.745,-0.122,-0.0,0.0,0.0,0.009,0.0,0.0,0.0,0.0,0.0,0.0
EXO,500112067,,,,,,,,,,,SAFE,-5.466,-1.648,1.148,0.745,-0.122,-0.0,0.0,0.0,0.009,0.0,0.0,0.0,0.0,0.0,0.0
EXO,500212067,,,,,,,,,,,SAFE,-5.466,-1.648,1.148,0.745,-0.122,-0.0,0.0,0.0,0.009,0.0,0.0,0.0,0.0,0.0,0.0
EXO,500312067,,,,,,,,,,,SAFE,-5.466,-1.648,1.148,0.745,-0.122,-0.0,0.0,0.0,0.009,0.0,0.0,0.0,0.0,0.0,0.0
EXO,500412068,,,,,,,,,,,SAFE,-5.466,-1.648,1.148,0.745,-0.122,-0.0,0.0,0.0,0.009,0.0,0.0,0.0,0.0,0.0,0.0
EXO,500512067,,,,,,,,,,,SAFE,-5.466,-1.648,1.148,0.745,-0.122,-0.0,0.0,0.0,0.009,0.0,0.0,0.0,0.0,0.0,0.0
EXO,500612067,,,,,,,,,,,SAFE,-5.466,-1.648,1.148,0.745,-0.122,-0.0,0.0,0.0,0.009,0.0,0.0,0.0,0.0,0.0,0.0
EXO,500712067,,,,,,,,,,,SAFE,-5.466,-1.648,1.148,0.745,-0.122,-0.0,0.0,0.0,0.009,0.0,0.0,0.0,0.0,0.0,0.0
EXO,500812067,,,,,,,,,,,SAFE,-5.466,-1.648,1.148,0.745,-0.122,-0.0,0.0,0.0,0.009,0.0,0.0,0.0,0.0,0.0,0.0
EXO,500912068,,,,,,,,,,,SAFE,-5.466,-1.648,1.148,0.745,-0.122,-0.0,0.0,0.0,0.009,0.0,0.0,0.0,0.0,0.0,0.0
EXO,501012067,,,,,,,,,,,SAFE,-5.466,-1.648,1.148,0.745,-0.122,-0.0,0.0,0.0,0.009,0.0,0.0,0.0,0.0,0.0,0.0
EXO,501112067,,,,,,,,,,,SAFE,-5.466,-1.648,1.148,0.745,-0.122,-0.0,0.0,0.0,0.009,0.0,0.0,0.0,0.0,0.0,0.0
EXO,501212067,,,,,,,,,,,SAFE,-5.466,-1.648,1.148,0.745,-0.122,-0.0,0.0,0.0,0.009,0.0,0.0,0.0,0.0,0.0,0.0
EXO,501312067,,,,,,,,,,,SAFE,-5.466,-1.648,1.148,0.745,-0.122,-0.0,0.0,0.0,0.009,0.0,0.0,0.0,0.0,0.0,0.0
EXO,501412068,,,,,,,,,,,SAFE,-5.466,-1.648,1.148,0.745,-0.122,-0.0,0.0,0.0,0.009,0.0,0.0,0.0,0.0,0.0,0.0
EXO,501512067,,,,,,,,,,,SAFE,-5.466,-1.648,1.148,0.745,-0.122,-0.0,0.0,0.0,0.009,0.0,0.0,0.0,0.0,0.0,0.0
EXO,501612067,,,,,,,,,,,SAFE,-5.466,-1.648,1.148,0.745,-0.122,-0.0,0.0,0.0,0.009,0.0,0.0,0.0,0.0,0.0,0.0
EXO,501712067,,,,,,,,,,,SAFE,-5.466,-1.648,1.148,0.745,-0.122,-0.0,0.0,0.0,0.009,0.0,0.0,0.0,0.0,0.0,0.0
EXO,501812067,,,,,,,,,,,SAFE,-5.466,-1.648,1.148,0.745,-0.122,-0.0,0.0,0.0,0.009,0.0,0.0,0.0,0.0,0.0,0.0
EXO,501912068,,,,,,,,,,,SAFE,-5.466,-1.648,1.148,0.745,-0.122,-0.0,0.0,0.0,0.009,0.0,0.0,0.0,0.0,0.0,0.0
EXO,502012067,,,,,,,,,,,SAFE,-5.466,-1.648,1.148,0.745,-0.122,-0.0,0.0,0.0,0.009,0.0,0.0,0.0,0.0,0.0,0.0
EXO,502112067,,,,,,,,,,,SAFE,-5.466,-1.648,1.148,0.745,-0.122,-0.0,0.0,0.0,0.009,0.0,0.0,0.0,0.0,0.0,0.0
EXO,502212067,,,,,,,,,,,SAFE,-5.466,-1.648,1.148,0.745,-0.122,-0.0,0.0,0.0,0.009,0.0,0.0,0.0,0.0,0.0,0.0
EXO,502312067,,,,,,,,,,,SAFE,-5.466,-1.648,1.148,0.745,-0.122,-0.0,0.0,0.0,0.009,0.0,0.0,0.0,0.0,0.0,0.0
EXO,502412068,,,,,,,,,,,SAFE,-5.466,-1.648,1.148,0.745,-0.122,-0.0,0.0,0.0,0.009,0.0,0.0,0.0,0.0,0.0,0.0
EXO,502512067,,,,,,,,,,,SAFE,-5.466,-1.648,1.148,0.745,-0.122,-0.0,0.0,0.0,0.009,0.0,0.0,0.0,0.0,0.0,0.0
EXO,502612067,,,,,,,,,,,SAFE,-5.466,-1.648,1.148,0.745,-0.122,-0.0,0.0,0.0,0.009,0.0,0.0,0.0,0.0,0.0,0.0
EXO,502712067,,,,,,,,,,,SAFE,-5.466,-1.648,1.148,0.745,-0.122,-0.0,0.0,0.0,0.009,0.0,0.0,0.0,0.0,0.0,0.0
EXO,502812067,,,,,,,,,,,SAFE,-5.466,-1.648,1.148,0.745,-0.122,-0.0,0.0,0.0,0.009,0.0,0.0,0.0,0.0,0.0,0.0
EXO,502912068,,,,,,,,,,,SAFE,-5.466,-1.648,1.148,0.745,-0.122,-0.0,0.0,0.0,0.009,0.0,0.0,0.0,0.0,0.0,0.0
EXO,503012067,,,,,,,,,,,SAFE,-5.466,-1.648,1.148,0.745,-0.122,-0.0,0.0,0.0,0.009,0.0,0.0,0.0,0.0,0.0,0.0
EXO,503112067,,,,,,,,,,,SAFE,-5.466,-1.648,1.148,0.745,-0.122,-0.0,0.0,0.0,0.009,0.0,0.0,0.0,0.0,0.0,0.0
EXO,503212067,,,,,,,,,,,SAFE,-5.466,-1.648,1.148,0.745,-0.122,-0.0,0.0,0.0,0.009,0.0,0.0,0.0,0.0,0.0,0.0
EXO,503312067,,,,,,,,,,,SAFE,-5.466,-1.648,1.148,0.745,-0.122,-0.0,0.0,0.0,0.009,0.0,0.0,0.0,0.0,0.0,0.0
EXO,503412068,,,,,,,,,,,SAFE,-5.466,-1.648,1.148,0.745,-0.122,-0.0,0.0,0.0,0.009,0.0,0.0,0.0,0.0,0.0,0.0
EXO,503512067,,,,,,,,,,,SAFE,-5.466,-1.648,1.148,0.745,-0.122,-0.0,0.0,0.0,0.009,0.0,0.0,0.0,0.0,0.0,0.0
EXO,503612067,,,,,,,,,,,SAFE,-5.466,-1.648,1.148,0.745,-0.122,-0.0,0.0,0.0,0.009,0.0,0.0,0.0,0.0,0.0,0.0
EXO,503712067,,,,,,,,,,,SAFE,-5.466,-1.648,1.148,0.745,-0.122,-0.0,0.0,0.0,0.009,0.0,0.0,0.0,0.0,0.0,0.0
EXO,503812067,,,,,,,,,,,SAFE,-5.466,-1.648,1.148,0.745,-0.122,-0.0,0.0,0.0,0.009,0.0,0.0,0.0,0.0,0.0,0.0
EXO,503912068,,,,,,,,,,,SAFE,-5.466,-1.648,1.148,0.745,-0.122,-0.0,0.0,0.0,0.009,0.0,0.0,0.0,0.0,0.0,0.0
EXO,504012067,,,,,,,,,,,SAFE,-5.466,-1.648,1.148,0.745,-0.122,-0.0,0.0,0.0,0.009,0.0,0.0,0.0,0.0,0.0,0.0
EXO,504112067,,,,,,,,,,,SAFE,-5.466,-1.648,1.148,0.745,-0.122,-0.0,0.0,0.0,0.009,0.0,0.0,0.0,0.0,0.0,0.0
EXO,504212067,,,,,,,,,,,SAFE,-5.466,-1.648,1.148,0.745,-0.122,-0.0,0.0,0.0,0.009,0.0,0.0,0.0,0.0,0.0,0.0
EXO,504312067,,,,,,,,,,,SAFE,-5.466,-1.648,1.148,0.745,-0.122,-0.0,0.0,0.0,0.009,0.0,0.0,0.0,0.0,0.0,0.0
EXO,504412068,,,,,,,,,,,SAFE,-5.466,-1.648,1.148,0.745,-0.122,-0.0,0.0,0.0,0.009,0.0,0.0,0.0,0.0,0.0,0.0
EXO,504512067,,,,,,,,,,,SAFE,-5.466,-1.648,1.148,0.745,-0.122,-0.0,0.0,0.0,0.009,0.0,0.0,0.0,0.0,0.0,0.0
EXO,504612067,,,,,,,,,,,SAFE,-5.466,-1.648,1.148,0.745,-0.122,-0.0,0.0,0.0,0.009,0.0,0.0,0.0,0.0,0.0,0.0
EXO,504712067,,,,,,,,,,,SAFE,-5.466,-1.648,1.148,0.745,-0.122,-0.0,0.0,0.0,0.009,0.0,0.0,0.0,0.0,0.0,0.0
EXO,504812067,,,,,,,,,,,SAFE,-5.466,-1.648,1.148,0.745,-0.122,-0.0,0.0,0.0,0.009,0.0,0.0,0.0,0.0,0.0,0.0
EXO,504912068,,,,,,,,,,,SAFE,-5.466,-1.648,1.148,0.745,-0.122,-0.0,0.0,0.0,0.009,0.0,0.0,0.0,0.0,0.0,0.0
EXO,505012067,,,,,,,,,,,SAFE,-5.466,-1.648,1.148,0.745,-0.122,-0.0,0.0,0.0,0.009,0.0,0.0,0.0,0.0,0.0,0.0
EXO,505112067,,,,,,,,,,,SAFE,-5.466,-1.648,1.148,0.745,-0.122,-0.0,0.0,0.0,0.009,0.0,0.0,0.0,0.0,0.0,0.0
EXO,505212067,,,,,,,,,,,SAFE,-5.466,-1.648,1.148,0.745,-0.122,-0.0,0.0,0.0,0.009,0.0,0.0,0.0,0.0,0.0,0.0
EXO,505312067,,,,,,,,,,,SAFE,-5.466,-1.648,1.148,0.745,-0.122,-0.0,0.0,0.0,0.009,0.0,0.0,0.0,0.0,0.0,0.0
EXO,505412068,,,,,,,,,,,SAFE,-5.466,-1.648,1.148,0.745,-0.122,-0.0,0.0,0.0,0.009,0.0,0.0,0.0,0.0,0.0,0.0
EXO,505512067,,,,,,,,,,,SAFE,-5.466,-1.648,1.148,0.745,-0.122,-0.0,0.0,0.0,0.009,0.0,0.0,0.0,0.0,0.0,0.0
EXO,505612067,,,,,,,,,,,SAFE,-5.466,-1.648,1.148,0.745,-0.122,-0.0,0.0,0.0,0.009,0.0,0.0,0.0,0.0,0.0,0.0
EXO,505712067,,,,,,,,,,,SAFE,-5.466,-1.648,1.148,0.745,-0.122,-0.0,0.0,0.0,0.009,0.0,0.0,0.0,0.0,0.0,0.0
EXO,505812067,,,,,,,,,,,SAFE,-5.466,-1.648,1.148,0.745,-0.122,-0.0,0.0,0.0,0.009,0.0,0.0,0.0,0.0,0.0,0.0
EXO,505912068,,,,,,,,,,,SAFE,-5.466,-1.648,1.148,0.745,-0.122,-0.0,0.0,0.0,0.009,0.0,0.0,0.0,0.0,0.0,0.0
EXO,506012067,,,,,,,,,,,SAFE,-5.466,-1.648,1.148,0.745,-0.122,-0.0,0.0,0.0,0.009,0.0,0.0,0.0,0.0,0.0,0.0
EXO,506112067,,,,,,,,,,,SAFE,-5.466,-1.648,1.148,0.745,-0.122,-0.0,0.0,0.0,0.009,0.0,0.0,0.0,0.0,0.0,0.0
EXO,506212067,,,,,,,,,,,SAFE,-5.466,-1.648,1.148,0.745,-0.122,-0.0,0.0,0.0,0.009,0.0,0.0,0.0,0.0,0.0,0.0
EXO,506312067,,,,,,,,,,,SAFE,-5.466,-1.648,1.148,0.745,-0.122,-0.0,0.0,0.0,0.009,0.0,0.0,0.0,0.0,0.0,0.0
EXO,506412068,,,,,,,,,,,SAFE,-5.466,-1.648,1.148,0.745,-0.122,-0.0,0.0,0.0,0.009,0.0,0.0,0.0,0.0,0.0,0.0
EXO,506512067,,,,,,,,,,,SAFE,-5.466,-1.648,1.148,0.745,-0.122,-0.0,0.0,0.0,0.009,0.0,0.0,0.0,0.0,0.0,0.0
EXO,506612067,,,,,,,,,,,SAFE,-5.466,-1.648,1.148,0.745,-0.122,-0.0,0.0,0.0,0.009,0.0,0.0,0.0,0.0,0.0,0.0
EXO,506712067,,,,,,,,,,,SAFE,-5.466,-1.648,1.148,0.745,-0.122,-0.0,0.0,0.0,0.009,0.0,0.0,0.0,0.0,0.0,0.0
EXO,506812067,,,,,,,,,,,SAFE,-5.466,-1.648,1.148,0.745,-0.122,-0.0,0.0,0.0,0.009,0.0,0.0,0.0,0.0,0.0,0.0
EXO,506912068,,,,,,,,,,,SAFE,-5.466,-1.648,1.148,0.745,-0.122,-0.0,0.0,0.0,0.009,0.0,0.0,0.0,0.0,0.0,0.0
EXO,507012067,,,,,,,,,,,SAFE,-5.466,-1.648,1.148,0.745,-0.122,-0.0,0.0,0.0,0.009,0.0,0.0,0.0,0.0,0.0,0.0
EXO,507112067,,,,,,,,,,,SAFE,-5.466,-1.648,1.148,0.745,-0.122,-0.0,0.0,0.0,0.009,0.0,0.0,0.0,0.0,0.0,0.0
EXO,507212067,,,,,,,,,,,SAFE,-5.466,-1.648,1.148,0.745,-0.122,-0.0,0.0,0.0,0.009,0.0,0.0,0.0,0.0,0.0,0.0
EXO,507312067,,,,,,,,,,,SAFE,-5.466,-1.648,1.148,0.745,-0.122,-0.0,0.0,0.0,0.009,0.0,0.0,0.0,0.0,0.0,0.0
EXO,507412068,,,,,,,,,,,SAFE,-5.466,-1.648,1.148,0.745,-0.122,-0.0,0.0,0.0,0.009,0.0,0.0,0.0,0.0,0.0,0.0
EXO,507512067,,,,,,,,,,,SAFE,-5.466,-1.648,1.148,0.745,-0.122,-0.0,0.0,0.0,0.009,0.0,0.0,0.0,0.0,0.0,0.0
EXO,507612067,,,,,,,,,,,SAFE,-5.466,-1.648,1.148,0.745,-0.122,-0.0,0.0,0.0,0.009,0.0,0.0,0.0,0.0,0.0,0.0
EXO,507712067,,,,,,,,,,,SAFE,-5.466,-1.648,1.148,0.745,-0.122,-0.0,0.0,0.0,0.009,0.0,0.0,0.0,0.0,0.0,0.0
EXO,507812067,,,,,,,,,,,SAFE,-5.466,-1.648,1.148,0.745,-0.122,-0.0,0.0,0.0,0.009,0.0,0.0,0.0,0.0,0.0,0.0
EXO,507912068,,,,,,,,,,,SAFE,-5.466,-1.648,1.148,0.745,-0.122,-0.0,0.0,0.0,0.009,0.0,0.0,0.0,0.0,0.0,0.0
EXO,508012067,,,,,,,,,,,SAFE,-5.466,-1.648,1.148,0.745,-0.122,-0.0,0.0,0.0,0.009,0.0,0.0,0.0,0.0,0.0,0.0
EXO,508112067,,,,,,,,,,,SAFE,-5.466,-1.648,1.148,0.745,-0.122,-0.0,0.0,0.0,0.009,0.0,0.0,0.0,0.0,0.0,0.0
EXO,508212067,,,,,,,,,,,SAFE,-5.466,-1.648,1.148,0.745,-0.122,-0.0,0.0,0.0,0.009,0.0,0.0,0.0,0.0,0.0,0.0
EXO,508312067,,,,,,,,,,,SAFE,-5.466,-1.648,1.148,0.745,-0.122,-0.0,0.0,0.0,0.009,0.0,0.0,0.0,0.0,0.0,0.0
EXO,508412068,,,,,,,,,,,SAFE,-5.466,-1.648,1.148,0.745,-0.122,-0.0,0.0,0.0,0.009,0.0,0.0,0.0,0.0,0.0,0.0
EXO,508512067,,,,,,,,,,,SAFE,-5.466,-1.648,1.148,0.745,-0.122,-0.0,0.0,0.0,0.009,0.0,0.0,0.0,0.0,0.0,0.0
EXO,508612067,,,,,,,,,,,SAFE,-5.466,-1.648,1.148,0.745,-0.122,-0.0,0.0,0.0,0.009,0.0,0.0,0.0,0.0,0.0,0.0
EXO,508712067,,,,,,,,,,,SAFE,-5.466,-1.648,1.148,0.745,-0.122,-0.0,0.0,0.0,0.009,0.0,0.0,0.0,0.0,0.0,0.0
EXO,508812067,,,,,,,,,,,SAFE,-5.466,-1.648,1.148,0.745,-0.122,-0.0,0.0,0.0,0.009,0.0,0.0,0.0,0.0,0.0,0.0
EXO,508912068,,,,,,,,,,,SAFE,-5.466,-1.648,1.148,0.745,-0.122,-0.0,0.0,0.0,0.009,0.0,0.0,0.0,0.0,0.0,0.0
EXO,509012067,,,,,,,,,,,SAFE,-5.466,-1.648,1.148,0.745,-0.122,-0.0,0.0,0.0,0.009,0.0,0.0,0.0,0.0,0.0,0.0
EXO,509112067,,,,,,,,,,,SAFE,-5.466,-1.648,1.148,0.745,-0.122,-0.0,0.0,0.0,0.009,0.0,0.0,0.0,0.0,0.0,0.0
EXO,509212067,,,,,,,,,,,SAFE,-5.466,-1.648,1.148,0.745,-0.122,-0.0,0.0,0.0,0.009,0.0,0.0,0.0,0.0,0.0,0.0
EXO,509312067,,,,,,,,,,,SAFE,-5.466,-1.648,1.148,0.745,-0.122,-0.0,0.0,0.0,0.009,0.0,0.0,0.0,0.0,0.0,0.0
EXO,509412068,,,,,,,,,,,SAFE,-5.466,-1.648,1.148,0.745,-0.122,-0.0,0.0,0.0,0.009,0.0,0.0,0.0,0.0,0.0,0.0
EXO,509512067,,,,,,,,,,,SAFE,-5.466,-1.648,1.148,0.745,-0.122,-0.0,0.0,0.0,0.009,0.0,0.0,0.0,0.0,0.0,0.0
EXO,509612067,,,,,,,,,,,SAFE,-5.466,-1.648,1.148,0.745,-0.122,-0.0,0.0,0.0,0.009,0.0,0.0,0.0,0.0,0.0,0.0
EXO,509712067,,,,,,,,,,,SAFE,-5.466,-1.648,1.148,0.745,-0.122,-0.0,0.0,0.0,0.009,0.0,0.0,0.0,0.0,0.0,0.0
EXO,509812067,,,,,,,,,,,SAFE,-5.466,-1.648,1.148,0.745,-0.122,-0.0,0.0,0.0,0.009,0.0,0.0,0.0,0.0,0.0,0.0
EXO,509912068,,,,,,,,,,,SAFE,-5.466,-1.648,1.148,0.745,-0.122,-0.0,0.0,0.0,0.009,0.0,0.0,0.0,0.0,0.0,0.0
EXO,510012067,,,,,,,,,,,SAFE,-5.466,-1.648,1.148,0.745,-0.122,-0.0,0.0,0.0,0.009,0.0,0.0,0.0,0.0,0.0,0.0
EXO,510112067,,,,,,,,,,,SAFE,-5.466,-1.648,1.148,0.745,-0.122,-0.0,0.0,0.0,0.009,0.0,0.0,0.0,0.0,0.0,0.0
EXO,510212067,,,,,,,,,,,SAFE,-5.466,-1.648,1.148,0.745,-0.122,-0.0,0.0,0.0,0.009,0.0,0.0,0.0,0.0,0.0,0.0
EXO,510312067,,,,,,,,,,,SAFE,-5.466,-1.648,1.148,0.745,-0.122,-0.0,0.0,0.0,0.009,0.0,0.0,0.0,0.0,0.0,0.0
EXO,510412068,,,,,,,,,,,SAFE,-5.466,-1.648,1.148,0.745,-0.122,-0.0,0.0,0.0,0.009,0.0,0.0,0.0,0.0,0.0,0.0
EXO,510512067,,,,,,,,,,,SAFE,-5.466,-1.648,1.148,0.745,-0.122,-0.0,0.0,0.0,0.009,0.0,0.0,0.0,0.0,0.0,0.0
EXO,510612067,,,,,,,,,,,SAFE,-5.466,-1.648,1.148,0.745,-0.122,-0.0,0.0,0.0,0.009,0.0,0.0,0.0,0.0,0.0,0.0
EXO,510712067,,,,,,,,,,,SAFE,-5.466,-1.648,1.148,0.745,-0.122,-0.0,0.0,0.0,0.009,0.0,0.0,0.0,0.0,0.0,0.0
EXO,510812067,,,,,,,,,,,SAFE,-5.466,-1.648,1.148,0.745,-0.122,-0.0,0.0,0.0,0.009,0.0,0.0,0.0,0.0,0.0,0.0
EXO,510912068,,,,,,,,,,,SAFE,-5.466,-1.648,1.148,0.745,-0.122,-0.0,0.0,0.0,0.009,0.0,0.0,0.0,0.0,0.0,0.0
EXO,511012067,,,,,,,,,,,SAFE,-5.466,-1.648,1.148,0.745,-0.122,-0.0,0.0,0.0,0.009,0.0,0.0,0.0,0.0,0.0,0.0
EXO,511112067,,,,,,,,,,,SAFE,-5.466,-1.648,1.148,0.745,-0.122,-0.0,0.0,0.0,0.009,0.0,0.0,0.0,0.0,0.0,0.0
EXO,511212067,,,,,,,,,,,SAFE,-5.466,-1.648,1.148,0.745,-0.122,-0.0,0.0,0.0,0.009,0.0,0.0,0.0,0.0,0.0,0.0
EXO,511312067,,,,,,,,,,,SAFE,-5.466,-1.648,1.148,0.745,-0.122,-0.0,0.0,0.0,0.009,0.0,0.0,0.0,0.0,0.0,0.0
EXO,511412068,,,,,,,,,,,SAFE,-5.466,-1.648,1.148,0.745,-0.122,-0.0,0.0,0.0,0.009,0.0,0.0,0.0,0.0,0.0,0.0
EXO,511512067,,,,,,,,,,,SAFE,-5.466,-1.648,1.148,0.745,-0.122,-0.0,0.0,0.0,0.009,0.0,0.0,0.0,0.0,0.0,0.0
EXO,511612067,,,,,,,,,,,SAFE,-5.466,-1.648,1.148,0.745,-0.122,-0.0,0.0,0.0,0.009,0.0,0.0,0.0,0.0,0.0,0.0
EXO,511712067,,,,,,,,,,,SAFE,-5.466,-1.648,1.148,0.745,-0.122,-0.0,0.0,0.0,0.009,0.0,0.0,0.0,0.0,0.0,0.0
EXO,511812067,,,,,,,,,,,SAFE,-5.466,-1.648,1.148,0.745,-0.122,-0.0,0.0,0.0,0.009,0.0,0.0,0.0,0.0,0.0,0.0
EXO,511912068,,,,,,,,,,,SAFE,-5.466,-1.648,1.148,0.745,-0.122,-0.0,0.0,0.0,0.009,0.0,0.0,0.0,0.0,0.0,0.0
EXO,512012067,,,,,,,,,,,SAFE,-5.466,-1.648,1.148,0.745,-0.122,-0.0,0.0,0.0,0.009,0.0,0.0,0.0,0.0,0.0,0.0
EXO,512112067,,,,,,,,,,,SAFE,-5.466,-1.648,1.148,0.745,-0.122,-0.0,0.0,0.0,0.009,0.0,0.0,0.0,0.0,0.0,0.0
EXO,512212067,,,,,,,,,,,SAFE,-5.466,-1.648,1.148,0.745,-0.122,-0.0,0.0,0.0,0.009,0.0,0.0,0.0,0.0,0.0,0.0
EXO,512312067,,,,,,,,,,,SAFE,-5.466,-1.648,1.148,0.745,-0.122,-0.0,0.0,0.0,0.009,0.0,0.0,0.0,0.0,0.0,0.0
EXO,512412068,,,,,,,,,,,SAFE,-5.466,-1.648,1.148,0.745,-0.122,-0.0,0.0,0.0,0.009,0.0,0.0,0.0,0.0,0.0,0.0
EXO,512512067,,,,,,,,,,,SAFE,-5.466,-1.648,1.148,0.745,-0.122,-0.0,0.0,0.0,0.009,0.0,0.0,0.0,0.0,0.0,0.0
EXO,512612067,,,,,,,,,,,SAFE,-5.466,-1.648,1.148,0.745,-0.122,-0.0,0.0,0.0,0.009,0.0,0.0,0.0,0.0,0.0,0.0
EXO,512712067,,,,,,,,,,,SAFE,-5.466,-1.648,1.148,0.745,-0.122,-0.0,0.0,0.0,0.009,0.0,0.0,0.0,0.0,0.0,0.0
EXO,512812067,,,,,,,,,,,SAFE,-5.466,-1.648,1.148,0.745,-0.122,-0.0,0.0,0.0,0.009,0.0,0.0,0.0,0.0,0.0,0.0
EXO,512912068,,,,,,,,,,,SAFE,-5.466,-1.648,1.148,0.745,-0.122,-0.0,0.0,0.0,0.009,0.0,0.0,0.0,0.0,0.0,0.0
EXO,513012067,,,,,,,,,,,SAFE,-5.466,-1.648,1.148,0.745,-0.122,-0.0,0.0,0.0,0.009,0.0,0.0,0.0,0.0,0.0,0.0
EXO,513112067,,,,,,,,,,,SAFE,-5.466,-1.648,1.148,0.745,-0.122,-0.0,0.0,0.0,0.009,0.0,0.0,0.0,0.0,0.0,0.0
EXO,513212067,,,,,,,,,,,SAFE,-5.466,-1.648,1.148,0.745,-0.122,-0.0,0.0,0.0,0.009,0.0,0.0,0.0,0.0,0.0,0.0
EXO,513312067,,,,,,,,,,,SAFE,-5.466,-1.648,1.148,0.745,-0.122,-0.0,0.0,0.0,0.009,0.0,0.0,0.0,0.0,0.0,0.0
EXO,513412068,,,,,,,,,,,SAFE,-5.466,-1.648,1.148,0.745,-0.122,-0.0,0.0,0.0,0.009,0.0,0.0,0.0,0.0,0.0,0.0
EXO,513512067,,,,,,,,,,,SAFE,-5.466,-1.648,1.148,0.745,-0.122,-0.0,0.0,0.0,0.009,0.0,0.0,0.0,0.0,0.0,0.0
EXO,513612067,,,,,,,,,,,SAFE,-5.466,-1.648,1.148,0.745,-0.122,-0.0,0.0,0.0,0.009,0.0,0.0,0.0,0.0,0.0,0.0
EXO,513712067,,,,,,,,,,,SAFE,-5.466,-1.648,1.148,0.745,-0.122,-0.0,0.0,0.0,0.009,0.0,0.0,0.0,0.0,0.0,0.0
EXO,513812067,,,,,,,,,,,SAFE,-5.466,-1.648,1.148,0.745,-0.122,-0.0,0.0,0.0,0.009,0.0,0.0,0.0,0.0,0.0,0.0
EXO,513912068,,,,,,,,,,,SAFE,-5.466,-1.648,1.148,0.745,-0.122,-0.0,0.0,0.0,0.009,0.0,0.0,0.0,0.0,0.0,0.0
EXO,514012067,,,,,,,,,,,SAFE,-5.466,-1.648,1.148,0.745,-0.122,-0.0,0.0,0.0,0.009,0.0,0.0,0.0,0.0,0.0,0.0
EXO,514112067,,,,,,,,,,,SAFE,-5.466,-1.648,1.148,0.745,-0.122,-0.0,0.0,0.0,0.009,0.0,0.0,0.0,0.0,0.0,0.0
EXO,514212067,,,,,,,,,,,SAFE,-5.466,-1.648,1.148,0.745,-0.122,-0.0,0.0,0.0,0.009,0.0,0.0,0.0,0.0,0.0,0.0
EXO,514312067,,,,,,,,,,,SAFE,-5.466,-1.648,1.148,0.745,-0.122,-0.0,0.0,0.0,0.009,0.0,0.0,0.0,0.0,0.0,0.0
EXO,514412068,,,,,,,,,,,SAFE,-5.466,-1.648,1.148,0.745,-0.122,-0.0,0.0,0.0,0.009,0.0,0.0,0.0,0.0,0.0,0.0
EXO,514512067,,,,,,,,,,,SAFE,-5.466,-1.648,1.148,0.745,-0.122,-0.0,0.0,0.0,0.009,0.0,0.0,0.0,0.0,0.0,0.0
EXO,514612067,,,,,,,,,,,SAFE,-5.466,-1.648,1.148,0.745,-0.122,-0.0,0.0,0.0,0.009,0.0,0.0,0.0,0.0,0.0,0.0
EXO,514712067,,,,,,,,,,,SAFE,-5.466,-1.648,1.148,0.745,-0.122,-0.0,0.0,0.0,0.009,0.0,0.0,0.0,0.0,0.0,0.0
EXO,514812067,,,,,,,,,,,SAFE,-5.466,-1.648,1.148,0.745,-0.122,-0.0,0.0,0.0,0.009,0.0,0.0,0.0,0.0,0.0,0.0
EXO,514912068,,,,,,,,,,,SAFE,-5.466,-1.648,1.148,0.745,-0.122,-0.0,0.0,0.0,0.009,0.0,0.0,0.0,0.0,0.0,0.0
EXO,515012067,,,,,,,,,,,SAFE,-5.466,-1.648,1.148,0.745,-0.122,-0.0,0.0,0.0,0.009,0.0,0.0,0.0,0.0,0.0,0.0
EXO,515112067,,,,,,,,,,,SAFE,-5.466,-1.648,1.148,0.745,-0.122,-0.0,0.0,0.0,0.009,0.0,0.0,0.0,0.0,0.0,0.0
EXO,515212067,,,,,,,,,,,SAFE,-5.466,-1.648,1.148,0.745,-0.122,-0.0,0.0,0.0,0.009,0.0,0.0,0.0,0.0,0.0,0.0
EXO,515312067,,,,,,,,,,,SAFE,-5.466,-1.648,1.148,0.745,-0.122,-0.0,0.0,0.0,0.009,0.0,0.0,0.0,0.0,0.0,0.0
EXO,515412068,,,,,,,,,,,SAFE,-5.466,-1.648,1.148,0.745,-0.122,-0.0,0.0,0.0,0.009,0.0,0.0,0.0,0.0,0.0,0.0
EXO,515512067,,,,,,,,,,,SAFE,-5.466,-1.648,1.148,0.745,-0.122,-0.0,0.0,0.0,0.009,0.0,0.0,0.0,0.0,0.0,0.0
EXO,515612067,,,,,,,,,,,SAFE,-5.466,-1.648,1.148,0.745,-0.122,-0.0,0.0,0.0,0.009,0.0,0.0,0.0,0.0,0.0,0.0
EXO,515712067,,,,,,,,,,,SAFE,-5.466,-1.648,1.148,0.745,-0.122,-0.0,0.0,0.0,0.009,0.0,0.0,0.0,0.0,0.0,0.0
EXO,515812067,,,,,,,,,,,SAFE,-5.466,-1.648,1.148,0.745,-0.122,-0.0,0.0,0.0,0.009,0.0,0.0,0.0,0.0,0.0,0.0
EXO,515912068,,,,,,,,,,,SAFE,-5.466,-1.648,1.148,0.745,-0.122,-0.0,0.0,0.0,0.009,0.0,0.0,0.0,0.0,0.0,0.0
EXO,516012067,,,,,,,,,,,SAFE,-5.466,-1.648,1.148,0.745,-0.122,-0.0,0.0,0.0,0.009,0.0,0.0,0.0,0.0,0.0,0.0
EXO,516112067,,,,,,,,,,,SAFE,-5.466,-1.648,1.148,0.745,-0.122,-0.0,0.0,0.0,0.009,0.0,0.0,0.0,0.0,0.0,0.0
EXO,516212067,,,,,,,,,,,SAFE,-5.466,-1.648,1.148,0.745,-0.122,-0.0,0.0,0.0,0.009,0.0,0.0,0.0,0.0,0.0,0.0
EXO,516312067,,,,,,,,,,,SAFE,-5.466,-1.648,1.148,0.745,-0.122,-0.0,0.0,0.0,0.009,0.0,0.0,0.0,0.0,0.0,0.0
EXO,516412068,,,,,,,,,,,SAFE,-5.466,-1.648,1.148,0.745,-0.122,-0.0,0.0,0.0,0.009,0.0,0.0,0.0,0.0,0.0,0.0
EXO,516512067,,,,,,,,,,,SAFE,-5.466,-1.648,1.148,0.745,-0.122,-0.0,0.0,0.0,0.009,0.0,0.0,0.0,0.0,0.0,0.0
EXO,516612067,,,,,,,,,,,SAFE,-5.466,-1.648,1.148,0.745,-0.122,-0.0,0.0,0.0,0.009,0.0,0.0,0.0,0.0,0.0,0.0
EXO,516712067,,,,,,,,,,,SAFE,-5.466,-1.648,1.148,0.745,-0.122,-0.0,0.0,0.0,0.009,0.0,0.0,0.0,0.0,0.0,0.0
EXO,516812067,,,,,,,,,,,SAFE,-5.466,-1.648,1.148,0.745,-0.122,-0.0,0.0,0.0,0.009,0.0,0.0,0.0,0.0,0.0,0.0
EXO,516912068,,,,,,,,,,,SAFE,-5.466,-1.648,1.148,0.745,-0.122,-0.0,0.0,0.0,0.009,0.0,0.0,0.0,0.0,0.0,0.0
EXO,517012067,,,,,,,,,,,SAFE,-5.466,-1.648,1.148,0.745,-0.122,-0.0,0.0,0.0,0.009,0.0,0.0,0.0,0.0,0.0,0.0
EXO,517112067,,,,,,,,,,,SAFE,-5.466,-1.648,1.148,0.745,-0.122,-0.0,0.0,0.0,0.009,0.0,0.0,0.0,0.0,0.0,0.0
EXO,517212067,,,,,,,,,,,SAFE,-5.466,-1.648,1.148,0.745,-0.122,-0.0,0.0,0.0,0.009,0.0,0.0,0.0,0.0,0.0,0.0
EXO,517312067,,,,,,,,,,,SAFE,-5.466,-1.648,1.148,0.745,-0.122,-0.0,0.0,0.0,0.009,0.0,0.0,0.0,0.0,0.0,0.0
EXO,517412068,,,,,,,,,,,SAFE,-5.466,-1.648,1.148,0.745,-0.122,-0.0,0.0,0.0,0.009,0.0,0.0,0.0,0.0,0.0,0.0
EXO,517512067,,,,,,,,,,,SAFE,-5.466,-1.648,1.148,0.745,-0.122,-0.0,0.0,0.0,0.009,0.0,0.0,0.0,0.0,0.0,0.0
EXO,517612067,,,,,,,,,,,SAFE,-5.466,-1.648,1.148,0.745,-0.122,-0.0,0.0,0.0,0.009,0.0,0.0,0.0,0.0,0.0,0.0
EXO,517712067,,,,,,,,,,,SAFE,-5.466,-1.648,1.148,0.745,-0.122,-0.0,0.0,0.0,0.009,0.0,0.0,0.0,0.0,0.0,0.0
EXO,517812067,,,,,,,,,,,SAFE,-5.466,-1.648,1.148,0.745,-0.122,-0.0,0.0,0.0,0.009,0.0,0.0,0.0,0.0,0.0,0.0
EXO,517912068,,,,,,,,,,,SAFE,-5.466,-1.648,1.148,0.745,-0.122,-0.0,0.0,0.0,0.009,0.0,0.0,0.0,0.0,0.0,0.0
EXO,518012067,,,,,,,,,,,SAFE,-5.466,-1.648,1.148,0.745,-0.122,-0.0,0.0,0.0,0.009,0.0,0.0,0.0,0.0,0.0,0.0
EXO,518112067,,,,,,,,,,,SAFE,-5.466,-1.648,1.148,0.745,-0.122,-0.0,0.0,0.0,0.009,0.0,0.0,0.0,0.0,0.0,0.0
EXO,518212067,,,,,,,,,,,SAFE,-5.466,-1.648,1.148,0.745,-0.122,-0.0,0.0,0.0,0.009,0.0,0.0,0.0,0.0,0.0,0.0
EXO,518312067,,,,,,,,,,,SAFE,-5.466,-1.648,1.148,0.745,-0.122,-0.0,0.0,0.0,0.009,0.0,0.0,0.0,0.0,0.0,0.0
EXO,518412068,,,,,,,,,,,SAFE,-5.466,-1.648,1.148,0.745,-0.122,-0.0,0.0,0.0,0.009,0.0,0.0,0.0,0.0,0.0,0.0
EXO,518512067,,,,,,,,,,,SAFE,-5.466,-1.648,1.148,0.745,-0.122,-0.0,0.0,0.0,0.009,0.0,0.0,0.0,0.0,0.0,0.0
EXO,518612067,,,,,,,,,,,SAFE,-5.466,-1.648,1.148,0.745,-0.122,-0.0,0.0,0.0,0.009,0.0,0.0,0.0,0.0,0.0,0.0
EXO,518712067,,,,,,,,,,,SAFE,-5.466,-1.648,1.148,0.745,-0.122,-0.0,0.0,0.0,0.009,0.0,0.0,0.0,0.0,0.0,0.0
EXO,518812067,,,,,,,,,,,SAFE,-5.466,-1.648,1.148,0.745,-0.122,-0.0,0.0,0.0,0.009,0.0,0.0,0.0,0.0,0.0,0.0
EXO,518912068,,,,,,,,,,,SAFE,-5.466,-1.648,1.148,0.745,-0.122,-0.0,0.0,0.0,0.009,0.0,0.0,0.0,0.0,0.0,0.0
EXO,519012067,,,,,,,,,,,SAFE,-5.466,-1.648,1.148,0.745,-0.122,-0.0,0.0,0.0,0.009,0.0,0.0,0.0,0.0,0.0,0.0
EXO,519112067,,,,,,,,,,,SAFE,-5.466,-1.648,1.148,0.745,-0.122,-0.0,0.0,0.0,0.009,0.0,0.0,0.0,0.0,0.0,0.0
EXO,519212067,,,,,,,,,,,SAFE,-5.466,-1.648,1.148,0.745,-0.122,-0.0,0.0,0.0,0.009,0.0,0.0,0.0,0.0,0.0,0.0
EXO,519312067,,,,,,,,,,,SAFE,-5.466,-1.648,1.148,0.745,-0.122,-0.0,0.0,0.0,0.009,0.0,0.0,0.0,0.0,0.0,0.0
EXO,519412068,,,,,,,,,,,SAFE,-5.466,-1.648,1.148,0.745,-0.122,-0.0,0.0,0.0,0.009,0.0,0.0,0.0,0.0,0.0,0.0
EXO,519512067,,,,,,,,,,,SAFE,-5.466,-1.648,1.148,0.745,-0.122,-0.0,0.0,0.0,0.009,0.0,0.0,0.0,0.0,0.0,0.0
EXO,519612067,,,,,,,,,,,SAFE,-5.466,-1.648,1.148,0.745,-0.122,-0.0,0.0,0.0,0.009,0.0,0.0,0.0,0.0,0.0,0.0
EXO,519712067,,,,,,,,,,,SAFE,-5.466,-1.648,1.148,0.745,-0.122,-0.0,0.0,0.0,0.009,0.0,0.0,0.0,0.0,0.0,0.0
EXO,519812067,,,,,,,,,,,SAFE,-5.466,-1.648,1.148,0.745,-0.122,-0.0,0.0,0.0,0.009,0.0,0.0,0.0,0.0,0.0,0.0
EXO,519912068,,,,,,,,,,,SAFE,-5.466,-1.648,1.148,0.745,-0.122,-0.0,0.0,0.0,0.009,0.0,0.0,0.0,0.0,0.0,0.0
EXO,520012067,,,,,,,,,,,SAFE,-5.466,-1.648,1.148,0.745,-0.122,-0.0,0.0,0.0,0.009,0.0,0.0,0.0,0.0,0.0,0.0
EXO,520112067,,,,,,,,,,,SAFE,-5.466,-1.648,1.148,0.745,-0.122,-0.0,0.0,0.0,0.009,0.0,0.0,0.0,0.0,0.0,0.0
EXO,520212067,,,,,,,,,,,SAFE,-5.466,-1.648,1.148,0.745,-0.122,-0.0,0.0,0.0,0.009,0.0,0.0,0.0,0.0,0.0,0.0
EXO,520312067,,,,,,,,,,,SAFE,-5.466,-1.648,1.148,0.745,-0.122,-0.0,0.0,0.0,0.009,0.0,0.0,0.0,0.0,0.0,0.0
EXO,520412068,,,,,,,,,,,SAFE,-5.466,-1.648,1.148,0.745,-0.122,-0.0,0.0,0.0,0.009,0.0,0.0,0.0,0.0,0.0,0.0
EXO,520512067,,,,,,,,,,,SAFE,-5.466,-1.648,1.148,0.745,-0.122,-0.0,0.0,0.0,0.009,0.0,0.0,0.0,0.0,0.0,0.0
EXO,520612067,,,,,,,,,,,SAFE,-5.466,-1.648,1.148,0.745,-0.122,-0.0,0.0,0.0,0.009,0.0,0.0,0.0,0.0,0.0,0.0
EXO,520712067,,,,,,,,,,,SAFE,-5.466,-1.648,1.148,0.745,-0.122,-0.0,0.0,0.0,0.009,0.0,0.0,0.0,0.0,0.0,0.0
EXO,520812067,,,,,,,,,,,SAFE,-5.466,-1.648,1.148,0.745,-0.122,-0.0,0.0,0.0,0.009,0.0,0.0,0.0,0.0,0.0,0.0
EXO,520912068,,,,,,,,,,,SAFE,-5.466,-1.648,1.148,0.745,-0.122,-0.0,0.0,0.0,0.009,0.0,0.0,0.0,0.0,0.0,0.0
EXO,521012067,,,,,,,,,,,SAFE,-5.466,-1.648,1.148,0.745,-0.122,-0.0,0.0,0.0,0.009,0.0,0.0,0.0,0.0,0.0,0.0
EXO,521112067,,,,,,,,,,,SAFE,-5.466,-1.648,1.148,0.745,-0.122,-0.0,0.0,0.0,0.009,0.0,0.0,0.0,0.0,0.0,0.0
EXO,521212067,,,,,,,,,,,SAFE,-5.466,-1.648,1.148,0.745,-0.122,-0.0,0.0,0.0,0.009,0.0,0.0,0.0,0.0,0.0,0.0
EXO,521312067,,,,,,,,,,,SAFE,-5.466,-1.648,1.148,0.745,-0.122,-0.0,0.0,0.0,0.009,0.0,0.0,0.0,0.0,0.0,0.0
EXO,521412068,,,,,,,,,,,SAFE,-5.466,-1.648,1.148,0.745,-0.122,-0.0,0.0,0.0,0.009,0.0,0.0,0.0,0.0,0.0,0.0
EXO,521512067,,,,,,,,,,,SAFE,-5.466,-1.648,1.148,0.745,-0.122,-0.0,0.0,0.0,0.009,0.0,0.0,0.0,0.0,0.0,0.0
EXO,521612067,,,,,,,,,,,SAFE,-5.466,-1.648,1.148,0.745,-0.122,-0.0,0.0,0.0,0.009,0.0,0.0,0.0,0.0,0.0,0.0
EXO,521712067,,,,,,,,,,,SAFE,-5.466,-1.648,1.148,0.745,-0.122,-0.0,0.0,0.0,0.009,0.0,0.0,0.0,0.0,0.0,0.0
EXO,521812067,,,,,,,,,,,SAFE,-5.466,-1.648,1.148,0.745,-0.122,-0.0,0.0,0.0,0.009,0.0,0.0,0.0,0.0,0.0,0.0
EXO,521912068,,,,,,,,,,,SAFE,-5.466,-1.648,1.148,0.745,-0.122,-0.0,0.0,0.0,0.009,0.0,0.0,0.0,0.0,0.0,0.0
EXO,522012067,,,,,,,,,,,SAFE,-5.466,-1.648,1.148,0.745,-0.122,-0.0,0.0,0.0,0.009,0.0,0.0,0.0,0.0,0.0,0.0
EXO,522112067,,,,,,,,,,,SAFE,-5.466,-1.648,1.148,0.745,-0.122,-0.0,0.0,0.0,0.009,0.0,0.0,0.0,0.0,0.0,0.0
EXO,522212067,,,,,,,,,,,SAFE,-5.466,-1.648,1.148,0.745,-0.122,-0.0,0.0,0.0,0.009,0.0,0.0,0.0,0.0,0.0,0.0
EXO,522312067,,,,,,,,,,,SAFE,-5.466,-1.648,1.148,0.745,-0.122,-0.0,0.0,0.0,0.009,0.0,0.0,0.0,0.0,0.0,0.0
EXO,522412068,,,,,,,,,,,SAFE,-5.466,-1.648,1.148,0.745,-0.122,-0.0,0.0,0.0,0.009,0.0,0.0,0.0,0.0,0.0,0.0
EXO,522512067,,,,,,,,,,,SAFE,-5.466,-1.648,1.148,0.745,-0.122,-0.0,0.0,0.0,0.009,0.0,0.0,0.0,0.0,0.0,0.0
EXO,522612067,,,,,,,,,,,SAFE,-5.466,-1.648,1.148,0.745,-0.122,-0.0,0.0,0.0,0.009,0.0,0.0,0.0,0.0,0.0,0.0
EXO,522712067,,,,,,,,,,,SAFE,-5.466,-1.648,1.148,0.745,-0.122,-0.0,0.0,0.0,0.009,0.0,0.0,0.0,0.0,0.0,0.0
EXO,522812067,,,,,,,,,,,SAFE,-5.466,-1.648,1.148,0.745,-0.122,-0.0,0.0,0.0,0.009,0.0,0.0,0.0,0.0,0.0,0.0
EXO,522912068,,,,,,,,,,,SAFE,-5.466,-1.648,1.148,0.745,-0.122,-0.0,0.0,0.0,0.009,0.0,0.0,0.0,0.0,0.0,0.0
EXO,523012067,,,,,,,,,,,SAFE,-5.466,-1.648,1.148,0.745,-0.122,-0.0,0.0,0.0,0.009,0.0,0.0,0.0,0.0,0.0,0.0
EXO,523112067,,,,,,,,,,,SAFE,-5.466,-1.648,1.148,0.745,-0.122,-0.0,0.0,0.0,0.009,0.0,0.0,0.0,0.0,0.0,0.0
EXO,523212067,,,,,,,,,,,SAFE,-5.466,-1.648,1.148,0.745,-0.122,-0.0,0.0,0.0,0.009,0.0,0.0,0.0,0.0,0.0,0.0
EXO,523312067,,,,,,,,,,,SAFE,-5.466,-1.648,1.148,0.745,-0.122,-0.0,0.0,0.0,0.009,0.0,0.0,0.0,0.0,0.0,0.0
EXO,523412068,,,,,,,,,,,SAFE,-5.466,-1.648,1.148,0.745,-0.122,-0.0,0.0,0.0,0.009,0.0,0.0,0.0,0.0,0.0,0.0
EXO,523512067,,,,,,,,,,,SAFE,-5.466,-1.648,1.148,0.745,-0.122,-0.0,0.0,0.0,0.009,0.0,0.0,0.0,0.0,0.0,0.0
EXO,523612067,,,,,,,,,,,SAFE,-5.466,-1.648,1.148,0.745,-0.122,-0.0,0.0,0.0,0.009,0.0,0.0,0.0,0.0,0.0,0.0
EXO,523712067,,,,,,,,,,,SAFE,-5.466,-1.648,1.148,0.745,-0.122,-0.0,0.0,0.0,0.009,0.0,0.0,0.0,0.0,0.0,0.0
EXO,523812067,,,,,,,,,,,SAFE,-5.466,-1.648,1.148,0.745,-0.122,-0.0,0.0,0.0,0.009,0.0,0.0,0.0,0.0,0.0,0.0
EXO,523912068,,,,,,,,,,,SAFE,-5.466,-1.648,1.148,0.745,-0.122,-0.0,0.0,0.0,0.009,0.0,0.0,0.0,0.0,0.0,0.0
EXO,524012067,,,,,,,,,,,SAFE,-5.466,-1.648,1.148,0.745,-0.122,-0.0,0.0,0.0,0.009,0.0,0.0,0.0,0.0,0.0,0.0
EXO,524112067,,,,,,,,,,,SAFE,-5.466,-1.648,1.148,0.745,-0.122,-0.0,0.0,0.0,0.009,0.0,0.0,0.0,0.0,0.0,0.0
EXO,524212067,,,,,,,,,,,SAFE,-5.466,-1.648,1.148,0.745,-0.122,-0.0,0.0,0.0,0.009,0.0,0.0,0.0,0.0,0.0,0.0
EXO,524312067,,,,,,,,,,,SAFE,-5.466,-1.648,1.148,0.745,-0.122,-0.0,0.0,0.0,0.009,0.0,0.0,0.0,0.0,0.0,0.0
EXO,524412068,,,,,,,,,,,SAFE,-5.466,-1.648,1.148,0.745,-0.122,-0.0,0.0,0.0,0.009,0.0,0.0,0.0,0.0,0.0,0.0
EXO,524512067,,,,,,,,,,,SAFE,-5.466,-1.648,1.148,0.745,-0.122,-0.0,0.0,0.0,0.009,0.0,0.0,0.0,0.0,0.0,0.0
EXO,524612067,,,,,,,,,,,SAFE,-5.466,-1.648,1.148,0.745,-0.122,-0.0,0.0,0.0,0.009,0.0,0.0,0.0,0.0,0.0,0.0
EXO,524712067,,,,,,,,,,,SAFE,-5.466,-1.648,1.148,0.745,-0.122,-0.0,0.0,0.0,0.009,0.0,0.0,0.0,0.0,0.0,0.0
EXO,524812067,,,,,,,,,,,SAFE,-5.466,-1.648,1.148,0.745,-0.122,-0.0,0.0,0.0,0.009,0.0,0.0,0.0,0.0,0.0,0.0
EXO,524912068,,,,,,,,,,,SAFE,-5.466,-1.648,1.148,0.745,-0.122,-0.0,0.0,0.0,0.009,0.0,0.0,0.0,0.0,0.0,0.0
EXO,525012067,,,,,,,,,,,SAFE,-5.466,-1.648,1.148,0.745,-0.122,-0.0,0.0,0.0,0.009,0.0,0.0,0.0,0.0,0.0,0.0
EXO,525112067,,,,,,,,,,,SAFE,-5.466,-1.648,1.148,0.745,-0.122,-0.0,0.0,0.0,0.009,0.0,0.0,0.0,0.0,0.0,0.0
EXO,525212067,,,,,,,,,,,SAFE,-5.466,-1.648,1.148,0.745,-0.122,-0.0,0.0,0.0,0.009,0.0,0.0,0.0,0.0,0.0,0.0
EXO,525312067,,,,,,,,,,,SAFE,-5.466,-1.648,1.148,0.745,-0.122,-0.0,0.0,0.0,0.009,0.0,0.0,0.0,0.0,0.0,0.0
EXO,525412068,,,,,,,,,,,SAFE,-5.466,-1.648,1.148,0.745,-0.122,-0.0,0.0,0.0,0.009,0.0,0.0,0.0,0.0,0.0,0.0
EXO,525512067,,,,,,,,,,,SAFE,-5.466,-1.648,1.148,0.745,-0.122,-0.0,0.0,0.0,0.009,0.0,0.0,0.0,0.0,0.0,0.0
EXO,525612067,,,,,,,,,,,SAFE,-5.466,-1.648,1.148,0.745,-0.122,-0.0,0.0,0.0,0.009,0.0,0.0,0.0,0.0,0.0,0.0
EXO,525712067,,,,,,,,,,,SAFE,-5.466,-1.648,1.148,0.745,-0.122,-0.0,0.0,0.0,0.009,0.0,0.0,0.0,0.0,0.0,0.0
EXO,525812067,,,,,,,,,,,SAFE,-5.466,-1.648,1.148,0.745,-0.122,-0.0,0.0,0.0,0.009,0.0,0.0,0.0,0.0,0.0,0.0
EXO,525912068,,,,,,,,,,,SAFE,-5.466,-1.648,1.148,0.745,-0.122,-0.0,0.0,0.0,0.009,0.0,0.0,0.0,0.0,0.0,0.0
EXO,526012067,,,,,,,,,,,SAFE,-5.466,-1.648,1.148,0.745,-0.122,-0.0,0.0,0.0,0.009,0.0,0.0,0.0,0.0,0.0,0.0
EXO,526112067,,,,,,,,,,,SAFE,-5.466,-1.648,1.148,0.745,-0.122,-0.0,0.0,0.0,0.009,0.0,0.0,0.0,0.0,0.0,0.0
EXO,526212067,,,,,,,,,,,SAFE,-5.466,-1.648,1.148,0.745,-0.122,-0.0,0.0,0.0,0.009,0.0,0.0,0.0,0.0,0.0,0.0
EXO,526312067,,,,,,,,,,,SAFE,-5.466,-1.648,1.148,0.745,-0.122,-0.0,0.0,0.0,0.009,0.0,0.0,0.0,0.0,0.0,0.0
EXO,526412068,,,,,,,,,,,SAFE,-5.466,-1.648,1.148,0.745,-0.122,-0.0,0.0,0.0,0.009,0.0,0.0,0.0,0.0,0.0,0.0
EXO,526512067,,,,,,,,,,,SAFE,-5.466,-1.648,1.148,0.745,-0.122,-0.0,0.0,0.0,0.009,0.0,0.0,0.0,0.0,0.0,0.0
EXO,526612067,,,,,,,,,,,SAFE,-5.466,-1.648,1.148,0.745,-0.122,-0.0,0.0,0.0,0.009,0.0,0.0,0.0,0.0,0.0,0.0
EXO,526712067,,,,,,,,,,,SAFE,-5.466,-1.648,1.148,0.745,-0.122,-0.0,0.0,0.0,0.009,0.0,0.0,0.0,0.0,0.0,0.0
EXO,526812067,,,,,,,,,,,SAFE,-5.466,-1.648,1.148,0.745,-0.122,-0.0,0.0,0.0,0.009,0.0,0.0,0.0,0.0,0.0,0.0
EXO,526912068,,,,,,,,,,,SAFE,-5.466,-1.648,1.148,0.745,-0.122,-0.0,0.0,0.0,0.009,0.0,0.0,0.0,0.0,0.0,0.0
EXO,527012067,,,,,,,,,,,SAFE,-5.466,-1.648,1.148,0.745,-0.122,-0.0,0.0,0.0,0.009,0.0,0.0,0.0,0.0,0.0,0.0
EXO,527112067,,,,,,,,,,,SAFE,-5.466,-1.648,1.148,0.745,-0.122,-0.0,0.0,0.0,0.009,0.0,0.0,0.0,0.0,0.0,0.0
EXO,527212067,,,,,,,,,,,SAFE,-5.466,-1.648,1.148,0.745,-0.122,-0.0,0.0,0.0,0.009,0.0,0.0,0.0,0.0,0.0,0.0
EXO,527312067,,,,,,,,,,,SAFE,-5.466,-1.648,1.148,0.745,-0.122,-0.0,0.0,0.0,0.009,0.0,0.0,0.0,0.0,0.0,0.0
EXO,527412068,,,,,,,,,,,SAFE,-5.466,-1.648,1.148,0.745,-0.122,-0.0,0.0,0.0,0.009,0.0,0.0,0.0,0.0,0.0,0.0
EXO,527512067,,,,,,,,,,,SAFE,-5.466,-1.648,1.148,0.745,-0.122,-0.0,0.0,0.0,0.009,0.0,0.0,0.0,0.0,0.0,0.0
EXO,527612067,,,,,,,,,,,SAFE,-5.466,-1.648,1.148,0.745,-0.122,-0.0,0.0,0.0,0.009,0.0,0.0,0.0,0.0,0.0,0.0
EXO,527712067,,,,,,,,,,,SAFE,-5.466,-1.648,1.148,0.745,-0.122,-0.0,0.0,0.0,0.009,0.0,0.0,0.0,0.0,0.0,0.0
EXO,527812067,,,,,,,,,,,SAFE,-5.466,-1.648,1.148,0.745,-0.122,-0.0,0.0,0.0,0.009,0.0,0.0,0.0,0.0,0.0,0.0
EXO,527912068,,,,,,,,,,,SAFE,-5.466,-1.648,1.148,0.745,-0.122,-0.0,0.0,0.0,0.009,0.0,0.0,0.0,0.0,0.0,0.0
EXO,528012067,,,,,,,,,,,SAFE,-5.466,-1.648,1.148,0.745,-0.122,-0.0,0.0,0.0,0.009,0.0,0.0,0.0,0.0,0.0,0.0
EXO,528112067,,,,,,,,,,,SAFE,-5.466,-1.648,1.148,0.745,-0.122,-0.0,0.0,0.0,0.009,0.0,0.0,0.0,0.0,0.0,0.0
EXO,528212067,,,,,,,,,,,SAFE,-5.466,-1.648,1.148,0.745,-0.122,-0.0,0.0,0.0,0.009,0.0,0.0,0.0,0.0,0.0,0.0
EXO,528312067,,,,,,,,,,,SAFE,-5.466,-1.648,1.148,0.745,-0.122,-0.0,0.0,0.0,0.009,0.0,0.0,0.0,0.0,0.0,0.0
EXO,528412068,,,,,,,,,,,SAFE,-5.466,-1.648,1.148,0.745,-0.122,-0.0,0.0,0.0,0.009,0.0,0.0,0.0,0.0,0.0,0.0
EXO,528512067,,,,,,,,,,,SAFE,-5.466,-1.648,1.148,0.745,-0.122,-0.0,0.0,0.0,0.009,0.0,0.0,0.0,0.0,0.0,0.0
EXO,528612067,,,,,,,,,,,SAFE,-5.466,-1.648,1.148,0.745,-0.122,-0.0,0.0,0.0,0.009,0.0,0.0,0.0,0.0,0.0,0.0
EXO,528712067,,,,,,,,,,,SAFE,-5.466,-1.648,1.148,0.745,-0.122,-0.0,0.0,0.0,0.009,0.0,0.0,0.0,0.0,0.0,0.0
EXO,528812067,,,,,,,,,,,SAFE,-5.466,-1.648,1.148,0.745,-0.122,-0.0,0.0,0.0,0.009,0.0,0.0,0.0,0.0,0.0,0.0
EXO,528912068,,,,,,,,,,,SAFE,-5.466,-1.648,1.148,0.745,-0.122,-0.0,0.0,0.0,0.009,0.0,0.0,0.0,0.0,0.0,0.0
EXO,529012067,,,,,,,,,,,SAFE,-5.466,-1.648,1.148,0.745,-0.122,-0.0,0.0,0.0,0.009,0.0,0.0,0.0,0.0,0.0,0.0
EXO,529112067,,,,,,,,,,,SAFE,-5.466,-1.648,1.148,0.745,-0.122,-0.0,0.0,0.0,0.009,0.0,0.0,0.0,0.0,0.0,0.0
EXO,529212067,,,,,,,,,,,SAFE,-5.466,-1.648,1.148,0.745,-0.122,-0.0,0.0,0.0,0.009,0.0,0.0,0.0,0.0,0.0,0.0
EXO,529312067,,,,,,,,,,,SAFE,-5.466,-1.648,1.148,0.745,-0.122,-0.0,0.0,0.0,0.009,0.0,0.0,0.0,0.0,0.0,0.0
EXO,529412068,,,,,,,,,,,SAFE,-5.466,-1.648,1.148,0.745,-0.122,-0.0,0.0,0.0,0.009,0.0,0.0,0.0,0.0,0.0,0.0
EXO,529512067,,,,,,,,,,,SAFE,-5.466,-1.648,1.148,0.745,-0.122,-0.0,0.0,0.0,0.009,0.0,0.0,0.0,0.0,0.0,0.0
EXO,529612067,,,,,,,,,,,SAFE,-5.466,-1.648,1.148,0.745,-0.122,-0.0,0.0,0.0,0.009,0.0,0.0,0.0,0.0,0.0,0.0
EXO,529712067,,,,,,,,,,,SAFE,-5.466,-1.648,1.148,0.745,-0.122,-0.0,0.0,0.0,0.009,0.0,0.0,0.0,0.0,0.0,0.0
EXO,529812067,,,,,,,,,,,SAFE,-5.466,-1.648,1.148,0.745,-0.122,-0.0,0.0,0.0,0.009,0.0,0.0,0.0,0.0,0.0,0.0
EXO,529912068,,,,,,,,,,,SAFE,-5.466,-1.648,1.148,0.745,-0.122,-0.0,0.0,0.0,0.009,0.0,0.0,0.0,0.0,0.0,0.0
EXO,530012067,,,,,,,,,,,SAFE,-5.466,-1.648,1.148,0.745,-0.122,-0.0,0.0,0.0,0.009,0.0,0.0,0.0,0.0,0.0,0.0
EXO,530112067,,,,,,,,,,,SAFE,-5.466,-1.648,1.148,0.745,-0.122,-0.0,0.0,0.0,0.009,0.0,0.0,0.0,0.0,0.0,0.0
EXO,530212067,,,,,,,,,,,SAFE,-5.466,-1.648,1.148,0.745,-0.122,-0.0,0.0,0.0,0.009,0.0,0.0,0.0,0.0,0.0,0.0
EXO,530312067,,,,,,,,,,,SAFE,-5.466,-1.648,1.148,0.745,-0.122,-0.0,0.0,0.0,0.009,0.0,0.0,0.0,0.0,0.0,0.0
EXO,530412068,,,,,,,,,,,SAFE,-5.466,-1.648,1.148,0.745,-0.122,-0.0,0.0,0.0,0.009,0.0,0.0,0.0,0.0,0.0,0.0
EXO,530512067,,,,,,,,,,,SAFE,-5.466,-1.648,1.148,0.745,-0.122,-0.0,0.0,0.0,0.009,0.0,0.0,0.0,0.0,0.0,0.0
EXO,530612067,,,,,,,,,,,SAFE,-5.466,-1.648,1.148,0.745,-0.122,-0.0,0.0,0.0,0.009,0.0,0.0,0.0,0.0,0.0,0.0
EXO,530712067,,,,,,,,,,,SAFE,-5.466,-1.648,1.148,0.745,-0.122,-0.0,0.0,0.0,0.009,0.0,0.0,0.0,0.0,0.0,0.0
EXO,530812067,,,,,,,,,,,SAFE,-5.466,-1.648,1.148,0.745,-0.122,-0.0,0.0,0.0,0.009,0.0,0.0,0.0,0.0,0.0,0.0
EXO,530912068,,,,,,,,,,,SAFE,-5.466,-1.648,1.148,0.745,-0.122,-0.0,0.0,0.0,0.009,0.0,0.0,0.0,0.0,0.0,0.0
EXO,531012067,,,,,,,,,,,SAFE,-5.466,-1.648,1.148,0.745,-0.122,-0.0,0.0,0.0,0.009,0.0,0.0,0.0,0.0,0.0,0.0
EXO,531112067,,,,,,,,,,,SAFE,-5.466,-1.648,1.148,0.745,-0.122,-0.0,0.0,0.0,0.009,0.0,0.0,0.0,0.0,0.0,0.0
EXO,531212067,,,,,,,,,,,SAFE,-5.466,-1.648,1.148,0.745,-0.122,-0.0,0.0,0.0,0.009,0.0,0.0,0.0,0.0,0.0,0.0
EXO,531312067,,,,,,,,,,,SAFE,-5.466,-1.648,1.148,0.745,-0.122,-0.0,0.0,0.0,0.009,0.0,0.0,0.0,0.0,0.0,0.0
EXO,531412068,,,,,,,,,,,SAFE,-5.466,-1.648,1.148,0.745,-0.122,-0.0,0.0,0.0,0.009,0.0,0.0,0.0,0.0,0.0,0.0
EXO,531512067,,,,,,,,,,,SAFE,-5.466,-1.648,1.148,0.745,-0.122,-0.0,0.0,0.0,0.009,0.0,0.0,0.0,0.0,0.0,0.0
EXO,531612067,,,,,,,,,,,SAFE,-5.466,-1.648,1.148,0.745,-0.122,-0.0,0.0,0.0,0.009,0.0,0.0,0.0,0.0,0.0,0.0
EXO,531712067,,,,,,,,,,,SAFE,-5.466,-1.648,1.148,0.745,-0.122,-0.0,0.0,0.0,0.009,0.0,0.0,0.0,0.0,0.0,0.0
EXO,531812067,,,,,,,,,,,SAFE,-5.466,-1.648,1.148,0.745,-0.122,-0.0,0.0,0.0,0.009,0.0,0.0,0.0,0.0,0.0,0.0
EXO,531912068,,,,,,,,,,,SAFE,-5.466,-1.648,1.148,0.745,-0.122,-0.0,0.0,0.0,0.009,0.0,0.0,0.0,0.0,0.0,0.0
EXO,532012067,,,,,,,,,,,SAFE,-5.466,-1.648,1.148,0.745,-0.122,-0.0,0.0,0.0,0.009,0.0,0.0,0.0,0.0,0.0,0.0
EXO,532112067,,,,,,,,,,,SAFE,-5.466,-1.648,1.148,0.745,-0.122,-0.0,0.0,0.0,0.009,0.0,0.0,0.0,0.0,0.0,0.0
EXO,532212067,,,,,,,,,,,SAFE,-5.466,-1.648,1.148,0.745,-0.122,-0.0,0.0,0.0,0.009,0.0,0.0,0.0,0.0,0.0,0.0
EXO,532312067,,,,,,,,,,,SAFE,-5.466,-1.648,1.148,0.745,-0.122,-0.0,0.0,0.0,0.009,0.0,0.0,0.0,0.0,0.0,0.0
EXO,532412068,,,,,,,,,,,SAFE,-5.466,-1.648,1.148,0.745,-0.122,-0.0,0.0,0.0,0.009,0.0,0.0,0.0,0.0,0.0,0.0
EXO,532512067,,,,,,,,,,,SAFE,-5.466,-1.648,1.148,0.745,-0.122,-0.0,0.0,0.0,0.009,0.0,0.0,0.0,0.0,0.0,0.0
EXO,532612067,,,,,,,,,,,SAFE,-5.466,-1.648,1.148,0.745,-0.122,-0.0,0.0,0.0,0.009,0.0,0.0,0.0,0.0,0.0,0.0
EXO,532712067,,,,,,,,,,,SAFE,-5.466,-1.648,1.148,0.745,-0.122,-0.0,0.0,0.0,0.009,0.0,0.0,0.0,0.0,0.0,0.0
EXO,532812067,,,,,,,,,,,SAFE,-5.466,-1.648,1.148,0.745,-0.122,-0.0,0.0,0.0,0.009,0.0,0.0,0.0,0.0,0.0,0.0
EXO,532912068,,,,,,,,,,,SAFE,-5.466,-1.648,1.148,0.745,-0.122,-0.0,0.0,0.0,0.009,0.0,0.0,0.0,0.0,0.0,0.0
EXO,533012067,,,,,,,,,,,SAFE,-5.466,-1.648,1.148,0.745,-0.122,-0.0,0.0,0.0,0.009,0.0,0.0,0.0,0.0,0.0,0.0
EXO,533112067,,,,,,,,,,,SAFE,-5.466,-1.648,1.148,0.745,-0.122,-0.0,0.0,0.0,0.009,0.0,0.0,0.0,0.0,0.0,0.0
EXO,533212067,,,,,,,,,,,SAFE,-5.466,-1.648,1.148,0.745,-0.122,-0.0,0.0,0.0,0.009,0.0,0.0,0.0,0.0,0.0,0.0
EXO,533312067,,,,,,,,,,,SAFE,-5.466,-1.648,1.148,0.745,-0.122,-0.0,0.0,0.0,0.009,0.0,0.0,0.0,0.0,0.0,0.0
EXO,533412068,,,,,,,,,,,SAFE,-5.466,-1.648,1.148,0.745,-0.122,-0.0,0.0,0.0,0.009,0.0,0.0,0.0,0.0,0.0,0.0
EXO,533512067,,,,,,,,,,,SAFE,-5.466,-1.648,1.148,0.745,-0.122,-0.0,0.0,0.0,0.009,0.0,0.0,0.0,0.0,0.0,0.0
EXO,533612067,,,,,,,,,,,SAFE,-5.466,-1.648,1.148,0.745,-0.122,-0.0,0.0,0.0,0.009,0.0,0.0,0.0,0.0,0.0,0.0
EXO,533712067,,,,,,,,,,,SAFE,-5.466,-1.648,1.148,0.745,-0.122,-0.0,0.0,0.0,0.009,0.0,0.0,0.0,0.0,0.0,0.0
EXO,533812067,,,,,,,,,,,SAFE,-5.466,-1.648,1.148,0.745,-0.122,-0.0,0.0,0.0,0.009,0.0,0.0,0.0,0.0,0.0,0.0
EXO,533912068,,,,,,,,,,,SAFE,-5.466,-1.648,1.148,0.745,-0.122,-0.0,0.0,0.0,0.009,0.0,0.0,0.0,0.0,0.0,0.0
EXO,534012067,,,,,,,,,,,SAFE,-5.466,-1.648,1.148,0.745,-0.122,-0.0,0.0,0.0,0.009,0.0,0.0,0.0,0.0,0.0,0.0
EXO,534112067,,,,,,,,,,,SAFE,-5.466,-1.648,1.148,0.745,-0.122,-0.0,0.0,0.0,0.009,0.0,0.0,0.0,0.0,0.0,0.0
EXO,534212067,,,,,,,,,,,SAFE,-5.466,-1.648,1.148,0.745,-0.122,-0.0,0.0,0.0,0.009,0.0,0.0,0.0,0.0,0.0,0.0
EXO,534312067,,,,,,,,,,,SAFE,-5.466,-1.648,1.148,0.745,-0.122,-0.0,0.0,0.0,0.009,0.0,0.0,0.0,0.0,0.0,0.0
EXO,534412068,,,,,,,,,,,SAFE,-5.466,-1.648,1.148,0.745,-0.122,-0.0,0.0,0.0,0.009,0.0,0.0,0.0,0.0,0.0,0.0
EXO,534512067,,,,,,,,,,,SAFE,-5.466,-1.648,1.148,0.745,-0.122,-0.0,0.0,0.0,0.009,0.0,0.0,0.0,0.0,0.0,0.0
EXO,534612067,,,,,,,,,,,SAFE,-5.466,-1.648,1.148,0.745,-0.122,-0.0,0.0,0.0,0.009,0.0,0.0,0.0,0.0,0.0,0.0
EXO,534712067,,,,,,,,,,,SAFE,-5.466,-1.648,1.148,0.745,-0.122,-0.0,0.0,0.0,0.009,0.0,0.0,0.0,0.0,0.0,0.0
EXO,534812067,,,,,,,,,,,SAFE,-5.466,-1.648,1.148,0.745,-0.122,-0.0,0.0,0.0,0.009,0.0,0.0,0.0,0.0,0.0,0.0
EXO,534912068,,,,,,,,,,,SAFE,-5.466,-1.648,1.148,0.745,-0.122,-0.0,0.0,0.0,0.009,0.0,0.0,0.0,0.0,0.0,0.0
EXO,535012067,,,,,,,,,,,SAFE,-5.466,-1.648,1.148,0.745,-0.122,-0.0,0.0,0.0,0.009,0.0,0.0,0.0,0.0,0.0,0.0
EXO,535112067,,,,,,,,,,,SAFE,-5.466,-1.648,1.148,0.745,-0.122,-0.0,0.0,0.0,0.009,0.0,0.0,0.0,0.0,0.0,0.0
EXO,535212067,,,,,,,,,,,SAFE,-5.466,-1.648,1.148,0.745,-0.122,-0.0,0.0,0.0,0.009,0.0,0.0,0.0,0.0,0.0,0.0
EXO,535312067,,,,,,,,,,,SAFE,-5.466,-1.648,1.148,0.745,-0.122,-0.0,0.0,0.0,0.009,0.0,0.0,0.0,0.0,0.0,0.0
EXO,535412068,,,,,,,,,,,SAFE,-5.466,-1.648,1.148,0.745,-0.122,-0.0,0.0,0.0,0.009,0.0,0.0,0.0,0.0,0.0,0.0
EXO,535512067,,,,,,,,,,,SAFE,-5.466,-1.648,1.148,0.745,-0.122,-0.0,0.0,0.0,0.009,0.0,0.0,0.0,0.0,0.0,0.0
EXO,535612067,,,,,,,,,,,SAFE,-5.466,-1.648,1.148,0.745,-0.122,-0.0,0.0,0.0,0.009,0.0,0.0,0.0,0.0,0.0,0.0
EXO,535712067,,,,,,,,,,,SAFE,-5.466,-1.648,1.148,0.745,-0.122,-0.0,0.0,0.0,0.009,0.0,0.0,0.0,0.0,0.0,0.0
EXO,535812067,,,,,,,,,,,SAFE,-5.466,-1.648,1.148,0.745,-0.122,-0.0,0.0,0.0,0.009,0.0,0.0,0.0,0.0,0.0,0.0
EXO,535912068,,,,,,,,,,,SAFE,-5.466,-1.648,1.148,0.745,-0.122,-0.0,0.0,0.0,0.009,0.0,0.0,0.0,0.0,0.0,0.0
EXO,536012067,,,,,,,,,,,SAFE,-5.466,-1.648,1.148,0.745,-0.122,-0.0,0.0,0.0,0.009,0.0,0.0,0.0,0.0,0.0,0.0
EXO,536112067,,,,,,,,,,,SAFE,-5.466,-1.648,1.148,0.745,-0.122,-0.0,0.0,0.0,0.009,0.0,0.0,0.0,0.0,0.0,0.0
EXO,536212067,,,,,,,,,,,SAFE,-5.466,-1.648,1.148,0.745,-0.122,-0.0,0.0,0.0,0.009,0.0,0.0,0.0,0.0,0.0,0.0
EXO,536312067,,,,,,,,,,,SAFE,-5.466,-1.648,1.148,0.745,-0.122,-0.0,0.0,0.0,0.009,0.0,0.0,0.0,0.0,0.0,0.0
EXO,536412068,,,,,,,,,,,SAFE,-5.466,-1.648,1.148,0.745,-0.122,-0.0,0.0,0.0,0.009,0.0,0.0,0.0,0.0,0.0,0.0
EXO,536512067,,,,,,,,,,,SAFE,-5.466,-1.648,1.148,0.745,-0.122,-0.0,0.0,0.0,0.009,0.0,0.0,0.0,0.0,0.0,0.0
EXO,536612067,,,,,,,,,,,SAFE,-5.466,-1.648,1.148,0.745,-0.122,-0.0,0.0,0.0,0.009,0.0,0.0,0.0,0.0,0.0,0.0
EXO,536712067,,,,,,,,,,,SAFE,-5.466,-1.648,1.148,0.745,-0.122,-0.0,0.0,0.0,0.009,0.0,0.0,0.0,0.0,0.0,0.0
EXO,536812067,,,,,,,,,,,SAFE,-5.466,-1.648,1.148,0.745,-0.122,-0.0,0.0,0.0,0.009,0.0,0.0,0.0,0.0,0.0,0.0
EXO,536912068,,,,,,,,,,,SAFE,-5.466,-1.648,1.148,0.745,-0.122,-0.0,0.0,0.0,0.009,0.0,0.0,0.0,0.0,0.0,0.0
EXO,537012067,,,,,,,,,,,SAFE,-5.466,-1.648,1.148,0.745,-0.122,-0.0,0.0,0.0,0.009,0.0,0.0,0.0,0.0,0.0,0.0
EXO,537112067,,,,,,,,,,,SAFE,-5.466,-1.648,1.148,0.745,-0.122,-0.0,0.0,0.0,0.009,0.0,0.0,0.0,0.0,0.0,0.0
EXO,537212067,,,,,,,,,,,SAFE,-5.466,-1.648,1.148,0.745,-0.122,-0.0,0.0,0.0,0.009,0.0,0.0,0.0,0.0,0.0,0.0
EXO,537312067,,,,,,,,,,,SAFE,-5.466,-1.648,1.148,0.745,-0.122,-0.0,0.0,0.0,0.009,0.0,0.0,0.0,0.0,0.0,0.0
EXO,537412068,,,,,,,,,,,SAFE,-5.466,-1.648,1.148,0.745,-0.122,-0.0,0.0,0.0,0.009,0.0,0.0,0.0,0.0,0.0,0.0
EXO,537512067,,,,,,,,,,,SAFE,-5.466,-1.648,1.148,0.745,-0.122,-0.0,0.0,0.0,0.009,0.0,0.0,0.0,0.0,0.0,0.0
EXO,537612067,,,,,,,,,,,SAFE,-5.466,-1.648,1.148,0.745,-0.122,-0.0,0.0,0.0,0.009,0.0,0.0,0.0,0.0,0.0,0.0
EXO,537712067,,,,,,,,,,,SAFE,-5.466,-1.648,1.148,0.745,-0.122,-0.0,0.0,0.0,0.009,0.0,0.0,0.0,0.0,0.0,0.0
EXO,537812067,,,,,,,,,,,SAFE,-5.466,-1.648,1.148,0.745,-0.122,-0.0,0.0,0.0,0.009,0.0,0.0,0.0,0.0,0.0,0.0
EXO,537912068,,,,,,,,,,,SAFE,-5.466,-1.648,1.148,0.745,-0.122,-0.0,0.0,0.0,0.009,0.0,0.0,0.0,0.0,0.0,0.0
EXO,538012067,,,,,,,,,,,SAFE,-5.466,-1.648,1.148,0.745,-0.122,-0.0,0.0,0.0,0.009,0.0,0.0,0.0,0.0,0.0,0.0
EXO,538112067,,,,,,,,,,,SAFE,-5.466,-1.648,1.148,0.745,-0.122,-0.0,0.0,0.0,0.009,0.0,0.0,0.0,0.0,0.0,0.0
EXO,538212067,,,,,,,,,,,SAFE,-5.466,-1.648,1.148,0.745,-0.122,-0.0,0.0,0.0,0.009,0.0,0.0,0.0,0.0,0.0,0.0
EXO,538312067,,,,,,,,,,,SAFE,-5.466,-1.648,1.148,0.745,-0.122,-0.0,0.0,0.0,0.009,0.0,0.0,0.0,0.0,0.0,0.0
EXO,538412068,,,,,,,,,,,SAFE,-5.466,-1.648,1.148,0.745,-0.122,-0.0,0.0,0.0,0.009,0.0,0.0,0.0,0.0,0.0,0.0
EXO,538512067,,,,,,,,,,,SAFE,-5.466,-1.648,1.148,0.745,-0.122,-0.0,0.0,0.0,0.009,0.0,0.0,0.0,0.0,0.0,0.0
EXO,538612067,,,,,,,,,,,SAFE,-5.466,-1.648,1.148,0.745,-0.122,-0.0,0.0,0.0,0.009,0.0,0.0,0.0,0.0,0.0,0.0
EXO,538712067,,,,,,,,,,,SAFE,-5.466,-1.648,1.148,0.745,-0.122,-0.0,0.0,0.0,0.009,0.0,0.0,0.0,0.0,0.0,0.0
EXO,538812067,,,,,,,,,,,SAFE,-5.466,-1.648,1.148,0.745,-0.122,-0.0,0.0,0.0,0.009,0.0,0.0,0.0,0.0,0.0,0.0
EXO,538912068,,,,,,,,,,,SAFE,-5.466,-1.648,1.148,0.745,-0.122,-0.0,0.0,0.0,0.009,0.0,0.0,0.0,0.0,0.0,0.0
EXO,539012067,,,,,,,,,,,SAFE,-5.466,-1.648,1.148,0.745,-0.122,-0.0,0.0,0.0,0.009,0.0,0.0,0.0,0.0,0.0,0.0
EXO,539112067,,,,,,,,,,,SAFE,-5.466,-1.648,1.148,0.745,-0.122,-0.0,0.0,0.0,0.009,0.0,0.0,0.0,0.0,0.0,0.0
EXO,539212067,,,,,,,,,,,SAFE,-5.466,-1.648,1.148,0.745,-0.122,-0.0,0.0,0.0,0.009,0.0,0.0,0.0,0.0,0.0,0.0
EXO,539312067,,,,,,,,,,,SAFE,-5.466,-1.648,1.148,0.745,-0.122,-0.0,0.0,0.0,0.009,0.0,0.0,0.0,0.0,0.0,0.0
EXO,539412068,,,,,,,,,,,SAFE,-5.466,-1.648,1.148,0.745,-0.122,-0.0,0.0,0.0,0.009,0.0,0.0,0.0,0.0,0.0,0.0
EXO,539512067,,,,,,,,,,,SAFE,-5.466,-1.648,1.148,0.745,-0.122,-0.0,0.0,0.0,0.009,0.0,0.0,0.0,0.0,0.0,0.0
EXO,539612067,,,,,,,,,,,SAFE,-5.466,-1.648,1.148,0.745,-0.122,-0.0,0.0,0.0,0.009,0.0,0.0,0.0,0.0,0.0,0.0
EXO,539712067,,,,,,,,,,,SAFE,-5.466,-1.648,1.148,0.745,-0.122,-0.0,0.0,0.0,0.009,0.0,0.0,0.0,0.0,0.0,0.0
EXO,539812067,,,,,,,,,,,SAFE,-5.466,-1.648,1.148,0.745,-0.122,-0.0,0.0,0.0,0.009,0.0,0.0,0.0,0.0,0.0,0.0
EXO,539912068,,,,,,,,,,,SAFE,-5.466,-1.648,1.148,0.745,-0.122,-0.0,0.0,0.0,0.009,0.0,0.0,0.0,0.0,0.0,0.0
EXO,540012067,,,,,,,,,,,SAFE,-5.466,-1.648,1.148,0.745,-0.122,-0.0,0.0,0.0,0.009,0.0,0.0,0.0,0.0,0.0,0.0
EXO,540112067,,,,,,,,,,,SAFE,-5.466,-1.648,1.148,0.745,-0.122,-0.0,0.0,0.0,0.009,0.0,0.0,0.0,0.0,0.0,0.0
EXO,540212067,,,,,,,,,,,SAFE,-5.466,-1.648,1.148,0.745,-0.122,-0.0,0.0,0.0,0.009,0.0,0.0,0.0,0.0,0.0,0.0
EXO,540312067,,,,,,,,,,,SAFE,-5.466,-1.648,1.148,0.745,-0.122,-0.0,0.0,0.0,0.009,0.0,0.0,0.0,0.0,0.0,0.0
EXO,540412068,,,,,,,,,,,SAFE,-5.466,-1.648,1.148,0.745,-0.122,-0.0,0.0,0.0,0.009,0.0,0.0,0.0,0.0,0.0,0.0
EXO,540512067,,,,,,,,,,,SAFE,-5.466,-1.648,1.148,0.745,-0.122,-0.0,0.0,0.0,0.009,0.0,0.0,0.0,0.0,0.0,0.0
EXO,540612067,,,,,,,,,,,SAFE,-5.466,-1.648,1.148,0.745,-0.122,-0.0,0.0,0.0,0.009,0.0,0.0,0.0,0.0,0.0,0.0
EXO,540712067,,,,,,,,,,,SAFE,-5.466,-1.648,1.148,0.745,-0.122,-0.0,0.0,0.0,0.009,0.0,0.0,0.0,0.0,0.0,0.0
EXO,540812067,,,,,,,,,,,SAFE,-5.466,-1.648,1.148,0.745,-0.122,-0.0,0.0,0.0,0.009,0.0,0.0,0.0,0.0,0.0,0.0
EXO,540912068,,,,,,,,,,,SAFE,-5.466,-1.648,1.148,0.745,-0.122,-0.0,0.0,0.0,0.009,0.0,0.0,0.0,0.0,0.0,0.0
EXO,541012067,,,,,,,,,,,SAFE,-5.466,-1.648,1.148,0.745,-0.122,-0.0,0.0,0.0,0.009,0.0,0.0,0.0,0.0,0.0,0.0
EXO,541112067,,,,,,,,,,,SAFE,-5.466,-1.648,1.148,0.745,-0.122,-0.0,0.0,0.0,0.009,0.0,0.0,0.0,0.0,0.0,0.0
EXO,541212067,,,,,,,,,,,SAFE,-5.466,-1.648,1.148,0.745,-0.122,-0.0,0.0,0.0,0.009,0.0,0.0,0.0,0.0,0.0,0.0
EXO,541312067,,,,,,,,,,,SAFE,-5.466,-1.648,1.148,0.745,-0.122,-0.0,0.0,0.0,0.009,0.0,0.0,0.0,0.0,0.0,0.0
EXO,541412068,,,,,,,,,,,SAFE,-5.466,-1.648,1.148,0.745,-0.122,-0.0,0.0,0.0,0.009,0.0,0.0,0.0,0.0,0.0,0.0
EXO,541512067,,,,,,,,,,,SAFE,-5.466,-1.648,1.148,0.745,-0.122,-0.0,0.0,0.0,0.009,0.0,0.0,0.0,0.0,0.0,0.0
EXO,541612067,,,,,,,,,,,SAFE,-5.466,-1.648,1.148,0.745,-0.122,-0.0,0.0,0.0,0.009,0.0,0.0,0.0,0.0,0.0,0.0
EXO,541712067,,,,,,,,,,,SAFE,-5.466,-1.648,1.148,0.745,-0.122,-0.0,0.0,0.0,0.009,0.0,0.0,0.0,0.0,0.0,0.0
EXO,541812067,,,,,,,,,,,SAFE,-5.466,-1.648,1.148,0.745,-0.122,-0.0,0.0,0.0,0.009,0.0,0.0,0.0,0.0,0.0,0.0
EXO,541912068,,,,,,,,,,,SAFE,-5.466,-1.648,1.148,0.745,-0.122,-0.0,0.0,0.0,0.009,0.0,0.0,0.0,0.0,0.0,0.0
EXO,542012067,,,,,,,,,,,SAFE,-5.466,-1.648,1.148,0.745,-0.122,-0.0,0.0,0.0,0.009,0.0,0.0,0.0,0.0,0.0,0.0
EXO,542112067,,,,,,,,,,,SAFE,-5.466,-1.648,1.148,0.745,-0.122,-0.0,0.0,0.0,0.009,0.0,0.0,0.0,0.0,0.0,0.0
EXO,542212067,,,,,,,,,,,SAFE,-5.466,-1.648,1.148,0.745,-0.122,-0.0,0.0,0.0,0.009,0.0,0.0,0.0,0.0,0.0,0.0
EXO,542312067,,,,,,,,,,,SAFE,-5.466,-1.648,1.148,0.745,-0.122,-0.0,0.0,0.0,0.009,0.0,0.0,0.0,0.0,0.0,0.0
EXO,542412068,,,,,,,,,,,SAFE,-5.466,-1.648,1.148,0.745,-0.122,-0.0,0.0,0.0,0.009,0.0,0.0,0.0,0.0,0.0,0.0
EXO,542512067,,,,,,,,,,,SAFE,-5.466,-1.648,1.148,0.745,-0.122,-0.0,0.0,0.0,0.009,0.0,0.0,0.0,0.0,0.0,0.0
EXO,542612067,,,,,,,,,,,SAFE,-5.466,-1.648,1.148,0.745,-0.122,-0.0,0.0,0.0,0.009,0.0,0.0,0.0,0.0,0.0,0.0
EXO,542712067,,,,,,,,,,,SAFE,-5.466,-1.648,1.148,0.745,-0.122,-0.0,0.0,0.0,0.009,0.0,0.0,0.0,0.0,0.0,0.0
EXO,542812067,,,,,,,,,,,SAFE,-5.466,-1.648,1.148,0.745,-0.122,-0.0,0.0,0.0,0.009,0.0,0.0,0.0,0.0,0.0,0.0
EXO,542912068,,,,,,,,,,,SAFE,-5.466,-1.648,1.148,0.745,-0.122,-0.0,0.0,0.0,0.009,0.0,0.0,0.0,0.0,0.0,0.0
EXO,543012067,,,,,,,,,,,SAFE,-5.466,-1.648,1.148,0.745,-0.122,-0.0,0.0,0.0,0.009,0.0,0.0,0.0,0.0,0.0,0.0
EXO,543112067,,,,,,,,,,,SAFE,-5.466,-1.648,1.148,0.745,-0.122,-0.0,0.0,0.0,0.009,0.0,0.0,0.0,0.0,0.0,0.0
EXO,543212067,,,,,,,,,,,SAFE,-5.466,-1.648,1.148,0.745,-0.122,-0.0,0.0,0.0,0.009,0.0,0.0,0.0,0.0,0.0,0.0
EXO,543312067,,,,,,,,,,,SAFE,-5.466,-1.648,1.148,0.745,-0.122,-0.0,0.0,0.0,0.009,0.0,0.0,0.0,0.0,0.0,0.0
EXO,543412068,,,,,,,,,,,SAFE,-5.466,-1.648,1.148,0.745,-0.122,-0.0,0.0,0.0,0.009,0.0,0.0,0.0,0.0,0.0,0.0
EXO,543512067,,,,,,,,,,,SAFE,-5.466,-1.648,1.148,0.745,-0.122,-0.0,0.0,0.0,0.009,0.0,0.0,0.0,0.0,0.0,0.0
EXO,543612067,,,,,,,,,,,SAFE,-5.466,-1.648,1.148,0.745,-0.122,-0.0,0.0,0.0,0.009,0.0,0.0,0.0,0.0,0.0,0.0
EXO,543712067,,,,,,,,,,,SAFE,-5.466,-1.648,1.148,0.745,-0.122,-0.0,0.0,0.0,0.009,0.0,0.0,0.0,0.0,0.0,0.0
EXO,543812067,,,,,,,,,,,SAFE,-5.466,-1.648,1.148,0.745,-0.122,-0.0,0.0,0.0,0.009,0.0,0.0,0.0,0.0,0.0,0.0
EXO,543912068,,,,,,,,,,,SAFE,-5.466,-1.648,1.148,0.745,-0.122,-0.0,0.0,0.0,0.009,0.0,0.0,0.0,0.0,0.0,0.0
EXO,544012067,,,,,,,,,,,SAFE,-5.466,-1.648,1.148,0.745,-0.122,-0.0,0.0,0.0,0.009,0.0,0.0,0.0,0.0,0.0,0.0
EXO,544112067,,,,,,,,,,,SAFE,-5.466,-1.648,1.148,0.745,-0.122,-0.0,0.0,0.0,0.009,0.0,0.0,0.0,0.0,0.0,0.0
EXO,544212067,,,,,,,,,,,SAFE,-5.466,-1.648,1.148,0.745,-0.122,-0.0,0.0,0.0,0.009,0.0,0.0,0.0,0.0,0.0,0.0
EXO,544312067,,,,,,,,,,,SAFE,-5.466,-1.648,1.148,0.745,-0.122,-0.0,0.0,0.0,0.009,0.0,0.0,0.0,0.0,0.0,0.0
EXO,544412068,,,,,,,,,,,SAFE,-5.466,-1.648,1.148,0.745,-0.122,-0.0,0.0,0.0,0.009,0.0,0.0,0.0,0.0,0.0,0.0
EXO,544512067,,,,,,,,,,,SAFE,-5.466,-1.648,1.148,0.745,-0.122,-0.0,0.0,0.0,0.009,0.0,0.0,0.0,0.0,0.0,0.0
EXO,544612067,,,,,,,,,,,SAFE,-5.466,-1.648,1.148,0.745,-0.122,-0.0,0.0,0.0,0.009,0.0,0.0,0.0,0.0,0.0,0.0
EXO,544712067,,,,,,,,,,,SAFE,-5.466,-1.648,1.148,0.745,-0.122,-0.0,0.0,0.0,0.009,0.0,0.0,0.0,0.0,0.0,0.0
EXO,544812067,,,,,,,,,,,SAFE,-5.466,-1.648,1.148,0.745,-0.122,-0.0,0.0,0.0,0.009,0.0,0.0,0.0,0.0,0.0,0.0
EXO,544912068,,,,,,,,,,,SAFE,-5.466,-1.648,1.148,0.745,-0.122,-0.0,0.0,0.0,0.009,0.0,0.0,0.0,0.0,0.0,0.0
EXO,545012067,,,,,,,,,,,SAFE,-5.466,-1.648,1.148,0.745,-0.122,-0.0,0.0,0.0,0.009,0.0,0.0,0.0,0.0,0.0,0.0
EXO,545112067,,,,,,,,,,,SAFE,-5.466,-1.648,1.148,0.745,-0.122,-0.0,0.0,0.0,0.009,0.0,0.0,0.0,0.0,0.0,0.0
EXO,545212067,,,,,,,,,,,SAFE,-5.466,-1.648,1.148,0.745,-0.122,-0.0,0.0,0.0,0.009,0.0,0.0,0.0,0.0,0.0,0.0
EXO,545312067,,,,,,,,,,,SAFE,-5.466,-1.648,1.148,0.745,-0.122,-0.0,0.0,0.0,0.009,0.0,0.0,0.0,0.0,0.0,0.0
EXO,545412068,,,,,,,,,,,SAFE,-5.466,-1.648,1.148,0.745,-0.122,-0.0,0.0,0.0,0.009,0.0,0.0,0.0,0.0,0.0,0.0
EXO,545512067,,,,,,,,,,,SAFE,-5.466,-1.648,1.148,0.745,-0.122,-0.0,0.0,0.0,0.009,0.0,0.0,0.0,0.0,0.0,0.0
EXO,545612067,,,,,,,,,,,SAFE,-5.466,-1.648,1.148,0.745,-0.122,-0.0,0.0,0.0,0.009,0.0,0.0,0.0,0.0,0.0,0.0
EXO,545712067,,,,,,,,,,,SAFE,-5.466,-1.648,1.148,0.745,-0.122,-0.0,0.0,0.0,0.009,0.0,0.0,0.0,0.0,0.0,0.0
EXO,545812067,,,,,,,,,,,SAFE,-5.466,-1.648,1.148,0.745,-0.122,-0.0,0.0,0.0,0.009,0.0,0.0,0.0,0.0,0.0,0.0
EXO,545912068,,,,,,,,,,,SAFE,-5.466,-1.648,1.148,0.745,-0.122,-0.0,0.0,0.0,0.009,0.0,0.0,0.0,0.0,0.0,0.0
EXO,546012067,,,,,,,,,,,SAFE,-5.466,-1.648,1.148,0.745,-0.122,-0.0,0.0,0.0,0.009,0.0,0.0,0.0,0.0,0.0,0.0
EXO,546112067,,,,,,,,,,,SAFE,-5.466,-1.648,1.148,0.745,-0.122,-0.0,0.0,0.0,0.009,0.0,0.0,0.0,0.0,0.0,0.0
EXO,546212067,,,,,,,,,,,SAFE,-5.466,-1.648,1.148,0.745,-0.122,-0.0,0.0,0.0,0.009,0.0,0.0,0.0,0.0,0.0,0.0
EXO,546312067,,,,,,,,,,,SAFE,-5.466,-1.648,1.148,0.745,-0.122,-0.0,0.0,0.0,0.009,0.0,0.0,0.0,0.0,0.0,0.0
EXO,546412068,,,,,,,,,,,SAFE,-5.466,-1.648,1.148,0.745,-0.122,-0.0,0.0,0.0,0.009,0.0,0.0,0.0,0.0,0.0,0.0
EXO,546512067,,,,,,,,,,,SAFE,-5.466,-1.648,1.148,0.745,-0.122,-0.0,0.0,0.0,0.009,0.0,0.0,0.0,0.0,0.0,0.0
EXO,546612067,,,,,,,,,,,SAFE,-5.466,-1.648,1.148,0.745,-0.122,-0.0,0.0,0.0,0.009,0.0,0.0,0.0,0.0,0.0,0.0
EXO,546712067,,,,,,,,,,,SAFE,-5.466,-1.648,1.148,0.745,-0.122,-0.0,0.0,0.0,0.009,0.0,0.0,0.0,0.0,0.0,0.0
EXO,546812067,,,,,,,,,,,SAFE,-5.466,-1.648,1.148,0.745,-0.122,-0.0,0.0,0.0,0.009,0.0,0.0,0.0,0.0,0.0,0.0
EXO,546912068,,,,,,,,,,,SAFE,-5.466,-1.648,1.148,0.745,-0.122,-0.0,0.0,0.0,0.009,0.0,0.0,0.0,0.0,0.0,0.0
EXO,547012067,,,,,,,,,,,SAFE,-5.466,-1.648,1.148,0.745,-0.122,-0.0,0.0,0.0,0.009,0.0,0.0,0.0,0.0,0.0,0.0
EXO,547112067,,,,,,,,,,,SAFE,-5.466,-1.648,1.148,0.745,-0.122,-0.0,0.0,0.0,0.009,0.0,0.0,0.0,0.0,0.0,0.0
EXO,547212067,,,,,,,,,,,SAFE,-5.466,-1.648,1.148,0.745,-0.122,-0.0,0.0,0.0,0.009,0.0,0.0,0.0,0.0,0.0,0.0
EXO,547312067,,,,,,,,,,,SAFE,-5.466,-1.648,1.148,0.745,-0.122,-0.0,0.0,0.0,0.009,0.0,0.0,0.0,0.0,0.0,0.0
EXO,547412068,,,,,,,,,,,SAFE,-5.466,-1.648,1.148,0.745,-0.122,-0.0,0.0,0.0,0.009,0.0,0.0,0.0,0.0,0.0,0.0
EXO,547512067,,,,,,,,,,,SAFE,-5.466,-1.648,1.148,0.745,-0.122,-0.0,0.0,0.0,0.009,0.0,0.0,0.0,0.0,0.0,0.0
EXO,547612067,,,,,,,,,,,SAFE,-5.466,-1.648,1.148,0.745,-0.122,-0.0,0.0,0.0,0.009,0.0,0.0,0.0,0.0,0.0,0.0
EXO,547712067,,,,,,,,,,,SAFE,-5.466,-1.648,1.148,0.745,-0.122,-0.0,0.0,0.0,0.009,0.0,0.0,0.0,0.0,0.0,0.0
EXO,547812067,,,,,,,,,,,SAFE,-5.466,-1.648,1.148,0.745,-0.122,-0.0,0.0,0.0,0.009,0.0,0.0,0.0,0.0,0.0,0.0
EXO,547912068,,,,,,,,,,,SAFE,-5.466,-1.648,1.148,0.745,-0.122,-0.0,0.0,0.0,0.009,0.0,0.0,0.0,0.0,0.0,0.0
EXO,548012067,,,,,,,,,,,SAFE,-5.466,-1.648,1.148,0.745,-0.122,-0.0,0.0,0.0,0.009,0.0,0.0,0.0,0.0,0.0,0.0
EXO,548112067,,,,,,,,,,,SAFE,-5.466,-1.648,1.148,0.745,-0.122,-0.0,0.0,0.0,0.009,0.0,0.0,0.0,0.0,0.0,0.0
EXO,548212067,,,,,,,,,,,SAFE,-5.466,-1.648,1.148,0.745,-0.122,-0.0,0.0,0.0,0.009,0.0,0.0,0.0,0.0,0.0,0.0
EXO,548312067,,,,,,,,,,,SAFE,-5.466,-1.648,1.148,0.745,-0.122,-0.0,0.0,0.0,0.009,0.0,0.0,0.0,0.0,0.0,0.0
EXO,548412068,,,,,,,,,,,SAFE,-5.466,-1.648,1.148,0.745,-0.122,-0.0,0.0,0.0,0.009,0.0,0.0,0.0,0.0,0.0,0.0
EXO,548512067,,,,,,,,,,,SAFE,-5.466,-1.648,1.148,0.745,-0.122,-0.0,0.0,0.0,0.009,0.0,0.0,0.0,0.0,0.0,0.0
EXO,548612067,,,,,,,,,,,SAFE,-5.466,-1.648,1.148,0.745,-0.122,-0.0,0.0,0.0,0.009,0.0,0.0,0.0,0.0,0.0,0.0
EXO,548712067,,,,,,,,,,,SAFE,-5.466,-1.648,1.148,0.745,-0.122,-0.0,0.0,0.0,0.009,0.0,0.0,0.0,0.0,0.0,0.0
EXO,548812067,,,,,,,,,,,SAFE,-5.466,-1.648,1.148,0.745,-0.122,-0.0,0.0,0.0,0.009,0.0,0.0,0.0,0.0,0.0,0.0
EXO,548912068,,,,,,,,,,,SAFE,-5.466,-1.648,1.148,0.745,-0.122,-0.0,0.0,0.0,0.009,0.0,0.0,0.0,0.0,0.0,0.0
EXO,549012067,,,,,,,,,,,SAFE,-5.466,-1.648,1.148,0.745,-0.122,-0.0,0.0,0.0,0.009,0.0,0.0,0.0,0.0,0.0,0.0
EXO,549112067,,,,,,,,,,,SAFE,-5.466,-1.648,1.148,0.745,-0.122,-0.0,0.0,0.0,0.009,0.0,0.0,0.0,0.0,0.0,0.0
EXO,549212067,,,,,,,,,,,SAFE,-5.466,-1.648,1.148,0.745,-0.122,-0.0,0.0,0.0,0.009,0.0,0.0,0.0,0.0,0.0,0.0
EXO,549312067,,,,,,,,,,,SAFE,-5.466,-1.648,1.148,0.745,-0.122,-0.0,0.0,0.0,0.009,0.0,0.0,0.0,0.0,0.0,0.0
EXO,549412068,,,,,,,,,,,SAFE,-5.466,-1.648,1.148,0.745,-0.122,-0.0,0.0,0.0,0.009,0.0,0.0,0.0,0.0,0.0,0.0
EXO,549512067,,,,,,,,,,,SAFE,-5.466,-1.648,1.148,0.745,-0.122,-0.0,0.0,0.0,0.009,0.0,0.0,0.0,0.0,0.0,0.0
EXO,549612067,,,,,,,,,,,SAFE,-5.466,-1.648,1.148,0.745,-0.122,-0.0,0.0,0.0,0.009,0.0,0.0,0.0,0.0,0.0,0.0
EXO,549712067,,,,,,,,,,,SAFE,-5.466,-1.648,1.148,0.745,-0.122,-0.0,0.0,0.0,0.009,0.0,0.0,0.0,0.0,0.0,0.0
EXO,549812067,,,,,,,,,,,SAFE,-5.466,-1.648,1.148,0.745,-0.122,-0.0,0.0,0.0,0.009,0.0,0.0,0.0,0.0,0.0,0.0
EXO,549912068,,,,,,,,,,,SAFE,-5.466,-1.648,1.148,0.745,-0.122,-0.0,0.0,0.0,0.009,0.0,0.0,0.0,0.0,0.0,0.0
EXO,550012067,,,,,,,,,,,SAFE,-5.466,-1.648,1.148,0.745,-0.122,-0.0,0.0,0.0,0.009,0.0,0.0,0.0,0.0,0.0,0.0
EXO,550112067,,,,,,,,,,,SAFE,-5.466,-1.648,1.148,0.745,-0.122,-0.0,0.0,0.0,0.009,0.0,0.0,0.0,0.0,0.0,0.0
EXO,550212067,,,,,,,,,,,SAFE,-5.466,-1.648,1.148,0.745,-0.122,-0.0,0.0,0.0,0.009,0.0,0.0,0.0,0.0,0.0,0.0
EXO,550312067,,,,,,,,,,,SAFE,-5.466,-1.648,1.148,0.745,-0.122,-0.0,0.0,0.0,0.009,0.0,0.0,0.0,0.0,0.0,0.0
EXO,550412068,,,,,,,,,,,SAFE,-5.466,-1.648,1.148,0.745,-0.122,-0.0,0.0,0.0,0.009,0.0,0.0,0.0,0.0,0.0,0.0
EXO,550512067,,,,,,,,,,,SAFE,-5.466,-1.648,1.148,0.745,-0.122,-0.0,0.0,0.0,0.009,0.0,0.0,0.0,0.0,0.0,0.0
EXO,550612067,,,,,,,,,,,SAFE,-5.466,-1.648,1.148,0.745,-0.122,-0.0,0.0,0.0,0.009,0.0,0.0,0.0,0.0,0.0,0.0
EXO,550712067,,,,,,,,,,,SAFE,-5.466,-1.648,1.148,0.745,-0.122,-0.0,0.0,0.0,0.009,0.0,0.0,0.0,0.0,0.0,0.0
EXO,550812067,,,,,,,,,,,SAFE,-5.466,-1.648,1.148,0.745,-0.122,-0.0,0.0,0.0,0.009,0.0,0.0,0.0,0.0,0.0,0.0
EXO,550912068,,,,,,,,,,,SAFE,-5.466,-1.648,1.148,0.745,-0.122,-0.0,0.0,0.0,0.009,0.0,0.0,0.0,0.0,0.0,0.0
EXO,551012067,,,,,,,,,,,SAFE,-5.466,-1.648,1.148,0.745,-0.122,-0.0,0.0,0.0,0.009,0.0,0.0,0.0,0.0,0.0,0.0
EXO,551112067,,,,,,,,,,,SAFE,-5.466,-1.648,1.148,0.745,-0.122,-0.0,0.0,0.0,0.009,0.0,0.0,0.0,0.0,0.0,0.0
EXO,551212067,,,,,,,,,,,SAFE,-5.466,-1.648,1.148,0.745,-0.122,-0.0,0.0,0.0,0.009,0.0,0.0,0.0,0.0,0.0,0.0
EXO,551312067,,,,,,,,,,,SAFE,-5.466,-1.648,1.148,0.745,-0.122,-0.0,0.0,0.0,0.009,0.0,0.0,0.0,0.0,0.0,0.0
EXO,551412068,,,,,,,,,,,SAFE,-5.466,-1.648,1.148,0.745,-0.122,-0.0,0.0,0.0,0.009,0.0,0.0,0.0,0.0,0.0,0.0
EXO,551512067,,,,,,,,,,,SAFE,-5.466,-1.648,1.148,0.745,-0.122,-0.0,0.0,0.0,0.009,0.0,0.0,0.0,0.0,0.0,0.0
EXO,551612067,,,,,,,,,,,SAFE,-5.466,-1.648,1.148,0.745,-0.122,-0.0,0.0,0.0,0.009,0.0,0.0,0.0,0.0,0.0,0.0
EXO,551712067,,,,,,,,,,,SAFE,-5.466,-1.648,1.148,0.745,-0.122,-0.0,0.0,0.0,0.009,0.0,0.0,0.0,0.0,0.0,0.0
EXO,551812067,,,,,,,,,,,SAFE,-5.466,-1.648,1.148,0.745,-0.122,-0.0,0.0,0.0,0.009,0.0,0.0,0.0,0.0,0.0,0.0
EXO,551912068,,,,,,,,,,,SAFE,-5.466,-1.648,1.148,0.745,-0.122,-0.0,0.0,0.0,0.009,0.0,0.0,0.0,0.0,0.0,0.0
EXO,552012067,,,,,,,,,,,SAFE,-5.466,-1.648,1.148,0.745,-0.122,-0.0,0.0,0.0,0.009,0.0,0.0,0.0,0.0,0.0,0.0
EXO,552112067,,,,,,,,,,,SAFE,-5.466,-1.648,1.148,0.745,-0.122,-0.0,0.0,0.0,0.009,0.0,0.0,0.0,0.0,0.0,0.0
EXO,552212067,,,,,,,,,,,SAFE,-5.466,-1.648,1.148,0.745,-0.122,-0.0,0.0,0.0,0.009,0.0,0.0,0.0,0.0,0.0,0.0
EXO,552312067,,,,,,,,,,,SAFE,-5.466,-1.648,1.148,0.745,-0.122,-0.0,0.0,0.0,0.009,0.0,0.0,0.0,0.0,0.0,0.0
EXO,552412068,,,,,,,,,,,SAFE,-5.466,-1.648,1.148,0.745,-0.122,-0.0,0.0,0.0,0.009,0.0,0.0,0.0,0.0,0.0,0.0
EXO,552512067,,,,,,,,,,,SAFE,-5.466,-1.648,1.148,0.745,-0.122,-0.0,0.0,0.0,0.009,0.0,0.0,0.0,0.0,0.0,0.0
EXO,552612067,,,,,,,,,,,SAFE,-5.466,-1.648,1.148,0.745,-0.122,-0.0,0.0,0.0,0.009,0.0,0.0,0.0,0.0,0.0,0.0
EXO,552712067,,,,,,,,,,,SAFE,-5.466,-1.648,1.148,0.745,-0.122,-0.0,0.0,0.0,0.009,0.0,0.0,0.0,0.0,0.0,0.0
EXO,552812067,,,,,,,,,,,SAFE,-5.466,-1.648,1.148,0.745,-0.122,-0.0,0.0,0.0,0.009,0.0,0.0,0.0,0.0,0.0,0.0
EXO,552912068,,,,,,,,,,,SAFE,-5.466,-1.648,1.148,0.745,-0.122,-0.0,0.0,0.0,0.009,0.0,0.0,0.0,0.0,0.0,0.0
EXO,553012067,,,,,,,,,,,SAFE,-5.466,-1.648,1.148,0.745,-0.122,-0.0,0.0,0.0,0.009,0.0,0.0,0.0,0.0,0.0,0.0
EXO,553112067,,,,,,,,,,,SAFE,-5.466,-1.648,1.148,0.745,-0.122,-0.0,0.0,0.0,0.009,0.0,0.0,0.0,0.0,0.0,0.0
EXO,553212067,,,,,,,,,,,SAFE,-5.466,-1.648,1.148,0.745,-0.122,-0.0,0.0,0.0,0.009,0.0,0.0,0.0,0.0,0.0,0.0
EXO,553312067,,,,,,,,,,,SAFE,-5.466,-1.648,1.148,0.745,-0.122,-0.0,0.0,0.0,0.009,0.0,0.0,0.0,0.0,0.0,0.0
EXO,553412068,,,,,,,,,,,SAFE,-5.466,-1.648,1.148,0.745,-0.122,-0.0,0.0,0.0,0.009,0.0,0.0,0.0,0.0,0.0,0.0
EXO,553512067,,,,,,,,,,,SAFE,-5.466,-1.648,1.148,0.745,-0.122,-0.0,0.0,0.0,0.009,0.0,0.0,0.0,0.0,0.0,0.0
EXO,553612067,,,,,,,,,,,SAFE,-5.466,-1.648,1.148,0.745,-0.122,-0.0,0.0,0.0,0.009,0.0,0.0,0.0,0.0,0.0,0.0
EXO,553712067,,,,,,,,,,,SAFE,-5.466,-1.648,1.148,0.745,-0.122,-0.0,0.0,0.0,0.009,0.0,0.0,0.0,0.0,0.0,0.0
EXO,553812067,,,,,,,,,,,SAFE,-5.466,-1.648,1.148,0.745,-0.122,-0.0,0.0,0.0,0.009,0.0,0.0,0.0,0.0,0.0,0.0
EXO,553912068,,,,,,,,,,,SAFE,-5.466,-1.648,1.148,0.745,-0.122,-0.0,0.0,0.0,0.009,0.0,0.0,0.0,0.0,0.0,0.0
EXO,554012067,,,,,,,,,,,SAFE,-5.466,-1.648,1.148,0.745,-0.122,-0.0,0.0,0.0,0.009,0.0,0.0,0.0,0.0,0.0,0.0
EXO,554112067,,,,,,,,,,,SAFE,-5.466,-1.648,1.148,0.745,-0.122,-0.0,0.0,0.0,0.009,0.0,0.0,0.0,0.0,0.0,0.0
EXO,554212067,,,,,,,,,,,SAFE,-5.466,-1.648,1.148,0.745,-0.122,-0.0,0.0,0.0,0.009,0.0,0.0,0.0,0.0,0.0,0.0
EXO,554312067,,,,,,,,,,,SAFE,-5.466,-1.648,1.148,0.745,-0.122,-0.0,0.0,0.0,0.009,0.0,0.0,0.0,0.0,0.0,0.0
EXO,554412068,,,,,,,,,,,SAFE,-5.466,-1.648,1.148,0.745,-0.122,-0.0,0.0,0.0,0.009,0.0,0.0,0.0,0.0,0.0,0.0
EXO,554512067,,,,,,,,,,,SAFE,-5.466,-1.648,1.148,0.745,-0.122,-0.0,0.0,0.0,0.009,0.0,0.0,0.0,0.0,0.0,0.0
EXO,554612067,,,,,,,,,,,SAFE,-5.466,-1.648,1.148,0.745,-0.122,-0.0,0.0,0.0,0.009,0.0,0.0,0.0,0.0,0.0,0.0
EXO,554712067,,,,,,,,,,,SAFE,-5.466,-1.648,1.148,0.745,-0.122,-0.0,0.0,0.0,0.009,0.0,0.0,0.0,0.0,0.0,0.0
EXO,554812067,,,,,,,,,,,SAFE,-5.466,-1.648,1.148,0.745,-0.122,-0.0,0.0,0.0,0.009,0.0,0.0,0.0,0.0,0.0,0.0
EXO,554912068,,,,,,,,,,,SAFE,-5.466,-1.648,1.148,0.745,-0.122,-0.0,0.0,0.0,0.009,0.0,0.0,0.0,0.0,0.0,0.0
EXO,555012067,,,,,,,,,,,SAFE,-5.466,-1.648,1.148,0.745,-0.122,-0.0,0.0,0.0,0.009,0.0,0.0,0.0,0.0,0.0,0.0
EXO,555112067,,,,,,,,,,,SAFE,-5.466,-1.648,1.148,0.745,-0.122,-0.0,0.0,0.0,0.009,0.0,0.0,0.0,0.0,0.0,0.0
EXO,555212067,,,,,,,,,,,SAFE,-5.466,-1.648,1.148,0.745,-0.122,-0.0,0.0,0.0,0.009,0.0,0.0,0.0,0.0,0.0,0.0
EXO,555312067,,,,,,,,,,,SAFE,-5.466,-1.648,1.148,0.745,-0.122,-0.0,0.0,0.0,0.009,0.0,0.0,0.0,0.0,0.0,0.0
EXO,555412068,,,,,,,,,,,SAFE,-5.466,-1.648,1.148,0.745,-0.122,-0.0,0.0,0.0,0.009,0.0,0.0,0.0,0.0,0.0,0.0
EXO,555512067,,,,,,,,,,,SAFE,-5.466,-1.648,1.148,0.745,-0.122,-0.0,0.0,0.0,0.009,0.0,0.0,0.0,0.0,0.0,0.0
EXO,555612067,,,,,,,,,,,SAFE,-5.466,-1.648,1.148,0.745,-0.122,-0.0,0.0,0.0,0.009,0.0,0.0,0.0,0.0,0.0,0.0
EXO,555712067,,,,,,,,,,,SAFE,-5.466,-1.648,1.148,0.745,-0.122,-0.0,0.0,0.0,0.009,0.0,0.0,0.0,0.0,0.0,0.0
EXO,555812067,,,,,,,,,,,SAFE,-5.466,-1.648,1.148,0.745,-0.122,-0.0,0.0,0.0,0.009,0.0,0.0,0.0,0.0,0.0,0.0
EXO,555912068,,,,,,,,,,,SAFE,-5.466,-1.648,1.148,0.745,-0.122,-0.0,0.0,0.0,0.009,0.0,0.0,0.0,0.0,0.0,0.0
EXO,556012067,,,,,,,,,,,SAFE,-5.466,-1.648,1.148,0.745,-0.122,-0.0,0.0,0.0,0.009,0.0,0.0,0.0,0.0,0.0,0.0
EXO,556112067,,,,,,,,,,,SAFE,-5.466,-1.648,1.148,0.745,-0.122,-0.0,0.0,0.0,0.009,0.0,0.0,0.0,0.0,0.0,0.0
EXO,556212067,,,,,,,,,,,SAFE,-5.466,-1.648,1.148,0.745,-0.122,-0.0,0.0,0.0,0.009,0.0,0.0,0.0,0.0,0.0,0.0
EXO,556312067,,,,,,,,,,,SAFE,-5.466,-1.648,1.148,0.745,-0.122,-0.0,0.0,0.0,0.009,0.0,0.0,0.0,0.0,0.0,0.0
EXO,556412068,,,,,,,,,,,SAFE,-5.466,-1.648,1.148,0.745,-0.122,-0.0,0.0,0.0,0.009,0.0,0.0,0.0,0.0,0.0,0.0
EXO,556512067,,,,,,,,,,,SAFE,-5.466,-1.648,1.148,0.745,-0.122,-0.0,0.0,0.0,0.009,0.0,0.0,0.0,0.0,0.0,0.0
EXO,556612067,,,,,,,,,,,SAFE,-5.466,-1.648,1.148,0.745,-0.122,-0.0,0.0,0.0,0.009,0.0,0.0,0.0,0.0,0.0,0.0
EXO,556712067,,,,,,,,,,,SAFE,-5.466,-1.648,1.148,0.745,-0.122,-0.0,0.0,0.0,0.009,0.0,0.0,0.0,0.0,0.0,0.0
EXO,556812067,,,,,,,,,,,SAFE,-5.466,-1.648,1.148,0.745,-0.122,-0.0,0.0,0.0,0.009,0.0,0.0,0.0,0.0,0.0,0.0
EXO,556912068,,,,,,,,,,,SAFE,-5.466,-1.648,1.148,0.745,-0.122,-0.0,0.0,0.0,0.009,0.0,0.0,0.0,0.0,0.0,0.0
EXO,557012067,,,,,,,,,,,SAFE,-5.466,-1.648,1.148,0.745,-0.122,-0.0,0.0,0.0,0.009,0.0,0.0,0.0,0.0,0.0,0.0
EXO,557112067,,,,,,,,,,,SAFE,-5.466,-1.648,1.148,0.745,-0.122,-0.0,0.0,0.0,0.009,0.0,0.0,0.0,0.0,0.0,0.0
EXO,557212067,,,,,,,,,,,SAFE,-5.466,-1.648,1.148,0.745,-0.122,-0.0,0.0,0.0,0.009,0.0,0.0,0.0,0.0,0.0,0.0
EXO,557312067,,,,,,,,,,,SAFE,-5.466,-1.648,1.148,0.745,-0.122,-0.0,0.0,0.0,0.009,0.0,0.0,0.0,0.0,0.0,0.0
EXO,557412068,,,,,,,,,,,SAFE,-5.466,-1.648,1.148,0.745,-0.122,-0.0,0.0,0.0,0.009,0.0,0.0,0.0,0.0,0.0,0.0
EXO,557512067,,,,,,,,,,,SAFE,-5.466,-1.648,1.148,0.745,-0.122,-0.0,0.0,0.0,0.009,0.0,0.0,0.0,0.0,0.0,0.0
EXO,557612067,,,,,,,,,,,SAFE,-5.466,-1.648,1.148,0.745,-0.122,-0.0,0.0,0.0,0.009,0.0,0.0,0.0,0.0,0.0,0.0
EXO,557712067,,,,,,,,,,,SAFE,-5.466,-1.648,1.148,0.745,-0.122,-0.0,0.0,0.0,0.009,0.0,0.0,0.0,0.0,0.0,0.0
EXO,557812067,,,,,,,,,,,SAFE,-5.466,-1.648,1.148,0.745,-0.122,-0.0,0.0,0.0,0.009,0.0,0.0,0.0,0.0,0.0,0.0
EXO,557912068,,,,,,,,,,,SAFE,-5.466,-1.648,1.148,0.745,-0.122,-0.0,0.0,0.0,0.009,0.0,0.0,0.0,0.0,0.0,0.0
EXO,558012067,,,,,,,,,,,SAFE,-5.466,-1.648,1.148,0.745,-0.122,-0.0,0.0,0.0,0.009,0.0,0.0,0.0,0.0,0.0,0.0
EXO,558112067,,,,,,,,,,,SAFE,-5.466,-1.648,1.148,0.745,-0.122,-0.0,0.0,0.0,0.009,0.0,0.0,0.0,0.0,0.0,0.0
EXO,558212067,,,,,,,,,,,SAFE,-5.466,-1.648,1.148,0.745,-0.122,-0.0,0.0,0.0,0.009,0.0,0.0,0.0,0.0,0.0,0.0
EXO,558312067,,,,,,,,,,,SAFE,-5.466,-1.648,1.148,0.745,-0.122,-0.0,0.0,0.0,0.009,0.0,0.0,0.0,0.0,0.0,0.0
EXO,558412068,,,,,,,,,,,SAFE,-5.466,-1.648,1.148,0.745,-0.122,-0.0,0.0,0.0,0.009,0.0,0.0,0.0,0.0,0.0,0.0
EXO,558512067,,,,,,,,,,,SAFE,-5.466,-1.648,1.148,0.745,-0.122,-0.0,0.0,0.0,0.009,0.0,0.0,0.0,0.0,0.0,0.0
EXO,558612067,,,,,,,,,,,SAFE,-5.466,-1.648,1.148,0.745,-0.122,-0.0,0.0,0.0,0.009,0.0,0.0,0.0,0.0,0.0,0.0
EXO,558712067,,,,,,,,,,,SAFE,-5.466,-1.648,1.148,0.745,-0.122,-0.0,0.0,0.0,0.009,0.0,0.0,0.0,0.0,0.0,0.0
EXO,558812067,,,,,,,,,,,SAFE,-5.466,-1.648,1.148,0.745,-0.122,-0.0,0.0,0.0,0.009,0.0,0.0,0.0,0.0,0.0,0.0
EXO,558912068,,,,,,,,,,,SAFE,-5.466,-1.648,1.148,0.745,-0.122,-0.0,0.0,0.0,0.009,0.0,0.0,0.0,0.0,0.0,0.0
EXO,559012067,,,,,,,,,,,SAFE,-5.466,-1.648,1.148,0.745,-0.122,-0.0,0.0,0.0,0.009,0.0,0.0,0.0,0.0,0.0,0.0
EXO,559112067,,,,,,,,,,,SAFE,-5.466,-1.648,1.148,0.745,-0.122,-0.0,0.0,0.0,0.009,0.0,0.0,0.0,0.0,0.0,0.0
EXO,559212067,,,,,,,,,,,SAFE,-5.466,-1.648,1.148,0.745,-0.122,-0.0,0.0,0.0,0.009,0.0,0.0,0.0,0.0,0.0,0.0
EXO,559312067,,,,,,,,,,,SAFE,-5.466,-1.648,1.148,0.745,-0.122,-0.0,0.0,0.0,0.009,0.0,0.0,0.0,0.0,0.0,0.0
EXO,559412068,,,,,,,,,,,SAFE,-5.466,-1.648,1.148,0.745,-0.122,-0.0,0.0,0.0,0.009,0.0,0.0,0.0,0.0,0.0,0.0
EXO,559512067,,,,,,,,,,,SAFE,-5.466,-1.648,1.148,0.745,-0.122,-0.0,0.0,0.0,0.009,0.0,0.0,0.0,0.0,0.0,0.0
EXO,559612067,,,,,,,,,,,SAFE,-5.466,-1.648,1.148,0.745,-0.122,-0.0,0.0,0.0,0.009,0.0,0.0,0.0,0.0,0.0,0.0
EXO,559712067,,,,,,,,,,,SAFE,-5.466,-1.648,1.148,0.745,-0.122,-0.0,0.0,0.0,0.009,0.0,0.0,0.0,0.0,0.0,0.0
EXO,559812067,,,,,,,,,,,SAFE,-5.466,-1.648,1.148,0.745,-0.122,-0.0,0.0,0.0,0.009,0.0,0.0,0.0,0.0,0.0,0.0
EXO,559912068,,,,,,,,,,,SAFE,-5.466,-1.648,1.148,0.745,-0.122,-0.0,0.0,0.0,0.009,0.0,0.0,0.0,0.0,0.0,0.0
EXO,560012067,,,,,,,,,,,SAFE,-5.466,-1.648,1.148,0.745,-0.122,-0.0,0.0,0.0,0.009,0.0,0.0,0.0,0.0,0.0,0.0
EXO,560112067,,,,,,,,,,,SAFE,-5.466,-1.648,1.148,0.745,-0.122,-0.0,0.0,0.0,0.009,0.0,0.0,0.0,0.0,0.0,0.0
EXO,560212067,,,,,,,,,,,SAFE,-5.466,-1.648,1.148,0.745,-0.122,-0.0,0.0,0.0,0.009,0.0,0.0,0.0,0.0,0.0,0.0
EXO,560312067,,,,,,,,,,,SAFE,-5.466,-1.648,1.148,0.745,-0.122,-0.0,0.0,0.0,0.009,0.0,0.0,0.0,0.0,0.0,0.0
EXO,560412068,,,,,,,,,,,SAFE,-5.466,-1.648,1.148,0.745,-0.122,-0.0,0.0,0.0,0.009,0.0,0.0,0.0,0.0,0.0,0.0
EXO,560512067,,,,,,,,,,,SAFE,-5.466,-1.648,1.148,0.745,-0.122,-0.0,0.0,0.0,0.009,0.0,0.0,0.0,0.0,0.0,0.0
EXO,560612067,,,,,,,,,,,SAFE,-5.466,-1.648,1.148,0.745,-0.122,-0.0,0.0,0.0,0.009,0.0,0.0,0.0,0.0,0.0,0.0
EXO,560712067,,,,,,,,,,,SAFE,-5.466,-1.648,1.148,0.745,-0.122,-0.0,0.0,0.0,0.009,0.0,0.0,0.0,0.0,0.0,0.0
EXO,560812067,,,,,,,,,,,SAFE,-5.466,-1.648,1.148,0.745,-0.122,-0.0,0.0,0.0,0.009,0.0,0.0,0.0,0.0,0.0,0.0
EXO,560912068,,,,,,,,,,,SAFE,-5.466,-1.648,1.148,0.745,-0.122,-0.0,0.0,0.0,0.009,0.0,0.0,0.0,0.0,0.0,0.0
EXO,561012067,,,,,,,,,,,SAFE,-5.466,-1.648,1.148,0.745,-0.122,-0.0,0.0,0.0,0.009,0.0,0.0,0.0,0.0,0.0,0.0
EXO,561112067,,,,,,,,,,,SAFE,-5.466,-1.648,1.148,0.745,-0.122,-0.0,0.0,0.0,0.009,0.0,0.0,0.0,0.0,0.0,0.0
EXO,561212067,,,,,,,,,,,SAFE,-5.466,-1.648,1.148,0.745,-0.122,-0.0,0.0,0.0,0.009,0.0,0.0,0.0,0.0,0.0,0.0
EXO,561312067,,,,,,,,,,,SAFE,-5.466,-1.648,1.148,0.745,-0.122,-0.0,0.0,0.0,0.009,0.0,0.0,0.0,0.0,0.0,0.0
EXO,561412068,,,,,,,,,,,SAFE,-5.466,-1.648,1.148,0.745,-0.122,-0.0,0.0,0.0,0.009,0.0,0.0,0.0,0.0,0.0,0.0
EXO,561512067,,,,,,,,,,,SAFE,-5.466,-1.648,1.148,0.745,-0.122,-0.0,0.0,0.0,0.009,0.0,0.0,0.0,0.0,0.0,0.0
EXO,561612067,,,,,,,,,,,SAFE,-5.466,-1.648,1.148,0.745,-0.122,-0.0,0.0,0.0,0.009,0.0,0.0,0.0,0.0,0.0,0.0
EXO,561712067,,,,,,,,,,,SAFE,-5.466,-1.648,1.148,0.745,-0.122,-0.0,0.0,0.0,0.009,0.0,0.0,0.0,0.0,0.0,0.0
EXO,561812067,,,,,,,,,,,SAFE,-5.466,-1.648,1.148,0.745,-0.122,-0.0,0.0,0.0,0.009,0.0,0.0,0.0,0.0,0.0,0.0
EXO,561912068,,,,,,,,,,,SAFE,-5.466,-1.648,1.148,0.745,-0.122,-0.0,0.0,0.0,0.009,0.0,0.0,0.0,0.0,0.0,0.0
EXO,562012067,,,,,,,,,,,SAFE,-5.466,-1.648,1.148,0.745,-0.122,-0.0,0.0,0.0,0.009,0.0,0.0,0.0,0.0,0.0,0.0
EXO,562112067,,,,,,,,,,,SAFE,-5.466,-1.648,1.148,0.745,-0.122,-0.0,0.0,0.0,0.009,0.0,0.0,0.0,0.0,0.0,0.0
EXO,562212067,,,,,,,,,,,SAFE,-5.466,-1.648,1.148,0.745,-0.122,-0.0,0.0,0.0,0.009,0.0,0.0,0.0,0.0,0.0,0.0
EXO,562312067,,,,,,,,,,,SAFE,-5.466,-1.648,1.148,0.745,-0.122,-0.0,0.0,0.0,0.009,0.0,0.0,0.0,0.0,0.0,0.0
EXO,562412068,,,,,,,,,,,SAFE,-5.466,-1.648,1.148,0.745,-0.122,-0.0,0.0,0.0,0.009,0.0,0.0,0.0,0.0,0.0,0.0
EXO,562512067,,,,,,,,,,,SAFE,-5.466,-1.648,1.148,0.745,-0.122,-0.0,0.0,0.0,0.009,0.0,0.0,0.0,0.0,0.0,0.0
EXO,562612067,,,,,,,,,,,SAFE,-5.466,-1.648,1.148,0.745,-0.122,-0.0,0.0,0.0,0.009,0.0,0.0,0.0,0.0,0.0,0.0
EXO,562712067,,,,,,,,,,,SAFE,-5.466,-1.648,1.148,0.745,-0.122,-0.0,0.0,0.0,0.009,0.0,0.0,0.0,0.0,0.0,0.0
EXO,562812067,,,,,,,,,,,SAFE,-5.466,-1.648,1.148,0.745,-0.122,-0.0,0.0,0.0,0.009,0.0,0.0,0.0,0.0,0.0,0.0
EXO,562912068,,,,,,,,,,,SAFE,-5.466,-1.648,1.148,0.745,-0.122,-0.0,0.0,0.0,0.009,0.0,0.0,0.0,0.0,0.0,0.0
EXO,563012067,,,,,,,,,,,SAFE,-5.466,-1.648,1.148,0.745,-0.122,-0.0,0.0,0.0,0.009,0.0,0.0,0.0,0.0,0.0,0.0
EXO,563112067,,,,,,,,,,,SAFE,-5.466,-1.648,1.148,0.745,-0.122,-0.0,0.0,0.0,0.009,0.0,0.0,0.0,0.0,0.0,0.0
EXO,563212067,,,,,,,,,,,SAFE,-5.466,-1.648,1.148,0.745,-0.122,-0.0,0.0,0.0,0.009,0.0,0.0,0.0,0.0,0.0,0.0
EXO,563312067,,,,,,,,,,,SAFE,-5.466,-1.648,1.148,0.745,-0.122,-0.0,0.0,0.0,0.009,0.0,0.0,0.0,0.0,0.0,0.0
EXO,563412068,,,,,,,,,,,SAFE,-5.466,-1.648,1.148,0.745,-0.122,-0.0,0.0,0.0,0.009,0.0,0.0,0.0,0.0,0.0,0.0
EXO,563512067,,,,,,,,,,,SAFE,-5.466,-1.648,1.148,0.745,-0.122,-0.0,0.0,0.0,0.009,0.0,0.0,0.0,0.0,0.0,0.0
EXO,563612067,,,,,,,,,,,SAFE,-5.466,-1.648,1.148,0.745,-0.122,-0.0,0.0,0.0,0.009,0.0,0.0,0.0,0.0,0.0,0.0
EXO,563712067,,,,,,,,,,,SAFE,-5.466,-1.648,1.148,0.745,-0.122,-0.0,0.0,0.0,0.009,0.0,0.0,0.0,0.0,0.0,0.0
EXO,563812067,,,,,,,,,,,SAFE,-5.466,-1.648,1.148,0.745,-0.122,-0.0,0.0,0.0,0.009,0.0,0.0,0.0,0.0,0.0,0.0
EXO,563912068,,,,,,,,,,,SAFE,-5.466,-1.648,1.148,0.745,-0.122,-0.0,0.0,0.0,0.009,0.0,0.0,0.0,0.0,0.0,0.0
EXO,564012067,,,,,,,,,,,SAFE,-5.466,-1.648,1.148,0.745,-0.122,-0.0,0.0,0.0,0.009,0.0,0.0,0.0,0.0,0.0,0.0
EXO,564112067,,,,,,,,,,,SAFE,-5.466,-1.648,1.148,0.745,-0.122,-0.0,0.0,0.0,0.009,0.0,0.0,0.0,0.0,0.0,0.0
EXO,564212067,,,,,,,,,,,SAFE,-5.466,-1.648,1.148,0.745,-0.122,-0.0,0.0,0.0,0.009,0.0,0.0,0.0,0.0,0.0,0.0
EXO,564312067,,,,,,,,,,,SAFE,-5.466,-1.648,1.148,0.745,-0.122,-0.0,0.0,0.0,0.009,0.0,0.0,0.0,0.0,0.0,0.0
EXO,564412068,,,,,,,,,,,SAFE,-5.466,-1.648,1.148,0.745,-0.122,-0.0,0.0,0.0,0.009,0.0,0.0,0.0,0.0,0.0,0.0
EXO,564512067,,,,,,,,,,,SAFE,-5.466,-1.648,1.148,0.745,-0.122,-0.0,0.0,0.0,0.009,0.0,0.0,0.0,0.0,0.0,0.0
EXO,564612067,,,,,,,,,,,SAFE,-5.466,-1.648,1.148,0.745,-0.122,-0.0,0.0,0.0,0.009,0.0,0.0,0.0,0.0,0.0,0.0
EXO,564712067,,,,,,,,,,,SAFE,-5.466,-1.648,1.148,0.745,-0.122,-0.0,0.0,0.0,0.009,0.0,0.0,0.0,0.0,0.0,0.0
EXO,564812067,,,,,,,,,,,SAFE,-5.466,-1.648,1.148,0.745,-0.122,-0.0,0.0,0.0,0.009,0.0,0.0,0.0,0.0,0.0,0.0
EXO,564912068,,,,,,,,,,,SAFE,-5.466,-1.648,1.148,0.745,-0.122,-0.0,0.0,0.0,0.009,0.0,0.0,0.0,0.0,0.0,0.0
EXO,565012067,,,,,,,,,,,SAFE,-5.466,-1.648,1.148,0.745,-0.122,-0.0,0.0,0.0,0.009,0.0,0.0,0.0,0.0,0.0,0.0
EXO,565112067,,,,,,,,,,,SAFE,-5.466,-1.648,1.148,0.745,-0.122,-0.0,0.0,0.0,0.009,0.0,0.0,0.0,0.0,0.0,0.0
EXO,565212067,,,,,,,,,,,SAFE,-5.466,-1.648,1.148,0.745,-0.122,-0.0,0.0,0.0,0.009,0.0,0.0,0.0,0.0,0.0,0.0
EXO,565312067,,,,,,,,,,,SAFE,-5.466,-1.648,1.148,0.745,-0.122,-0.0,0.0,0.0,0.009,0.0,0.0,0.0,0.0,0.0,0.0
EXO,565412068,,,,,,,,,,,SAFE,-5.466,-1.648,1.148,0.745,-0.122,-0.0,0.0,0.0,0.009,0.0,0.0,0.0,0.0,0.0,0.0
EXO,565512067,,,,,,,,,,,SAFE,-5.466,-1.648,1.148,0.745,-0.122,-0.0,0.0,0.0,0.009,0.0,0.0,0.0,0.0,0.0,0.0
EXO,565612067,,,,,,,,,,,SAFE,-5.466,-1.648,1.148,0.745,-0.122,-0.0,0.0,0.0,0.009,0.0,0.0,0.0,0.0,0.0,0.0
EXO,565712067,,,,,,,,,,,SAFE,-5.466,-1.648,1.148,0.745,-0.122,-0.0,0.0,0.0,0.009,0.0,0.0,0.0,0.0,0.0,0.0
EXO,565812067,,,,,,,,,,,SAFE,-5.466,-1.648,1.148,0.745,-0.122,-0.0,0.0,0.0,0.009,0.0,0.0,0.0,0.0,0.0,0.0
EXO,565912068,,,,,,,,,,,SAFE,-5.466,-1.648,1.148,0.745,-0.122,-0.0,0.0,0.0,0.009,0.0,0.0,0.0,0.0,0.0,0.0
EXO,566012067,,,,,,,,,,,SAFE,-5.466,-1.648,1.148,0.745,-0.122,-0.0,0.0,0.0,0.009,0.0,0.0,0.0,0.0,0.0,0.0
EXO,566112067,,,,,,,,,,,SAFE,-5.466,-1.648,1.148,0.745,-0.122,-0.0,0.0,0.0,0.009,0.0,0.0,0.0,0.0,0.0,0.0
EXO,566212067,,,,,,,,,,,SAFE,-5.466,-1.648,1.148,0.745,-0.122,-0.0,0.0,0.0,0.009,0.0,0.0,0.0,0.0,0.0,0.0
EXO,566312067,,,,,,,,,,,SAFE,-5.466,-1.648,1.148,0.745,-0.122,-0.0,0.0,0.0,0.009,0.0,0.0,0.0,0.0,0.0,0.0
EXO,566412068,,,,,,,,,,,SAFE,-5.466,-1.648,1.148,0.745,-0.122,-0.0,0.0,0.0,0.009,0.0,0.0,0.0,0.0,0.0,0.0
EXO,566512067,,,,,,,,,,,SAFE,-5.466,-1.648,1.148,0.745,-0.122,-0.0,0.0,0.0,0.009,0.0,0.0,0.0,0.0,0.0,0.0
EXO,566612067,,,,,,,,,,,SAFE,-5.466,-1.648,1.148,0.745,-0.122,-0.0,0.0,0.0,0.009,0.0,0.0,0.0,0.0,0.0,0.0
EXO,566712067,,,,,,,,,,,SAFE,-5.466,-1.648,1.148,0.745,-0.122,-0.0,0.0,0.0,0.009,0.0,0.0,0.0,0.0,0.0,0.0
EXO,566812067,,,,,,,,,,,SAFE,-5.466,-1.648,1.148,0.745,-0.122,-0.0,0.0,0.0,0.009,0.0,0.0,0.0,0.0,0.0,0.0
EXO,566912068,,,,,,,,,,,SAFE,-5.466,-1.648,1.148,0.745,-0.122,-0.0,0.0,0.0,0.009,0.0,0.0,0.0,0.0,0.0,0.0
EXO,567012067,,,,,,,,,,,SAFE,-5.466,-1.648,1.148,0.745,-0.122,-0.0,0.0,0.0,0.009,0.0,0.0,0.0,0.0,0.0,0.0
EXO,567112067,,,,,,,,,,,SAFE,-5.466,-1.648,1.148,0.745,-0.122,-0.0,0.0,0.0,0.009,0.0,0.0,0.0,0.0,0.0,0.0
EXO,567212067,,,,,,,,,,,SAFE,-5.466,-1.648,1.148,0.745,-0.122,-0.0,0.0,0.0,0.009,0.0,0.0,0.0,0.0,0.0,0.0
EXO,567312067,,,,,,,,,,,SAFE,-5.466,-1.648,1.148,0.745,-0.122,-0.0,0.0,0.0,0.009,0.0,0.0,0.0,0.0,0.0,0.0
EXO,567412068,,,,,,,,,,,SAFE,-5.466,-1.648,1.148,0.745,-0.122,-0.0,0.0,0.0,0.009,0.0,0.0,0.0,0.0,0.0,0.0
EXO,567512067,,,,,,,,,,,SAFE,-5.466,-1.648,1.148,0.745,-0.122,-0.0,0.0,0.0,0.009,0.0,0.0,0.0,0.0,0.0,0.0
EXO,567612067,,,,,,,,,,,SAFE,-5.466,-1.648,1.148,0.745,-0.122,-0.0,0.0,0.0,0.009,0.0,0.0,0.0,0.0,0.0,0.0
EXO,567712067,,,,,,,,,,,SAFE,-5.466,-1.648,1.148,0.745,-0.122,-0.0,0.0,0.0,0.009,0.0,0.0,0.0,0.0,0.0,0.0
EXO,567812067,,,,,,,,,,,SAFE,-5.466,-1.648,1.148,0.745,-0.122,-0.0,0.0,0.0,0.009,0.0,0.0,0.0,0.0,0.0,0.0
EXO,567912068,,,,,,,,,,,SAFE,-5.466,-1.648,1.148,0.745,-0.122,-0.0,0.0,0.0,0.009,0.0,0.0,0.0,0.0,0.0,0.0
EXO,568012067,,,,,,,,,,,SAFE,-5.466,-1.648,1.148,0.745,-0.122,-0.0,0.0,0.0,0.009,0.0,0.0,0.0,0.0,0.0,0.0
EXO,568112067,,,,,,,,,,,SAFE,-5.466,-1.648,1.148,0.745,-0.122,-0.0,0.0,0.0,0.009,0.0,0.0,0.0,0.0,0.0,0.0
EXO,568212067,,,,,,,,,,,SAFE,-5.466,-1.648,1.148,0.745,-0.122,-0.0,0.0,0.0,0.009,0.0,0.0,0.0,0.0,0.0,0.0
EXO,568312067,,,,,,,,,,,SAFE,-5.466,-1.648,1.148,0.745,-0.122,-0.0,0.0,0.0,0.009,0.0,0.0,0.0,0.0,0.0,0.0
EXO,568412068,,,,,,,,,,,SAFE,-5.466,-1.648,1.148,0.745,-0.122,-0.0,0.0,0.0,0.009,0.0,0.0,0.0,0.0,0.0,0.0
EXO,568512067,,,,,,,,,,,SAFE,-5.466,-1.648,1.148,0.745,-0.122,-0.0,0.0,0.0,0.009,0.0,0.0,0.0,0.0,0.0,0.0
EXO,568612067,,,,,,,,,,,SAFE,-5.466,-1.648,1.148,0.745,-0.122,-0.0,0.0,0.0,0.009,0.0,0.0,0.0,0.0,0.0,0.0
EXO,568712067,,,,,,,,,,,SAFE,-5.466,-1.648,1.148,0.745,-0.122,-0.0,0.0,0.0,0.009,0.0,0.0,0.0,0.0,0.0,0.0
EXO,568812067,,,,,,,,,,,SAFE,-5.466,-1.648,1.148,0.745,-0.122,-0.0,0.0,0.0,0.009,0.0,0.0,0.0,0.0,0.0,0.0
EXO,568912068,,,,,,,,,,,SAFE,-5.466,-1.648,1.148,0.745,-0.122,-0.0,0.0,0.0,0.009,0.0,0.0,0.0,0.0,0.0,0.0
EXO,569012067,,,,,,,,,,,SAFE,-5.466,-1.648,1.148,0.745,-0.122,-0.0,0.0,0.0,0.009,0.0,0.0,0.0,0.0,0.0,0.0
EXO,569112067,,,,,,,,,,,SAFE,-5.466,-1.648,1.148,0.745,-0.122,-0.0,0.0,0.0,0.009,0.0,0.0,0.0,0.0,0.0,0.0
EXO,569212067,,,,,,,,,,,SAFE,-5.466,-1.648,1.148,0.745,-0.122,-0.0,0.0,0.0,0.009,0.0,0.0,0.0,0.0,0.0,0.0
EXO,569312067,,,,,,,,,,,SAFE,-5.466,-1.648,1.148,0.745,-0.122,-0.0,0.0,0.0,0.009,0.0,0.0,0.0,0.0,0.0,0.0
EXO,569412068,,,,,,,,,,,SAFE,-5.466,-1.648,1.148,0.745,-0.122,-0.0,0.0,0.0,0.009,0.0,0.0,0.0,0.0,0.0,0.0
EXO,569512067,,,,,,,,,,,SAFE,-5.466,-1.648,1.148,0.745,-0.122,-0.0,0.0,0.0,0.009,0.0,0.0,0.0,0.0,0.0,0.0
EXO,569612067,,,,,,,,,,,SAFE,-5.466,-1.648,1.148,0.745,-0.122,-0.0,0.0,0.0,0.009,0.0,0.0,0.0,0.0,0.0,0.0
EXO,569712067,,,,,,,,,,,SAFE,-5.466,-1.648,1.148,0.745,-0.122,-0.0,0.0,0.0,0.009,0.0,0.0,0.0,0.0,0.0,0.0
EXO,569812067,,,,,,,,,,,SAFE,-5.466,-1.648,1.148,0.745,-0.122,-0.0,0.0,0.0,0.009,0.0,0.0,0.0,0.0,0.0,0.0
EXO,569912068,,,,,,,,,,,SAFE,-5.466,-1.648,1.148,0.745,-0.122,-0.0,0.0,0.0,0.009,0.0,0.0,0.0,0.0,0.0,0.0
EXO,570012067,,,,,,,,,,,SAFE,-5.466,-1.648,1.148,0.745,-0.122,-0.0,0.0,0.0,0.009,0.0,0.0,0.0,0.0,0.0,0.0
EXO,570112067,,,,,,,,,,,SAFE,-5.466,-1.648,1.148,0.745,-0.122,-0.0,0.0,0.0,0.009,0.0,0.0,0.0,0.0,0.0,0.0
EXO,570212067,,,,,,,,,,,SAFE,-5.466,-1.648,1.148,0.745,-0.122,-0.0,0.0,0.0,0.009,0.0,0.0,0.0,0.0,0.0,0.0
EXO,570312067,,,,,,,,,,,SAFE,-5.466,-1.648,1.148,0.745,-0.122,-0.0,0.0,0.0,0.009,0.0,0.0,0.0,0.0,0.0,0.0
EXO,570412068,,,,,,,,,,,SAFE,-5.466,-1.648,1.148,0.745,-0.122,-0.0,0.0,0.0,0.009,0.0,0.0,0.0,0.0,0.0,0.0
EXO,570512067,,,,,,,,,,,SAFE,-5.466,-1.648,1.148,0.745,-0.122,-0.0,0.0,0.0,0.009,0.0,0.0,0.0,0.0,0.0,0.0
EXO,570612067,,,,,,,,,,,SAFE,-5.466,-1.648,1.148,0.745,-0.122,-0.0,0.0,0.0,0.009,0.0,0.0,0.0,0.0,0.0,0.0
EXO,570712067,,,,,,,,,,,SAFE,-5.466,-1.648,1.148,0.745,-0.122,-0.0,0.0,0.0,0.009,0.0,0.0,0.0,0.0,0.0,0.0
EXO,570812067,,,,,,,,,,,SAFE,-5.466,-1.648,1.148,0.745,-0.122,-0.0,0.0,0.0,0.009,0.0,0.0,0.0,0.0,0.0,0.0
EXO,570912068,,,,,,,,,,,SAFE,-5.466,-1.648,1.148,0.745,-0.122,-0.0,0.0,0.0,0.009,0.0,0.0,0.0,0.0,0.0,0.0
EXO,571012067,,,,,,,,,,,SAFE,-5.466,-1.648,1.148,0.745,-0.122,-0.0,0.0,0.0,0.009,0.0,0.0,0.0,0.0,0.0,0.0
EXO,571112067,,,,,,,,,,,SAFE,-5.466,-1.648,1.148,0.745,-0.122,-0.0,0.0,0.0,0.009,0.0,0.0,0.0,0.0,0.0,0.0
EXO,571212067,,,,,,,,,,,SAFE,-5.466,-1.648,1.148,0.745,-0.122,-0.0,0.0,0.0,0.009,0.0,0.0,0.0,0.0,0.0,0.0
EXO,571312067,,,,,,,,,,,SAFE,-5.466,-1.648,1.148,0.745,-0.122,-0.0,0.0,0.0,0.009,0.0,0.0,0.0,0.0,0.0,0.0
EXO,571412068,,,,,,,,,,,SAFE,-5.466,-1.648,1.148,0.745,-0.122,-0.0,0.0,0.0,0.009,0.0,0.0,0.0,0.0,0.0,0.0
EXO,571512067,,,,,,,,,,,SAFE,-5.466,-1.648,1.148,0.745,-0.122,-0.0,0.0,0.0,0.009,0.0,0.0,0.0,0.0,0.0,0.0
EXO,571612067,,,,,,,,,,,SAFE,-5.466,-1.648,1.148,0.745,-0.122,-0.0,0.0,0.0,0.009,0.0,0.0,0.0,0.0,0.0,0.0
EXO,571712067,,,,,,,,,,,SAFE,-5.466,-1.648,1.148,0.745,-0.122,-0.0,0.0,0.0,0.009,0.0,0.0,0.0,0.0,0.0,0.0
EXO,571812067,,,,,,,,,,,SAFE,-5.466,-1.648,1.148,0.745,-0.122,-0.0,0.0,0.0,0.009,0.0,0.0,0.0,0.0,0.0,0.0
EXO,571912068,,,,,,,,,,,SAFE,-5.466,-1.648,1.148,0.745,-0.122,-0.0,0.0,0.0,0.009,0.0,0.0,0.0,0.0,0.0,0.0
EXO,572012067,,,,,,,,,,,SAFE,-5.466,-1.648,1.148,0.745,-0.122,-0.0,0.0,0.0,0.009,0.0,0.0,0.0,0.0,0.0,0.0
EXO,572112067,,,,,,,,,,,SAFE,-5.466,-1.648,1.148,0.745,-0.122,-0.0,0.0,0.0,0.009,0.0,0.0,0.0,0.0,0.0,0.0
EXO,572212067,,,,,,,,,,,SAFE,-5.466,-1.648,1.148,0.745,-0.122,-0.0,0.0,0.0,0.009,0.0,0.0,0.0,0.0,0.0,0.0
EXO,572312067,,,,,,,,,,,SAFE,-5.466,-1.648,1.148,0.745,-0.122,-0.0,0.0,0.0,0.009,0.0,0.0,0.0,0.0,0.0,0.0
EXO,572412068,,,,,,,,,,,SAFE,-5.466,-1.648,1.148,0.745,-0.122,-0.0,0.0,0.0,0.009,0.0,0.0,0.0,0.0,0.0,0.0
EXO,572512067,,,,,,,,,,,SAFE,-5.466,-1.648,1.148,0.745,-0.122,-0.0,0.0,0.0,0.009,0.0,0.0,0.0,0.0,0.0,0.0
EXO,572612067,,,,,,,,,,,SAFE,-5.466,-1.648,1.148,0.745,-0.122,-0.0,0.0,0.0,0.009,0.0,0.0,0.0,0.0,0.0,0.0
EXO,572712067,,,,,,,,,,,SAFE,-5.466,-1.648,1.148,0.745,-0.122,-0.0,0.0,0.0,0.009,0.0,0.0,0.0,0.0,0.0,0.0
EXO,572812067,,,,,,,,,,,SAFE,-5.466,-1.648,1.148,0.745,-0.122,-0.0,0.0,0.0,0.009,0.0,0.0,0.0,0.0,0.0,0.0
EXO,572912068,,,,,,,,,,,SAFE,-5.466,-1.648,1.148,0.745,-0.122,-0.0,0.0,0.0,0.009,0.0,0.0,0.0,0.0,0.0,0.0
EXO,573012067,,,,,,,,,,,SAFE,-5.466,-1.648,1.148,0.745,-0.122,-0.0,0.0,0.0,0.009,0.0,0.0,0.0,0.0,0.0,0.0
EXO,573112067,,,,,,,,,,,SAFE,-5.466,-1.648,1.148,0.745,-0.122,-0.0,0.0,0.0,0.009,0.0,0.0,0.0,0.0,0.0,0.0
EXO,573212067,,,,,,,,,,,SAFE,-5.466,-1.648,1.148,0.745,-0.122,-0.0,0.0,0.0,0.009,0.0,0.0,0.0,0.0,0.0,0.0
EXO,573312067,,,,,,,,,,,SAFE,-5.466,-1.648,1.148,0.745,-0.122,-0.0,0.0,0.0,0.009,0.0,0.0,0.0,0.0,0.0,0.0
EXO,573412068,,,,,,,,,,,SAFE,-5.466,-1.648,1.148,0.745,-0.122,-0.0,0.0,0.0,0.009,0.0,0.0,0.0,0.0,0.0,0.0
EXO,573512067,,,,,,,,,,,SAFE,-5.466,-1.648,1.148,0.745,-0.122,-0.0,0.0,0.0,0.009,0.0,0.0,0.0,0.0,0.0,0.0
EXO,573612067,,,,,,,,,,,SAFE,-5.466,-1.648,1.148,0.745,-0.122,-0.0,0.0,0.0,0.009,0.0,0.0,0.0,0.0,0.0,0.0
EXO,573712067,,,,,,,,,,,SAFE,-5.466,-1.648,1.148,0.745,-0.122,-0.0,0.0,0.0,0.009,0.0,0.0,0.0,0.0,0.0,0.0
EXO,573812067,,,,,,,,,,,SAFE,-5.466,-1.648,1.148,0.745,-0.122,-0.0,0.0,0.0,0.009,0.0,0.0,0.0,0.0,0.0,0.0
EXO,573912068,,,,,,,,,,,SAFE,-5.466,-1.648,1.148,0.745,-0.122,-0.0,0.0,0.0,0.009,0.0,0.0,0.0,0.0,0.0,0.0
EXO,574012067,,,,,,,,,,,SAFE,-5.466,-1.648,1.148,0.745,-0.122,-0.0,0.0,0.0,0.009,0.0,0.0,0.0,0.0,0.0,0.0
EXO,574112067,,,,,,,,,,,SAFE,-5.466,-1.648,1.148,0.745,-0.122,-0.0,0.0,0.0,0.009,0.0,0.0,0.0,0.0,0.0,0.0
EXO,574212067,,,,,,,,,,,SAFE,-5.466,-1.648,1.148,0.745,-0.122,-0.0,0.0,0.0,0.009,0.0,0.0,0.0,0.0,0.0,0.0
EXO,574312067,,,,,,,,,,,SAFE,-5.466,-1.648,1.148,0.745,-0.122,-0.0,0.0,0.0,0.009,0.0,0.0,0.0,0.0,0.0,0.0
EXO,574412068,,,,,,,,,,,SAFE,-5.466,-1.648,1.148,0.745,-0.122,-0.0,0.0,0.0,0.009,0.0,0.0,0.0,0.0,0.0,0.0
EXO,574512067,,,,,,,,,,,SAFE,-5.466,-1.648,1.148,0.745,-0.122,-0.0,0.0,0.0,0.009,0.0,0.0,0.0,0.0,0.0,0.0
EXO,574612067,,,,,,,,,,,SAFE,-5.466,-1.648,1.148,0.745,-0.122,-0.0,0.0,0.0,0.009,0.0,0.0,0.0,0.0,0.0,0.0
EXO,574712067,,,,,,,,,,,SAFE,-5.466,-1.648,1.148,0.745,-0.122,-0.0,0.0,0.0,0.009,0.0,0.0,0.0,0.0,0.0,0.0
EXO,574812067,,,,,,,,,,,SAFE,-5.466,-1.648,1.148,0.745,-0.122,-0.0,0.0,0.0,0.009,0.0,0.0,0.0,0.0,0.0,0.0
EXO,574912068,,,,,,,,,,,SAFE,-5.466,-1.648,1.148,0.745,-0.122,-0.0,0.0,0.0,0.009,0.0,0.0,0.0,0.0,0.0,0.0
EXO,575012067,,,,,,,,,,,SAFE,-5.466,-1.648,1.148,0.745,-0.122,-0.0,0.0,0.0,0.009,0.0,0.0,0.0,0.0,0.0,0.0
EXO,575112067,,,,,,,,,,,SAFE,-5.466,-1.648,1.148,0.745,-0.122,-0.0,0.0,0.0,0.009,0.0,0.0,0.0,0.0,0.0,0.0
EXO,575212067,,,,,,,,,,,SAFE,-5.466,-1.648,1.148,0.745,-0.122,-0.0,0.0,0.0,0.009,0.0,0.0,0.0,0.0,0.0,0.0
EXO,575312067,,,,,,,,,,,SAFE,-5.466,-1.648,1.148,0.745,-0.122,-0.0,0.0,0.0,0.009,0.0,0.0,0.0,0.0,0.0,0.0
EXO,575412068,,,,,,,,,,,SAFE,-5.466,-1.648,1.148,0.745,-0.122,-0.0,0.0,0.0,0.009,0.0,0.0,0.0,0.0,0.0,0.0
EXO,575512067,,,,,,,,,,,SAFE,-5.466,-1.648,1.148,0.745,-0.122,-0.0,0.0,0.0,0.009,0.0,0.0,0.0,0.0,0.0,0.0
EXO,575612067,,,,,,,,,,,SAFE,-5.466,-1.648,1.148,0.745,-0.122,-0.0,0.0,0.0,0.009,0.0,0.0,0.0,0.0,0.0,0.0
EXO,575712067,,,,,,,,,,,SAFE,-5.466,-1.648,1.148,0.745,-0.122,-0.0,0.0,0.0,0.009,0.0,0.0,0.0,0.0,0.0,0.0
EXO,575812067,,,,,,,,,,,SAFE,-5.466,-1.648,1.148,0.745,-0.122,-0.0,0.0,0.0,0.009,0.0,0.0,0.0,0.0,0.0,0.0
EXO,575912068,,,,,,,,,,,SAFE,-5.466,-1.648,1.148,0.745,-0.122,-0.0,0.0,0.0,0.009,0.0,0.0,0.0,0.0,0.0,0.0
EXO,576012067,,,,,,,,,,,SAFE,-5.466,-1.648,1.148,0.745,-0.122,-0.0,0.0,0.0,0.009,0.0,0.0,0.0,0.0,0.0,0.0
EXO,576112067,,,,,,,,,,,SAFE,-5.466,-1.648,1.148,0.745,-0.122,-0.0,0.0,0.0,0.009,0.0,0.0,0.0,0.0,0.0,0.0
EXO,576212067,,,,,,,,,,,SAFE,-5.466,-1.648,1.148,0.745,-0.122,-0.0,0.0,0.0,0.009,0.0,0.0,0.0,0.0,0.0,0.0
EXO,576312067,,,,,,,,,,,SAFE,-5.466,-1.648,1.148,0.745,-0.122,-0.0,0.0,0.0,0.009,0.0,0.0,0.0,0.0,0.0,0.0
EXO,576412068,,,,,,,,,,,SAFE,-5.466,-1.648,1.148,0.745,-0.122,-0.0,0.0,0.0,0.009,0.0,0.0,0.0,0.0,0.0,0.0
EXO,576512067,,,,,,,,,,,SAFE,-5.466,-1.648,1.148,0.745,-0.122,-0.0,0.0,0.0,0.009,0.0,0.0,0.0,0.0,0.0,0.0
EXO,576612067,,,,,,,,,,,SAFE,-5.466,-1.648,1.148,0.745,-0.122,-0.0,0.0,0.0,0.009,0.0,0.0,0.0,0.0,0.0,0.0
EXO,576712067,,,,,,,,,,,SAFE,-5.466,-1.648,1.148,0.745,-0.122,-0.0,0.0,0.0,0.009,0.0,0.0,0.0,0.0,0.0,0.0
EXO,576812067,,,,,,,,,,,SAFE,-5.466,-1.648,1.148,0.745,-0.122,-0.0,0.0,0.0,0.009,0.0,0.0,0.0,0.0,0.0,0.0
EXO,576912068,,,,,,,,,,,SAFE,-5.466,-1.648,1.148,0.745,-0.122,-0.0,0.0,0.0,0.009,0.0,0.0,0.0,0.0,0.0,0.0
EXO,577012067,,,,,,,,,,,SAFE,-5.466,-1.648,1.148,0.745,-0.122,-0.0,0.0,0.0,0.009,0.0,0.0,0.0,0.0,0.0,0.0
EXO,577112067,,,,,,,,,,,SAFE,-5.466,-1.648,1.148,0.745,-0.122,-0.0,0.0,0.0,0.009,0.0,0.0,0.0,0.0,0.0,0.0
EXO,577212067,,,,,,,,,,,SAFE,-5.466,-1.648,1.148,0.745,-0.122,-0.0,0.0,0.0,0.009,0.0,0.0,0.0,0.0,0.0,0.0
EXO,577312067,,,,,,,,,,,SAFE,-5.466,-1.648,1.148,0.745,-0.122,-0.0,0.0,0.0,0.009,0.0,0.0,0.0,0.0,0.0,0.0
EXO,577412068,,,,,,,,,,,SAFE,-5.466,-1.648,1.148,0.745,-0.122,-0.0,0.0,0.0,0.009,0.0,0.0,0.0,0.0,0.0,0.0
EXO,577512067,,,,,,,,,,,SAFE,-5.466,-1.648,1.148,0.745,-0.122,-0.0,0.0,0.0,0.009,0.0,0.0,0.0,0.0,0.0,0.0
EXO,577612067,,,,,,,,,,,SAFE,-5.466,-1.648,1.148,0.745,-0.122,-0.0,0.0,0.0,0.009,0.0,0.0,0.0,0.0,0.0,0.0
EXO,577712067,,,,,,,,,,,SAFE,-5.466,-1.648,1.148,0.745,-0.122,-0.0,0.0,0.0,0.009,0.0,0.0,0.0,0.0,0.0,0.0
EXO,577812067,,,,,,,,,,,SAFE,-5.466,-1.648,1.148,0.745,-0.122,-0.0,0.0,0.0,0.009,0.0,0.0,0.0,0.0,0.0,0.0
EXO,577912068,,,,,,,,,,,SAFE,-5.466,-1.648,1.148,0.745,-0.122,-0.0,0.0,0.0,0.009,0.0,0.0,0.0,0.0,0.0,0.0
EXO,578012067,,,,,,,,,,,SAFE,-5.466,-1.648,1.148,0.745,-0.122,-0.0,0.0,0.0,0.009,0.0,0.0,0.0,0.0,0.0,0.0
EXO,578112067,,,,,,,,,,,SAFE,-5.466,-1.648,1.148,0.745,-0.122,-0.0,0.0,0.0,0.009,0.0,0.0,0.0,0.0,0.0,0.0
EXO,578212067,,,,,,,,,,,SAFE,-5.466,-1.648,1.148,0.745,-0.122,-0.0,0.0,0.0,0.009,0.0,0.0,0.0,0.0,0.0,0.0
EXO,578312067,,,,,,,,,,,SAFE,-5.466,-1.648,1.148,0.745,-0.122,-0.0,0.0,0.0,0.009,0.0,0.0,0.0,0.0,0.0,0.0
EXO,578412068,,,,,,,,,,,SAFE,-5.466,-1.648,1.148,0.745,-0.122,-0.0,0.0,0.0,0.009,0.0,0.0,0.0,0.0,0.0,0.0
EXO,578512067,,,,,,,,,,,SAFE,-5.466,-1.648,1.148,0.745,-0.122,-0.0,0.0,0.0,0.009,0.0,0.0,0.0,0.0,0.0,0.0
EXO,578612067,,,,,,,,,,,SAFE,-5.466,-1.648,1.148,0.745,-0.122,-0.0,0.0,0.0,0.009,0.0,0.0,0.0,0.0,0.0,0.0
EXO,578712067,,,,,,,,,,,SAFE,-5.466,-1.648,1.148,0.745,-0.122,-0.0,0.0,0.0,0.009,0.0,0.0,0.0,0.0,0.0,0.0
EXO,578812067,,,,,,,,,,,SAFE,-5.466,-1.648,1.148,0.745,-0.122,-0.0,0.0,0.0,0.009,0.0,0.0,0.0,0.0,0.0,0.0
EXO,578912068,,,,,,,,,,,SAFE,-5.466,-1.648,1.148,0.745,-0.122,-0.0,0.0,0.0,0.009,0.0,0.0,0.0,0.0,0.0,0.0
EXO,579012067,,,,,,,,,,,SAFE,-5.466,-1.648,1.148,0.745,-0.122,-0.0,0.0,0.0,0.009,0.0,0.0,0.0,0.0,0.0,0.0
EXO,579112067,,,,,,,,,,,SAFE,-5.466,-1.648,1.148,0.745,-0.122,-0.0,0.0,0.0,0.009,0.0,0.0,0.0,0.0,0.0,0.0
EXO,579212067,,,,,,,,,,,SAFE,-5.466,-1.648,1.148,0.745,-0.122,-0.0,0.0,0.0,0.009,0.0,0.0,0.0,0.0,0.0,0.0
EXO,579312067,,,,,,,,,,,SAFE,-5.466,-1.648,1.148,0.745,-0.122,-0.0,0.0,0.0,0.009,0.0,0.0,0.0,0.0,0.0,0.0
EXO,579412068,,,,,,,,,,,SAFE,-5.466,-1.648,1.148,0.745,-0.122,-0.0,0.0,0.0,0.009,0.0,0.0,0.0,0.0,0.0,0.0
EXO,579512067,,,,,,,,,,,SAFE,-5.466,-1.648,1.148,0.745,-0.122,-0.0,0.0,0.0,0.009,0.0,0.0,0.0,0.0,0.0,0.0
EXO,579612067,,,,,,,,,,,SAFE,-5.466,-1.648,1.148,0.745,-0.122,-0.0,0.0,0.0,0.009,0.0,0.0,0.0,0.0,0.0,0.0
EXO,579712067,,,,,,,,,,,SAFE,-5.466,-1.648,1.148,0.745,-0.122,-0.0,0.0,0.0,0.009,0.0,0.0,0.0,0.0,0.0,0.0
EXO,579812067,,,,,,,,,,,SAFE,-5.466,-1.648,1.148,0.745,-0.122,-0.0,0.0,0.0,0.009,0.0,0.0,0.0,0.0,0.0,0.0
EXO,579912068,,,,,,,,,,,SAFE,-5.466,-1.648,1.148,0.745,-0.122,-0.0,0.0,0.0,0.009,0.0,0.0,0.0,0.0,0.0,0.0
EXO,580012067,,,,,,,,,,,SAFE,-5.466,-1.648,1.148,0.745,-0.122,-0.0,0.0,0.0,0.009,0.0,0.0,0.0,0.0,0.0,0.0
EXO,580112067,,,,,,,,,,,SAFE,-5.466,-1.648,1.148,0.745,-0.122,-0.0,0.0,0.0,0.009,0.0,0.0,0.0,0.0,0.0,0.0
EXO,580212067,,,,,,,,,,,SAFE,-5.466,-1.648,1.148,0.745,-0.122,-0.0,0.0,0.0,0.009,0.0,0.0,0.0,0.0,0.0,0.0
EXO,580312067,,,,,,,,,,,SAFE,-5.466,-1.648,1.148,0.745,-0.122,-0.0,0.0,0.0,0.009,0.0,0.0,0.0,0.0,0.0,0.0
EXO,580412068,,,,,,,,,,,SAFE,-5.466,-1.648,1.148,0.745,-0.122,-0.0,0.0,0.0,0.009,0.0,0.0,0.0,0.0,0.0,0.0
EXO,580512067,,,,,,,,,,,SAFE,-5.466,-1.648,1.148,0.745,-0.122,-0.0,0.0,0.0,0.009,0.0,0.0,0.0,0.0,0.0,0.0
EXO,580612067,,,,,,,,,,,SAFE,-5.466,-1.648,1.148,0.745,-0.122,-0.0,0.0,0.0,0.009,0.0,0.0,0.0,0.0,0.0,0.0
EXO,580712067,,,,,,,,,,,SAFE,-5.466,-1.648,1.148,0.745,-0.122,-0.0,0.0,0.0,0.009,0.0,0.0,0.0,0.0,0.0,0.0
EXO,580812067,,,,,,,,,,,SAFE,-5.466,-1.648,1.148,0.745,-0.122,-0.0,0.0,0.0,0.009,0.0,0.0,0.0,0.0,0.0,0.0
EXO,580912068,,,,,,,,,,,SAFE,-5.466,-1.648,1.148,0.745,-0.122,-0.0,0.0,0.0,0.009,0.0,0.0,0.0,0.0,0.0,0.0
EXO,581012067,,,,,,,,,,,SAFE,-5.466,-1.648,1.148,0.745,-0.122,-0.0,0.0,0.0,0.009,0.0,0.0,0.0,0.0,0.0,0.0
EXO,581112067,,,,,,,,,,,SAFE,-5.466,-1.648,1.148,0.745,-0.122,-0.0,0.0,0.0,0.009,0.0,0.0,0.0,0.0,0.0,0.0
EXO,581212067,,,,,,,,,,,SAFE,-5.466,-1.648,1.148,0.745,-0.122,-0.0,0.0,0.0,0.009,0.0,0.0,0.0,0.0,0.0,0.0
EXO,581312067,,,,,,,,,,,SAFE,-5.466,-1.648,1.148,0.745,-0.122,-0.0,0.0,0.0,0.009,0.0,0.0,0.0,0.0,0.0,0.0
EXO,581412068,,,,,,,,,,,SAFE,-5.466,-1.648,1.148,0.745,-0.122,-0.0,0.0,0.0,0.009,0.0,0.0,0.0,0.0,0.0,0.0
EXO,581512067,,,,,,,,,,,SAFE,-5.466,-1.648,1.148,0.745,-0.122,-0.0,0.0,0.0,0.009,0.0,0.0,0.0,0.0,0.0,0.0
EXO,581612067,,,,,,,,,,,SAFE,-5.466,-1.648,1.148,0.745,-0.122,-0.0,0.0,0.0,0.009,0.0,0.0,0.0,0.0,0.0,0.0
EXO,581712067,,,,,,,,,,,SAFE,-5.466,-1.648,1.148,0.745,-0.122,-0.0,0.0,0.0,0.009,0.0,0.0,0.0,0.0,0.0,0.0
EXO,581812067,,,,,,,,,,,SAFE,-5.466,-1.648,1.148,0.745,-0.122,-0.0,0.0,0.0,0.009,0.0,0.0,0.0,0.0,0.0,0.0
EXO,581912068,,,,,,,,,,,SAFE,-5.466,-1.648,1.148,0.745,-0.122,-0.0,0.0,0.0,0.009,0.0,0.0,0.0,0.0,0.0,0.0
EXO,582012067,,,,,,,,,,,SAFE,-5.466,-1.648,1.148,0.745,-0.122,-0.0,0.0,0.0,0.009,0.0,0.0,0.0,0.0,0.0,0.0
EXO,582112067,,,,,,,,,,,SAFE,-5.466,-1.648,1.148,0.745,-0.122,-0.0,0.0,0.0,0.009,0.0,0.0,0.0,0.0,0.0,0.0
EXO,582212067,,,,,,,,,,,SAFE,-5.466,-1.648,1.148,0.745,-0.122,-0.0,0.0,0.0,0.009,0.0,0.0,0.0,0.0,0.0,0.0
EXO,582312067,,,,,,,,,,,SAFE,-5.466,-1.648,1.148,0.745,-0.122,-0.0,0.0,0.0,0.009,0.0,0.0,0.0,0.0,0.0,0.0
EXO,582412068,,,,,,,,,,,SAFE,-5.466,-1.648,1.148,0.745,-0.122,-0.0,0.0,0.0,0.009,0.0,0.0,0.0,0.0,0.0,0.0
EXO,582512067,,,,,,,,,,,SAFE,-5.466,-1.648,1.148,0.745,-0.122,-0.0,0.0,0.0,0.009,0.0,0.0,0.0,0.0,0.0,0.0
EXO,582612067,,,,,,,,,,,SAFE,-5.466,-1.648,1.148,0.745,-0.122,-0.0,0.0,0.0,0.009,0.0,0.0,0.0,0.0,0.0,0.0
EXO,582712067,,,,,,,,,,,SAFE,-5.466,-1.648,1.148,0.745,-0.122,-0.0,0.0,0.0,0.009,0.0,0.0,0.0,0.0,0.0,0.0
EXO,582812067,,,,,,,,,,,SAFE,-5.466,-1.648,1.148,0.745,-0.122,-0.0,0.0,0.0,0.009,0.0,0.0,0.0,0.0,0.0,0.0
EXO,582912068,,,,,,,,,,,SAFE,-5.466,-1.648,1.148,0.745,-0.122,-0.0,0.0,0.0,0.009,0.0,0.0,0.0,0.0,0.0,0.0
EXO,583012067,,,,,,,,,,,SAFE,-5.466,-1.648,1.148,0.745,-0.122,-0.0,0.0,0.0,0.009,0.0,0.0,0.0,0.0,0.0,0.0
EXO,583112067,,,,,,,,,,,SAFE,-5.466,-1.648,1.148,0.745,-0.122,-0.0,0.0,0.0,0.009,0.0,0.0,0.0,0.0,0.0,0.0
EXO,583212067,,,,,,,,,,,SAFE,-5.466,-1.648,1.148,0.745,-0.122,-0.0,0.0,0.0,0.009,0.0,0.0,0.0,0.0,0.0,0.0
EXO,583312067,,,,,,,,,,,SAFE,-5.466,-1.648,1.148,0.745,-0.122,-0.0,0.0,0.0,0.009,0.0,0.0,0.0,0.0,0.0,0.0
EXO,583412068,,,,,,,,,,,SAFE,-5.466,-1.648,1.148,0.745,-0.122,-0.0,0.0,0.0,0.009,0.0,0.0,0.0,0.0,0.0,0.0
EXO,583512067,,,,,,,,,,,SAFE,-5.466,-1.648,1.148,0.745,-0.122,-0.0,0.0,0.0,0.009,0.0,0.0,0.0,0.0,0.0,0.0
EXO,583612067,,,,,,,,,,,SAFE,-5.466,-1.648,1.148,0.745,-0.122,-0.0,0.0,0.0,0.009,0.0,0.0,0.0,0.0,0.0,0.0
EXO,583712067,,,,,,,,,,,SAFE,-5.466,-1.648,1.148,0.745,-0.122,-0.0,0.0,0.0,0.009,0.0,0.0,0.0,0.0,0.0,0.0
EXO,583812067,,,,,,,,,,,SAFE,-5.466,-1.648,1.148,0.745,-0.122,-0.0,0.0,0.0,0.009,0.0,0.0,0.0,0.0,0.0,0.0
EXO,583912068,,,,,,,,,,,SAFE,-5.466,-1.648,1.148,0.745,-0.122,-0.0,0.0,0.0,0.009,0.0,0.0,0.0,0.0,0.0,0.0
EXO,584012067,,,,,,,,,,,SAFE,-5.466,-1.648,1.148,0.745,-0.122,-0.0,0.0,0.0,0.009,0.0,0.0,0.0,0.0,0.0,0.0
EXO,584112067,,,,,,,,,,,SAFE,-5.466,-1.648,1.148,0.745,-0.122,-0.0,0.0,0.0,0.009,0.0,0.0,0.0,0.0,0.0,0.0
EXO,584212067,,,,,,,,,,,SAFE,-5.466,-1.648,1.148,0.745,-0.122,-0.0,0.0,0.0,0.009,0.0,0.0,0.0,0.0,0.0,0.0
EXO,584312067,,,,,,,,,,,SAFE,-5.466,-1.648,1.148,0.745,-0.122,-0.0,0.0,0.0,0.009,0.0,0.0,0.0,0.0,0.0,0.0
EXO,584412068,,,,,,,,,,,SAFE,-5.466,-1.648,1.148,0.745,-0.122,-0.0,0.0,0.0,0.009,0.0,0.0,0.0,0.0,0.0,0.0
EXO,584512067,,,,,,,,,,,SAFE,-5.466,-1.648,1.148,0.745,-0.122,-0.0,0.0,0.0,0.009,0.0,0.0,0.0,0.0,0.0,0.0
EXO,584612067,,,,,,,,,,,SAFE,-5.466,-1.648,1.148,0.745,-0.122,-0.0,0.0,0.0,0.009,0.0,0.0,0.0,0.0,0.0,0.0
EXO,584712067,,,,,,,,,,,SAFE,-5.466,-1.648,1.148,0.745,-0.122,-0.0,0.0,0.0,0.009,0.0,0.0,0.0,0.0,0.0,0.0
EXO,584812067,,,,,,,,,,,SAFE,-5.466,-1.648,1.148,0.745,-0.122,-0.0,0.0,0.0,0.009,0.0,0.0,0.0,0.0,0.0,0.0
EXO,584912068,,,,,,,,,,,SAFE,-5.466,-1.648,1.148,0.745,-0.122,-0.0,0.0,0.0,0.009,0.0,0.0,0.0,0.0,0.0,0.0
EXO,585012067,,,,,,,,,,,SAFE,-5.466,-1.648,1.148,0.745,-0.122,-0.0,0.0,0.0,0.009,0.0,0.0,0.0,0.0,0.0,0.0
EXO,585112067,,,,,,,,,,,SAFE,-5.466,-1.648,1.148,0.745,-0.122,-0.0,0.0,0.0,0.009,0.0,0.0,0.0,0.0,0.0,0.0
EXO,585212067,,,,,,,,,,,SAFE,-5.466,-1.648,1.148,0.745,-0.122,-0.0,0.0,0.0,0.009,0.0,0.0,0.0,0.0,0.0,0.0
EXO,585312067,,,,,,,,,,,SAFE,-5.466,-1.648,1.148,0.745,-0.122,-0.0,0.0,0.0,0.009,0.0,0.0,0.0,0.0,0.0,0.0
EXO,585412068,,,,,,,,,,,SAFE,-5.466,-1.648,1.148,0.745,-0.122,-0.0,0.0,0.0,0.009,0.0,0.0,0.0,0.0,0.0,0.0
EXO,585512067,,,,,,,,,,,SAFE,-5.466,-1.648,1.148,0.745,-0.122,-0.0,0.0,0.0,0.009,0.0,0.0,0.0,0.0,0.0,0.0
EXO,585612067,,,,,,,,,,,SAFE,-5.466,-1.648,1.148,0.745,-0.122,-0.0,0.0,0.0,0.009,0.0,0.0,0.0,0.0,0.0,0.0
EXO,585712067,,,,,,,,,,,SAFE,-5.466,-1.648,1.148,0.745,-0.122,-0.0,0.0,0.0,0.009,0.0,0.0,0.0,0.0,0.0,0.0
EXO,585812067,,,,,,,,,,,SAFE,-5.466,-1.648,1.148,0.745,-0.122,-0.0,0.0,0.0,0.009,0.0,0.0,0.0,0.0,0.0,0.0
EXO,585912068,,,,,,,,,,,SAFE,-5.466,-1.648,1.148,0.745,-0.122,-0.0,0.0,0.0,0.009,0.0,0.0,0.0,0.0,0.0,0.0
EXO,586012067,,,,,,,,,,,SAFE,-5.466,-1.648,1.148,0.745,-0.122,-0.0,0.0,0.0,0.009,0.0,0.0,0.0,0.0,0.0,0.0
EXO,586112067,,,,,,,,,,,SAFE,-5.466,-1.648,1.148,0.745,-0.122,-0.0,0.0,0.0,0.009,0.0,0.0,0.0,0.0,0.0,0.0
EXO,586212067,,,,,,,,,,,SAFE,-5.466,-1.648,1.148,0.745,-0.122,-0.0,0.0,0.0,0.009,0.0,0.0,0.0,0.0,0.0,0.0
EXO,586312067,,,,,,,,,,,SAFE,-5.466,-1.648,1.148,0.745,-0.122,-0.0,0.0,0.0,0.009,0.0,0.0,0.0,0.0,0.0,0.0
EXO,586412068,,,,,,,,,,,SAFE,-5.466,-1.648,1.148,0.745,-0.122,-0.0,0.0,0.0,0.009,0.0,0.0,0.0,0.0,0.0,0.0
EXO,586512067,,,,,,,,,,,SAFE,-5.466,-1.648,1.148,0.745,-0.122,-0.0,0.0,0.0,0.009,0.0,0.0,0.0,0.0,0.0,0.0
EXO,586612067,,,,,,,,,,,SAFE,-5.466,-1.648,1.148,0.745,-0.122,-0.0,0.0,0.0,0.009,0.0,0.0,0.0,0.0,0.0,0.0
EXO,586712067,,,,,,,,,,,SAFE,-5.466,-1.648,1.148,0.745,-0.122,-0.0,0.0,0.0,0.009,0.0,0.0,0.0,0.0,0.0,0.0
EXO,586812067,,,,,,,,,,,SAFE,-5.466,-1.648,1.148,0.745,-0.122,-0.0,0.0,0.0,0.009,0.0,0.0,0.0,0.0,0.0,0.0
EXO,586912068,,,,,,,,,,,SAFE,-5.466,-1.648,1.148,0.745,-0.122,-0.0,0.0,0.0,0.009,0.0,0.0,0.0,0.0,0.0,0.0
EXO,587012067,,,,,,,,,,,SAFE,-5.466,-1.648,1.148,0.745,-0.122,-0.0,0.0,0.0,0.009,0.0,0.0,0.0,0.0,0.0,0.0
EXO,587112067,,,,,,,,,,,SAFE,-5.466,-1.648,1.148,0.745,-0.122,-0.0,0.0,0.0,0.009,0.0,0.0,0.0,0.0,0.0,0.0
EXO,587212067,,,,,,,,,,,SAFE,-5.466,-1.648,1.148,0.745,-0.122,-0.0,0.0,0.0,0.009,0.0,0.0,0.0,0.0,0.0,0.0
EXO,587312067,,,,,,,,,,,SAFE,-5.466,-1.648,1.148,0.745,-0.122,-0.0,0.0,0.0,0.009,0.0,0.0,0.0,0.0,0.0,0.0
EXO,587412068,,,,,,,,,,,SAFE,-5.466,-1.648,1.148,0.745,-0.122,-0.0,0.0,0.0,0.009,0.0,0.0,0.0,0.0,0.0,0.0
EXO,587512067,,,,,,,,,,,SAFE,-5.466,-1.648,1.148,0.745,-0.122,-0.0,0.0,0.0,0.009,0.0,0.0,0.0,0.0,0.0,0.0
EXO,587612067,,,,,,,,,,,SAFE,-5.466,-1.648,1.148,0.745,-0.122,-0.0,0.0,0.0,0.009,0.0,0.0,0.0,0.0,0.0,0.0
EXO,587712067,,,,,,,,,,,SAFE,-5.466,-1.648,1.148,0.745,-0.122,-0.0,0.0,0.0,0.009,0.0,0.0,0.0,0.0,0.0,0.0
EXO,587812067,,,,,,,,,,,SAFE,-5.466,-1.648,1.148,0.745,-0.122,-0.0,0.0,0.0,0.009,0.0,0.0,0.0,0.0,0.0,0.0
EXO,587912068,,,,,,,,,,,SAFE,-5.466,-1.648,1.148,0.745,-0.122,-0.0,0.0,0.0,0.009,0.0,0.0,0.0,0.0,0.0,0.0
EXO,588012067,,,,,,,,,,,SAFE,-5.466,-1.648,1.148,0.745,-0.122,-0.0,0.0,0.0,0.009,0.0,0.0,0.0,0.0,0.0,0.0
EXO,588112067,,,,,,,,,,,SAFE,-5.466,-1.648,1.148,0.745,-0.122,-0.0,0.0,0.0,0.009,0.0,0.0,0.0,0.0,0.0,0.0
EXO,588212067,,,,,,,,,,,SAFE,-5.466,-1.648,1.148,0.745,-0.122,-0.0,0.0,0.0,0.009,0.0,0.0,0.0,0.0,0.0,0.0
EXO,588312067,,,,,,,,,,,SAFE,-5.466,-1.648,1.148,0.745,-0.122,-0.0,0.0,0.0,0.009,0.0,0.0,0.0,0.0,0.0,0.0
EXO,588412068,,,,,,,,,,,SAFE,-5.466,-1.648,1.148,0.745,-0.122,-0.0,0.0,0.0,0.009,0.0,0.0,0.0,0.0,0.0,0.0
EXO,588512067,,,,,,,,,,,SAFE,-5.466,-1.648,1.148,0.745,-0.122,-0.0,0.0,0.0,0.009,0.0,0.0,0.0,0.0,0.0,0.0
EXO,588612067,,,,,,,,,,,SAFE,-5.466,-1.648,1.148,0.745,-0.122,-0.0,0.0,0.0,0.009,0.0,0.0,0.0,0.0,0.0,0.0
EXO,588712067,,,,,,,,,,,SAFE,-5.466,-1.648,1.148,0.745,-0.122,-0.0,0.0,0.0,0.009,0.0,0.0,0.0,0.0,0.0,0.0
EXO,588812067,,,,,,,,,,,SAFE,-5.466,-1.648,1.148,0.745,-0.122,-0.0,0.0,0.0,0.009,0.0,0.0,0.0,0.0,0.0,0.0
EXO,588912068,,,,,,,,,,,SAFE,-5.466,-1.648,1.148,0.745,-0.122,-0.0,0.0,0.0,0.009,0.0,0.0,0.0,0.0,0.0,0.0
EXO,589012067,,,,,,,,,,,SAFE,-5.466,-1.648,1.148,0.745,-0.122,-0.0,0.0,0.0,0.009,0.0,0.0,0.0,0.0,0.0,0.0
EXO,589112067,,,,,,,,,,,SAFE,-5.466,-1.648,1.148,0.745,-0.122,-0.0,0.0,0.0,0.009,0.0,0.0,0.0,0.0,0.0,0.0
EXO,589212067,,,,,,,,,,,SAFE,-5.466,-1.648,1.148,0.745,-0.122,-0.0,0.0,0.0,0.009,0.0,0.0,0.0,0.0,0.0,0.0
EXO,589312067,,,,,,,,,,,SAFE,-5.466,-1.648,1.148,0.745,-0.122,-0.0,0.0,0.0,0.009,0.0,0.0,0.0,0.0,0.0,0.0
EXO,589412068,,,,,,,,,,,SAFE,-5.466,-1.648,1.148,0.745,-0.122,-0.0,0.0,0.0,0.009,0.0,0.0,0.0,0.0,0.0,0.0
EXO,589512067,,,,,,,,,,,SAFE,-5.466,-1.648,1.148,0.745,-0.122,-0.0,0.0,0.0,0.009,0.0,0.0,0.0,0.0,0.0,0.0
EXO,589612067,,,,,,,,,,,SAFE,-5.466,-1.648,1.148,0.745,-0.122,-0.0,0.0,0.0,0.009,0.0,0.0,0.0,0.0,0.0,0.0
EXO,589712067,,,,,,,,,,,SAFE,-5.466,-1.648,1.148,0.745,-0.122,-0.0,0.0,0.0,0.009,0.0,0.0,0.0,0.0,0.0,0.0
EXO,589812067,,,,,,,,,,,SAFE,-5.466,-1.648,1.148,0.745,-0.122,-0.0,0.0,0.0,0.009,0.0,0.0,0.0,0.0,0.0,0.0
EXO,589912068,,,,,,,,,,,SAFE,-5.466,-1.648,1.148,0.745,-0.122,-0.0,0.0,0.0,0.009,0.0,0.0,0.0,0.0,0.0,0.0
EXO,590012067,,,,,,,,,,,SAFE,-5.466,-1.648,1.148,0.745,-0.122,-0.0,0.0,0.0,0.009,0.0,0.0,0.0,0.0,0.0,0.0
EXO,590112067,,,,,,,,,,,SAFE,-5.466,-1.648,1.148,0.745,-0.122,-0.0,0.0,0.0,0.009,0.0,0.0,0.0,0.0,0.0,0.0
EXO,590212067,,,,,,,,,,,SAFE,-5.466,-1.648,1.148,0.745,-0.122,-0.0,0.0,0.0,0.009,0.0,0.0,0.0,0.0,0.0,0.0
EXO,590312067,,,,,,,,,,,SAFE,-5.466,-1.648,1.148,0.745,-0.122,-0.0,0.0,0.0,0.009,0.0,0.0,0.0,0.0,0.0,0.0
EXO,590412068,,,,,,,,,,,SAFE,-5.466,-1.648,1.148,0.745,-0.122,-0.0,0.0,0.0,0.009,0.0,0.0,0.0,0.0,0.0,0.0
EXO,590512067,,,,,,,,,,,SAFE,-5.466,-1.648,1.148,0.745,-0.122,-0.0,0.0,0.0,0.009,0.0,0.0,0.0,0.0,0.0,0.0
EXO,590612067,,,,,,,,,,,SAFE,-5.466,-1.648,1.148,0.745,-0.122,-0.0,0.0,0.0,0.009,0.0,0.0,0.0,0.0,0.0,0.0
EXO,590712067,,,,,,,,,,,SAFE,-5.466,-1.648,1.148,0.745,-0.122,-0.0,0.0,0.0,0.009,0.0,0.0,0.0,0.0,0.0,0.0
EXO,590812067,,,,,,,,,,,SAFE,-5.466,-1.648,1.148,0.745,-0.122,-0.0,0.0,0.0,0.009,0.0,0.0,0.0,0.0,0.0,0.0
EXO,590912068,,,,,,,,,,,SAFE,-5.466,-1.648,1.148,0.745,-0.122,-0.0,0.0,0.0,0.009,0.0,0.0,0.0,0.0,0.0,0.0
EXO,591012067,,,,,,,,,,,SAFE,-5.466,-1.648,1.148,0.745,-0.122,-0.0,0.0,0.0,0.009,0.0,0.0,0.0,0.0,0.0,0.0
EXO,591112067,,,,,,,,,,,SAFE,-5.466,-1.648,1.148,0.745,-0.122,-0.0,0.0,0.0,0.009,0.0,0.0,0.0,0.0,0.0,0.0
EXO,591212067,,,,,,,,,,,SAFE,-5.466,-1.648,1.148,0.745,-0.122,-0.0,0.0,0.0,0.009,0.0,0.0,0.0,0.0,0.0,0.0
EXO,591312067,,,,,,,,,,,SAFE,-5.466,-1.648,1.148,0.745,-0.122,-0.0,0.0,0.0,0.009,0.0,0.0,0.0,0.0,0.0,0.0
EXO,591412068,,,,,,,,,,,SAFE,-5.466,-1.648,1.148,0.745,-0.122,-0.0,0.0,0.0,0.009,0.0,0.0,0.0,0.0,0.0,0.0
EXO,591512067,,,,,,,,,,,SAFE,-5.466,-1.648,1.148,0.745,-0.122,-0.0,0.0,0.0,0.009,0.0,0.0,0.0,0.0,0.0,0.0
EXO,591612067,,,,,,,,,,,SAFE,-5.466,-1.648,1.148,0.745,-0.122,-0.0,0.0,0.0,0.009,0.0,0.0,0.0,0.0,0.0,0.0
EXO,591712067,,,,,,,,,,,SAFE,-5.466,-1.648,1.148,0.745,-0.122,-0.0,0.0,0.0,0.009,0.0,0.0,0.0,0.0,0.0,0.0
EXO,591812067,,,,,,,,,,,SAFE,-5.466,-1.648,1.148,0.745,-0.122,-0.0,0.0,0.0,0.009,0.0,0.0,0.0,0.0,0.0,0.0
EXO,591912068,,,,,,,,,,,SAFE,-5.466,-1.648,1.148,0.745,-0.122,-0.0,0.0,0.0,0.009,0.0,0.0,0.0,0.0,0.0,0.0
EXO,592012067,,,,,,,,,,,SAFE,-5.466,-1.648,1.148,0.745,-0.122,-0.0,0.0,0.0,0.009,0.0,0.0,0.0,0.0,0.0,0.0
EXO,592112067,,,,,,,,,,,SAFE,-5.466,-1.648,1.148,0.745,-0.122,-0.0,0.0,0.0,0.009,0.0,0.0,0.0,0.0,0.0,0.0
EXO,592212067,,,,,,,,,,,SAFE,-5.466,-1.648,1.148,0.745,-0.122,-0.0,0.0,0.0,0.009,0.0,0.0,0.0,0.0,0.0,0.0
EXO,592312067,,,,,,,,,,,SAFE,-5.466,-1.648,1.148,0.745,-0.122,-0.0,0.0,0.0,0.009,0.0,0.0,0.0,0.0,0.0,0.0
EXO,592412068,,,,,,,,,,,SAFE,-5.466,-1.648,1.148,0.745,-0.122,-0.0,0.0,0.0,0.009,0.0,0.0,0.0,0.0,0.0,0.0
EXO,592512067,,,,,,,,,,,SAFE,-5.466,-1.648,1.148,0.745,-0.122,-0.0,0.0,0.0,0.009,0.0,0.0,0.0,0.0,0.0,0.0
EXO,592612067,,,,,,,,,,,SAFE,-5.466,-1.648,1.148,0.745,-0.122,-0.0,0.0,0.0,0.009,0.0,0.0,0.0,0.0,0.0,0.0
EXO,592712067,,,,,,,,,,,SAFE,-5.466,-1.648,1.148,0.745,-0.122,-0.0,0.0,0.0,0.009,0.0,0.0,0.0,0.0,0.0,0.0
EXO,592812067,,,,,,,,,,,SAFE,-5.466,-1.648,1.148,0.745,-0.122,-0.0,0.0,0.0,0.009,0.0,0.0,0.0,0.0,0.0,0.0
EXO,592912068,,,,,,,,,,,SAFE,-5.466,-1.648,1.148,0.745,-0.122,-0.0,0.0,0.0,0.009,0.0,0.0,0.0,0.0,0.0,0.0
EXO,593012067,,,,,,,,,,,SAFE,-5.466,-1.648,1.148,0.745,-0.122,-0.0,0.0,0.0,0.009,0.0,0.0,0.0,0.0,0.0,0.0
EXO,593112067,,,,,,,,,,,SAFE,-5.466,-1.648,1.148,0.745,-0.122,-0.0,0.0,0.0,0.009,0.0,0.0,0.0,0.0,0.0,0.0
EXO,593212067,,,,,,,,,,,SAFE,-5.466,-1.648,1.148,0.745,-0.122,-0.0,0.0,0.0,0.009,0.0,0.0,0.0,0.0,0.0,0.0
EXO,593312067,,,,,,,,,,,SAFE,-5.466,-1.648,1.148,0.745,-0.122,-0.0,0.0,0.0,0.009,0.0,0.0,0.0,0.0,0.0,0.0
EXO,593412068,,,,,,,,,,,SAFE,-5.466,-1.648,1.148,0.745,-0.122,-0.0,0.0,0.0,0.009,0.0,0.0,0.0,0.0,0.0,0.0
EXO,593512067,,,,,,,,,,,SAFE,-5.466,-1.648,1.148,0.745,-0.122,-0.0,0.0,0.0,0.009,0.0,0.0,0.0,0.0,0.0,0.0
EXO,593612067,,,,,,,,,,,SAFE,-5.466,-1.648,1.148,0.745,-0.122,-0.0,0.0,0.0,0.009,0.0,0.0,0.0,0.0,0.0,0.0
EXO,593712067,,,,,,,,,,,SAFE,-5.466,-1.648,1.148,0.745,-0.122,-0.0,0.0,0.0,0.009,0.0,0.0,0.0,0.0,0.0,0.0
EXO,593812067,,,,,,,,,,,SAFE,-5.466,-1.648,1.148,0.745,-0.122,-0.0,0.0,0.0,0.009,0.0,0.0,0.0,0.0,0.0,0.0
EXO,593912068,,,,,,,,,,,SAFE,-5.466,-1.648,1.148,0.745,-0.122,-0.0,0.0,0.0,0.009,0.0,0.0,0.0,0.0,0.0,0.0
EXO,594012067,,,,,,,,,,,SAFE,-5.466,-1.648,1.148,0.745,-0.122,-0.0,0.0,0.0,0.009,0.0,0.0,0.0,0.0,0.0,0.0
EXO,594112067,,,,,,,,,,,SAFE,-5.466,-1.648,1.148,0.745,-0.122,-0.0,0.0,0.0,0.009,0.0,0.0,0.0,0.0,0.0,0.0
EXO,594212067,,,,,,,,,,,SAFE,-5.466,-1.648,1.148,0.745,-0.122,-0.0,0.0,0.0,0.009,0.0,0.0,0.0,0.0,0.0,0.0
EXO,594312067,,,,,,,,,,,SAFE,-5.466,-1.648,1.148,0.745,-0.122,-0.0,0.0,0.0,0.009,0.0,0.0,0.0,0.0,0.0,0.0
EXO,594412068,,,,,,,,,,,SAFE,-5.466,-1.648,1.148,0.745,-0.122,-0.0,0.0,0.0,0.009,0.0,0.0,0.0,0.0,0.0,0.0
EXO,594512067,,,,,,,,,,,SAFE,-5.466,-1.648,1.148,0.745,-0.122,-0.0,0.0,0.0,0.009,0.0,0.0,0.0,0.0,0.0,0.0
EXO,594612067,,,,,,,,,,,SAFE,-5.466,-1.648,1.148,0.745,-0.122,-0.0,0.0,0.0,0.009,0.0,0.0,0.0,0.0,0.0,0.0
EXO,594712067,,,,,,,,,,,SAFE,-5.466,-1.648,1.148,0.745,-0.122,-0.0,0.0,0.0,0.009,0.0,0.0,0.0,0.0,0.0,0.0
EXO,594812067,,,,,,,,,,,SAFE,-5.466,-1.648,1.148,0.745,-0.122,-0.0,0.0,0.0,0.009,0.0,0.0,0.0,0.0,0.0,0.0
EXO,594912068,,,,,,,,,,,SAFE,-5.466,-1.648,1.148,0.745,-0.122,-0.0,0.0,0.0,0.009,0.0,0.0,0.0,0.0,0.0,0.0
EXO,595012067,,,,,,,,,,,SAFE,-5.466,-1.648,1.148,0.745,-0.122,-0.0,0.0,0.0,0.009,0.0,0.0,0.0,0.0,0.0,0.0
EXO,595112067,,,,,,,,,,,SAFE,-5.466,-1.648,1.148,0.745,-0.122,-0.0,0.0,0.0,0.009,0.0,0.0,0.0,0.0,0.0,0.0
EXO,595212067,,,,,,,,,,,SAFE,-5.466,-1.648,1.148,0.745,-0.122,-0.0,0.0,0.0,0.009,0.0,0.0,0.0,0.0,0.0,0.0
EXO,595312067,,,,,,,,,,,SAFE,-5.466,-1.648,1.148,0.745,-0.122,-0.0,0.0,0.0,0.009,0.0,0.0,0.0,0.0,0.0,0.0
EXO,595412068,,,,,,,,,,,SAFE,-5.466,-1.648,1.148,0.745,-0.122,-0.0,0.0,0.0,0.009,0.0,0.0,0.0,0.0,0.0,0.0
EXO,595512067,,,,,,,,,,,SAFE,-5.466,-1.648,1.148,0.745,-0.122,-0.0,0.0,0.0,0.009,0.0,0.0,0.0,0.0,0.0,0.0
EXO,595612067,,,,,,,,,,,SAFE,-5.466,-1.648,1.148,0.745,-0.122,-0.0,0.0,0.0,0.009,0.0,0.0,0.0,0.0,0.0,0.0
EXO,595712067,,,,,,,,,,,SAFE,-5.466,-1.648,1.148,0.745,-0.122,-0.0,0.0,0.0,0.009,0.0,0.0,0.0,0.0,0.0,0.0
EXO,595812067,,,,,,,,,,,SAFE,-5.466,-1.648,1.148,0.745,-0.122,-0.0,0.0,0.0,0.009,0.0,0.0,0.0,0.0,0.0,0.0
EXO,595912068,,,,,,,,,,,SAFE,-5.466,-1.648,1.148,0.745,-0.122,-0.0,0.0,0.0,0.009,0.0,0.0,0.0,0.0,0.0,0.0
EXO,596012067,,,,,,,,,,,SAFE,-5.466,-1.648,1.148,0.745,-0.122,-0.0,0.0,0.0,0.009,0.0,0.0,0.0,0.0,0.0,0.0
EXO,596112067,,,,,,,,,,,SAFE,-5.466,-1.648,1.148,0.745,-0.122,-0.0,0.0,0.0,0.009,0.0,0.0,0.0,0.0,0.0,0.0
EXO,596212067,,,,,,,,,,,SAFE,-5.466,-1.648,1.148,0.745,-0.122,-0.0,0.0,0.0,0.009,0.0,0.0,0.0,0.0,0.0,0.0
EXO,596312067,,,,,,,,,,,SAFE,-5.466,-1.648,1.148,0.745,-0.122,-0.0,0.0,0.0,0.009,0.0,0.0,0.0,0.0,0.0,0.0
EXO,596412068,,,,,,,,,,,SAFE,-5.466,-1.648,1.148,0.745,-0.122,-0.0,0.0,0.0,0.009,0.0,0.0,0.0,0.0,0.0,0.0
EXO,596512067,,,,,,,,,,,SAFE,-5.466,-1.648,1.148,0.745,-0.122,-0.0,0.0,0.0,0.009,0.0,0.0,0.0,0.0,0.0,0.0
EXO,596612067,,,,,,,,,,,SAFE,-5.466,-1.648,1.148,0.745,-0.122,-0.0,0.0,0.0,0.009,0.0,0.0,0.0,0.0,0.0,0.0
EXO,596712067,,,,,,,,,,,SAFE,-5.466,-1.648,1.148,0.745,-0.122,-0.0,0.0,0.0,0.009,0.0,0.0,0.0,0.0,0.0,0.0
EXO,596812067,,,,,,,,,,,SAFE,-5.466,-1.648,1.148,0.745,-0.122,-0.0,0.0,0.0,0.009,0.0,0.0,0.0,0.0,0.0,0.0
EXO,596912068,,,,,,,,,,,SAFE,-5.466,-1.648,1.148,0.745,-0.122,-0.0,0.0,0.0,0.009,0.0,0.0,0.0,0.0,0.0,0.0
EXO,597012067,,,,,,,,,,,SAFE,-5.466,-1.648,1.148,0.745,-0.122,-0.0,0.0,0.0,0.009,0.0,0.0,0.0,0.0,0.0,0.0
EXO,597112067,,,,,,,,,,,SAFE,-5.466,-1.648,1.148,0.745,-0.122,-0.0,0.0,0.0,0.009,0.0,0.0,0.0,0.0,0.0,0.0
EXO,597212067,,,,,,,,,,,SAFE,-5.466,-1.648,1.148,0.745,-0.122,-0.0,0.0,0.0,0.009,0.0,0.0,0.0,0.0,0.0,0.0
EXO,597312067,,,,,,,,,,,SAFE,-5.466,-1.648,1.148,0.745,-0.122,-0.0,0.0,0.0,0.009,0.0,0.0,0.0,0.0,0.0,0.0
EXO,597412068,,,,,,,,,,,SAFE,-5.466,-1.648,1.148,0.745,-0.122,-0.0,0.0,0.0,0.009,0.0,0.0,0.0,0.0,0.0,0.0
EXO,597512067,,,,,,,,,,,SAFE,-5.466,-1.648,1.148,0.745,-0.122,-0.0,0.0,0.0,0.009,0.0,0.0,0.0,0.0,0.0,0.0
EXO,597612067,,,,,,,,,,,SAFE,-5.466,-1.648,1.148,0.745,-0.122,-0.0,0.0,0.0,0.009,0.0,0.0,0.0,0.0,0.0,0.0
EXO,597712067,,,,,,,,,,,SAFE,-5.466,-1.648,1.148,0.745,-0.122,-0.0,0.0,0.0,0.009,0.0,0.0,0.0,0.0,0.0,0.0
EXO,597812067,,,,,,,,,,,SAFE,-5.466,-1.648,1.148,0.745,-0.122,-0.0,0.0,0.0,0.009,0.0,0.0,0.0,0.0,0.0,0.0
EXO,597912068,,,,,,,,,,,SAFE,-5.466,-1.648,1.148,0.745,-0.122,-0.0,0.0,0.0,0.009,0.0,0.0,0.0,0.0,0.0,0.0
EXO,598012067,,,,,,,,,,,SAFE,-5.466,-1.648,1.148,0.745,-0.122,-0.0,0.0,0.0,0.009,0.0,0.0,0.0,0.0,0.0,0.0
EXO,598112067,,,,,,,,,,,SAFE,-5.466,-1.648,1.148,0.745,-0.122,-0.0,0.0,0.0,0.009,0.0,0.0,0.0,0.0,0.0,0.0
EXO,598212067,,,,,,,,,,,SAFE,-5.466,-1.648,1.148,0.745,-0.122,-0.0,0.0,0.0,0.009,0.0,0.0,0.0,0.0,0.0,0.0
EXO,598312067,,,,,,,,,,,SAFE,-5.466,-1.648,1.148,0.745,-0.122,-0.0,0.0,0.0,0.009,0.0,0.0,0.0,0.0,0.0,0.0
EXO,598412068,,,,,,,,,,,SAFE,-5.466,-1.648,1.148,0.745,-0.122,-0.0,0.0,0.0,0.009,0.0,0.0,0.0,0.0,0.0,0.0
EXO,598512067,,,,,,,,,,,SAFE,-5.466,-1.648,1.148,0.745,-0.122,-0.0,0.0,0.0,0.009,0.0,0.0,0.0,0.0,0.0,0.0
EXO,598612067,,,,,,,,,,,SAFE,-5.466,-1.648,1.148,0.745,-0.122,-0.0,0.0,0.0,0.009,0.0,0.0,0.0,0.0,0.0,0.0
EXO,598712067,,,,,,,,,,,SAFE,-5.466,-1.648,1.148,0.745,-0.122,-0.0,0.0,0.0,0.009,0.0,0.0,0.0,0.0,0.0,0.0
EXO,598812067,,,,,,,,,,,SAFE,-5.466,-1.648,1.148,0.745,-0.122,-0.0,0.0,0.0,0.009,0.0,0.0,0.0,0.0,0.0,0.0
EXO,598912068,,,,,,,,,,,SAFE,-5.466,-1.648,1.148,0.745,-0.122,-0.0,0.0,0.0,0.009,0.0,0.0,0.0,0.0,0.0,0.0
EXO,599012067,,,,,,,,,,,SAFE,-5.466,-1.648,1.148,0.745,-0.122,-0.0,0.0,0.0,0.009,0.0,0.0,0.0,0.0,0.0,0.0
EXO,599112067,,,,,,,,,,,SAFE,-5.466,-1.648,1.148,0.745,-0.122,-0.0,0.0,0.0,0.009,0.0,0.0,0.0,0.0,0.0,0.0
EXO,599212067,,,,,,,,,,,SAFE,-5.466,-1.648,1.148,0.745,-0.122,-0.0,0.0,0.0,0.009,0.0,0.0,0.0,0.0,0.0,0.0
EXO,599312067,,,,,,,,,,,SAFE,-5.466,-1.648,1.148,0.745,-0.122,-0.0,0.0,0.0,0.009,0.0,0.0,0.0,0.0,0.0,0.0
EXO,599412068,,,,,,,,,,,SAFE,-5.466,-1.648,1.148,0.745,-0.122,-0.0,0.0,0.0,0.009,0.0,0.0,0.0,0.0,0.0,0.0
EXO,599512067,,,,,,,,,,,SAFE,-5.466,-1.648,1.148,0.745,-0.122,-0.0,0.0,0.0,0.009,0.0,0.0,0.0,0.0,0.0,0.0
EXO,599612067,,,,,,,,,,,SAFE,-5.466,-1.648,1.148,0.745,-0.122,-0.0,0.0,0.0,0.009,0.0,0.0,0.0,0.0,0.0,0.0
EXO,599712067,,,,,,,,,,,SAFE,-5.466,-1.648,1.148,0.745,-0.122,-0.0,0.0,0.0,0.009,0.0,0.0,0.0,0.0,0.0,0.0
EXO,599812067,,,,,,,,,,,SAFE,-5.466,-1.648,1.148,0.745,-0.122,-0.0,0.0,0.0,0.009,0.0,0.0,0.0,0.0,0.0,0.0
EXO,599912068,,,,,,,,,,,SAFE,-5.466,-1.648,1.148,0.745,-0.122,-0.0,0.0,0.0,0.009,0.0,0.0,0.0,0.0,0.0,0.0
EXO,600012067,,,,,,,,,,,SAFE,-5.466,-1.648,1.148,0.745,-0.122,-0.0,0.0,0.0,0.009,0.0,0.0,0.0,0.0,0.0,0.0
EXO,600112067,,,,,,,,,,,SAFE,-5.466,-1.648,1.148,0.745,-0.122,-0.0,0.0,0.0,0.009,0.0,0.0,0.0,0.0,0.0,0.0
EXO,600212067,,,,,,,,,,,SAFE,-5.466,-1.648,1.148,0.745,-0.122,-0.0,0.0,0.0,0.009,0.0,0.0,0.0,0.0,0.0,0.0
EXO,600312067,,,,,,,,,,,SAFE,-5.466,-1.648,1.148,0.745,-0.122,-0.0,0.0,0.0,0.009,0.0,0.0,0.0,0.0,0.0,0.0
EXO,600412068,,,,,,,,,,,SAFE,-5.466,-1.648,1.148,0.745,-0.122,-0.0,0.0,0.0,0.009,0.0,0.0,0.0,0.0,0.0,0.0
EXO,600512067,,,,,,,,,,,SAFE,-5.466,-1.648,1.148,0.745,-0.122,-0.0,0.0,0.0,0.009,0.0,0.0,0.0,0.0,0.0,0.0
EXO,600612067,,,,,,,,,,,SAFE,-5.466,-1.648,1.148,0.745,-0.122,-0.0,0.0,0.0,0.009,0.0,0.0,0.0,0.0,0.0,0.0
EXO,600712067,,,,,,,,,,,SAFE,-5.466,-1.648,1.148,0.745,-0.122,-0.0,0.0,0.0,0.009,0.0,0.0,0.0,0.0,0.0,0.0
EXO,600812067,,,,,,,,,,,SAFE,-5.466,-1.648,1.148,0.745,-0.122,-0.0,0.0,0.0,0.009,0.0,0.0,0.0,0.0,0.0,0.0
EXO,600912068,,,,,,,,,,,SAFE,-5.466,-1.648,1.148,0.745,-0.122,-0.0,0.0,0.0,0.009,0.0,0.0,0.0,0.0,0.0,0.0
EXO,601012067,,,,,,,,,,,SAFE,-5.466,-1.648,1.148,0.745,-0.122,-0.0,0.0,0.0,0.009,0.0,0.0,0.0,0.0,0.0,0.0
EXO,601112067,,,,,,,,,,,SAFE,-5.466,-1.648,1.148,0.745,-0.122,-0.0,0.0,0.0,0.009,0.0,0.0,0.0,0.0,0.0,0.0
EXO,601212067,,,,,,,,,,,SAFE,-5.466,-1.648,1.148,0.745,-0.122,-0.0,0.0,0.0,0.009,0.0,0.0,0.0,0.0,0.0,0.0
EXO,601312067,,,,,,,,,,,SAFE,-5.466,-1.648,1.148,0.745,-0.122,-0.0,0.0,0.0,0.009,0.0,0.0,0.0,0.0,0.0,0.0
EXO,601412068,,,,,,,,,,,SAFE,-5.466,-1.648,1.148,0.745,-0.122,-0.0,0.0,0.0,0.009,0.0,0.0,0.0,0.0,0.0,0.0
EXO,601512067,,,,,,,,,,,SAFE,-5.466,-1.648,1.148,0.745,-0.122,-0.0,0.0,0.0,0.009,0.0,0.0,0.0,0.0,0.0,0.0
EXO,601612067,,,,,,,,,,,SAFE,-5.466,-1.648,1.148,0.745,-0.122,-0.0,0.0,0.0,0.009,0.0,0.0,0.0,0.0,0.0,0.0
EXO,601712067,,,,,,,,,,,SAFE,-5.466,-1.648,1.148,0.745,-0.122,-0.0,0.0,0.0,0.009,0.0,0.0,0.0,0.0,0.0,0.0
EXO,601812067,,,,,,,,,,,SAFE,-5.466,-1.648,1.148,0.745,-0.122,-0.0,0.0,0.0,0.009,0.0,0.0,0.0,0.0,0.0,0.0
EXO,601912068,,,,,,,,,,,SAFE,-5.466,-1.648,1.148,0.745,-0.122,-0.0,0.0,0.0,0.009,0.0,0.0,0.0,0.0,0.0,0.0
EXO,602012067,,,,,,,,,,,SAFE,-5.466,-1.648,1.148,0.745,-0.122,-0.0,0.0,0.0,0.009,0.0,0.0,0.0,0.0,0.0,0.0
